[
    {
        "text": "<@U04UQLQPP|neilgrogan> has started a Google+ Hangout for this channel. <https:\/\/plus.google.com\/hangouts\/_\/gx4q7ftup7rwmcggmdoqk4vzcua|Click here to join>.",
        "username": "hangouts",
        "bot_id": "B04U323V2",
        "type": "message",
        "subtype": "bot_message",
        "ts": "1439580590.000140"
    },
    {
        "type": "message",
        "user": "U04UQLQPP",
        "text": "<!everyone>: <https:\/\/plus.google.com\/hangouts\/_\/gx4q7ftup7rwmcggmdoqk4vzcua>",
        "ts": "1439580599.000141"
    },
    {
        "type": "message",
        "user": "U050DA5Q1",
        "text": "probably the reason for the smaller number of articles is that latest articles are excluded from the personal - it's an easy fix - I can do on Saturday. (Non logged in users takes account of this - just needs to be done similar way for logged in)",
        "ts": "1439592213.000142"
    },
    {
        "type": "message",
        "user": "U04UVKDC1",
        "text": "okay get ya",
        "ts": "1439592249.000143"
    },
    {
        "type": "message",
        "user": "U04UVKDC1",
        "text": "so more latest news caused it",
        "ts": "1439592268.000144"
    },
    {
        "type": "message",
        "user": "U050DA5Q1",
        "text": "that would explain it - you will only see if it lots of latests articles are in your top 10 or 20 User Articles",
        "ts": "1439592361.000145"
    },
    {
        "type": "message",
        "user": "U050DA5Q1",
        "text": "I probably did see it before .. maybe",
        "ts": "1439592374.000146"
    },
    {
        "type": "message",
        "user": "U050DA5Q1",
        "text": "easy to fix anyway - and it's already done for non logged in",
        "ts": "1439592403.000147"
    },
    {
        "type": "message",
        "user": "U050DA5Q1",
        "text": "that's definitely it",
        "ts": "1439592431.000148"
    },
    {
        "type": "message",
        "user": "U050DA5Q1",
        "text": "BTW I added the feature on Wednesday to mix default articles into the Users personal articles - Its configurable on\/off - I don't plan to turn it on - but just to have it in case they ask us questions about learning, and variety etc",
        "ts": "1439593087.000149"
    },
    {
        "type": "message",
        "user": "U050DA5Q1",
        "text": "So it won't be active",
        "ts": "1439593112.000150"
    }
]