[
    {
        "type": "message",
        "user": "U050DA5Q1",
        "text": "from Brian: Friday 21st August is the final submission date for Docs and code",
        "ts": "1439369052.000080"
    },
    {
        "type": "message",
        "user": "U04U6FCFE",
        "text": "<!everyone>: was someone putting in a fix for article length? at the moment in prod i'm only seeing articles with 3 lines in them.",
        "ts": "1439401766.000081"
    },
    {
        "type": "message",
        "user": "U04UVKDC1",
        "text": "chat to Larry on that, going to redeploy site will be down for about 1 minute",
        "ts": "1439403485.000082"
    },
    {
        "type": "message",
        "user": "U04UQLQPP",
        "text": "<!everyone> send on references",
        "ts": "1439413070.000083"
    },
    {
        "type": "message",
        "user": "U04UQLQPP",
        "text": "any books, articles, websites you used",
        "ts": "1439413082.000084"
    },
    {
        "type": "message",
        "user": "U04UQLQPP",
        "text": "anything",
        "ts": "1439413084.000085"
    },
    {
        "type": "message",
        "user": "U04UVKDC1",
        "text": "I am still doing some fine tuning on ui, is anyone available to do some small things on the backend",
        "ts": "1439413445.000086"
    },
    {
        "type": "message",
        "user": "U050DA5Q1",
        "text": "I'm not sorry",
        "ts": "1439413702.000087"
    },
    {
        "type": "message",
        "user": "U050DA5Q1",
        "text": "@garry are you changing back so that photos are seen (with the bug) so that we can get feedback on Twitter",
        "ts": "1439413786.000088"
    },
    {
        "type": "message",
        "user": "U04UVKDC1",
        "text": "yes",
        "ts": "1439413894.000089"
    },
    {
        "type": "message",
        "user": "U050DA5Q1",
        "text": "Great",
        "ts": "1439413901.000090"
    },
    {
        "type": "message",
        "user": "U050DA5Q1",
        "text": "<@U04U6FCFE>: is the survey updated - it looks like not",
        "ts": "1439413916.000091"
    },
    {
        "type": "message",
        "user": "U04UVKDC1",
        "text": "can you strip off any &lt;br&gt; from articles on the back end",
        "ts": "1439413920.000092"
    },
    {
        "type": "message",
        "user": "U050DA5Q1",
        "text": "Whats the urgency of it",
        "ts": "1439413942.000093"
    },
    {
        "type": "message",
        "user": "U04UVKDC1",
        "text": "Its the biggest reason text does not wrap around",
        "ts": "1439413959.000094"
    },
    {
        "type": "message",
        "user": "U04UVKDC1",
        "text": "only a 10 minute job",
        "ts": "1439413970.000095"
    },
    {
        "type": "message",
        "user": "U04UVKDC1",
        "text": "I would do only want to continue with front",
        "ts": "1439413983.000096"
    },
    {
        "type": "message",
        "user": "U050DA5Q1",
        "text": "Sorry with testing it'll be an hour which I don't have",
        "ts": "1439414029.000097"
    },
    {
        "type": "message",
        "user": "U04UVKDC1",
        "text": "<@U04U63G46>:  can you do?",
        "ts": "1439414054.000098"
    },
    {
        "type": "message",
        "user": "U050DA5Q1",
        "text": "But if you can get photos back now that's all that needs to be done to get the twitter feedback",
        "ts": "1439414094.000099"
    },
    {
        "type": "message",
        "user": "U04U63G46",
        "text": "Yeah, ",
        "ts": "1439414109.000100"
    },
    {
        "type": "message",
        "user": "U04UVKDC1",
        "text": "Cheers Igor",
        "ts": "1439414135.000101"
    },
    {
        "type": "message",
        "user": "U04UVKDC1",
        "text": "Will you change latest articles to match height of advert as well",
        "ts": "1439414198.000102"
    },
    {
        "type": "message",
        "user": "U050DA5Q1",
        "text": "why should it match Garry ?",
        "ts": "1439414290.000103"
    },
    {
        "type": "message",
        "user": "U04UVKDC1",
        "text": "It looks much better",
        "ts": "1439414311.000104"
    },
    {
        "type": "message",
        "user": "U050DA5Q1",
        "text": "What about useful",
        "ts": "1439414318.000105"
    },
    {
        "type": "message",
        "user": "U04UVKDC1",
        "text": "someone even said in survey",
        "ts": "1439414325.000106"
    },
    {
        "type": "message",
        "user": "U04UVKDC1",
        "text": "the \"users\"",
        "ts": "1439414331.000107"
    },
    {
        "type": "message",
        "user": "U050DA5Q1",
        "text": "Lets ask them sure - but not just one person",
        "ts": "1439414378.000108"
    },
    {
        "type": "message",
        "user": "U050DA5Q1",
        "text": "so how would height be changed",
        "ts": "1439414388.000109"
    },
    {
        "type": "message",
        "user": "U04UVKDC1",
        "text": "just have them same approx height",
        "ts": "1439414423.000110"
    },
    {
        "type": "message",
        "user": "U04U63G46",
        "text": "First, do you need to strip off only the last &lt;br&gt; or all\n",
        "ts": "1439414426.000111"
    },
    {
        "type": "message",
        "user": "U04UVKDC1",
        "text": "Think all",
        "ts": "1439414451.000112"
    },
    {
        "type": "message",
        "user": "U04UVKDC1",
        "text": "or first",
        "ts": "1439414458.000113"
    },
    {
        "type": "message",
        "user": "U050DA5Q1",
        "text": "so 1 article matching 1 ad ?",
        "ts": "1439414466.000114"
    },
    {
        "type": "message",
        "user": "U04UVKDC1",
        "text": "its stopping wrap around",
        "ts": "1439414471.000115"
    },
    {
        "type": "message",
        "user": "U04UVKDC1",
        "text": "quick hangout",
        "ts": "1439414481.000116"
    },
    {
        "type": "message",
        "user": "U04UVKDC1",
        "text": "?",
        "ts": "1439414482.000117"
    },
    {
        "text": "<@U04UVKDC1|garryd> has started a Google+ Hangout for this channel. <https:\/\/plus.google.com\/hangouts\/_\/gxxspziidgkj52wz25efxjwmsma|Click here to join>.",
        "username": "hangouts",
        "bot_id": "B04U323V2",
        "type": "message",
        "subtype": "bot_message",
        "ts": "1439414520.000118"
    },
    {
        "type": "message",
        "user": "U050DA5Q1",
        "text": "the hangout is for strip or for latest matching Ads",
        "ts": "1439414571.000119"
    },
    {
        "type": "message",
        "user": "U04U6FCFE",
        "text": "<@U050DA5Q1> i'm a bit hesitant to change the survey to mention a piece of functionality i can't see at all.",
        "ts": "1439415322.000120"
    },
    {
        "type": "message",
        "user": "U04U6FCFE",
        "text": "<!everyone>: Can everyone else see the tweets?",
        "ts": "1439415350.000121"
    },
    {
        "type": "message",
        "user": "U04UQLQPP",
        "text": "David Copperfields tweets? Yeah :joy:",
        "ts": "1439415387.000122"
    },
    {
        "type": "message",
        "user": "U050DA5Q1",
        "text": "hangout and i'll show you",
        "ts": "1439415430.000123"
    },
    {
        "type": "message",
        "user": "U050DA5Q1",
        "text": "can you someone start the hangout pls",
        "ts": "1439415446.000124"
    },
    {
        "type": "message",
        "user": "U050DA5Q1",
        "text": "Line should be something like: Was the Twitter information with the article useful or interesting ?",
        "ts": "1439415481.000125"
    },
    {
        "text": "<@U04U6FCFE|kevink> has started a Google+ Hangout for this channel. <https:\/\/plus.google.com\/hangouts\/_\/g7gz33qkphbkpgizbmxkuvjan4a|Click here to join>.",
        "username": "hangouts",
        "bot_id": "B04U323V2",
        "type": "message",
        "subtype": "bot_message",
        "ts": "1439415483.000126"
    },
    {
        "type": "message",
        "user": "U050DA5Q1",
        "text": "*Dev* *is* *finished* tonight we agreed - we  need to agree as Igor said some way to approve fixes. We need to do things like rank the feeds, test the ranking properly. Also fix little bugs. Also remember we need to get Docs in a better state. We're getting there and the end is in sight - and looks good I think. Bed.",
        "ts": "1439423342.000127"
    },
    {
        "type": "message",
        "user": "U04U63G46",
        "text": "The last push for page update functionality",
        "ts": "1439426624.000128"
    }
]