[
    {
        "type": "message",
        "user": "U050DA5Q1",
        "text": "<@U04U63G46>: pls make sure to read up on business slides today",
        "ts": "1434882450.000063"
    },
    {
        "type": "message",
        "user": "U050DA5Q1",
        "text": "FYI I've taken one of the NLP stories next - extract keywords from article - i imagine it should be just a class or function that takes article and returns keywords",
        "ts": "1434885397.000064"
    },
    {
        "type": "message",
        "user": "U04UQLQPP",
        "text": "yeah I\u2019d guess the same",
        "ts": "1434888353.000065"
    },
    {
        "type": "message",
        "user": "U050DA5Q1",
        "text": "<!everyone>: just looking at the MVP again I think we've made a bit of a mistake, the 30th June date is just to show what we have at that time, whereas the MVP should be the minimum product that we can launch with to start learning if the product can be successful. So the 2 things are quite different",
        "ts": "1434889414.000066"
    },
    {
        "type": "message",
        "user": "U050DA5Q1",
        "text": "<!everyone>: i'll double check with them about MVP ... on the slides I'm doing the MVP and Neil is doing the Tech",
        "ts": "1434895311.000067"
    },
    {
        "type": "message",
        "user": "U04UQLQPP",
        "text": "<!everyone>: first cut <http:\/\/slides.com\/dueyfinster\/newsfast-23jun#\/>",
        "attachments": [
            {
                "service_name": "Slides",
                "title": "Newsfast-23rd-Jun by dueyfinster",
                "title_link": "http:\/\/slides.com\/dueyfinster\/newsfast-23jun#\/",
                "text": "UCD Practicum 2015 Presentation for Black Teams Newsfast application",
                "fallback": "Slides: Newsfast-23rd-Jun by dueyfinster",
                "image_url": "https:\/\/s3.amazonaws.com\/media-p.slid.es\/thumbnails\/secure\/2d7f1b\/decks.jpg",
                "from_url": "http:\/\/slides.com\/dueyfinster\/newsfast-23jun#\/",
                "image_width": 250,
                "image_height": 250,
                "image_bytes": 19464,
                "id": 1
            }
        ],
        "ts": "1434897548.000068"
    },
    {
        "type": "message",
        "user": "U04UVKDC1",
        "text": "<!everyone> Sorry don't think I will be able to make meeting tonight, please go ahead without me. I am meeting Neil and Larry in the morning anyway.",
        "ts": "1434908198.000070"
    },
    {
        "type": "message",
        "user": "U050DA5Q1",
        "text": "<@U04UVKDC1>:  NP can you post update to standup please, cheers",
        "ts": "1434908942.000071"
    },
    {
        "username": "IFTTT",
        "icons": {
            "image_48": "https:\/\/slack.global.ssl.fastly.net\/7bf4\/img\/services\/ifttt_48.png"
        },
        "attachments": [
            {
                "title": "Team Meeting",
                "title_link": "https:\/\/www.google.com\/calendar\/event?eid=ZGFvZzZpaWhodWM2YnVoY2NrZG5sZjJzbjggZ3JvZ2FuLmllX3V0cjFnMm9lMmQzcnF2NmhrM3RkZ3I3MnQ0QGc",
                "text": "<!everyone> Starts June 21, 2015 at 09:00PM",
                "fallback": "<!everyone> Starts June 21, 2015 at 09:00PM",
                "mrkdwn_in": [
                    "text",
                    "pretext"
                ]
            }
        ],
        "mrkdwn": true,
        "type": "message",
        "subtype": "bot_message",
        "ts": "1434916055.000072"
    },
    {
        "text": "<@U04UQLQPP|neilgrogan> has started a Google+ Hangout for this channel. <https:\/\/plus.google.com\/hangouts\/_\/gqjnbfynmtqrx7vczk6wgibvraa|Click here to join>.",
        "username": "hangouts",
        "bot_id": "B04U323V2",
        "type": "message",
        "subtype": "bot_message",
        "ts": "1434916743.000073"
    }
]