[
    {
        "type": "message",
        "user": "U050DA5Q1",
        "text": "<!everyone>: had what i think is a good idea, I'll give a quick go at redoing the MVP, really just listing features in order of priority. Once we agree we can send to instructors. This wil be good as: we get a good focus and agreement on the features, we show them that we have taken the advice on board and made changes, and we also get feedback from them on the direction",
        "ts": "1436010574.000331"
    },
    {
        "type": "message",
        "user": "U04UQLQPP",
        "text": "I think it's a good idea, but time is of the essence also ",
        "ts": "1436010870.000332"
    },
    {
        "type": "message",
        "user": "U04UQLQPP",
        "text": "Unless we think it could improve our mark, it's probably distracting for us a little",
        "ts": "1436010912.000333"
    },
    {
        "type": "message",
        "user": "U050DA5Q1",
        "text": "i'lll just give it 30mins",
        "ts": "1436010943.000334"
    },
    {
        "type": "message",
        "user": "U04UQLQPP",
        "text": "They've already said get to mvp in mail, so I think we should do that, demo it and ask then ",
        "ts": "1436010955.000335"
    },
    {
        "type": "message",
        "user": "U04UQLQPP",
        "text": "Much more powerful then another doc",
        "ts": "1436010963.000336"
    },
    {
        "type": "message",
        "user": "U04UQLQPP",
        "text": "You'd want the team to sign off and buy in, so 30mins is wildly optimistic ",
        "ts": "1436011006.000337"
    },
    {
        "type": "message",
        "user": "U050DA5Q1",
        "text": "At very least then i'm going to write something down and post it on slack",
        "ts": "1436011037.000338"
    },
    {
        "type": "message",
        "user": "U04UQLQPP",
        "text": "I think our sprints will show this, we need to have clarity on sprint 2 also",
        "ts": "1436011037.000339"
    },
    {
        "type": "message",
        "user": "U04UQLQPP",
        "text": "Ok",
        "ts": "1436011041.000340"
    },
    {
        "type": "message",
        "user": "U04U6FCFE",
        "text": "<!everyone> just want to check before i go ahead with it...have any of you setup a twitter account (regular user)  for News Fast yet?",
        "ts": "1436014374.000341"
    },
    {
        "type": "message",
        "user": "U050DA5Q1",
        "text": "No",
        "ts": "1436014396.000342"
    },
    {
        "type": "message",
        "user": "U04U6FCFE",
        "text": "thanks. <!everyone> NewsFast is taken and i don't want to go down the \"newsfast1\" numbers root. Any obkection to \"YourNewsFast\"? I can change later, if there is a problem..",
        "ts": "1436014765.000343"
    },
    {
        "type": "message",
        "user": "U050DA5Q1",
        "text": "TechNewsFast ? would be good to have tech in title",
        "ts": "1436014849.000344"
    },
    {
        "type": "message",
        "user": "U04UVKDC1",
        "text": "yep agree",
        "ts": "1436014881.000345"
    },
    {
        "type": "message",
        "user": "U04U6FCFE",
        "text": "I think it's a really good name but it would mean we are confining the scope to Tech news permanently. I actually think it's a good thing at this point in time.",
        "ts": "1436015136.000346"
    },
    {
        "type": "message",
        "user": "U04U6FCFE",
        "text": "We can discuss tonight. no immediate rush with finalising descision.",
        "ts": "1436015183.000347"
    },
    {
        "type": "message",
        "user": "U050DA5Q1",
        "text": "i think we are just tech now",
        "ts": "1436015183.000348"
    },
    {
        "type": "message",
        "user": "U050DA5Q1",
        "text": "i gave up the sports argument long time ago !",
        "ts": "1436015220.000349"
    },
    {
        "type": "message",
        "user": "U04U6FCFE",
        "text": "feck. technewsfast is taken",
        "ts": "1436015300.000350"
    },
    {
        "type": "message",
        "user": "U050DA5Q1",
        "text": "i suppose name not a big deal .. whatever you can get",
        "ts": "1436015365.000351"
    },
    {
        "type": "message",
        "user": "U04U6FCFE",
        "text": "If we had more time i'd find out who set it up and get my sister to sue them.",
        "ts": "1436015461.000352"
    },
    {
        "type": "message",
        "user": "U04U6FCFE",
        "text": "it's \"YourNewsFast\" for now.",
        "ts": "1436015494.000353"
    },
    {
        "text": "<@U04UVKDC1|garryd> has started a Google+ Hangout for this channel. <https:\/\/plus.google.com\/hangouts\/_\/gvl2r7cescncinh5nwrh3f3r3ma|Click here to join>.",
        "username": "hangouts",
        "bot_id": "B04U323V2",
        "type": "message",
        "subtype": "bot_message",
        "ts": "1436029351.000354"
    }
]