[
    {
        "type": "message",
        "user": "U04U6FCFE",
        "text": "<!everyone>: Quick one for you all in relation to business doc. in the future if we offered users an adds free version for a small monthly fee then we could bring in more revenue. We don't need to make any code changes for this but if i include this in the bmc then users are customers. if i don't they are partners. this impacts all sections of the doc so wanted to bounce it off you guys before i start changing anything major. what do you think?",
        "ts": "1438466031.000100"
    },
    {
        "type": "message",
        "user": "U04UVKDC1",
        "text": "Hi Kevin, the mobile site will be probably adds free if it's get done if that makes any difference. Cheers",
        "ts": "1438467860.000101"
    },
    {
        "type": "message",
        "user": "U050DA5Q1",
        "text": "i would vote for never charging the user",
        "ts": "1438467975.000102"
    },
    {
        "type": "message",
        "user": "U04U6FCFE",
        "text": "cheers guys. i'll keep going with users as partners for now and if the others disagree then we can discuss.",
        "ts": "1438468341.000103"
    }
]