[
    {
        "text": "*<https:\/\/www.getfranke.com\/zoacbi3g4utwx1h7mqesvw\/messages\/F08DVU1EX|Offer for free link exchange>*\n_<mailto:cynthia@socialmasterseo.net|Cynthia Nelson> to <mailto:ucdproj.feedback@getfranke.com|ucdproj.feedback@getfranke.com>_\n\nHi,  My name is Cynthia,  I would like to suggest a \u2026<https:\/\/www.getfranke.com\/zoacbi3g4utwx1h7mqesvw\/messages\/F08DVU1EX|view full email>",
        "username": "Franke",
        "icons": {
            "image_48": "https:\/\/s3-us-west-2.amazonaws.com\/slack-files2\/bot_icons\/2015-07-31\/8472097857_48.png"
        },
        "mrkdwn": true,
        "type": "message",
        "subtype": "bot_message",
        "ts": "1438335399.000095"
    },
    {
        "type": "message",
        "user": "U04UQLQPP",
        "text": "Out first spam! We're famous!",
        "ts": "1438358281.000096"
    },
    {
        "type": "message",
        "user": "U050DA5Q1",
        "text": ":thumbsup:",
        "ts": "1438358544.000097"
    },
    {
        "type": "message",
        "subtype": "file_share",
        "text": "<@U050DA5Q1|larry> uploaded a file: <https:\/\/ucdproj.slack.com\/files\/larry\/F08EQG38C\/most_popular_keywords_in_titles.txt|Most popular keywords in titles> and commented: Most popular keywords - left number is number of articles they appear it .. I think we should update the default topics list based on this (EG remove ubuntu, add Facebook drones Amazon). This way too we have a good answer if they ask us where topic list came from",
        "file": {
            "id": "F08EQG38C",
            "created": 1438371666,
            "timestamp": 1438371666,
            "name": "Most_popular_keywords_in_titles.txt",
            "title": "Most popular keywords in titles",
            "mimetype": "text\/plain",
            "filetype": "text",
            "pretty_type": "Plain Text",
            "user": "U050DA5Q1",
            "editable": true,
            "size": 2871,
            "mode": "snippet",
            "is_external": false,
            "external_type": "",
            "is_public": true,
            "public_url_shared": false,
            "display_as_bot": false,
            "username": "",
            "url": "https:\/\/slack-files.com\/files-pub\/T04UQLQPK-F08EQG38C-7fd5338040\/most_popular_keywords_in_titles.txt",
            "url_download": "https:\/\/slack-files.com\/files-pub\/T04UQLQPK-F08EQG38C-7fd5338040\/download\/most_popular_keywords_in_titles.txt",
            "url_private": "https:\/\/files.slack.com\/files-pri\/T04UQLQPK-F08EQG38C\/most_popular_keywords_in_titles.txt",
            "url_private_download": "https:\/\/files.slack.com\/files-pri\/T04UQLQPK-F08EQG38C\/download\/most_popular_keywords_in_titles.txt",
            "permalink": "https:\/\/ucdproj.slack.com\/files\/larry\/F08EQG38C\/most_popular_keywords_in_titles.txt",
            "permalink_public": "https:\/\/slack-files.com\/T04UQLQPK-F08EQG38C-7fd5338040",
            "edit_link": "https:\/\/ucdproj.slack.com\/files\/larry\/F08EQG38C\/most_popular_keywords_in_titles.txt\/edit",
            "preview": "10 b'kw:title:china'\n10 b'kw:title:diversity'\n10 b'kw:title:help'\n10 b'kw:title:home'\n10 b'kw:title:look'\n10 b'kw:title:man'\n10 b'kw:title:meet'\n10 b'kw:title:netflix'\n10 b'kw:title:order'\n10 b'kw:title:price'",
            "preview_highlight": "<div class=\"sssh-code\"><div class=\"sssh-line\"><pre>10 b'kw:title:china'\r<\/pre><\/div>\n<div class=\"sssh-line\"><pre>10 b'kw:title:diversity'\r<\/pre><\/div>\n<div class=\"sssh-line\"><pre>10 b'kw:title:help'\r<\/pre><\/div>\n<div class=\"sssh-line\"><pre>10 b'kw:title:home'\r<\/pre><\/div>\n<div class=\"sssh-line\"><pre>10 b'kw:title:look'\r<\/pre><\/div>\n<div class=\"sssh-line\"><pre>10 b'kw:title:man'\r<\/pre><\/div>\n<div class=\"sssh-line\"><pre>10 b'kw:title:meet'\r<\/pre><\/div>\n<div class=\"sssh-line\"><pre>10 b'kw:title:netflix'\r<\/pre><\/div>\n<div class=\"sssh-line\"><pre>10 b'kw:title:order'\r<\/pre><\/div>\n<div class=\"sssh-line\"><pre>10 b'kw:title:price'\r<\/pre><\/div>\n<\/div>",
            "lines": 128,
            "lines_more": 118,
            "channels": [
                "C04UQLQV7"
            ],
            "groups": [],
            "ims": [],
            "comments_count": 1,
            "initial_comment": {
                "id": "Fc08EQQL3X",
                "created": 1438371667,
                "timestamp": 1438371667,
                "user": "U050DA5Q1",
                "comment": "Most popular keywords - left number is number of articles they appear it .. I think we should update the default topics list based on this (EG remove ubuntu, add Facebook drones Amazon). This way too we have a good answer if they ask us where topic list came from"
            }
        },
        "user": "U050DA5Q1",
        "upload": true,
        "display_as_bot": false,
        "username": "<@U050DA5Q1|larry>",
        "bot_id": null,
        "ts": "1438371666.000098"
    },
    {
        "type": "message",
        "user": "U050DA5Q1",
        "text": "Also we can probably associate some of them - I think he hinted at this - i.e. topic Facebook should show articles with Zuckerbury - that would be a good core feature",
        "ts": "1438371774.000099"
    }
]