[
    {
        "username": "IFTTT",
        "icons": {
            "image_48": "https:\/\/slack.global.ssl.fastly.net\/66f9\/img\/services\/ifttt_48.png"
        },
        "attachments": [
            {
                "title": "Team Meeting",
                "title_link": "https:\/\/www.google.com\/calendar\/event?eid=XzhkMzQ0aDFsNzRyazJiOWk2b3MzNmI5azg5MzM4YjlvNzBvM2ViOWs2Y3MzaWMyMjYxMTQ2Z2EyNjQgZ3JvZ2FuLmllX3V0cjFnMm9lMmQzcnF2NmhrM3RkZ3I3MnQ0QGc",
                "text": "<!everyone> Starts August 04, 2015 at 09:00PM",
                "fallback": "<!everyone> Starts August 04, 2015 at 09:00PM",
                "mrkdwn_in": [
                    "text",
                    "pretext"
                ]
            }
        ],
        "mrkdwn": true,
        "type": "message",
        "subtype": "bot_message",
        "ts": "1438717754.000108"
    },
    {
        "text": "<@U04UQLQPP|neilgrogan> has started a Google+ Hangout for this channel. <https:\/\/plus.google.com\/hangouts\/_\/g4yxhnhoat2ncaxon2v7hdcj5ea|Click here to join>.",
        "username": "hangouts",
        "bot_id": "B04U323V2",
        "type": "message",
        "subtype": "bot_message",
        "ts": "1438718434.000109"
    }
]