[
    {
        "type": "message",
        "user": "U04UQLQPP",
        "text": "which option do we want?",
        "ts": "1438856936.000113"
    },
    {
        "type": "message",
        "user": "U04UQLQPP",
        "text": "\u2014 Online session on Tuesday 11th at 13:00\n\u2014 In-person session in UCD on Tuesday 11th at 13:00\n\u2014 In-person session in UCD on Saturday 15th at 10:00",
        "ts": "1438856938.000114"
    },
    {
        "type": "message",
        "user": "U04UQLQPP",
        "text": "I'll email them with our choice",
        "ts": "1438856946.000115"
    },
    {
        "type": "message",
        "user": "U050DA5Q1",
        "text": "probably in person Tuesday if thats possible",
        "ts": "1438862048.000116"
    },
    {
        "type": "message",
        "user": "U04UQLQPP",
        "text": "I don't want to have to take a day off <@U050DA5Q1> already have 18th off",
        "ts": "1438863103.000117"
    },
    {
        "type": "message",
        "user": "U04UQLQPP",
        "text": "need holiday after!",
        "ts": "1438863108.000118"
    },
    {
        "type": "message",
        "user": "U04UQLQPP",
        "text": "my vote is Online or Saturday 15th",
        "ts": "1438863127.000119"
    },
    {
        "type": "message",
        "user": "U050DA5Q1",
        "text": "Sure NP - can't decide between online or Sat - we should decide soon or they will decide like last time",
        "ts": "1438863674.000120"
    },
    {
        "type": "message",
        "user": "U050DA5Q1",
        "text": "online - get feedback earlier but not as ready - Sat better in person and better feedback but less time to make changes",
        "ts": "1438863734.000121"
    },
    {
        "type": "message",
        "user": "U04UQLQPP",
        "text": "Garry says Sat",
        "ts": "1438865227.000122"
    },
    {
        "type": "message",
        "user": "U04UQLQPP",
        "text": "I can do that too",
        "ts": "1438865231.000123"
    },
    {
        "type": "message",
        "user": "U050DA5Q1",
        "text": "OK with me too",
        "ts": "1438867676.000124"
    },
    {
        "type": "message",
        "user": "U04UQLQPP",
        "text": "<@U04U63G46>:",
        "ts": "1438872176.000125"
    },
    {
        "type": "message",
        "user": "U04UQLQPP",
        "text": "<@U04U6FCFE>:",
        "ts": "1438872180.000126"
    },
    {
        "type": "message",
        "user": "U04UQLQPP",
        "text": "Saturday okay with you guys?",
        "ts": "1438872187.000127"
    },
    {
        "text": "<@U04UQLQPP|neilgrogan> has started a Google+ Hangout for this channel. <https:\/\/plus.google.com\/hangouts\/_\/g4vq6axk22lx5y7talblvotbqea|Click here to join>.",
        "username": "hangouts",
        "bot_id": "B04U323V2",
        "type": "message",
        "subtype": "bot_message",
        "ts": "1438891208.000128"
    },
    {
        "type": "message",
        "user": "U04UQLQPP",
        "text": "<!everyone>: <https:\/\/plus.google.com\/hangouts\/_\/g4vq6axk22lx5y7talblvotbqea>",
        "ts": "1438891223.000129"
    },
    {
        "type": "message",
        "user": "U050DA5Q1",
        "text": "Finally added description of the problem with users not getting new articles <https:\/\/docs.google.com\/document\/d\/1mszDkHfVwbCWTYVPmxG84QwN0TuFrtUc4GyPBwtBUNY\/edit#>",
        "ts": "1438891269.000130"
    },
    {
        "type": "message",
        "subtype": "file_share",
        "text": "<@U050DA5Q1|larry> shared a file: <https:\/\/ucdproj.slack.com\/files\/larry\/F08NM3PU5\/problem-giving-articles-to-user|Problem-Giving-Articles-to-User>",
        "file": {
            "id": "F08NM3PU5",
            "created": 1438891271,
            "timestamp": 1438891271,
            "name": "Problem-Giving-Articles-to-User",
            "title": "Problem-Giving-Articles-to-User",
            "mimetype": "application\/vnd.google-apps.document",
            "filetype": "gdoc",
            "pretty_type": "GDocs Document",
            "user": "U050DA5Q1",
            "editable": false,
            "size": 3232,
            "mode": "external",
            "is_external": true,
            "external_type": "gdrive",
            "is_public": true,
            "public_url_shared": false,
            "display_as_bot": false,
            "username": "",
            "url": "https:\/\/docs.google.com\/document\/d\/1mszDkHfVwbCWTYVPmxG84QwN0TuFrtUc4GyPBwtBUNY\/edit?usp=drivesdk",
            "url_private": "https:\/\/docs.google.com\/document\/d\/1mszDkHfVwbCWTYVPmxG84QwN0TuFrtUc4GyPBwtBUNY\/edit?usp=drivesdk",
            "thumb_64": "https:\/\/slack.global.ssl.fastly.net\/66f9\/img\/files\/gdraw_64.png",
            "thumb_360": "https:\/\/slack.global.ssl.fastly.net\/272a\/img\/files\/gdoc_360.png",
            "thumb_360_w": 360,
            "thumb_360_h": 167,
            "permalink": "https:\/\/ucdproj.slack.com\/files\/larry\/F08NM3PU5\/problem-giving-articles-to-user",
            "channels": [
                "C04UQLQV7"
            ],
            "groups": [],
            "ims": [],
            "comments_count": 0
        },
        "user": "U050DA5Q1",
        "upload": false,
        "display_as_bot": false,
        "username": "<@U050DA5Q1|larry>",
        "bot_id": null,
        "ts": "1438891271.000131"
    },
    {
        "type": "message",
        "user": "U050DA5Q1",
        "text": "Last chance for anyone to object to Sat 15th session with instructors !",
        "ts": "1438894462.000132"
    },
    {
        "type": "message",
        "user": "U04UVKDC1",
        "text": "Does this work get_related_tweets(request,article_id):",
        "ts": "1438894967.000133"
    },
    {
        "type": "message",
        "user": "U04UVKDC1",
        "text": "as it looks like only option",
        "ts": "1438894979.000134"
    },
    {
        "type": "message",
        "user": "U04UVKDC1",
        "text": "<http:\/\/codepen.io\/jasonmayes\/pen\/Ioype>",
        "attachments": [
            {
                "service_name": "CodePen",
                "title": "Twitter Post Fetcher - compiled",
                "title_link": "http:\/\/codepen.io\/jasonmayes\/pen\/Ioype",
                "text": "Allows you to fetch your twitter posts without using the ridiculous 1.1 API which has been forced upon us. Pure JavaScript baby! Learn more and get upd...",
                "fallback": "CodePen: Twitter Post Fetcher - compiled",
                "image_url": "http:\/\/s3-us-west-2.amazonaws.com\/i.cdpn.io\/48236.Ioype.d9d06cfd-6d50-4928-b65e-b5291fde62ad.png",
                "from_url": "http:\/\/codepen.io\/jasonmayes\/pen\/Ioype",
                "image_width": 427,
                "image_height": 250,
                "image_bytes": 42447,
                "id": 1
            }
        ],
        "ts": "1438894993.000135"
    },
    {
        "type": "message",
        "user": "U04UVKDC1",
        "text": "does not work",
        "ts": "1438895014.000137"
    }
]