[
    {
        "type": "message",
        "user": "U04UQLQPP",
        "text": "<@U04UVKDC1>: cheers ",
        "ts": "1434006815.000117"
    },
    {
        "type": "message",
        "user": "U050DA5Q1",
        "text": "<@U04UVKDC1>: thanks - just to make it clearer i'll put the epic title for each story in - like \"RSS technology feeds: create basic home page\"",
        "ts": "1434009232.000118"
    },
    {
        "type": "message",
        "user": "U050DA5Q1",
        "text": "presume you don't mind",
        "ts": "1434009246.000119"
    },
    {
        "type": "message",
        "user": "U050DA5Q1",
        "text": "<@U04UVKDC1>:  i'll just copy what you've done and change and you can check - the label name should be the epic name i think, and the story name should be in description - you'll see what i mean when i've done it cheers. Thanks for that",
        "ts": "1434009769.000120"
    },
    {
        "type": "message",
        "user": "U050DA5Q1",
        "text": "<!everyone>: looks like someone deleted the contents of the epic doc - presume it was a mistake - i've restored it now",
        "ts": "1434009830.000121"
    },
    {
        "type": "message",
        "user": "U050DA5Q1",
        "text": "FYI I'll do this\nThere are three deliverables that you should make available within your team Github by the end of the day on Tuesday 16th June:\n\nA clear description of the overall vision for your project (min 300 words, max 500 words)\nA description of your first minimal viable product including what you would learn from deploying this and what you would measure in order to learn it (min 200 words, max 500 words). Even if you are not taking a lean approach to managing your project you should be able to articulate an MVP.\nAppropriate project management artefacts that demonstrate that you have a clear plan on how you will execute your project. For example, if you are following the PMP method you would include a work break down structure and a gantt chart. If you are using Scrum you would include your product backlog and some details on how you are running your sprints.",
        "ts": "1434009898.000122"
    },
    {
        "type": "message",
        "user": "U04UQLQPP",
        "text": "<@U050DA5Q1>: sounds good, just need to review what \"garryd put in Trello for the last point",
        "ts": "1434011595.000123"
    },
    {
        "type": "message",
        "user": "U050DA5Q1",
        "text": "<@U04UQLQPP>: yeah for the last point i'll wait till sprint planning done - i'll probably do something like a google doc and put trello screenshots in it twice a week to capture progress -and then upload regularly to git as pdf for them",
        "ts": "1434011957.000124"
    },
    {
        "type": "message",
        "subtype": "file_share",
        "text": "<@U050DA5Q1|larry> shared a file: <https:\/\/ucdproj.slack.com\/files\/larry\/F0682MZ70\/meeting_later|meeting later>",
        "file": {
            "id": "F0682MZ70",
            "created": 1434046712,
            "timestamp": 1434046712,
            "name": "meeting_later",
            "title": "meeting later",
            "mimetype": "text\/plain",
            "filetype": "space",
            "pretty_type": "Space",
            "user": "U050DA5Q1",
            "editable": true,
            "size": 1421,
            "mode": "space",
            "is_external": false,
            "external_type": "",
            "is_public": true,
            "public_url_shared": false,
            "display_as_bot": false,
            "username": "",
            "url": "https:\/\/slack-files.com\/files-pub\/T04UQLQPK-F0682MZ70-c839976be0\/meeting_later",
            "url_download": "https:\/\/slack-files.com\/files-pub\/T04UQLQPK-F0682MZ70-c839976be0\/download\/meeting_later",
            "url_private": "https:\/\/files.slack.com\/files-pri\/T04UQLQPK-F0682MZ70\/meeting_later",
            "url_private_download": "https:\/\/files.slack.com\/files-pri\/T04UQLQPK-F0682MZ70\/download\/meeting_later",
            "permalink": "https:\/\/ucdproj.slack.com\/files\/larry\/F0682MZ70\/meeting_later",
            "permalink_public": "https:\/\/slack-files.com\/T04UQLQPK-F0682MZ70-c839976be0",
            "preview": "<document><p>Hi Guys,<\/p><p>I won&#39;t be able to make the meeting later ... of course go ahead and hold it.<\/p><p>Recap on roles (stating the obvious here a lot): So Neil will be the scrum master as I can&#39;t make it - just means ensure there are no obstacles for the team. Garry is the product owner - representing the customer.<\/p><p>So Garry priorities the user stories in the sprint\/product backlog, and the team decides how many stories we can do in the sprint. The stories we do in the sprint need to get us to a prototype by 30th June.<\/p><p>So we need to have a sprint\/product backlog in place and we can start working through stories. Feel free to start assigning user stories - personally I don&#39;t really have preferences. The main thing for me is if I can work on a chunk of work by myself, I&#39;d find that easier. I&#39;ll have 3 full days Fri, Sat Sun so i should be able to get a decent amount done. So feel free to give me a decent amount of work. I don&#39;t mind what it is.<\/p><\/document>",
            "updated": "1434046712",
            "channels": [
                "C04UQLQV7"
            ],
            "groups": [],
            "ims": [],
            "comments_count": 0
        },
        "user": "U050DA5Q1",
        "upload": false,
        "display_as_bot": false,
        "username": "<@U050DA5Q1|larry>",
        "bot_id": null,
        "ts": "1434046760.000125"
    },
    {
        "type": "message",
        "user": "U04UVKDC1",
        "text": "<@U050DA5Q1>:  re stories in trello thats fine , you can filter epics in trello with the labels thats why I used them, but useful to have epic title on card as well anyway.",
        "ts": "1434053096.000126"
    },
    {
        "text": "<@U04UVKDC1|garryd> has started a Google+ Hangout for this channel. <https:\/\/plus.google.com\/hangouts\/_\/gsvpameahq4qjn4buzlrldaseia|Click here to join>.",
        "username": "hangouts",
        "bot_id": "B04U323V2",
        "type": "message",
        "subtype": "bot_message",
        "ts": "1434053351.000127"
    },
    {
        "text": "<@U04UVKDC1|garryd> has started a Google+ Hangout for this channel. <https:\/\/plus.google.com\/hangouts\/_\/g7oottqpuu77brww46kbx7fwj4a|Click here to join>.",
        "username": "hangouts",
        "bot_id": "B04U323V2",
        "type": "message",
        "subtype": "bot_message",
        "ts": "1434054069.000128"
    },
    {
        "type": "message",
        "user": "U04U63G46",
        "text": "<https:\/\/plus.google.com\/hangouts\/_\/g32dtpcw5gkxjadzwsqvh6y5cma>",
        "ts": "1434054349.000129"
    },
    {
        "type": "message",
        "user": "U050DA5Q1",
        "text": "<!everyone>:  any comments on slides let me know, i'll email to her before meeting <https:\/\/drive.google.com\/open?id=0Bxyn9sNZXN2ofnMtdm9VWWNzRzdjQmtDUnZMOFNHU3RKdmVZTFR4ZEluYXBZdWF0MmZ4cnc&amp;authuser=1>",
        "ts": "1434061179.000130"
    }
]