[
    {
        "type": "message",
        "user": "U050DA5Q1",
        "text": "<@U04U6FCFE>: just thinking on the business side we need someone working on a business model - can you starting looking into that-  we can add stories. Thats probably a basic thing they expect us to have",
        "ts": "1436099169.000355"
    },
    {
        "type": "message",
        "user": "U04U6FCFE",
        "text": "I agree. I was thinking something similar yesterday.  We need to show this is something that could make money. i'll add tasks later today\/tomorrow.",
        "ts": "1436099300.000356"
    },
    {
        "type": "message",
        "user": "U050DA5Q1",
        "text": "A document would be good - you'd have something solid to show them too which is important .. from what i remember the main thing is to back up your findings with research. EG better to have a model which proves it doesn't make money than a model which claims it does make money without any backup",
        "ts": "1436099654.000357"
    },
    {
        "type": "message",
        "user": "U050DA5Q1",
        "text": "Cool cheers <@U04U6FCFE>",
        "ts": "1436099753.000358"
    },
    {
        "type": "message",
        "user": "U050DA5Q1",
        "text": "<@U04U6FCFE>: i got the business model generation book at the start - i think there is an online pdf avail - i'll try and have a read through some of it in next couple days - just to have an idea of it",
        "ts": "1436100627.000359"
    }
]