[
    {
        "user": "U04UQLQPP",
        "type": "message",
        "subtype": "channel_join",
        "text": "<@U04UQLQPP|neilgrogan> has joined the channel",
        "ts": "1432054463.000000"
    },
    {
        "type": "message",
        "subtype": "file_share",
        "text": "<@U04UQLQPP|neilgrogan> shared a file: <https:\/\/ucdproj.slack.com\/files\/neilgrogan\/F04U3CZR4\/project_teams.pdf|Project_Teams.pdf>",
        "file": {
            "id": "F04U3CZR4",
            "created": 1432056225,
            "timestamp": 1432056225,
            "name": "Project_Teams.pdf",
            "title": "Project_Teams.pdf",
            "mimetype": "application\/pdf",
            "filetype": "pdf",
            "pretty_type": "PDF",
            "user": "U04UQLQPP",
            "editable": false,
            "size": 48630,
            "mode": "external",
            "is_external": true,
            "external_type": "gdrive",
            "is_public": true,
            "public_url_shared": false,
            "display_as_bot": false,
            "username": "",
            "url": "https:\/\/docs.google.com\/a\/grogan.ie\/file\/d\/0By9speT7Mk2naTBFZXo3a3REZlk\/edit?usp=drivesdk",
            "url_private": "https:\/\/docs.google.com\/a\/grogan.ie\/file\/d\/0By9speT7Mk2naTBFZXo3a3REZlk\/edit?usp=drivesdk",
            "permalink": "https:\/\/ucdproj.slack.com\/files\/neilgrogan\/F04U3CZR4\/project_teams.pdf",
            "channels": [
                "C04UQLQV7"
            ],
            "groups": [],
            "ims": [],
            "comments_count": 0
        },
        "user": "U04UQLQPP",
        "upload": false,
        "display_as_bot": false,
        "username": "<@U04UQLQPP|neilgrogan>",
        "bot_id": null,
        "ts": "1432056225.000006"
    },
    {
        "type": "message",
        "subtype": "file_share",
        "text": "<@U04UQLQPP|neilgrogan> shared a file: <https:\/\/ucdproj.slack.com\/files\/neilgrogan\/F04U3DRHQ\/teamsoftwareproject-msc-nl-practicum-11may2015__1_.pdf|TeamSoftwareProject-MSc-NL-Practicum-11may2015 (1).pdf>",
        "file": {
            "id": "F04U3DRHQ",
            "created": 1432056300,
            "timestamp": 1432056300,
            "name": "TeamSoftwareProject-MSc-NL-Practicum-11may2015 (1).pdf",
            "title": "TeamSoftwareProject-MSc-NL-Practicum-11may2015 (1).pdf",
            "mimetype": "application\/pdf",
            "filetype": "pdf",
            "pretty_type": "PDF",
            "user": "U04UQLQPP",
            "editable": false,
            "size": 96473,
            "mode": "external",
            "is_external": true,
            "external_type": "gdrive",
            "is_public": true,
            "public_url_shared": false,
            "display_as_bot": false,
            "username": "",
            "url": "https:\/\/docs.google.com\/a\/grogan.ie\/file\/d\/0By9speT7Mk2nRTJOdy1jMm42dUE\/edit?usp=drivesdk",
            "url_private": "https:\/\/docs.google.com\/a\/grogan.ie\/file\/d\/0By9speT7Mk2nRTJOdy1jMm42dUE\/edit?usp=drivesdk",
            "permalink": "https:\/\/ucdproj.slack.com\/files\/neilgrogan\/F04U3DRHQ\/teamsoftwareproject-msc-nl-practicum-11may2015__1_.pdf",
            "channels": [
                "C04UQLQV7"
            ],
            "groups": [],
            "ims": [],
            "comments_count": 0
        },
        "user": "U04UQLQPP",
        "upload": false,
        "display_as_bot": false,
        "username": "<@U04UQLQPP|neilgrogan>",
        "bot_id": null,
        "ts": "1432056300.000008"
    },
    {
        "type": "message",
        "subtype": "file_share",
        "text": "<@U04UQLQPP|neilgrogan> shared a file: <https:\/\/ucdproj.slack.com\/files\/neilgrogan\/F04URLQE1\/test.py|Test>",
        "file": {
            "id": "F04URLQE1",
            "created": 1432057984,
            "timestamp": 1432057984,
            "name": "Test.py",
            "title": "Test",
            "mimetype": "text\/plain",
            "filetype": "python",
            "pretty_type": "Python",
            "user": "U04UQLQPP",
            "editable": true,
            "size": 21,
            "mode": "snippet",
            "is_external": false,
            "external_type": "",
            "is_public": true,
            "public_url_shared": false,
            "display_as_bot": false,
            "username": "",
            "url": "https:\/\/slack-files.com\/files-pub\/T04UQLQPK-F04URLQE1-e896dd44fe\/test.py",
            "url_download": "https:\/\/slack-files.com\/files-pub\/T04UQLQPK-F04URLQE1-e896dd44fe\/download\/test.py",
            "url_private": "https:\/\/files.slack.com\/files-pri\/T04UQLQPK-F04URLQE1\/test.py",
            "url_private_download": "https:\/\/files.slack.com\/files-pri\/T04UQLQPK-F04URLQE1\/download\/test.py",
            "permalink": "https:\/\/ucdproj.slack.com\/files\/neilgrogan\/F04URLQE1\/test.py",
            "permalink_public": "https:\/\/slack-files.com\/T04UQLQPK-F04URLQE1-e896dd44fe",
            "edit_link": "https:\/\/ucdproj.slack.com\/files\/neilgrogan\/F04URLQE1\/test.py\/edit",
            "preview": "print('Hello World!')",
            "preview_highlight": "<div class=\"sssh-code\"><div class=\"sssh-line\"><pre><span class=\"sssh-keyword\">print<\/span><span>&#40;<\/span><span class=\"sssh-string\">'Hello World!'<\/span><span>&#41;<\/span><\/pre><\/div>\n<\/div>",
            "lines": 1,
            "lines_more": 0,
            "channels": [
                "C04UQLQV7"
            ],
            "groups": [],
            "ims": [],
            "comments_count": 0
        },
        "user": "U04UQLQPP",
        "upload": false,
        "display_as_bot": false,
        "username": "<@U04UQLQPP|neilgrogan>",
        "bot_id": null,
        "ts": "1432058087.000011"
    },
    {
        "user": "U04U63G46",
        "type": "message",
        "subtype": "channel_join",
        "text": "<@U04U63G46|igor.berdnikov> has joined the channel",
        "ts": "1432066047.000002"
    },
    {
        "user": "U04U6FCFE",
        "type": "message",
        "subtype": "channel_join",
        "text": "<@U04U6FCFE|kevink> has joined the channel",
        "ts": "1432067590.000003"
    },
    {
        "type": "message",
        "user": "U04U6FCFE",
        "text": "Neil, did you have any issues installing Django?",
        "ts": "1432067724.000004"
    },
    {
        "type": "message",
        "user": "U04UQLQPP",
        "text": "<@U04U6FCFE>: no, I installed 1.8 Django and Python 3. What OS are you using?",
        "ts": "1432067757.000005"
    },
    {
        "type": "message",
        "user": "U04U6FCFE",
        "text": "win 7.",
        "ts": "1432067776.000006"
    },
    {
        "type": "message",
        "user": "U04U6FCFE",
        "text": "trying to use pip but not gettign very far.",
        "ts": "1432067812.000007"
    },
    {
        "type": "message",
        "user": "U04UQLQPP",
        "text": "<@U04U6FCFE>: what error is it showing you?",
        "ts": "1432067831.000008"
    },
    {
        "type": "message",
        "user": "U04U6FCFE",
        "text": "here is the last part",
        "ts": "1432067882.000009"
    },
    {
        "type": "message",
        "user": "U04U6FCFE",
        "text": "configparser.MissingSectionHeaderError: File contains no section headers.\n  file: 'setup.cfg', line: 1\n  '&lt;?xml version=\"1.0\" encoding=\"UTF-8\"?&gt;\\n'",
        "ts": "1432067885.000010"
    },
    {
        "type": "message",
        "user": "U04UQLQPP",
        "text": "@kevin see here configparser.MissingSectionHeaderError",
        "ts": "1432067919.000011"
    },
    {
        "type": "message",
        "user": "U04UQLQPP",
        "text": "<@U04U6FCFE>: here <http:\/\/stackoverflow.com\/questions\/14087598\/python-3-3-importerror-no-module-named-configparser>",
        "attachments": [
            {
                "title": "Python 3.3 ImportError: No module named 'ConfigParser'",
                "title_link": "http:\/\/stackoverflow.com\/questions\/14087598\/python-3-3-importerror-no-module-named-configparser",
                "text": "I am trying to pip the mysql-python module, but I've run into trouble. I need this module for my sqlalchemy project. Jans-MacBook-Pro:~ jan$ \/Library\/Frameworks\/Python.framework\/Versions\/3.3\/bin\/p...",
                "fallback": "Python 3.3 ImportError: No module named 'ConfigParser'",
                "thumb_url": "http:\/\/cdn.sstatic.net\/stackoverflow\/img\/apple-touch-icon@2.png?v=ea71a5211a91&a",
                "from_url": "http:\/\/stackoverflow.com\/questions\/14087598\/python-3-3-importerror-no-module-named-configparser",
                "thumb_width": 316,
                "thumb_height": 316,
                "id": 1
            }
        ],
        "ts": "1432067933.000012"
    },
    {
        "type": "message",
        "user": "U04UQLQPP",
        "text": "@kevin I think you probably have python versions mixed",
        "ts": "1432067958.000014"
    },
    {
        "type": "message",
        "user": "U04UQLQPP",
        "text": "<@U04U6FCFE>: can you check if you just have python 3 installed?",
        "ts": "1432067982.000015"
    },
    {
        "type": "message",
        "user": "U04UQLQPP",
        "text": "<@U04U6FCFE> then try use ``pip3`` command to install django",
        "ts": "1432068007.000016"
    },
    {
        "type": "message",
        "user": "U04U6FCFE",
        "text": "its def python 3.4 and django 1.8 i'm trying to use.",
        "ts": "1432068107.000017"
    },
    {
        "type": "message",
        "user": "U04UQLQPP",
        "text": "ok, very strange",
        "ts": "1432068121.000018"
    },
    {
        "type": "message",
        "user": "U04UQLQPP",
        "text": "$ python --version\nPython 3.4.3",
        "ts": "1432068143.000019"
    },
    {
        "type": "message",
        "user": "U04UQLQPP",
        "text": "that matches?",
        "ts": "1432068146.000020"
    },
    {
        "type": "message",
        "user": "U04UQLQPP",
        "text": "sometimes one loads before the other",
        "ts": "1432068170.000021"
    },
    {
        "type": "message",
        "user": "U04U6FCFE",
        "text": "yeap same version. been driving me nuts",
        "ts": "1432068187.000022"
    },
    {
        "type": "message",
        "user": "U04UQLQPP",
        "text": "is that error as you use pip?",
        "ts": "1432068323.000023"
    },
    {
        "type": "message",
        "user": "U04UQLQPP",
        "text": "yeah read back, could try upgrade it",
        "ts": "1432068349.000024"
    },
    {
        "type": "message",
        "user": "U04UQLQPP",
        "text": "python -m pip install -U pip",
        "ts": "1432068351.000025"
    },
    {
        "type": "message",
        "user": "U04U6FCFE",
        "text": "I've tried upgrading, removing and reinstalling. Gonna try from a different account and see if anything else happens.",
        "ts": "1432068540.000026"
    },
    {
        "type": "message",
        "user": "U04U6FCFE",
        "text": "wish me luck",
        "ts": "1432068547.000027"
    },
    {
        "type": "message",
        "user": "U04UQLQPP",
        "text": "will do!",
        "ts": "1432068559.000028"
    },
    {
        "type": "message",
        "user": "U04UQLQPP",
        "text": ":simple_smile:",
        "ts": "1432068564.000029"
    },
    {
        "type": "message",
        "user": "U04UQLQPP",
        "text": "<@U04U6FCFE>: you get sorted after?",
        "ts": "1432071907.000030"
    },
    {
        "user": "U04UVKDC1",
        "type": "message",
        "subtype": "channel_join",
        "text": "<@U04UVKDC1|garryd> has joined the channel",
        "ts": "1432072750.000000"
    },
    {
        "type": "message",
        "user": "U04U6FCFE",
        "text": "Still no joy. I'll try it again after work tomorrow. Thanks. ",
        "ts": "1432073893.000002"
    }
]