[
    {
        "type": "message",
        "user": "U050DA5Q1",
        "text": "<!everyone>: Don't know about you guys, but i'll have very little done by Friday, won't even have finished going through Tuesdays tutorial ... possibly Sunday 8 would be better after all - any thoughts ?",
        "ts": "1433355173.000004"
    },
    {
        "type": "message",
        "user": "U04UVKDC1",
        "text": "Okay with me",
        "ts": "1433362233.000005"
    },
    {
        "type": "message",
        "user": "U050DA5Q1",
        "text": "Just noticed mail from Georgina ...  will paste it here\nProject:\nTrending Technology headlines based on Twitter stream - show relevant\ntweets when user selects headline and related content.\n\nFor the upcoming 5mins slides-based show-and-tell, please try and\naddress the following questions (Heilmeier's Catechism,\n<http:\/\/en.wikipedia.org\/wiki\/George_H._Heilmeier>):\n\n1. What are you trying to do? Articulate your objectives using\nabsolutely no jargon.\n2. How is it done today, and what are the limits of current practice?\n3. What's new in your approach and why do you think it will be successful?\n4. Who cares?\n5. If you're successful, what difference will it make?\n6. What are the risks and the payoffs?\n7. What are the midterm and final \"exams\" to check for success?\n\nRegards,\nThe MSc Practicum Team.",
        "ts": "1433364930.000006"
    },
    {
        "type": "message",
        "user": "U050DA5Q1",
        "text": "I can give this a go on Friday eve to do draft slides - unless someone else is keen no problem",
        "ts": "1433365527.000007"
    },
    {
        "type": "message",
        "user": "U050DA5Q1",
        "text": "This seems good on django step by step <http:\/\/www.djangobook.com\/en\/2.0\/index.html>",
        "ts": "1433366889.000008"
    }
]