[
    {
        "type": "message",
        "user": "U050DA5Q1",
        "text": "<@U04U63G46>: <@U04UQLQPP> The changes on develop are working well ... I can see articles inserted into DB, then viewable on web admin, and displayed on web page. Just 2 things I changed (just locally) when playing with it - to make techradar the only feed (just for testing) as the first feed of 50 is Apple which is very short with no photo. Also small change in views to not delete all articles from DB when there are feeds",
        "ts": "1435485896.000260"
    },
    {
        "type": "message",
        "user": "U050DA5Q1",
        "text": "FYI I pushed some NLP files to dev just to have them there",
        "ts": "1435485943.000261"
    },
    {
        "type": "message",
        "user": "U050DA5Q1",
        "text": "We're still manually submitting the job - i'll look now at scheduling the job - if anyone else already looking at this let me know",
        "ts": "1435486189.000262"
    },
    {
        "type": "message",
        "user": "U04U6FCFE",
        "text": "@garry slides look good :smiley:",
        "ts": "1435486489.000263"
    },
    {
        "type": "message",
        "user": "U04U6FCFE",
        "text": "@garry i still think the domain is available but there are similar products out these . this ones my favourite.  <https:\/\/play.google.com\/store\/apps\/details?id=it.pinenuts.rassegnastampa&amp;hl=en>",
        "attachments": [
            {
                "title": "Fast News - Android Apps on Google Play",
                "title_link": "https:\/\/play.google.com\/store\/apps\/details?id=it.pinenuts.rassegnastampa&hl=en",
                "text": "Fast and lightweight mobile news feed reader for your country major newspapers! Supported countries are USA, UK, Ireland, India, Canada, Australia, Malaysia and many m...",
                "fallback": "Fast News - Android Apps on Google Play",
                "from_url": "https:\/\/play.google.com\/store\/apps\/details?id=it.pinenuts.rassegnastampa&hl=en",
                "id": 1
            }
        ],
        "ts": "1435486633.000264"
    },
    {
        "type": "message",
        "user": "U04UVKDC1",
        "text": "okay cheers <@U04U6FCFE>",
        "ts": "1435489844.000266"
    },
    {
        "text": "*<https:\/\/www.getfranke.com\/zoacbi3g4utwx1h7mqesvw\/messages\/F06U5PVHD|garryd has setup Franke for this Slack account!>*\n_<mailto:getfranke.support@getfranke.com|Franke> to <mailto:ucdproj.general@getfranke.com|#general>_\n\n<http:\/\/www.getfranke.com|Franke> makes it easy to send your emails to Slack in \u2026<https:\/\/www.getfranke.com\/zoacbi3g4utwx1h7mqesvw\/messages\/F06U5PVHD|view full email>",
        "username": "Franke",
        "icons": {
            "image_48": "https:\/\/s3-us-west-2.amazonaws.com\/slack-files2\/bot_icons\/2015-06-28\/6957994643_48.png"
        },
        "mrkdwn": true,
        "type": "message",
        "subtype": "bot_message",
        "ts": "1435510954.000267"
    },
    {
        "text": "*<https:\/\/www.getfranke.com\/zoacbi3g4utwx1h7mqesvw\/messages\/F06U60T1C|test2>*\n_<mailto:garry.davitt@ucdconnect.ie|Garry Davitt> to <mailto:ucdproj.general@getfranke.com|ucdproj.general@getfranke.com>_\n\n  <https:\/\/www.getfranke.com\/zoacbi3g4utwx1h7mqesvw\/messages\/F06U60T1C|view full email>",
        "username": "Franke",
        "icons": {
            "image_48": "https:\/\/s3-us-west-2.amazonaws.com\/slack-files2\/bot_icons\/2015-06-28\/6957994643_48.png"
        },
        "mrkdwn": true,
        "type": "message",
        "subtype": "bot_message",
        "ts": "1435511371.000268"
    },
    {
        "text": "<@U04UVKDC1|garryd> has started a Google+ Hangout for this channel. <https:\/\/plus.google.com\/hangouts\/_\/grrrkzbaamxn7oaqc4aauxyf5ya|Click here to join>.",
        "username": "hangouts",
        "bot_id": "B04U323V2",
        "type": "message",
        "subtype": "bot_message",
        "ts": "1435521984.000271"
    },
    {
        "type": "message",
        "user": "U04UVKDC1",
        "text": "<http:\/\/slides.com\/garrydavitt\/newsfast-23june\/live#\/4\/1>",
        "ts": "1435522178.000272"
    },
    {
        "type": "message",
        "user": "U04UQLQPP",
        "text": "<http:\/\/slides.com\/garrydavitt\/newsfast-30june\/live#\/>",
        "attachments": [
            {
                "text": "Slides",
                "fallback": "Slides",
                "from_url": "http:\/\/slides.com\/garrydavitt\/newsfast-30june\/live#\/",
                "id": 1
            }
        ],
        "ts": "1435522238.000273"
    },
    {
        "type": "message",
        "user": "U04UVKDC1",
        "text": "<http:\/\/slides.com\/garrydavitt\/newsfast-30june\/speaker>",
        "attachments": [
            {
                "service_name": "Slides",
                "title": "Sign in \u2013 Slides",
                "title_link": "http:\/\/slides.com\/garrydavitt\/newsfast-30june\/speaker",
                "text": "Slides is a place for creating, presenting and sharing presentations. The Slides editor is available right in your browser. Unlike traditional presentation software, like PowerPoint, there's no need to download anything.",
                "fallback": "Slides: Sign in \u2013 Slides",
                "from_url": "http:\/\/slides.com\/garrydavitt\/newsfast-30june\/speaker",
                "id": 1
            }
        ],
        "ts": "1435524353.000275"
    }
]