[
    {
        "username": "IFTTT",
        "icons": {
            "image_48": "https:\/\/slack.global.ssl.fastly.net\/7bf4\/img\/services\/ifttt_48.png"
        },
        "attachments": [
            {
                "title": "MSc Project Lab Session",
                "title_link": "https:\/\/www.google.com\/calendar\/event?eid=aGlpaDZoMGsyZTJhYmtpMmI4bnEyczFkYjAgZ3JvZ2FuLmllX3V0cjFnMm9lMmQzcnF2NmhrM3RkZ3I3MnQ0QGc",
                "text": "<!everyone> Starts July 11, 2015 at 10:00AM",
                "fallback": "<!everyone> Starts July 11, 2015 at 10:00AM",
                "mrkdwn_in": [
                    "text",
                    "pretext"
                ]
            }
        ],
        "mrkdwn": true,
        "type": "message",
        "subtype": "bot_message",
        "ts": "1436604476.000376"
    },
    {
        "type": "message",
        "user": "U04UVKDC1",
        "text": "Hi Lads, Just letting ye know, I probably wont be able to make Tuesday presentation if we have one or the meeting  on Tuesday night.",
        "ts": "1436644118.000377"
    },
    {
        "type": "message",
        "user": "U050DA5Q1",
        "text": "NP",
        "ts": "1436644397.000378"
    },
    {
        "text": "<@U04UVKDC1|garryd> has started a Google+ Hangout for this channel. <https:\/\/plus.google.com\/hangouts\/_\/erqwhbjbl7f72bz2bnhidbvvc4b|Click here to join>.",
        "username": "hangouts",
        "bot_id": "B04U323V2",
        "type": "message",
        "subtype": "bot_message",
        "ts": "1436644962.000379"
    }
]