[
    {
        "username": "IFTTT",
        "icons": {
            "image_48": "https:\/\/slack.global.ssl.fastly.net\/7bf4\/img\/services\/ifttt_48.png"
        },
        "attachments": [
            {
                "title": "MSc Mid-Term Project Presentation",
                "title_link": "https:\/\/www.google.com\/calendar\/event?eid=Y3VtaHJmZDZrdmFtdjVvYmNiMjNpZWFrcTQgZ3JvZ2FuLmllX3V0cjFnMm9lMmQzcnF2NmhrM3RkZ3I3MnQ0QGc",
                "text": "<!everyone> Starts June 30, 2015 at 01:00PM",
                "fallback": "<!everyone> Starts June 30, 2015 at 01:00PM",
                "mrkdwn_in": [
                    "text",
                    "pretext"
                ]
            }
        ],
        "mrkdwn": true,
        "type": "message",
        "subtype": "bot_message",
        "ts": "1435664914.000298"
    },
    {
        "type": "message",
        "user": "U04U6FCFE",
        "text": "<!everyone> how did it go?",
        "ts": "1435684231.000299"
    },
    {
        "type": "message",
        "user": "U050DA5Q1",
        "text": "Yeah went well, had to go back to work, on some urgent stuff",
        "ts": "1435690974.000300"
    },
    {
        "type": "message",
        "user": "U04U6FCFE",
        "text": "Cheers <@U050DA5Q1> . Well done guys!!!",
        "ts": "1435699353.000301"
    },
    {
        "type": "message",
        "user": "U04UQLQPP",
        "text": "Cheers <@U04U6FCFE> all <@U04UVKDC1> and <@U050DA5Q1> presenting, did us proud",
        "ts": "1435699616.000302"
    },
    {
        "type": "message",
        "user": "U050DA5Q1",
        "text": "<@U04UVKDC1>: I think Brian misinterpreted the point about us being users .. it was basically just saying we should be better at tech news than say fashion news. He took that to mean we wouldn't do external user testing which isn't the case",
        "ts": "1435703680.000303"
    },
    {
        "type": "message",
        "user": "U04UVKDC1",
        "text": "yes <@U050DA5Q1> thats probably true",
        "ts": "1435703900.000304"
    },
    {
        "type": "message",
        "user": "U050DA5Q1",
        "text": "yeah he thought we meant - we will be the only users or something",
        "ts": "1435703942.000305"
    },
    {
        "type": "message",
        "user": "U04UVKDC1",
        "text": "yes because  agree that we are a good profile of the potential users, but we need a way to show the lecturers that we are getting others to use, some teams had a survey monkey type thing today, maybe  we need to do the same.",
        "ts": "1435705617.000306"
    },
    {
        "type": "message",
        "user": "U050DA5Q1",
        "text": "Yeah of course we'll do that .. just a bit early yet .. need some features",
        "ts": "1435730854.000307"
    }
]