[
    {
        "type": "message",
        "user": "U04UQLQPP",
        "text": "Can everyone send me on their github username? <!everyone>",
        "ts": "1432297682.000002"
    },
    {
        "type": "message",
        "user": "U04U63G46",
        "text": "Hi Neil, my username on github is iberdnikov, Regards Igor",
        "ts": "1432308889.000003"
    },
    {
        "type": "message",
        "user": "U04UQLQPP",
        "text": "Hi <@U04U63G46> added you to test repo",
        "ts": "1432312830.000004"
    },
    {
        "type": "message",
        "user": "U04U63G46",
        "text": "Thx",
        "ts": "1432313668.000005"
    },
    {
        "type": "message",
        "user": "U050DA5Q1",
        "text": "For ucd git mine is larryoshea",
        "ts": "1432314686.000006"
    },
    {
        "type": "message",
        "user": "U04UQLQPP",
        "text": "<@U050DA5Q1>: added",
        "ts": "1432314763.000007"
    },
    {
        "type": "message",
        "user": "U04UQLQPP",
        "text": "Try pulling the repo and setting it up if ye can, with docker. All info is in the README",
        "ts": "1432314794.000008"
    },
    {
        "type": "message",
        "user": "U04UQLQPP",
        "text": "also see <#C050U8RFT> channel here",
        "ts": "1432314808.000009"
    },
    {
        "type": "message",
        "user": "U04UVKDC1",
        "text": "Hi <@U04UQLQPP> \nMine is GarryDavitt.\nCheers.",
        "ts": "1432329132.000010"
    },
    {
        "type": "message",
        "user": "U04UQLQPP",
        "text": "<@U04UVKDC1>: added",
        "ts": "1432334768.000011"
    }
]