[
    {
        "text": "<@U04UQLQPP|neilgrogan> has started a Google+ Hangout for this channel. <https:\/\/plus.google.com\/hangouts\/_\/g3ozoljqqdkjnwkidi665b5j7ma|Click here to join>.",
        "username": "hangouts",
        "bot_id": "B04U323V2",
        "type": "message",
        "subtype": "bot_message",
        "ts": "1438545634.000104"
    },
    {
        "type": "message",
        "user": "U04UQLQPP",
        "text": "<!everyone> <https:\/\/plus.google.com\/hangouts\/_\/g3ozoljqqdkjnwkidi665b5j7ma>",
        "ts": "1438545653.000105"
    },
    {
        "type": "message",
        "user": "U04UVKDC1",
        "text": "<!everyone>",
        "ts": "1438554482.000106"
    },
    {
        "type": "message",
        "user": "U04UVKDC1",
        "text": "Posted new icon proposal  on ux",
        "ts": "1438554519.000107"
    }
]