[
    {
        "type": "message",
        "subtype": "file_share",
        "text": "<@U04UQLQPP|neilgrogan> uploaded a file: <https:\/\/ucdproj.slack.com\/files\/neilgrogan\/F08R0ASKW\/newsfastdemo.txt|NewsfastDemo.txt> and commented: Made outline of demo, will need to be timed and themes tweaked to tie in with main presentation",
        "file": {
            "id": "F08R0ASKW",
            "created": 1439067659,
            "timestamp": 1439067659,
            "name": "NewsfastDemo.txt",
            "title": "NewsfastDemo.txt",
            "mimetype": "text\/plain",
            "filetype": "text",
            "pretty_type": "Plain Text",
            "user": "U04UQLQPP",
            "editable": true,
            "size": 1584,
            "mode": "snippet",
            "is_external": false,
            "external_type": "",
            "is_public": true,
            "public_url_shared": false,
            "display_as_bot": false,
            "username": "",
            "url": "https:\/\/slack-files.com\/files-pub\/T04UQLQPK-F08R0ASKW-59c750eaa6\/newsfastdemo.txt",
            "url_download": "https:\/\/slack-files.com\/files-pub\/T04UQLQPK-F08R0ASKW-59c750eaa6\/download\/newsfastdemo.txt",
            "url_private": "https:\/\/files.slack.com\/files-pri\/T04UQLQPK-F08R0ASKW\/newsfastdemo.txt",
            "url_private_download": "https:\/\/files.slack.com\/files-pri\/T04UQLQPK-F08R0ASKW\/download\/newsfastdemo.txt",
            "permalink": "https:\/\/ucdproj.slack.com\/files\/neilgrogan\/F08R0ASKW\/newsfastdemo.txt",
            "permalink_public": "https:\/\/slack-files.com\/T04UQLQPK-F08R0ASKW-59c750eaa6",
            "edit_link": "https:\/\/ucdproj.slack.com\/files\/neilgrogan\/F08R0ASKW\/newsfastdemo.txt\/edit",
            "preview": "- Demo of Newsfast\n    - Landing Page and Sign in\n        - Show Landing Page\n            - Dwell on Design\n            - State intro for user\n            - Welcome on boarding for users\n        - Show Sign in\n            - Big clear button\n            - Option to skip?\n    - Home Page",
            "preview_highlight": "<div class=\"sssh-code\"><div class=\"sssh-line\"><pre>- Demo of Newsfast<\/pre><\/div>\n<div class=\"sssh-line\"><pre>    - Landing Page and Sign in<\/pre><\/div>\n<div class=\"sssh-line\"><pre>        - Show Landing Page<\/pre><\/div>\n<div class=\"sssh-line\"><pre>            - Dwell on Design<\/pre><\/div>\n<div class=\"sssh-line\"><pre>            - State intro for user<\/pre><\/div>\n<div class=\"sssh-line\"><pre>            - Welcome on boarding for users<\/pre><\/div>\n<div class=\"sssh-line\"><pre>        - Show Sign in<\/pre><\/div>\n<div class=\"sssh-line\"><pre>            - Big clear button<\/pre><\/div>\n<div class=\"sssh-line\"><pre>            - Option to skip?<\/pre><\/div>\n<div class=\"sssh-line\"><pre>    - Home Page<\/pre><\/div>\n<\/div>",
            "lines": 45,
            "lines_more": 35,
            "channels": [
                "C04UQLQV7"
            ],
            "groups": [],
            "ims": [],
            "comments_count": 1,
            "initial_comment": {
                "id": "Fc08R0AWUX",
                "created": 1439067659,
                "timestamp": 1439067659,
                "user": "U04UQLQPP",
                "comment": "Made outline of demo, will need to be timed and themes tweaked to tie in with main presentation"
            }
        },
        "user": "U04UQLQPP",
        "upload": true,
        "display_as_bot": false,
        "username": "<@U04UQLQPP|neilgrogan>",
        "bot_id": null,
        "ts": "1439067659.000002"
    },
    {
        "type": "message",
        "user": "U04UVKDC1",
        "text": "<@U04U63G46>:  I have more stuff to checkin for spinner and putting links in tweets on overlay, can I go ahead",
        "ts": "1439068626.000003"
    },
    {
        "type": "message",
        "user": "U04U63G46",
        "text": "Yeah, OK, go ahead",
        "ts": "1439069266.000004"
    },
    {
        "type": "message",
        "user": "U050DA5Q1",
        "text": "Hey <@U04U63G46> can you let us know when you plan to push",
        "ts": "1439072260.000005"
    },
    {
        "type": "message",
        "user": "U04U63G46",
        "text": "It's not ready yet for push, because it's not fully fixed",
        "ts": "1439073399.000006"
    },
    {
        "type": "message",
        "user": "U050DA5Q1",
        "text": "no problem just checking when you think \u2026 cheers. I presume you don\u2019t want any changes pushed till then ?",
        "ts": "1439073541.000007"
    },
    {
        "type": "message",
        "user": "U04UQLQPP",
        "text": "<@U050DA5Q1> him and Garry will talk I think",
        "ts": "1439073644.000008"
    },
    {
        "type": "message",
        "user": "U04UQLQPP",
        "text": "better to avoid confusion",
        "ts": "1439073651.000009"
    },
    {
        "type": "message",
        "user": "U04UQLQPP",
        "text": "I know Garry pushed earlier and Igor said was okay",
        "ts": "1439073663.000010"
    },
    {
        "type": "message",
        "user": "U050DA5Q1",
        "text": "Yeah cool",
        "ts": "1439073695.000011"
    },
    {
        "type": "message",
        "user": "U04U63G46",
        "text": "It's OK, Gary can do push, if it's needed, will merge it ",
        "ts": "1439074358.000012"
    },
    {
        "type": "message",
        "user": "U04UQLQPP",
        "text": "last two pics in honor of Larry and Igor!",
        "ts": "1439074445.000015"
    },
    {
        "type": "message",
        "subtype": "file_comment",
        "text": "<@U04U63G46|igor.berdnikov> commented on <@U04UQLQPP|neilgrogan>'s file <https:\/\/ucdproj.slack.com\/files\/neilgrogan\/F08R1R8TV\/pasted_image_at_2015_08_08_23_53.png|Pasted image at 2015 08 08 23 53>: : )",
        "file": {
            "id": "F08R1R8TV",
            "created": 1439074409,
            "timestamp": 1439074409,
            "name": "Pasted image at 2015_08_08 23_53.png",
            "title": "Pasted image at 2015 08 08 23 53",
            "mimetype": "image\/png",
            "filetype": "png",
            "pretty_type": "PNG",
            "user": "U04UQLQPP",
            "editable": false,
            "size": 247985,
            "mode": "hosted",
            "is_external": false,
            "external_type": "",
            "is_public": true,
            "public_url_shared": false,
            "display_as_bot": false,
            "username": "",
            "url": "https:\/\/slack-files.com\/files-pub\/T04UQLQPK-F08R1R8TV-f023a7a107\/pasted_image_at_2015_08_08_23_53.png",
            "url_download": "https:\/\/slack-files.com\/files-pub\/T04UQLQPK-F08R1R8TV-f023a7a107\/download\/pasted_image_at_2015_08_08_23_53.png",
            "url_private": "https:\/\/files.slack.com\/files-pri\/T04UQLQPK-F08R1R8TV\/pasted_image_at_2015_08_08_23_53.png",
            "url_private_download": "https:\/\/files.slack.com\/files-pri\/T04UQLQPK-F08R1R8TV\/download\/pasted_image_at_2015_08_08_23_53.png",
            "thumb_64": "https:\/\/slack-files.com\/files-tmb\/T04UQLQPK-F08R1R8TV-15f5e7a0f8\/pasted_image_at_2015_08_08_23_53_64.png",
            "thumb_80": "https:\/\/slack-files.com\/files-tmb\/T04UQLQPK-F08R1R8TV-15f5e7a0f8\/pasted_image_at_2015_08_08_23_53_80.png",
            "thumb_360": "https:\/\/slack-files.com\/files-tmb\/T04UQLQPK-F08R1R8TV-15f5e7a0f8\/pasted_image_at_2015_08_08_23_53_360.png",
            "thumb_360_w": 360,
            "thumb_360_h": 202,
            "thumb_480": "https:\/\/slack-files.com\/files-tmb\/T04UQLQPK-F08R1R8TV-15f5e7a0f8\/pasted_image_at_2015_08_08_23_53_480.png",
            "thumb_480_w": 480,
            "thumb_480_h": 270,
            "thumb_160": "https:\/\/slack-files.com\/files-tmb\/T04UQLQPK-F08R1R8TV-15f5e7a0f8\/pasted_image_at_2015_08_08_23_53_160.png",
            "image_exif_rotation": 1,
            "permalink": "https:\/\/ucdproj.slack.com\/files\/neilgrogan\/F08R1R8TV\/pasted_image_at_2015_08_08_23_53.png",
            "permalink_public": "https:\/\/slack-files.com\/T04UQLQPK-F08R1R8TV-f023a7a107",
            "channels": [
                "C04UQLQV7"
            ],
            "groups": [],
            "ims": [],
            "comments_count": 1
        },
        "comment": {
            "id": "Fc08R232E9",
            "created": 1439074462,
            "timestamp": 1439074462,
            "user": "U04U63G46",
            "comment": ": )"
        },
        "ts": "1439074462.000016"
    },
    {
        "type": "message",
        "user": "U04UQLQPP",
        "text": "supposed to be gifs! <http:\/\/33.media.tumblr.com\/6c3af1971a0c75411601c1cf06a2bc93\/tumblr_mxa0a3HeTb1qm5zw9o1_500.gif>   <http:\/\/33.media.tumblr.com\/eddfdf48497fef8e1da6ec34dcfb27cc\/tumblr_mxa0a3HeTb1qm5zw9o2_500.gif>",
        "attachments": [
            {
                "fallback": "500x281px image",
                "image_url": "http:\/\/33.media.tumblr.com\/6c3af1971a0c75411601c1cf06a2bc93\/tumblr_mxa0a3HeTb1qm5zw9o1_500.gif",
                "image_width": 500,
                "image_height": 281,
                "image_bytes": 970839,
                "from_url": "http:\/\/33.media.tumblr.com\/6c3af1971a0c75411601c1cf06a2bc93\/tumblr_mxa0a3HeTb1qm5zw9o1_500.gif",
                "id": 1
            },
            {
                "fallback": "500x281px image",
                "image_url": "http:\/\/33.media.tumblr.com\/eddfdf48497fef8e1da6ec34dcfb27cc\/tumblr_mxa0a3HeTb1qm5zw9o2_500.gif",
                "image_width": 500,
                "image_height": 281,
                "image_bytes": 788763,
                "from_url": "http:\/\/33.media.tumblr.com\/eddfdf48497fef8e1da6ec34dcfb27cc\/tumblr_mxa0a3HeTb1qm5zw9o2_500.gif",
                "id": 2
            }
        ],
        "ts": "1439074545.000019"
    }
]