[
    {
        "type": "message",
        "user": "U050DA5Q1",
        "text": "Georgiana asked if we want to do Tuesday session online - I imagine Yes ?",
        "ts": "1434620847.000046"
    },
    {
        "type": "message",
        "user": "U050DA5Q1",
        "text": "Here's the mail:\nHi Larry,\n\nI will look into the VM issue with the UCD IT people.\nRegarding the other issues, we were concerned with teams that met once\na week or less, and focused solely on development, rather than taking\nthe time to think what needs to be done.\nWe intend to discuss the deliverables with each team on Tuesday. The\nissue of not physically meeting is not a pb at all,\nas long as you found a way to work well together.\n\nFor Tuesday, do you intend to attend the lab online? So we know to\nplan in advance.\n\nBest regards,\nGeorgiana.",
        "ts": "1434620960.000047"
    },
    {
        "type": "message",
        "user": "U04UQLQPP",
        "text": "yeah 1-2 tues is okay for me",
        "ts": "1434624639.000048"
    },
    {
        "type": "message",
        "user": "U04UQLQPP",
        "text": "good video on Agile <https:\/\/www.youtube.com\/watch?v=502ILHjX9EE>",
        "attachments": [
            {
                "service_name": "YouTube",
                "service_url": "http:\/\/www.youtube.com\/",
                "title": "Agile Product Ownership in a Nutshell",
                "title_link": "https:\/\/www.youtube.com\/watch?v=502ILHjX9EE",
                "author_name": "Henrik Kniberg",
                "author_link": "http:\/\/www.youtube.com\/user\/henrikkniberg",
                "thumb_url": "https:\/\/i.ytimg.com\/vi\/502ILHjX9EE\/hqdefault.jpg",
                "thumb_width": 480,
                "thumb_height": 360,
                "fallback": "YouTube Video: Agile Product Ownership in a Nutshell",
                "video_html": "<iframe width=\"400\" height=\"225\" src=\"https:\/\/www.youtube.com\/embed\/502ILHjX9EE?feature=oembed\" frameborder=\"0\" allowfullscreen><\/iframe>",
                "video_html_width": 400,
                "video_html_height": 225,
                "from_url": "https:\/\/www.youtube.com\/watch?v=502ILHjX9EE",
                "id": 1
            }
        ],
        "ts": "1434639757.000049"
    },
    {
        "type": "message",
        "user": "U04U6FCFE",
        "text": "<!everyone> Hi guys, I won\u2019t be able to make the presentation on 30th. I talked to the lecturers and it won\u2019t be an issue. I just need to ensure that the slides mention what I\u2019ve been involved in.\n\nI\u2019ve booked most of August as annual leave so there won\u2019t be any issues with our other formal deadlines.",
        "ts": "1434648582.000051"
    },
    {
        "type": "message",
        "user": "U050DA5Q1",
        "text": "grand cheers",
        "ts": "1434649172.000052"
    },
    {
        "username": "IFTTT",
        "icons": {
            "image_48": "https:\/\/slack.global.ssl.fastly.net\/7bf4\/img\/services\/ifttt_48.png"
        },
        "attachments": [
            {
                "title": "Team Meeting",
                "title_link": "https:\/\/www.google.com\/calendar\/event?eid=MzdiY3FxNjAyc25mNjBscThqcmUxZ3ZzMmsgZ3JvZ2FuLmllX3V0cjFnMm9lMmQzcnF2NmhrM3RkZ3I3MnQ0QGc",
                "text": "<!everyone> Starts June 18, 2015 at 09:00PM",
                "fallback": "<!everyone> Starts June 18, 2015 at 09:00PM",
                "mrkdwn_in": [
                    "text",
                    "pretext"
                ]
            }
        ],
        "mrkdwn": true,
        "type": "message",
        "subtype": "bot_message",
        "ts": "1434656864.000053"
    },
    {
        "text": "<@U04UQLQPP|neilgrogan> has started a Google+ Hangout for this channel. <https:\/\/plus.google.com\/hangouts\/_\/g3viy4gcig2wrz6caq3taqlbema|Click here to join>.",
        "username": "hangouts",
        "bot_id": "B04U323V2",
        "type": "message",
        "subtype": "bot_message",
        "ts": "1434657639.000054"
    },
    {
        "type": "message",
        "user": "U04UQLQPP",
        "text": "<!everyone>: <http:\/\/webwhiteboard.com\/#yf8nrf89>",
        "ts": "1434659153.000055"
    }
]