[
    {
        "type": "message",
        "user": "U04UVKDC1",
        "text": "<@U04U63G46>: <@U04UQLQPP>  docs looks good, cheers",
        "ts": "1436874282.000412"
    },
    {
        "type": "message",
        "user": "U04UVKDC1",
        "text": "<@U04UQLQPP>:  I has added a module, can you do push to docker hub and paste in instructions we need to do here. so it wont break anyones local env when they pull the code. thanks",
        "ts": "1436874451.000413"
    },
    {
        "type": "message",
        "user": "U04UVKDC1",
        "text": "<!everyone>: Don\u2019t pull the code until docker hub updates, otherwise it will break local env. Neil or I will post an update later, when it is safe to pull the code.",
        "ts": "1436878062.000414"
    },
    {
        "type": "message",
        "user": "U050DA5Q1",
        "text": "Sound cheers <@U04UVKDC1>",
        "ts": "1436878164.000415"
    },
    {
        "type": "message",
        "user": "U04UVKDC1",
        "text": "<!everyone>: its fine now you can pull code when you like",
        "ts": "1436880188.000416"
    },
    {
        "text": "<@U04UQLQPP|neilgrogan> has started a Google+ Hangout for this channel. <https:\/\/plus.google.com\/hangouts\/_\/guep24uf55e7k2ecvfz55t2etia|Click here to join>.",
        "username": "hangouts",
        "bot_id": "B04U323V2",
        "type": "message",
        "subtype": "bot_message",
        "ts": "1436904330.000417"
    },
    {
        "type": "message",
        "user": "U04UQLQPP",
        "text": "<http:\/\/beta.newsfast.me|beta.newsfast.me>\n<http:\/\/techmeme.com|techmeme.com>",
        "ts": "1436907140.000418"
    }
]