[
    {
        "type": "message",
        "user": "U04UQLQPP",
        "text": "Second server deployed",
        "ts": "1435140508.000145"
    },
    {
        "type": "message",
        "user": "U04UQLQPP",
        "text": "develop now pushes to <http:\/\/csi420-01-vm2.ucd.ie\/> and production to: <http:\/\/csi6220-1-vm2.ucd.ie\/>",
        "ts": "1435140551.000146"
    },
    {
        "type": "message",
        "user": "U050DA5Q1",
        "text": "Hurray !",
        "ts": "1435165828.000147"
    },
    {
        "type": "message",
        "user": "U04U6FCFE",
        "text": "Yippe!",
        "ts": "1435169612.000148"
    }
]