[
    {
        "text": "<@U04UQLQPP|neilgrogan> has started a Google+ Hangout for this channel. <https:\/\/plus.google.com\/hangouts\/_\/g3w674nxpqxps7oysrfppt7274a|Click here to join>.",
        "username": "hangouts",
        "bot_id": "B04U323V2",
        "type": "message",
        "subtype": "bot_message",
        "ts": "1437508726.000039"
    },
    {
        "type": "message",
        "user": "U04UQLQPP",
        "text": "ok sprint 3 started",
        "ts": "1437510569.000040"
    },
    {
        "type": "message",
        "user": "U04UQLQPP",
        "text": "stuff from sprint 2 moved over",
        "ts": "1437510576.000041"
    },
    {
        "type": "message",
        "user": "U04UQLQPP",
        "text": "dates updated on sprint 3 and 4",
        "ts": "1437510591.000042"
    },
    {
        "type": "message",
        "user": "U04UQLQPP",
        "text": "4 weeks left until final demo",
        "ts": "1437510601.000043"
    },
    {
        "type": "message",
        "user": "U04UQLQPP",
        "text": "so 2* 2 week sprints",
        "ts": "1437510608.000044"
    },
    {
        "type": "message",
        "user": "U04UVKDC1",
        "text": "Sound cheers",
        "ts": "1437511134.000045"
    },
    {
        "type": "message",
        "user": "U050DA5Q1",
        "text": "cool cheers Neil",
        "ts": "1437511238.000046"
    }
]