[
    {
        "type": "message",
        "subtype": "file_share",
        "text": "<@U04UQLQPP|neilgrogan> shared a file: <https:\/\/ucdproj.slack.com\/files\/neilgrogan\/F04V326HR\/Django_Python_Tutorials|Django\/Python Tutorials>",
        "file": {
            "id": "F04V326HR",
            "created": 1432113031,
            "timestamp": 1432113031,
            "name": "Django_Python_Tutorials",
            "title": "Django\/Python Tutorials",
            "mimetype": "text\/plain",
            "filetype": "space",
            "pretty_type": "Space",
            "user": "U04UQLQPP",
            "editable": true,
            "size": 1000,
            "mode": "space",
            "is_external": false,
            "external_type": "",
            "is_public": true,
            "public_url_shared": true,
            "display_as_bot": false,
            "username": "",
            "url": "https:\/\/slack-files.com\/files-pub\/T04UQLQPK-F04V326HR-af41adf51c\/Django_Python_Tutorials",
            "url_download": "https:\/\/slack-files.com\/files-pub\/T04UQLQPK-F04V326HR-af41adf51c\/download\/Django_Python_Tutorials",
            "url_private": "https:\/\/files.slack.com\/files-pri\/T04UQLQPK-F04V326HR\/Django_Python_Tutorials",
            "url_private_download": "https:\/\/files.slack.com\/files-pri\/T04UQLQPK-F04V326HR\/download\/Django_Python_Tutorials",
            "permalink": "https:\/\/ucdproj.slack.com\/files\/neilgrogan\/F04V326HR\/Django_Python_Tutorials",
            "permalink_public": "https:\/\/slack-files.com\/T04UQLQPK-F04V326HR-af41adf51c",
            "preview": "<document><h2>Tutorials<\/h2><ul class=\"list\"><li><a href=\"https:\/\/docs.djangoproject.com\/en\/1.8\/intro\/tutorial01\/\">Writing your first Django App<\/a><\/li><li><a href=\"http:\/\/www.marinamele.com\/taskbuster-django-tutorial\">Django 1.8 and Python 3: Complex app tutorial, end-to-end<\/a><\/li><\/ul><h2>Video Tutorials<\/h2><ul class=\"list\"><li><a href=\"https:\/\/www.youtube.com\/playlist?feature=edit_ok&amp;list=PLEsfXFp6DpzRgedo9IzmcpXYoSeDg29Tx\">Python 3 \/ Django 1.6 <\/a> - <i>Slightly older version of Django<\/i><\/li><\/ul><\/document>",
            "updated": "1432113866",
            "channels": [
                "C04UQLQV7"
            ],
            "groups": [],
            "ims": [],
            "comments_count": 0,
            "pinned_to": [
                "C04UQLQV7"
            ]
        },
        "user": "U04UQLQPP",
        "upload": false,
        "display_as_bot": false,
        "username": "<@U04UQLQPP|neilgrogan>",
        "bot_id": null,
        "ts": "1432113605.000002"
    },
    {
        "type": "message",
        "subtype": "pinned_item",
        "user": "U04UQLQPP",
        "item_type": "F",
        "text": "<@U04UQLQPP|neilgrogan> pinned their Space <https:\/\/ucdproj.slack.com\/files\/neilgrogan\/F04V326HR\/Django_Python_Tutorials|Django\/Python Tutorials> to this channel.",
        "item": {
            "id": "F04V326HR",
            "created": 1432113031,
            "timestamp": 1432113031,
            "name": "Django_Python_Tutorials",
            "title": "Django\/Python Tutorials",
            "mimetype": "text\/plain",
            "filetype": "space",
            "pretty_type": "Space",
            "user": "U04UQLQPP",
            "editable": true,
            "size": 1000,
            "mode": "space",
            "is_external": false,
            "external_type": "",
            "is_public": true,
            "public_url_shared": true,
            "display_as_bot": false,
            "username": "",
            "url": "https:\/\/slack-files.com\/files-pub\/T04UQLQPK-F04V326HR-af41adf51c\/Django_Python_Tutorials",
            "url_download": "https:\/\/slack-files.com\/files-pub\/T04UQLQPK-F04V326HR-af41adf51c\/download\/Django_Python_Tutorials",
            "url_private": "https:\/\/files.slack.com\/files-pri\/T04UQLQPK-F04V326HR\/Django_Python_Tutorials",
            "url_private_download": "https:\/\/files.slack.com\/files-pri\/T04UQLQPK-F04V326HR\/download\/Django_Python_Tutorials",
            "permalink": "https:\/\/ucdproj.slack.com\/files\/neilgrogan\/F04V326HR\/Django_Python_Tutorials",
            "permalink_public": "https:\/\/slack-files.com\/T04UQLQPK-F04V326HR-af41adf51c",
            "preview": "<document><h2>Tutorials<\/h2><ul class=\"list\"><li><a href=\"https:\/\/docs.djangoproject.com\/en\/1.8\/intro\/tutorial01\/\">Writing your first Django App<\/a><\/li><li><a href=\"http:\/\/www.marinamele.com\/taskbuster-django-tutorial\">Django 1.8 and Python 3: Complex app tutorial, end-to-end<\/a><\/li><\/ul><h2>Video Tutorials<\/h2><ul class=\"list\"><li><a href=\"https:\/\/www.youtube.com\/playlist?feature=edit_ok&amp;list=PLEsfXFp6DpzRgedo9IzmcpXYoSeDg29Tx\">Python 3 \/ Django 1.6 <\/a> - <i>Slightly older version of Django<\/i><\/li><\/ul><\/document>",
            "updated": "1432113866",
            "channels": [
                "C04UQLQV7"
            ],
            "groups": [],
            "ims": [],
            "comments_count": 0,
            "pinned_to": [
                "C04UQLQV7"
            ]
        },
        "ts": "1432116552.000005"
    },
    {
        "type": "message",
        "user": "U04UQLQPP",
        "text": "<@U04U6FCFE>: now that I think it could be your environment variables: <https:\/\/docs.python.org\/3.3\/using\/windows.html#excursus-setting-environment-variables>",
        "ts": "1432141018.000006"
    },
    {
        "type": "message",
        "user": "U04U6FCFE",
        "text": "Got Django up and running eventually. Not sure how,not sure why but not complaining.",
        "edited": {
            "user": "U04U6FCFE",
            "ts": "1432153576.000000"
        },
        "ts": "1432153334.000007"
    },
    {
        "type": "message",
        "user": "U04UQLQPP",
        "text": "<@U04U6FCFE>: cool",
        "ts": "1432154113.000011"
    }
]