[
    {
        "type": "message",
        "user": "U04UVKDC1",
        "text": "Deployed latest dev to <http:\/\/newsfast.me|newsfast.me>,  we need to do proper merge and check deployment scripts.",
        "ts": "1439191331.000059"
    },
    {
        "type": "message",
        "user": "U050DA5Q1",
        "text": "Hi Garry and how does dev look is it working OK ? Proper merge - what does that mean exactly cheers",
        "ts": "1439194804.000060"
    },
    {
        "type": "message",
        "user": "U04U6FCFE",
        "text": "<!everyone>: Guys beta seems to be done. anyone know why?",
        "ts": "1439213164.000061"
    },
    {
        "type": "message",
        "user": "U04U6FCFE",
        "text": "*down not done.",
        "ts": "1439213180.000062"
    },
    {
        "type": "message",
        "user": "U04UVKDC1",
        "text": "Tomorrow both servers should be ready, if team see any ui issues on <http:\/\/newsfast.me|newsfast.me> today let me know and I will try to fix tonight ",
        "ts": "1439215293.000063"
    },
    {
        "text": "<@U04UQLQPP|neilgrogan> has started a Google+ Hangout for this channel. <https:\/\/plus.google.com\/hangouts\/_\/gqgobewaf7h3lxbmednhuvfeoya|Click here to join>.",
        "username": "hangouts",
        "bot_id": "B04U323V2",
        "type": "message",
        "subtype": "bot_message",
        "ts": "1439229675.000064"
    },
    {
        "type": "message",
        "user": "U04UQLQPP",
        "text": "<!everyone>: <https:\/\/plus.google.com\/hangouts\/_\/gqgobewaf7h3lxbmednhuvfeoya>",
        "ts": "1439229703.000065"
    },
    {
        "type": "message",
        "user": "U04UQLQPP",
        "text": "so used to doing that! It\u2019s a presentation review",
        "ts": "1439229727.000066"
    },
    {
        "type": "message",
        "user": "U04UQLQPP",
        "text": "so can come if interested",
        "ts": "1439229734.000067"
    },
    {
        "type": "message",
        "user": "U050DA5Q1",
        "text": "need another 15 mins",
        "ts": "1439229739.000068"
    },
    {
        "type": "message",
        "user": "U04UQLQPP",
        "text": "okay",
        "ts": "1439229742.000069"
    },
    {
        "type": "message",
        "user": "U050DA5Q1",
        "text": "7.15 cheers",
        "ts": "1439229748.000070"
    }
]