[
    {
        "type": "message",
        "user": "U04UVKDC1",
        "text": "<!everyone>:  please see my standup comments re importance of leaving survey until tomorrow",
        "ts": "1439276930.000071"
    },
    {
        "type": "message",
        "user": "U04U63G46",
        "text": "Hi, Gary, testing <http:\/\/newsfast.me|newsfast.me> at the train to work from my mobile, looks impressive :), good work!",
        "ts": "1439277988.000072"
    },
    {
        "type": "message",
        "user": "U04U6FCFE",
        "text": "<!everyone>: can we postpone going through business slides until tomorrow? I'm still not happy with graph and i want to make a few changes based on what i saw today in UCD.",
        "ts": "1439314735.000073"
    },
    {
        "type": "message",
        "user": "U050DA5Q1",
        "text": "OK I'd like to go through docs with Neil - can we do quick hangout at 7 to go through our thoughts from today (I saw 3 projects I think). I also had a chat with Brian at start",
        "ts": "1439315858.000074"
    },
    {
        "type": "message",
        "user": "U04U6FCFE",
        "text": "cool. it got strange after you left larry. very strange",
        "ts": "1439315987.000075"
    },
    {
        "type": "message",
        "user": "U050DA5Q1",
        "text": "really ?",
        "ts": "1439315997.000076"
    },
    {
        "type": "message",
        "user": "U04U6FCFE",
        "text": "<https:\/\/plus.google.com\/hangouts\/_\/grjw2cmjrffenzxepmkhngtefua>",
        "ts": "1439316047.000077"
    },
    {
        "text": "<@U04U6FCFE|kevink> has started a Google+ Hangout for this channel. <https:\/\/plus.google.com\/hangouts\/_\/grjw2cmjrffenzxepmkhngtefua|Click here to join>.",
        "username": "hangouts",
        "bot_id": "B04U323V2",
        "type": "message",
        "subtype": "bot_message",
        "ts": "1439316073.000078"
    },
    {
        "type": "message",
        "user": "U04UQLQPP",
        "text": "<!everyone> metting off tonight at 9pm can just do work, critical last week",
        "ts": "1439321636.000079"
    }
]