[
    {
        "type": "message",
        "user": "U04U63G46",
        "text": "ok",
        "ts": "1438069937.000081"
    },
    {
        "type": "message",
        "user": "U04U63G46",
        "text": "hi, can you back up me, in case I can't nmanage at 1200",
        "ts": "1438079732.000082"
    },
    {
        "type": "message",
        "user": "U04U63G46",
        "text": "at work in call currently",
        "ts": "1438079780.000083"
    },
    {
        "username": "IFTTT",
        "icons": {
            "image_48": "https:\/\/slack.global.ssl.fastly.net\/7bf4\/img\/services\/ifttt_48.png"
        },
        "attachments": [
            {
                "title": "MSc Practicum Team Project Online Session",
                "title_link": "https:\/\/www.google.com\/calendar\/event?eid=Xzc0czRjZDFoOHAzNDJiOWs3NHNqYWI5azY0cDMyYjlvNmQyazRiYTI4cDI0Y2UyNTZ0MTMwaGE0ODQgZ3JvZ2FuLmllX3V0cjFnMm9lMmQzcnF2NmhrM3RkZ3I3MnQ0QGc",
                "text": "<!everyone> Starts July 28, 2015 at 12:00PM",
                "fallback": "<!everyone> Starts July 28, 2015 at 12:00PM",
                "mrkdwn_in": [
                    "text",
                    "pretext"
                ]
            }
        ],
        "mrkdwn": true,
        "type": "message",
        "subtype": "bot_message",
        "ts": "1438080569.000084"
    },
    {
        "type": "message",
        "user": "U050DA5Q1",
        "text": "<@U04U63G46>: well done",
        "ts": "1438086290.000085"
    },
    {
        "type": "message",
        "user": "U04UVKDC1",
        "text": "yes well done <@U04U63G46>",
        "ts": "1438086315.000086"
    },
    {
        "type": "message",
        "user": "U04UVKDC1",
        "text": "Trying to fix that token error now, its just small bug.",
        "ts": "1438086361.000087"
    },
    {
        "type": "message",
        "user": "U04UVKDC1",
        "text": "or small fix..",
        "ts": "1438086382.000088"
    },
    {
        "type": "message",
        "user": "U04U63G46",
        "text": "Thanks :)",
        "ts": "1438086420.000089"
    },
    {
        "text": "<@U04UVKDC1|garryd> has started a Google+ Hangout for this channel. <https:\/\/plus.google.com\/hangouts\/_\/gsdhyvw4by5t2avhsifffr7qdya|Click here to join>.",
        "username": "hangouts",
        "bot_id": "B04U323V2",
        "type": "message",
        "subtype": "bot_message",
        "ts": "1438113948.000090"
    },
    {
        "type": "message",
        "subtype": "file_share",
        "text": "<@U050DA5Q1|larry> shared a file: <https:\/\/ucdproj.slack.com\/files\/larry\/F089P6T0W\/Rough_minutes__mainly_for_Neil_|Rough minutes (mainly for Neil)>",
        "file": {
            "id": "F089P6T0W",
            "created": 1438117953,
            "timestamp": 1438117953,
            "name": "Rough_minutes__mainly_for_Neil_",
            "title": "Rough minutes (mainly for Neil)",
            "mimetype": "text\/plain",
            "filetype": "space",
            "pretty_type": "Space",
            "user": "U050DA5Q1",
            "editable": true,
            "size": 1215,
            "mode": "space",
            "is_external": false,
            "external_type": "",
            "is_public": true,
            "public_url_shared": false,
            "display_as_bot": false,
            "username": "",
            "url": "https:\/\/slack-files.com\/files-pub\/T04UQLQPK-F089P6T0W-6776334249\/Rough_minutes__mainly_for_Neil_",
            "url_download": "https:\/\/slack-files.com\/files-pub\/T04UQLQPK-F089P6T0W-6776334249\/download\/Rough_minutes__mainly_for_Neil_",
            "url_private": "https:\/\/files.slack.com\/files-pri\/T04UQLQPK-F089P6T0W\/Rough_minutes__mainly_for_Neil_",
            "url_private_download": "https:\/\/files.slack.com\/files-pri\/T04UQLQPK-F089P6T0W\/download\/Rough_minutes__mainly_for_Neil_",
            "permalink": "https:\/\/ucdproj.slack.com\/files\/larry\/F089P6T0W\/Rough_minutes__mainly_for_Neil_",
            "permalink_public": "https:\/\/slack-files.com\/T04UQLQPK-F089P6T0W-6776334249",
            "preview": "<document><ul class=\"list\"><li>LOS to email Brian about personalisation  - explaining how we do it (just because what we&#39;re doing is very simple but works well .. and I think he&#39;s expecting it to be more complex)<\/li><li>LOS to get info on keywords from articles (dump and sort of all keywords from articles to identify popular keywords)<\/li><li>LOS to get survey feedback ASAP<\/li><li>Kevin to get info on costs<\/li><li>Kevin to redo Survey - so people can do multiple times<\/li><\/ul><\/document>",
            "updated": "1438118034",
            "channels": [
                "C04UQLQV7"
            ],
            "groups": [],
            "ims": [],
            "comments_count": 0
        },
        "user": "U050DA5Q1",
        "upload": false,
        "display_as_bot": false,
        "username": "<@U050DA5Q1|larry>",
        "bot_id": null,
        "ts": "1438118084.000091"
    }
]