[
    {
        "type": "message",
        "user": "U050DA5Q1",
        "text": "<@U04UVKDC1>: please explain all the RSS feed changes - when i cleaned them up recently i explained why i removed each one ... you need to explain why feeds are removed so we know",
        "ts": "1439730706.000156"
    },
    {
        "type": "message",
        "user": "U050DA5Q1",
        "text": "<@U04UVKDC1>: please please don't change the system config defaults in code anymore (for numbers to display etc) - its much better practice just to change it in GUI - its a single click on the Admin GUI. In code its defaulted in a couple of places ... so it's much safer to add on the GUI.",
        "ts": "1439731119.000157"
    },
    {
        "type": "message",
        "user": "U050DA5Q1",
        "text": "is anyone looking at ranking the RSS feeds ?",
        "ts": "1439731423.000158"
    },
    {
        "type": "message",
        "user": "U04UVKDC1",
        "text": "I can look at it",
        "ts": "1439753593.000159"
    },
    {
        "type": "message",
        "user": "U04UQLQPP",
        "text": "*label all figures - done",
        "ts": "1439754307.000160"
    },
    {
        "type": "message",
        "user": "U04UQLQPP",
        "text": "* numbered sections - done",
        "ts": "1439754318.000161"
    },
    {
        "type": "message",
        "user": "U04UQLQPP",
        "text": "will talk with larry on sub numbering tech section",
        "ts": "1439754337.000162"
    },
    {
        "type": "message",
        "user": "U04UQLQPP",
        "text": "* Add screenshots - done",
        "ts": "1439756791.000163"
    },
    {
        "type": "message",
        "user": "U04UQLQPP",
        "text": "* Use Main headings from template - done",
        "ts": "1439756802.000164"
    },
    {
        "type": "message",
        "user": "U04UQLQPP",
        "text": "<!everyone>: you can help by reviewing final presentation: <http:\/\/slides.com\/larryo-shea\/deck-4-5-6-8#\/> , taking a todo (stick name beside) for system demo doc <https:\/\/docs.google.com\/document\/d\/1uDHCmiOLbzQjXoPRsNZOgdpnIK5xEMvcM-nMeJ_Jgmo\/edit>",
        "attachments": [
            {
                "service_name": "Slides",
                "title": "Newsfast-FINAL-FOR18th by Larry O'Shea",
                "title_link": "http:\/\/slides.com\/larryo-shea\/deck-4-5-6-8#\/",
                "text": "A presentation created with Slides.",
                "fallback": "Slides: Newsfast-FINAL-FOR18th by Larry O'Shea",
                "image_url": "https:\/\/s3.amazonaws.com\/media-p.slid.es\/thumbnails\/secure\/49855c\/decks.jpg",
                "from_url": "http:\/\/slides.com\/larryo-shea\/deck-4-5-6-8#\/",
                "image_width": 250,
                "image_height": 250,
                "image_bytes": 27011,
                "id": 1
            }
        ],
        "ts": "1439758671.000165"
    },
    {
        "type": "message",
        "subtype": "file_share",
        "text": "<@U04UQLQPP|neilgrogan> shared a file: <https:\/\/ucdproj.slack.com\/files\/neilgrogan\/F095T3FPT\/brianfeedback15aug|Brian Feedback 15 Aug>",
        "file": {
            "id": "F095T3FPT",
            "created": 1439756992,
            "timestamp": 1439756992,
            "name": "BrianFeedback15Aug",
            "title": "Brian Feedback 15 Aug",
            "mimetype": "application\/vnd.google-apps.document",
            "filetype": "gdoc",
            "pretty_type": "GDocs Document",
            "user": "U04UQLQPP",
            "editable": false,
            "size": 536,
            "mode": "external",
            "is_external": true,
            "external_type": "gdrive",
            "is_public": true,
            "public_url_shared": false,
            "display_as_bot": false,
            "username": "",
            "url": "https:\/\/docs.google.com\/a\/grogan.ie\/document\/d\/1uDHCmiOLbzQjXoPRsNZOgdpnIK5xEMvcM-nMeJ_Jgmo\/edit?usp=drivesdk",
            "url_private": "https:\/\/docs.google.com\/a\/grogan.ie\/document\/d\/1uDHCmiOLbzQjXoPRsNZOgdpnIK5xEMvcM-nMeJ_Jgmo\/edit?usp=drivesdk",
            "thumb_64": "https:\/\/slack.global.ssl.fastly.net\/66f9\/img\/files\/gdraw_64.png",
            "thumb_360": "https:\/\/slack.global.ssl.fastly.net\/272a\/img\/files\/gdoc_360.png",
            "thumb_360_w": 360,
            "thumb_360_h": 167,
            "permalink": "https:\/\/ucdproj.slack.com\/files\/neilgrogan\/F095T3FPT\/brianfeedback15aug",
            "channels": [
                "C04UQLQV7"
            ],
            "groups": [],
            "ims": [],
            "comments_count": 0
        },
        "user": "U04UQLQPP",
        "upload": false,
        "display_as_bot": false,
        "username": "<@U04UQLQPP|neilgrogan>",
        "bot_id": null,
        "ts": "1439758671.000167"
    },
    {
        "type": "message",
        "user": "U04UVKDC1",
        "text": "Hi Lads, can we move everything in to the final folder -that's for this week?",
        "ts": "1439791050.000168"
    }
]