[
    {
        "type": "message",
        "subtype": "file_share",
        "text": "<@U050DA5Q1|larry> uploaded a file: <https:\/\/ucdproj.slack.com\/files\/larry\/F0620PX6J\/blackteam-showandtell.pptx|BlackTeam-ShowAndTell.pptx> and commented: Some simples slides for Tuesday - feel free to comment\/change",
        "file": {
            "id": "F0620PX6J",
            "created": 1433700423,
            "timestamp": 1433700423,
            "name": "BlackTeam-ShowAndTell.pptx",
            "title": "BlackTeam-ShowAndTell.pptx",
            "mimetype": "application\/vnd.openxmlformats-officedocument.presentationml.presentation",
            "filetype": "pptx",
            "pretty_type": "PowerPoint Presentation",
            "user": "U050DA5Q1",
            "editable": false,
            "size": 69192,
            "mode": "hosted",
            "is_external": false,
            "external_type": "",
            "is_public": true,
            "public_url_shared": false,
            "display_as_bot": false,
            "username": "",
            "url": "https:\/\/slack-files.com\/files-pub\/T04UQLQPK-F0620PX6J-d05971f640\/blackteam-showandtell.pptx",
            "url_download": "https:\/\/slack-files.com\/files-pub\/T04UQLQPK-F0620PX6J-d05971f640\/download\/blackteam-showandtell.pptx",
            "url_private": "https:\/\/files.slack.com\/files-pri\/T04UQLQPK-F0620PX6J\/blackteam-showandtell.pptx",
            "url_private_download": "https:\/\/files.slack.com\/files-pri\/T04UQLQPK-F0620PX6J\/download\/blackteam-showandtell.pptx",
            "permalink": "https:\/\/ucdproj.slack.com\/files\/larry\/F0620PX6J\/blackteam-showandtell.pptx",
            "permalink_public": "https:\/\/slack-files.com\/T04UQLQPK-F0620PX6J-d05971f640",
            "channels": [
                "C04UQLQV7"
            ],
            "groups": [],
            "ims": [],
            "comments_count": 1,
            "initial_comment": {
                "id": "Fc0620SWKA",
                "created": 1433700423,
                "timestamp": 1433700423,
                "user": "U050DA5Q1",
                "comment": "Some simples slides for Tuesday - feel free to comment\/change"
            }
        },
        "user": "U050DA5Q1",
        "upload": true,
        "display_as_bot": false,
        "username": "<@U050DA5Q1|larry>",
        "bot_id": null,
        "ts": "1433700423.000022"
    },
    {
        "type": "message",
        "subtype": "file_share",
        "text": "<@U050DA5Q1|larry> uploaded a file: <https:\/\/ucdproj.slack.com\/files\/larry\/F0620PTQU\/blackteam-showandtell.pdf|BlackTeam-ShowAndTell.pdf> and commented: PDF version of slides",
        "file": {
            "id": "F0620PTQU",
            "created": 1433700445,
            "timestamp": 1433700445,
            "name": "BlackTeam-ShowAndTell.pdf",
            "title": "BlackTeam-ShowAndTell.pdf",
            "mimetype": "application\/pdf",
            "filetype": "pdf",
            "pretty_type": "PDF",
            "user": "U050DA5Q1",
            "editable": false,
            "size": 47946,
            "mode": "hosted",
            "is_external": false,
            "external_type": "",
            "is_public": true,
            "public_url_shared": false,
            "display_as_bot": false,
            "username": "",
            "url": "https:\/\/slack-files.com\/files-pub\/T04UQLQPK-F0620PTQU-6f81a8972b\/blackteam-showandtell.pdf",
            "url_download": "https:\/\/slack-files.com\/files-pub\/T04UQLQPK-F0620PTQU-6f81a8972b\/download\/blackteam-showandtell.pdf",
            "url_private": "https:\/\/files.slack.com\/files-pri\/T04UQLQPK-F0620PTQU\/blackteam-showandtell.pdf",
            "url_private_download": "https:\/\/files.slack.com\/files-pri\/T04UQLQPK-F0620PTQU\/download\/blackteam-showandtell.pdf",
            "permalink": "https:\/\/ucdproj.slack.com\/files\/larry\/F0620PTQU\/blackteam-showandtell.pdf",
            "permalink_public": "https:\/\/slack-files.com\/T04UQLQPK-F0620PTQU-6f81a8972b",
            "channels": [
                "C04UQLQV7"
            ],
            "groups": [],
            "ims": [],
            "comments_count": 1,
            "initial_comment": {
                "id": "Fc0620QH9D",
                "created": 1433700446,
                "timestamp": 1433700446,
                "user": "U050DA5Q1",
                "comment": "PDF version of slides"
            }
        },
        "user": "U050DA5Q1",
        "upload": true,
        "display_as_bot": false,
        "username": "<@U050DA5Q1|larry>",
        "bot_id": null,
        "ts": "1433700446.000023"
    },
    {
        "type": "message",
        "user": "U04UQLQPP",
        "text": "<@U050DA5Q1>: looks good",
        "ts": "1433700557.000024"
    },
    {
        "type": "message",
        "user": "U04UQLQPP",
        "text": "I like the template",
        "ts": "1433700583.000025"
    },
    {
        "type": "message",
        "user": "U050DA5Q1",
        "text": "normally i think slides should be visual .. but couldn't think of another way and didn't want to spend a lot of time on it",
        "ts": "1433701472.000026"
    },
    {
        "text": "<@U04UVKDC1|garryd> has started a Google+ Hangout for this channel. <https:\/\/plus.google.com\/hangouts\/_\/g2bgh4aoa6rmbshnyd3wcot7vua|Click here to join>.",
        "username": "hangouts",
        "bot_id": "B04U323V2",
        "type": "message",
        "subtype": "bot_message",
        "ts": "1433703545.000027"
    },
    {
        "text": "<@U04UQLQPP|neilgrogan> has started a Google+ Hangout for this channel. <https:\/\/plus.google.com\/hangouts\/_\/g2bgh4aoa6rmbshnyd3wcot7vua|Click here to join>.",
        "username": "hangouts",
        "bot_id": "B04U323V2",
        "type": "message",
        "subtype": "bot_message",
        "ts": "1433703691.000028"
    },
    {
        "type": "message",
        "user": "U04U6FCFE",
        "text": "#100% pos\n#sentence = \"Cant believe that the DOE came up with maths questions not on the LC sylabus? Incredible. good job.\"\n\n#50% pos\n#sentence = \"Can hardly believe that the DOE came up with maths questions not on the LC sylabus? Incredible. good job.\"\n\n# 66% neg\nsentence = \"Cant believe that the stupid DOE came up with maths questions not on the LC sylabus? Incredible. good job. idiots\"",
        "ts": "1433705513.000029"
    },
    {
        "type": "message",
        "user": "U04UQLQPP",
        "text": "<@U050DA5Q1> uploaded as a doc <https:\/\/docs.google.com\/presentation\/d\/1DVD7q_AoHHSIN_EbKRV8p8Ya77F2nEJ_7Ergy4C2a7Y\/edit#slide=id.p3>",
        "ts": "1433706396.000030"
    },
    {
        "type": "message",
        "subtype": "file_share",
        "text": "<@U04UQLQPP|neilgrogan> shared a file: <https:\/\/ucdproj.slack.com\/files\/neilgrogan\/F06228CLS\/blackteam-showandtell|BlackTeam-ShowAndTell>",
        "file": {
            "id": "F06228CLS",
            "created": 1433706397,
            "timestamp": 1433706397,
            "name": "BlackTeam-ShowAndTell",
            "title": "BlackTeam-ShowAndTell",
            "mimetype": "application\/vnd.google-apps.presentation",
            "filetype": "gpres",
            "pretty_type": "GDocs Presentation",
            "user": "U04UQLQPP",
            "editable": false,
            "size": 2080,
            "mode": "external",
            "is_external": true,
            "external_type": "gdrive",
            "is_public": true,
            "public_url_shared": false,
            "display_as_bot": false,
            "username": "",
            "url": "https:\/\/docs.google.com\/a\/grogan.ie\/presentation\/d\/1DVD7q_AoHHSIN_EbKRV8p8Ya77F2nEJ_7Ergy4C2a7Y\/edit?usp=drivesdk",
            "url_private": "https:\/\/docs.google.com\/a\/grogan.ie\/presentation\/d\/1DVD7q_AoHHSIN_EbKRV8p8Ya77F2nEJ_7Ergy4C2a7Y\/edit?usp=drivesdk",
            "thumb_64": "https:\/\/slack.global.ssl.fastly.net\/66f9\/img\/files\/gpres_64.png",
            "thumb_360": "https:\/\/slack.global.ssl.fastly.net\/272a\/img\/files\/gpres_360.png",
            "thumb_360_w": 360,
            "thumb_360_h": 167,
            "permalink": "https:\/\/ucdproj.slack.com\/files\/neilgrogan\/F06228CLS\/blackteam-showandtell",
            "channels": [
                "C04UQLQV7"
            ],
            "groups": [],
            "ims": [],
            "comments_count": 0
        },
        "user": "U04UQLQPP",
        "upload": false,
        "display_as_bot": false,
        "username": "<@U04UQLQPP|neilgrogan>",
        "bot_id": null,
        "ts": "1433706398.000031"
    },
    {
        "type": "message",
        "user": "U04UQLQPP",
        "text": "in our folder",
        "ts": "1433706399.000032"
    },
    {
        "type": "message",
        "user": "U04UVKDC1",
        "text": "<!everyone>:  Wednesday 9.00pm  agreed time for next meeting",
        "ts": "1433706937.000033"
    },
    {
        "type": "message",
        "user": "U04UQLQPP",
        "text": "<@U04UVKDC1>: perfect",
        "ts": "1433706948.000034"
    },
    {
        "type": "message",
        "subtype": "pinned_item",
        "user": "U04UQLQPP",
        "item_type": "C",
        "attachments": [
            {
                "color": "D0D0D0",
                "fallback": "[June 7th, 2015 12:55 PM] garryd: <!everyone>:  Wednesday 9.00pm  agreed time for next meeting",
                "author_subname": "garryd",
                "ts": 1433706937,
                "text": "<!everyone>:  Wednesday 9.00pm  agreed time for next meeting",
                "author_name": "Garry Davitt",
                "author_link": "https:\/\/ucdproj.slack.com\/team\/garryd",
                "author_icon": "https:\/\/secure.gravatar.com\/avatar\/1feb8e6fb9f69f025061e9735b646e45.jpg?s=48&d=https%3A%2F%2Fslack.global.ssl.fastly.net%2F66f9%2Fimg%2Favatars%2Fava_0015-48.png",
                "mrkdwn_in": [
                    "text"
                ]
            }
        ],
        "text": "<@U04UQLQPP|neilgrogan> pinned a message to this channel.",
        "ts": "1433706957.000035"
    },
    {
        "type": "message",
        "subtype": "file_share",
        "text": "<@U04U6FCFE|kevink> uploaded a file: <https:\/\/ucdproj.slack.com\/files\/kevink\/F0623BL73\/twitter_analysis.ipynb|Twitter_analysis.ipynb> and commented: quick look at some of the stuff i've been doing with twitter. the bit t the end is most interesting.\r\nI don't mind you guys using my twitter app codes &amp; secrets to login. (we'll have to share a set of codes &amp; logins eventually anyway)\r\nmy next steps are to play around with the tweet to extract unoffical hashtags i.e. anything subject \/ topic in the tweet that could have had a '#' before it but the user didn't include it. in other words the said 'the IREvENG match was very boring' instead of 'the #IREvENG match was very boring' . \r\nI'm using 'car' as a search topic as there is a very high frequency of tweets involving card so it's useful to play around with",
        "file": {
            "id": "F0623BL73",
            "created": 1433711831,
            "timestamp": 1433711831,
            "name": "Twitter_analysis.ipynb",
            "title": "Twitter_analysis.ipynb",
            "mimetype": "application\/octet-stream",
            "filetype": "binary",
            "pretty_type": "Binary",
            "user": "U04U6FCFE",
            "editable": false,
            "size": 37053,
            "mode": "hosted",
            "is_external": false,
            "external_type": "",
            "is_public": true,
            "public_url_shared": false,
            "display_as_bot": false,
            "username": "",
            "url": "https:\/\/slack-files.com\/files-pub\/T04UQLQPK-F0623BL73-631347fe13\/twitter_analysis.ipynb",
            "url_download": "https:\/\/slack-files.com\/files-pub\/T04UQLQPK-F0623BL73-631347fe13\/download\/twitter_analysis.ipynb",
            "url_private": "https:\/\/files.slack.com\/files-pri\/T04UQLQPK-F0623BL73\/twitter_analysis.ipynb",
            "url_private_download": "https:\/\/files.slack.com\/files-pri\/T04UQLQPK-F0623BL73\/download\/twitter_analysis.ipynb",
            "permalink": "https:\/\/ucdproj.slack.com\/files\/kevink\/F0623BL73\/twitter_analysis.ipynb",
            "permalink_public": "https:\/\/slack-files.com\/T04UQLQPK-F0623BL73-631347fe13",
            "channels": [
                "C04UQLQV7"
            ],
            "groups": [],
            "ims": [],
            "comments_count": 1,
            "initial_comment": {
                "id": "Fc0623ECJX",
                "created": 1433711831,
                "timestamp": 1433711831,
                "user": "U04U6FCFE",
                "comment": "quick look at some of the stuff i've been doing with twitter. the bit t the end is most interesting.\r\nI don't mind you guys using my twitter app codes &amp; secrets to login. (we'll have to share a set of codes &amp; logins eventually anyway)\r\nmy next steps are to play around with the tweet to extract unoffical hashtags i.e. anything subject \/ topic in the tweet that could have had a '#' before it but the user didn't include it. in other words the said 'the IREvENG match was very boring' instead of 'the #IREvENG match was very boring' . \r\nI'm using 'car' as a search topic as there is a very high frequency of tweets involving card so it's useful to play around with"
            }
        },
        "user": "U04U6FCFE",
        "upload": true,
        "display_as_bot": false,
        "username": "<@U04U6FCFE|kevink>",
        "bot_id": null,
        "ts": "1433711831.000036"
    },
    {
        "type": "message",
        "user": "U04UQLQPP",
        "text": "@everyone if you add ipynb files to the repo (under docs folder), GitHub will render it automatically :\n\nblackteam\/twitter_analysis.ipynb at master \u00b7 dueyfinster\/blackteam <https:\/\/github.com\/dueyfinster\/blackteam\/blob\/master\/docs\/twitter_analysis.ipynb>",
        "ts": "1433718679.000037"
    }
]