[
    {
        "user": "U050DA5Q1",
        "type": "message",
        "subtype": "channel_join",
        "text": "<@U050DA5Q1|larry> has joined the channel",
        "ts": "1432220094.000012"
    },
    {
        "type": "message",
        "user": "U04UQLQPP",
        "text": "Okay we've all the people now here who are doing the project",
        "ts": "1432220558.000013"
    },
    {
        "type": "message",
        "user": "U04UQLQPP",
        "text": "John Murphy emailed me to let me know he's doing a thesis",
        "ts": "1432220571.000014"
    },
    {
        "type": "message",
        "user": "U04UQLQPP",
        "text": "I've let the MSc Practicum team know, we can discuss with them Tuesday if needs be",
        "ts": "1432220597.000015"
    },
    {
        "type": "message",
        "user": "U050DA5Q1",
        "text": "less is better i think - we should try and keep it at 5 i think",
        "ts": "1432220870.000016"
    },
    {
        "type": "message",
        "user": "U04UQLQPP",
        "text": "Yeah I think so too",
        "ts": "1432220882.000017"
    },
    {
        "type": "message",
        "user": "U04UQLQPP",
        "text": "Think <@U04UVKDC1> feels same",
        "ts": "1432220890.000018"
    },
    {
        "type": "message",
        "user": "U04U6FCFE",
        "text": "I'm good with 5 too. ",
        "ts": "1432221096.000019"
    },
    {
        "type": "message",
        "subtype": "file_share",
        "text": "<@U04UQLQPP|neilgrogan> uploaded a file: <https:\/\/ucdproj.slack.com\/files\/neilgrogan\/F050DQRBB\/john_murphy_leaving.txt|John Murphy Leaving> and commented: Seems as though we're all good with 5 people, I've told Brian this.",
        "file": {
            "id": "F050DQRBB",
            "created": 1432221767,
            "timestamp": 1432221767,
            "name": "John_Murphy_Leaving.txt",
            "title": "John Murphy Leaving",
            "mimetype": "text\/plain",
            "filetype": "text",
            "pretty_type": "Plain Text",
            "user": "U04UQLQPP",
            "editable": true,
            "size": 262,
            "mode": "snippet",
            "is_external": false,
            "external_type": "",
            "is_public": true,
            "public_url_shared": false,
            "display_as_bot": false,
            "username": "",
            "url": "https:\/\/slack-files.com\/files-pub\/T04UQLQPK-F050DQRBB-41190580ae\/john_murphy_leaving.txt",
            "url_download": "https:\/\/slack-files.com\/files-pub\/T04UQLQPK-F050DQRBB-41190580ae\/download\/john_murphy_leaving.txt",
            "url_private": "https:\/\/files.slack.com\/files-pri\/T04UQLQPK-F050DQRBB\/john_murphy_leaving.txt",
            "url_private_download": "https:\/\/files.slack.com\/files-pri\/T04UQLQPK-F050DQRBB\/download\/john_murphy_leaving.txt",
            "permalink": "https:\/\/ucdproj.slack.com\/files\/neilgrogan\/F050DQRBB\/john_murphy_leaving.txt",
            "permalink_public": "https:\/\/slack-files.com\/T04UQLQPK-F050DQRBB-41190580ae",
            "edit_link": "https:\/\/ucdproj.slack.com\/files\/neilgrogan\/F050DQRBB\/john_murphy_leaving.txt\/edit",
            "preview": "\nHi Neil,\n\nNo problem, John was a late official conversion to the dissertation option. We expect most of the teams will ultimately end up with 5 people.\n\nRegards,\n\nBrian.\n\n\u2014",
            "preview_highlight": "<div class=\"sssh-code\"><div class=\"sssh-line\"><pre>\r<\/pre><\/div>\n<div class=\"sssh-line\"><pre>Hi Neil,\r<\/pre><\/div>\n<div class=\"sssh-line\"><pre>\r<\/pre><\/div>\n<div class=\"sssh-line\"><pre>No problem, John was a late official conversion to the dissertation option. We expect most of the teams will ultimately end up with 5 people.\r<\/pre><\/div>\n<div class=\"sssh-line\"><pre>\r<\/pre><\/div>\n<div class=\"sssh-line\"><pre>Regards,\r<\/pre><\/div>\n<div class=\"sssh-line\"><pre>\r<\/pre><\/div>\n<div class=\"sssh-line\"><pre>Brian.\r<\/pre><\/div>\n<div class=\"sssh-line\"><pre>\r<\/pre><\/div>\n<div class=\"sssh-line\"><pre>\u2014\r<\/pre><\/div>\n<\/div>",
            "lines": 13,
            "lines_more": 3,
            "channels": [
                "C04UQLQV7"
            ],
            "groups": [],
            "ims": [],
            "comments_count": 1,
            "initial_comment": {
                "id": "Fc050DQRE5",
                "created": 1432221768,
                "timestamp": 1432221768,
                "user": "U04UQLQPP",
                "comment": "Seems as though we're all good with 5 people, I've told Brian this."
            }
        },
        "user": "U04UQLQPP",
        "upload": true,
        "display_as_bot": false,
        "username": "<@U04UQLQPP|neilgrogan>",
        "bot_id": null,
        "ts": "1432221768.000020"
    }
]