[
    {
        "type": "message",
        "user": "U050DA5Q1",
        "text": "<@U04U63G46>: can you do the demo of website tomorrow ? Cheers",
        "ts": "1437983619.000068"
    },
    {
        "type": "message",
        "user": "U04U63G46",
        "text": "Ok",
        "ts": "1437983679.000069"
    },
    {
        "type": "message",
        "user": "U050DA5Q1",
        "text": "cool cheers",
        "ts": "1437984747.000070"
    },
    {
        "type": "message",
        "user": "U050DA5Q1",
        "text": "Hey <@U04U63G46> just checking you're OK for tomorrow and you have an idea of what to show - if you want a quick sync up a couple of us are free",
        "ts": "1438023499.000071"
    },
    {
        "type": "message",
        "user": "U04U63G46",
        "text": "OK, one sec, will start comp",
        "ts": "1438023854.000072"
    },
    {
        "type": "message",
        "user": "U050DA5Q1",
        "text": "FYI - I see what must be an obvious bug on beta VM - when i click settings I see everyones topics selected not just mine.  Bug must be that its not filtered on user. I\u2019ll focus completely on testing this week now we have doc crafts",
        "ts": "1438024059.000073"
    },
    {
        "type": "message",
        "user": "U04U63G46",
        "text": "<https:\/\/plus.google.com\/hangouts\/_\/gycogef63d2vuyrvek2ppqt44ma>",
        "ts": "1438024482.000074"
    },
    {
        "type": "message",
        "user": "U04UQLQPP",
        "text": "<@U04UVKDC1>: can't please everyone <http:\/\/i.imgur.com\/XQDqtaH.jpg>",
        "attachments": [
            {
                "fallback": "900x1200px image",
                "image_url": "http:\/\/i.imgur.com\/XQDqtaH.jpg",
                "image_width": 900,
                "image_height": 1200,
                "image_bytes": 203600,
                "from_url": "http:\/\/i.imgur.com\/XQDqtaH.jpg",
                "id": 1
            }
        ],
        "ts": "1438024522.000075"
    },
    {
        "type": "message",
        "user": "U050DA5Q1",
        "text": "will join now in a sec cheers",
        "ts": "1438024717.000077"
    },
    {
        "type": "message",
        "user": "U04UVKDC1",
        "text": "<http:\/\/getuikit.com\/docs\/overlay.html>",
        "ts": "1438025259.000078"
    },
    {
        "type": "message",
        "user": "U050DA5Q1",
        "text": "I've put the current Dev on <http:\/\/newsfast.ucd.ie\/> as a fall back in case Garry \"Mad Dog lets reinstall 10 mins before the demo\" reinstalls the <http:\/\/beta.newsfast.me\/> VM and there is some problem. So <http:\/\/newsfast.ucd.ie> is working fine now on current Dev (before Garrys fix a few mins ago)",
        "ts": "1438036368.000079"
    },
    {
        "type": "message",
        "user": "U04UVKDC1",
        "text": "Hi Igor\/All, please use this site for the demo <http:\/\/newsfast.me\/> have some of the changes we spoke about last night",
        "ts": "1438057700.000080"
    }
]