[
    {
        "type": "message",
        "user": "U050DA5Q1",
        "text": "<https:\/\/drive.google.com\/folderview?id=0Bxyn9sNZXN2ofnNiT09oY2IxbnRrQWU5eUJYQUNGTnM1ZVA3MGFVRi10RzFKQmlWY2VwdUk&amp;usp=sharing>",
        "ts": "1432638042.000002"
    },
    {
        "type": "message",
        "user": "U04UQLQPP",
        "text": "<!everyone>: direct link to sheet: <https:\/\/docs.google.com\/spreadsheets\/d\/1MS2a1PezQsAKk_JU0x_nyRgl9x5G54DrButc0ZhqWaU\/edit#gid=0>",
        "ts": "1432638421.000003"
    },
    {
        "type": "message",
        "subtype": "file_share",
        "text": "<@U04UQLQPP|neilgrogan> shared a file: <https:\/\/ucdproj.slack.com\/files\/neilgrogan\/F051JTTEG\/moduleswevedone-modules|Modules We've Done>",
        "file": {
            "id": "F051JTTEG",
            "created": 1432638422,
            "timestamp": 1432638422,
            "name": "ModulesWeveDone-Modules",
            "title": "Modules We've Done",
            "mimetype": "application\/vnd.google-apps.spreadsheet",
            "filetype": "gsheet",
            "pretty_type": "GDocs Spreadsheet",
            "user": "U04UQLQPP",
            "editable": false,
            "size": 425,
            "mode": "external",
            "is_external": true,
            "external_type": "gdrive",
            "is_public": true,
            "public_url_shared": false,
            "display_as_bot": false,
            "username": "",
            "url": "https:\/\/docs.google.com\/a\/grogan.ie\/spreadsheets\/d\/1MS2a1PezQsAKk_JU0x_nyRgl9x5G54DrButc0ZhqWaU\/edit?usp=drivesdk",
            "url_private": "https:\/\/docs.google.com\/a\/grogan.ie\/spreadsheets\/d\/1MS2a1PezQsAKk_JU0x_nyRgl9x5G54DrButc0ZhqWaU\/edit?usp=drivesdk",
            "thumb_64": "https:\/\/slack.global.ssl.fastly.net\/66f9\/img\/files\/gsheet_64.png",
            "thumb_360": "https:\/\/slack.global.ssl.fastly.net\/66f9\/img\/files\/gsheet_360.png",
            "thumb_360_w": 360,
            "thumb_360_h": 167,
            "permalink": "https:\/\/ucdproj.slack.com\/files\/neilgrogan\/F051JTTEG\/moduleswevedone-modules",
            "channels": [
                "C04UQLQV7"
            ],
            "groups": [],
            "ims": [],
            "comments_count": 0
        },
        "user": "U04UQLQPP",
        "upload": false,
        "display_as_bot": false,
        "username": "<@U04UQLQPP|neilgrogan>",
        "bot_id": null,
        "ts": "1432638422.000004"
    },
    {
        "text": "<@U04UQLQPP|neilgrogan> has started a Google+ Hangout for this channel. <https:\/\/plus.google.com\/hangouts\/_\/g575zbxunxqcaq4ssswvqaru54a|Click here to join>.",
        "username": "hangouts",
        "bot_id": "B04U323V2",
        "type": "message",
        "subtype": "bot_message",
        "ts": "1432639462.000005"
    },
    {
        "type": "message",
        "subtype": "file_share",
        "text": "<@U04UQLQPP|neilgrogan> shared a file: <https:\/\/ucdproj.slack.com\/files\/neilgrogan\/F05270JH1\/topicvoting-sheet1|Topic Voting>",
        "file": {
            "id": "F05270JH1",
            "created": 1432640476,
            "timestamp": 1432640476,
            "name": "TopicVoting-Sheet1",
            "title": "Topic Voting",
            "mimetype": "application\/vnd.google-apps.spreadsheet",
            "filetype": "gsheet",
            "pretty_type": "GDocs Spreadsheet",
            "user": "U04UQLQPP",
            "editable": false,
            "size": 2073,
            "mode": "external",
            "is_external": true,
            "external_type": "gdrive",
            "is_public": true,
            "public_url_shared": false,
            "display_as_bot": false,
            "username": "",
            "url": "https:\/\/docs.google.com\/a\/grogan.ie\/spreadsheets\/d\/1mhNlTG0indHvv06b7j2eOg3vi8H8NKOZaYLfgEZKo2s\/edit?usp=drivesdk",
            "url_private": "https:\/\/docs.google.com\/a\/grogan.ie\/spreadsheets\/d\/1mhNlTG0indHvv06b7j2eOg3vi8H8NKOZaYLfgEZKo2s\/edit?usp=drivesdk",
            "thumb_64": "https:\/\/slack.global.ssl.fastly.net\/66f9\/img\/files\/gsheet_64.png",
            "thumb_360": "https:\/\/slack.global.ssl.fastly.net\/66f9\/img\/files\/gsheet_360.png",
            "thumb_360_w": 360,
            "thumb_360_h": 167,
            "permalink": "https:\/\/ucdproj.slack.com\/files\/neilgrogan\/F05270JH1\/topicvoting-sheet1",
            "channels": [
                "C04UQLQV7"
            ],
            "groups": [],
            "ims": [],
            "comments_count": 0
        },
        "user": "U04UQLQPP",
        "upload": false,
        "display_as_bot": false,
        "username": "<@U04UQLQPP|neilgrogan>",
        "bot_id": null,
        "ts": "1432640476.000007"
    },
    {
        "type": "message",
        "user": "U04UQLQPP",
        "text": "<http:\/\/techmeme.com|techmeme.com>",
        "ts": "1432641242.000009"
    },
    {
        "type": "message",
        "user": "U04UVKDC1",
        "text": "<https:\/\/www.openshift.com\/> free CI and web hosting",
        "attachments": [
            {
                "text": "OpenShift gives you all the tools you need to develop, host and scale your apps in the public or private cloud. Get started today.",
                "fallback": "OpenShift gives you all the tools you need to develop, host and scale your apps in the public or private cloud. Get started today.",
                "from_url": "https:\/\/www.openshift.com\/",
                "id": 1
            }
        ],
        "ts": "1432641395.000010"
    },
    {
        "type": "message",
        "user": "U04UQLQPP",
        "text": "<http:\/\/trello.com|trello.com> - project management",
        "ts": "1432645136.000002"
    },
    {
        "type": "message",
        "subtype": "file_share",
        "text": "<@U04UQLQPP|neilgrogan> shared a file: <https:\/\/ucdproj.slack.com\/files\/neilgrogan\/F05287D2B\/roles-sheet1|Roles>",
        "file": {
            "id": "F05287D2B",
            "created": 1432645880,
            "timestamp": 1432645880,
            "name": "Roles-Sheet1",
            "title": "Roles",
            "mimetype": "application\/vnd.google-apps.spreadsheet",
            "filetype": "gsheet",
            "pretty_type": "GDocs Spreadsheet",
            "user": "U04UQLQPP",
            "editable": false,
            "size": 160,
            "mode": "external",
            "is_external": true,
            "external_type": "gdrive",
            "is_public": true,
            "public_url_shared": false,
            "display_as_bot": false,
            "username": "",
            "url": "https:\/\/docs.google.com\/a\/grogan.ie\/spreadsheets\/d\/1A4Ij9mzZ8NBoLH19A6RA2YAnhVoI_XOw6H6sGNYQIE8\/edit?usp=drivesdk",
            "url_private": "https:\/\/docs.google.com\/a\/grogan.ie\/spreadsheets\/d\/1A4Ij9mzZ8NBoLH19A6RA2YAnhVoI_XOw6H6sGNYQIE8\/edit?usp=drivesdk",
            "thumb_64": "https:\/\/slack.global.ssl.fastly.net\/66f9\/img\/files\/gsheet_64.png",
            "thumb_360": "https:\/\/slack.global.ssl.fastly.net\/66f9\/img\/files\/gsheet_360.png",
            "thumb_360_w": 360,
            "thumb_360_h": 167,
            "permalink": "https:\/\/ucdproj.slack.com\/files\/neilgrogan\/F05287D2B\/roles-sheet1",
            "channels": [
                "C04UQLQV7"
            ],
            "groups": [],
            "ims": [],
            "comments_count": 0
        },
        "user": "U04UQLQPP",
        "upload": false,
        "display_as_bot": false,
        "username": "<@U04UQLQPP|neilgrogan>",
        "bot_id": null,
        "ts": "1432645881.000004"
    },
    {
        "type": "message",
        "user": "U04UQLQPP",
        "text": "is this correct?\n\nNeil Grogan - dueyfinster\nGarry Davitt - GarryDavitt\nIgor Berdnikov - ibernikov\nKevin Kennedy - kvnk\nLarry O'Shea - OLarry",
        "ts": "1432647245.000006"
    },
    {
        "type": "message",
        "user": "U04UQLQPP",
        "text": "<!everyone>:",
        "ts": "1432647255.000007"
    },
    {
        "type": "message",
        "user": "U04UQLQPP",
        "text": "github usernames",
        "ts": "1432647274.000008"
    },
    {
        "type": "message",
        "user": "U04U63G46",
        "text": "iberdnikov",
        "ts": "1432647286.000009"
    },
    {
        "type": "message",
        "user": "U04UVKDC1",
        "text": "yep mine okay",
        "ts": "1432647294.000010"
    },
    {
        "type": "message",
        "user": "U04UQLQPP",
        "text": "<!everyone>: can you all join Trello? <http:\/\/trello.com|trello.com> and send me your username, I\u2019ll add you to our organisation there",
        "ts": "1432647693.000011"
    },
    {
        "type": "message",
        "user": "U050DA5Q1",
        "text": "yes",
        "ts": "1432647695.000012"
    },
    {
        "type": "message",
        "user": "U04U63G46",
        "text": "my username for <http:\/\/trello.com|trello.com>: iberdnikov",
        "ts": "1432649230.000013"
    },
    {
        "type": "message",
        "user": "U04UVKDC1",
        "text": "mine is garrydavitt",
        "ts": "1432649241.000014"
    },
    {
        "type": "message",
        "user": "U04UQLQPP",
        "text": "<@U04U63G46>: <@U04UVKDC1>: added",
        "ts": "1432649277.000015"
    },
    {
        "type": "message",
        "user": "U04UQLQPP",
        "text": "<@U04U6FCFE>: just you left to add to Trello",
        "ts": "1432649746.000016"
    },
    {
        "type": "message",
        "user": "U04U6FCFE",
        "text": "kevinkennedy24",
        "ts": "1432650587.000017"
    },
    {
        "type": "message",
        "user": "U04UQLQPP",
        "text": "<@U04U6FCFE>: added thanks",
        "ts": "1432650672.000018"
    },
    {
        "type": "message",
        "user": "U04U6FCFE",
        "text": "cheers!",
        "ts": "1432650781.000019"
    },
    {
        "type": "message",
        "user": "U04UQLQPP",
        "text": "<!everyone> I connected to server, set up ssh, info here on how to do the same: <https:\/\/docs.google.com\/document\/d\/1baB6Wj3Sg8309CyoCnAnuq7OYeb-fCeHi2cQzyf1NZY\/edit>",
        "ts": "1432673872.000002"
    },
    {
        "type": "message",
        "subtype": "file_share",
        "text": "<@U04UQLQPP|neilgrogan> shared a file: <https:\/\/ucdproj.slack.com\/files\/neilgrogan\/F052G1W6B\/serversshreadme|Server SSH README>",
        "file": {
            "id": "F052G1W6B",
            "created": 1432673874,
            "timestamp": 1432673874,
            "name": "ServerSSHREADME",
            "title": "Server SSH README",
            "mimetype": "application\/vnd.google-apps.document",
            "filetype": "gdoc",
            "pretty_type": "GDocs Document",
            "user": "U04UQLQPP",
            "editable": false,
            "size": 344,
            "mode": "external",
            "is_external": true,
            "external_type": "gdrive",
            "is_public": true,
            "public_url_shared": false,
            "display_as_bot": false,
            "username": "",
            "url": "https:\/\/docs.google.com\/a\/grogan.ie\/document\/d\/1baB6Wj3Sg8309CyoCnAnuq7OYeb-fCeHi2cQzyf1NZY\/edit?usp=drivesdk",
            "url_private": "https:\/\/docs.google.com\/a\/grogan.ie\/document\/d\/1baB6Wj3Sg8309CyoCnAnuq7OYeb-fCeHi2cQzyf1NZY\/edit?usp=drivesdk",
            "thumb_64": "https:\/\/slack.global.ssl.fastly.net\/66f9\/img\/files\/gdraw_64.png",
            "thumb_360": "https:\/\/slack.global.ssl.fastly.net\/272a\/img\/files\/gdoc_360.png",
            "thumb_360_w": 360,
            "thumb_360_h": 167,
            "permalink": "https:\/\/ucdproj.slack.com\/files\/neilgrogan\/F052G1W6B\/serversshreadme",
            "channels": [
                "C04UQLQV7"
            ],
            "groups": [],
            "ims": [],
            "comments_count": 0
        },
        "user": "U04UQLQPP",
        "upload": false,
        "display_as_bot": false,
        "username": "<@U04UQLQPP|neilgrogan>",
        "bot_id": null,
        "ts": "1432673874.000003"
    },
    {
        "type": "message",
        "user": "U050DA5Q1",
        "text": "Hi I've added some lectures on NLP and opinion mining to project channel by mistake - should be in general channel . So join project to see them Cheers",
        "ts": "1432678187.000004"
    },
    {
        "type": "message",
        "user": "U04UVKDC1",
        "text": "cool :grinning:",
        "ts": "1432678261.000005"
    },
    {
        "type": "message",
        "user": "U04UQLQPP",
        "text": "Cheers <@U050DA5Q1> ",
        "ts": "1432679852.000006"
    },
    {
        "type": "message",
        "user": "U04UQLQPP",
        "text": "Server is down, Georgiana is going to contact IT",
        "ts": "1432679873.000007"
    },
    {
        "type": "message",
        "user": "U04UQLQPP",
        "text": "Georgiana added me to GitHub, I'll try migrate what we have tomorrow evening, along with builds etc",
        "ts": "1432680024.000008"
    },
    {
        "type": "message",
        "user": "U04UQLQPP",
        "text": "Should have added everyone ",
        "ts": "1432680037.000009"
    },
    {
        "type": "message",
        "user": "U04UVKDC1",
        "text": "Uploaded notes from Managing Software in Production to CI channel.",
        "ts": "1432680583.000010"
    },
    {
        "type": "message",
        "user": "U04UQLQPP",
        "text": "Cheers\n",
        "ts": "1432680711.000011"
    },
    {
        "type": "message",
        "user": "U04UQLQPP",
        "text": "Can't add repo Georgiana provisioned for us to slack, travis etc since we don't have enough permissions, I've sent her a mail to ask for it",
        "ts": "1432681268.000012"
    },
    {
        "type": "message",
        "user": "U050DA5Q1",
        "text": "Thanks Garry that looks really interesting",
        "ts": "1432681727.000013"
    }
]