[
    {
        "type": "message",
        "user": "U04UQLQPP",
        "text": "<https:\/\/plus.google.com\/hangouts\/_\/g6xeudjshvsbqmyirtpjcxscfma>",
        "ts": "1437332661.000002"
    },
    {
        "type": "message",
        "user": "U04UQLQPP",
        "text": "<@U04U63G46>: <@U04UVKDC1> <https:\/\/github.com\/dueyfinster\/blackteam\/wiki\/Docker-troubleshooting#cleaning-images>",
        "ts": "1437337855.000003"
    },
    {
        "type": "message",
        "user": "U04UQLQPP",
        "text": "BTW, I looked in to debugging before",
        "ts": "1437338879.000004"
    },
    {
        "type": "message",
        "user": "U04UQLQPP",
        "text": "re: pycharm",
        "ts": "1437338884.000005"
    },
    {
        "type": "message",
        "user": "U04UQLQPP",
        "text": "have to bundle their t",
        "ts": "1437338890.000006"
    },
    {
        "type": "message",
        "user": "U04UQLQPP",
        "text": "lib*",
        "ts": "1437338894.000007"
    },
    {
        "type": "message",
        "user": "U04UQLQPP",
        "text": "which is pycharm version specific",
        "ts": "1437338905.000008"
    },
    {
        "type": "message",
        "user": "U04UQLQPP",
        "text": "which I thought wasn\u2019t a great solution",
        "ts": "1437338915.000009"
    },
    {
        "type": "message",
        "user": "U04UQLQPP",
        "text": "more info here: <https:\/\/www.jetbrains.com\/pycharm\/help\/remote-debugging.html>",
        "ts": "1437339020.000010"
    },
    {
        "type": "message",
        "user": "U050DA5Q1",
        "text": "Minutes of meeting with marking info and dates here <https:\/\/docs.google.com\/document\/d\/1042xXqdqOh5eDNf6CzE_l3mlt7roq27h5eoAR-ujl78\/edit#heading=h.1s8lji9rpnyw> If I missed anything let me know cheers",
        "ts": "1437347056.000011"
    },
    {
        "type": "message",
        "subtype": "file_share",
        "text": "<@U050DA5Q1|larry> shared a file: <https:\/\/ucdproj.slack.com\/files\/larry\/F07SC4R4M\/meeting19thjuly|Meeting 19th July>",
        "file": {
            "id": "F07SC4R4M",
            "created": 1437347057,
            "timestamp": 1437347057,
            "name": "Meeting19thJuly",
            "title": "Meeting 19th July",
            "mimetype": "application\/vnd.google-apps.document",
            "filetype": "gdoc",
            "pretty_type": "GDocs Document",
            "user": "U050DA5Q1",
            "editable": false,
            "size": 2178,
            "mode": "external",
            "is_external": true,
            "external_type": "gdrive",
            "is_public": true,
            "public_url_shared": false,
            "display_as_bot": false,
            "username": "",
            "url": "https:\/\/docs.google.com\/document\/d\/1042xXqdqOh5eDNf6CzE_l3mlt7roq27h5eoAR-ujl78\/edit?usp=drivesdk",
            "url_private": "https:\/\/docs.google.com\/document\/d\/1042xXqdqOh5eDNf6CzE_l3mlt7roq27h5eoAR-ujl78\/edit?usp=drivesdk",
            "thumb_64": "https:\/\/slack.global.ssl.fastly.net\/66f9\/img\/files\/gdraw_64.png",
            "thumb_360": "https:\/\/slack.global.ssl.fastly.net\/272a\/img\/files\/gdoc_360.png",
            "thumb_360_w": 360,
            "thumb_360_h": 167,
            "permalink": "https:\/\/ucdproj.slack.com\/files\/larry\/F07SC4R4M\/meeting19thjuly",
            "channels": [
                "C04UQLQV7"
            ],
            "groups": [],
            "ims": [],
            "comments_count": 0
        },
        "user": "U050DA5Q1",
        "upload": false,
        "display_as_bot": false,
        "username": "<@U050DA5Q1|larry>",
        "bot_id": null,
        "ts": "1437347057.000012"
    }
]