[
    {
        "type": "message",
        "user": "U050DA5Q1",
        "text": "HI Igor cheers, that makes sense. In the adaptive personalisation module i did last term we covered this kind of area a lot (recommending films based on training data). We used simpler methods to compare the matrices - just getting Euclidean distance between vectors .. and Pearson coefficient if i remember. But I\u2019m sure Bayes is better .. anyway \u2026 Redis is probably perfect for storing this as it has support for a number of types of data sets (list, sets, sorted set etc).\nOne way to do it would be to have a Redis list, with a key of articleid-userid. The values would be 1 or 0 - as the order in the list is fixed.\nWe would have a single list of the keyword names. And maybe a set per user of the articleid-userid keys (to get all keys easily for the user). This would\u2019t take long to do in Redis",
        "ts": "1436430562.000371"
    },
    {
        "type": "message",
        "user": "U050DA5Q1",
        "text": "So i could do this quite easily in redis",
        "ts": "1436430608.000372"
    },
    {
        "type": "message",
        "user": "U04U63G46",
        "text": "OK, sounds good",
        "ts": "1436430753.000373"
    },
    {
        "text": "<@U04UVKDC1|garryd> has started a Google+ Hangout for this channel. <https:\/\/plus.google.com\/hangouts\/_\/gr6uxn2gmpomgtytvozjqhdyrua|Click here to join>.",
        "username": "hangouts",
        "bot_id": "B04U323V2",
        "type": "message",
        "subtype": "bot_message",
        "ts": "1436472207.000374"
    },
    {
        "type": "message",
        "user": "U050DA5Q1",
        "text": "FYI <https:\/\/docs.djangoproject.com\/en\/1.8\/internals\/contributing\/writing-code\/coding-style\/>",
        "ts": "1436477358.000375"
    }
]