[
    {
        "text": "<@U04UQLQPP|neilgrogan> has started a Google+ Hangout for this channel. <https:\/\/plus.google.com\/hangouts\/_\/gtq2ftbtkifmqkvouu3soeocwaa|Click here to join>.",
        "username": "hangouts",
        "bot_id": "B04U323V2",
        "type": "message",
        "subtype": "bot_message",
        "ts": "1437681523.000049"
    },
    {
        "type": "message",
        "user": "U04UQLQPP",
        "text": "<!everyone>: <https:\/\/plus.google.com\/hangouts\/_\/gtq2ftbtkifmqkvouu3soeocwaa>",
        "ts": "1437681587.000050"
    },
    {
        "type": "message",
        "user": "U04UVKDC1",
        "text": "having a bit of trouble getting in",
        "ts": "1437681634.000051"
    }
]