[
    {
        "type": "message",
        "user": "U04UQLQPP",
        "text": "<@U04UVKDC1>: and I will meet Monday morning to see about prioritizing UX stories and follow the Getting Real\u00a8 methodology  <https:\/\/basecamp.com\/books\/Getting%20Real.pdf> &lt;-- in the meantime if everyone can read",
        "ts": "1434704213.000056"
    },
    {
        "type": "message",
        "user": "U04UQLQPP",
        "text": "or at least get a good summary :wink:",
        "ts": "1434704222.000057"
    },
    {
        "type": "message",
        "user": "U050DA5Q1",
        "text": "Does anyone fancy doing this presentation on Tuesday - its 5 mins tops:\nHi all,\n\nThe mentored lab session (both online and in person) will begin with a short (strictly 5 mins per team) presentation by each team. In your presentation yoiu should describe the following two things:\n\n-- The definition of your minimal viable product (or similar concept from the project methodology you are using)\n\n-- Your current technology stack (what technologies are you using to build your product?)\n\nthe online session will take place from 13:00 - 14:00. A Google Hangout invitation will be issued shortly.\n\nRegards,\n\nThe Practicum Team.",
        "ts": "1434755574.000058"
    }
]