[
    {
        "text": "*<https:\/\/www.getfranke.com\/zoacbi3g4utwx1h7mqesvw\/messages\/F072JDTD3|News Fast Feedback>*\n_<mailto:garry.davitt@ericsson.com|Garry Davitt> to <mailto:ucdproj.general@getfranke.com|ucdproj.general@getfranke.com>_\n\n  <https:\/\/www.getfranke.com\/zoacbi3g4utwx1h7mqesvw\/messages\/F072JDTD3|view full email>",
        "username": "Franke",
        "icons": {
            "image_48": "https:\/\/s3-us-west-2.amazonaws.com\/slack-files2\/bot_icons\/2015-06-28\/6957994643_48.png"
        },
        "mrkdwn": true,
        "type": "message",
        "subtype": "bot_message",
        "ts": "1435739559.000308"
    },
    {
        "type": "message",
        "user": "U04UQLQPP",
        "text": "I can't make meeting Thursday night",
        "ts": "1435744290.000309"
    },
    {
        "type": "message",
        "user": "U04UQLQPP",
        "text": "I can touch base tonight instead, if anyone is free",
        "ts": "1435744310.000310"
    },
    {
        "type": "message",
        "user": "U050DA5Q1",
        "text": "I'll sync up with Neil tonight and we have meeting as normal tomorrow",
        "ts": "1435756263.000311"
    },
    {
        "type": "message",
        "user": "U04UQLQPP",
        "text": "<!everyone>: please move  tasks in progress from backlog again, <https:\/\/trello.com\/b\/jBv1gjbH\/sprint-2-black-team-ends-21-07-15> now we\u2019ve started a new sprint",
        "ts": "1435779076.000312"
    }
]