[
    {
        "type": "message",
        "user": "U04UQLQPP",
        "text": "are we okay for deliverables for tomorrow?",
        "ts": "1434356897.000002"
    },
    {
        "type": "message",
        "user": "U04UQLQPP",
        "text": "<@U050DA5Q1> <@U04U6FCFE> shout if ye need anything",
        "ts": "1434356912.000003"
    },
    {
        "type": "message",
        "user": "U04UQLQPP",
        "text": "<@U050DA5Q1> I updated trending technology vision",
        "ts": "1434361584.000004"
    },
    {
        "type": "message",
        "user": "U04UQLQPP",
        "text": "<@U04U6FCFE>: I updated MVP description",
        "ts": "1434362265.000005"
    },
    {
        "type": "message",
        "user": "U04UQLQPP",
        "text": "<!everyone>: we need to make sure we're happy with both docs: <https:\/\/ucdproj.slack.com\/files\/neilgrogan\/F06BDC9BJ\/mvp> &amp; <https:\/\/ucdproj.slack.com\/files\/neilgrogan\/F06BDF69F\/trendingtechnologyvision> as per Trello: <https:\/\/trello.com\/c\/mPDZ0rA8>",
        "ts": "1434362315.000006"
    },
    {
        "type": "message",
        "user": "U050DA5Q1",
        "text": "cheers Neil nice update - I plan to update the learning \/ measuring later (I've been involved with this previously at work). Things like feedbacks are good things to mention",
        "ts": "1434362916.000007"
    },
    {
        "type": "message",
        "user": "U050DA5Q1",
        "text": "Cheers for update to TT vision too",
        "ts": "1434363109.000008"
    },
    {
        "type": "message",
        "user": "U04UQLQPP",
        "text": "<@U050DA5Q1> no worries",
        "ts": "1434369722.000009"
    },
    {
        "type": "message",
        "user": "U04UQLQPP",
        "text": "<@U050DA5Q1> did you see Georgiana's email? She wanted slides sent on, but we already did right?",
        "ts": "1434377550.000010"
    },
    {
        "type": "message",
        "user": "U050DA5Q1",
        "text": "yeah i'll do again just in case",
        "ts": "1434377627.000011"
    },
    {
        "type": "message",
        "user": "U050DA5Q1",
        "text": "resent slides",
        "ts": "1434388556.000012"
    },
    {
        "type": "message",
        "user": "U050DA5Q1",
        "text": "<!everyone>: can people move trello cards to \"in progress\" if they are working on them please",
        "ts": "1434388664.000013"
    },
    {
        "type": "message",
        "subtype": "file_share",
        "text": "<@U050DA5Q1|larry> shared a file: <https:\/\/ucdproj.slack.com\/files\/larry\/F06C57LAY\/update_from_me_on_progress|update from me on progress>",
        "file": {
            "id": "F06C57LAY",
            "created": 1434394644,
            "timestamp": 1434394644,
            "name": "update_from_me_on_progress",
            "title": "update from me on progress",
            "mimetype": "text\/plain",
            "filetype": "space",
            "pretty_type": "Space",
            "user": "U050DA5Q1",
            "editable": true,
            "size": 1361,
            "mode": "space",
            "is_external": false,
            "external_type": "",
            "is_public": true,
            "public_url_shared": false,
            "display_as_bot": false,
            "username": "",
            "url": "https:\/\/slack-files.com\/files-pub\/T04UQLQPK-F06C57LAY-d0743c2fa1\/update_from_me_on_progress",
            "url_download": "https:\/\/slack-files.com\/files-pub\/T04UQLQPK-F06C57LAY-d0743c2fa1\/download\/update_from_me_on_progress",
            "url_private": "https:\/\/files.slack.com\/files-pri\/T04UQLQPK-F06C57LAY\/update_from_me_on_progress",
            "url_private_download": "https:\/\/files.slack.com\/files-pri\/T04UQLQPK-F06C57LAY\/download\/update_from_me_on_progress",
            "permalink": "https:\/\/ucdproj.slack.com\/files\/larry\/F06C57LAY\/update_from_me_on_progress",
            "permalink_public": "https:\/\/slack-files.com\/T04UQLQPK-F06C57LAY-d0743c2fa1",
            "preview": "<document><p>Hi,<\/p><p>Weekend was a bit of a disaster .. put a lot of time in but not much to show. I got the celery thing running on docker .. but for some reason its not working, I&#39;ve put it to one side now. I&#39;ll come back to it after 30th June. On the user login, I spent a lot of time on the Oauth, I tried to be clever and use frameworks, python-social-auth and Authorize (wrong spelling of it possibly), the problem with those was I didn&#39;t understand the errors when it didn&#39;t work. Finally i went back to basics, and its almost working now, I see the redirect from twitter land on the VM box. To finish the Oauth i&#39;ll need to push the changes to the vm to test, so i&#39;ll do that today and tomorrow.<\/p><p>The rest of the user account stories should be easy, I can&#39;t see myself getting stuck on them, should be finished on them next weekend. I think Kevin is working more on dealing with the twitter data, i&#39;ll check with him but it probably makes sense for me to finish the user account stories.<\/p><p>On the plus side I&#39;ve done loads of stuff with docker, so i&#39;ve learnt a decent amount about container config and debugging.<\/p><p>Cheers<\/p><\/document>",
            "updated": "1434394644",
            "channels": [
                "C04UQLQV7"
            ],
            "groups": [],
            "ims": [],
            "comments_count": 0
        },
        "user": "U050DA5Q1",
        "upload": false,
        "display_as_bot": false,
        "username": "<@U050DA5Q1|larry>",
        "bot_id": null,
        "ts": "1434394663.000014"
    },
    {
        "type": "message",
        "user": "U050DA5Q1",
        "text": "FYI i'll upload the Docs and Proj Mgmt stuff to git later",
        "ts": "1434394744.000015"
    },
    {
        "type": "message",
        "user": "U050DA5Q1",
        "text": "<!everyone>: I've added the docs and artifacts to this folder <https:\/\/drive.google.com\/open?id=0Bxyn9sNZXN2ofnJxbGVrOHhmanRtVWs4dFBsdHJ6N2I0YlNZOXlfOE1LejgyUWxSV24xbDQ&amp;authuser=1>\nLet me know of any comments. I've updated the MVP (again let me know if any comments and we can discuss). I've included PDFs of the EPIC doc and Trello boards. I've included a scrum google doc that i will turn into a pdf later - feel free to edit that doc.",
        "ts": "1434403314.000016"
    },
    {
        "type": "message",
        "user": "U050DA5Q1",
        "text": "<@U04UQLQPP>:  can you add the folder to somewhere appropriate in git tomorrow",
        "ts": "1434403357.000017"
    },
    {
        "type": "message",
        "user": "U04UVKDC1",
        "text": "<!everyone>:  review docs  - looks good, cheers",
        "ts": "1434407560.000018"
    }
]