[
    {
        "type": "message",
        "user": "U04UVKDC1",
        "text": "Hi Lads, Think we should have retrospective like Ed said soon, maybe tomorrow evening or Tuesday evening.",
        "ts": "1437122027.000469"
    },
    {
        "type": "message",
        "user": "U050DA5Q1",
        "text": "And plan to the end - the sooner the better i think - probably tomorrow",
        "ts": "1437123867.000470"
    },
    {
        "type": "message",
        "user": "U050DA5Q1",
        "text": "<@U04U63G46>: Thats great you\u2019ve posted the algorithm - i\u2019ll run it now - if something is broken i\u2019ll post here and then fix it. :thumbsup:",
        "ts": "1437131581.000471"
    },
    {
        "type": "message",
        "user": "U04U63G46",
        "text": ":OK, thanks",
        "ts": "1437133938.000472"
    }
]