[
    {
        "type": "message",
        "user": "U04UQLQPP",
        "text": "<!everyone> reminder to get survey back to John asap",
        "ts": "1438778301.000110"
    },
    {
        "type": "message",
        "user": "U04UQLQPP",
        "text": "pushed updated doc with url as requested by Georgiana <@U050DA5Q1>",
        "ts": "1438802859.000111"
    },
    {
        "type": "message",
        "user": "U050DA5Q1",
        "text": "cool cheers",
        "ts": "1438803136.000112"
    }
]