[
    {
        "type": "message",
        "user": "U04UQLQPP",
        "text": "<http:\/\/blog.instapaper.com\/post\/123555634426>",
        "attachments": [
            {
                "service_name": "Tumblr",
                "service_url": "http:\/\/www.tumblr.com",
                "author_name": "Instapaper",
                "author_link": "http:\/\/blog.instapaper.com\/",
                "text": "<http:\/\/blog.instapaper.com\/post\/123555634426>",
                "fallback": "Tumblr Link: ",
                "from_url": "http:\/\/blog.instapaper.com\/post\/123555634426",
                "title_link": "http:\/\/blog.instapaper.com\/post\/123555634426",
                "id": 1
            }
        ],
        "ts": "1436956048.000419"
    },
    {
        "type": "message",
        "user": "U050DA5Q1",
        "text": "<!everyone>: I can\u2019t run latest dev - am I missing some step:\nLarrys-MacBook-Air:blackteam larryoshea$ docker-compose run web \/usr\/bin\/python3 manage.py migrate\n['\/docker_django\/apps\/newsfast\/static\/']\nTraceback (most recent call last):\n  File \"manage.py\", line 10, in &lt;module&gt;\n    execute_from_command_line(sys.argv)\n  File \"\/usr\/local\/lib\/python3.4\/dist-packages\/django\/core\/management\/__init__.py\", line 338, in execute_from_command_line\n    utility.execute()\n  File \"\/usr\/local\/lib\/python3.4\/dist-packages\/django\/core\/management\/__init__.py\", line 312, in execute\n    django.setup()\n  File \"\/usr\/local\/lib\/python3.4\/dist-packages\/django\/__init__.py\", line 18, in setup\n    apps.populate(settings.INSTALLED_APPS)\n  File \"\/usr\/local\/lib\/python3.4\/dist-packages\/django\/apps\/registry.py\", line 85, in populate\n    app_config = AppConfig.create(entry)\n  File \"\/usr\/local\/lib\/python3.4\/dist-packages\/django\/apps\/config.py\", line 86, in create\n    module = import_module(entry)\n  File \"\/usr\/lib\/python3.4\/importlib\/__init__.py\", line 109, in import_module\n    return _bootstrap._gcd_import(name[level:], package, level)\n  File \"&lt;frozen importlib._bootstrap&gt;\", line 2231, in _gcd_import\n  File \"&lt;frozen importlib._bootstrap&gt;\", line 2214, in _find_anLarrys-MacBook-Air:blackteam larryoshea$",
        "ts": "1436964102.000421"
    },
    {
        "type": "message",
        "user": "U04UVKDC1",
        "text": "You probably need to clean up all containers",
        "ts": "1436980495.000422"
    },
    {
        "type": "message",
        "user": "U050DA5Q1",
        "text": "No Neil submitted a new image a short while ago .. will try again in a minute",
        "ts": "1436980625.000423"
    },
    {
        "type": "message",
        "user": "U050DA5Q1",
        "text": "Works now",
        "ts": "1436981487.000424"
    },
    {
        "type": "message",
        "user": "U04UQLQPP",
        "text": "cool",
        "ts": "1436984794.000425"
    },
    {
        "type": "message",
        "user": "U04U6FCFE",
        "text": "<@U04UQLQPP>: <@U050DA5Q1> not sure if you know already but <http:\/\/beta.newsfast.me\/> is giving an error 502 bad gateway",
        "ts": "1436991683.000426"
    },
    {
        "type": "message",
        "user": "U050DA5Q1",
        "text": "yeah",
        "ts": "1436991770.000427"
    },
    {
        "type": "message",
        "user": "U050DA5Q1",
        "text": "cheers will sort it out later",
        "ts": "1436991807.000428"
    }
]