[
    {
        "text": "<@U04UQLQPP|neilgrogan> has started a Google+ Hangout for this channel. <https:\/\/plus.google.com\/hangouts\/_\/gtkvsz26dkmewnll4m35vexmwaa|Click here to join>.",
        "username": "hangouts",
        "bot_id": "B04U323V2",
        "type": "message",
        "subtype": "bot_message",
        "ts": "1438286303.000093"
    },
    {
        "type": "message",
        "user": "U04UQLQPP",
        "text": "<!everyone>: <https:\/\/plus.google.com\/hangouts\/_\/gtkvsz26dkmewnll4m35vexmwaa>",
        "ts": "1438286459.000094"
    }
]