[
    {
        "type": "message",
        "user": "U04UVKDC1",
        "text": "<!everyone>:  can anyone work on filtering more relevant and better formatted tweets on the server - tweepy",
        "edited": {
            "user": "U04UVKDC1",
            "ts": "1439114011.000000"
        },
        "ts": "1439113986.000002"
    },
    {
        "type": "message",
        "user": "U050DA5Q1",
        "text": "if you really need it now I can make them relevant in an hour or less",
        "ts": "1439114378.000004"
    },
    {
        "type": "message",
        "user": "U04UVKDC1",
        "text": "when you can if you look at ui I am using jquery.linky.js to get hyperlinks but tweets seem to be not formatted to good",
        "ts": "1439114518.000005"
    },
    {
        "type": "message",
        "user": "U04UVKDC1",
        "text": "need to filter english ones only as well",
        "ts": "1439114534.000006"
    },
    {
        "type": "message",
        "user": "U050DA5Q1",
        "text": "currently they're hardcode to apple - I'll make them relevant to topics",
        "ts": "1439114605.000007"
    },
    {
        "type": "message",
        "user": "U050DA5Q1",
        "text": "and its OK with Igor we keep posting ?",
        "ts": "1439114626.000008"
    },
    {
        "type": "message",
        "user": "U04UVKDC1",
        "text": "ya but besides that we have above issues",
        "ts": "1439114641.000009"
    },
    {
        "type": "message",
        "user": "U04U63G46",
        "text": "Yeah, no prob",
        "ts": "1439114674.000010"
    },
    {
        "type": "message",
        "user": "U050DA5Q1",
        "text": "I'll just get them relevant for now",
        "ts": "1439114716.000011"
    },
    {
        "type": "message",
        "user": "U050DA5Q1",
        "text": "and specify english",
        "ts": "1439114722.000012"
    },
    {
        "type": "message",
        "user": "U04UVKDC1",
        "text": "okay",
        "ts": "1439114761.000013"
    },
    {
        "type": "message",
        "user": "U050DA5Q1",
        "text": "Its now returning relevant tweets - which match trending topic names. Pls Note the content doesn't look useful - I think we'll need to remove the tweets from article page. I imagine getting truly relevant tweets is another project in itself. We can use this as a story in the reflections section",
        "ts": "1439121685.000014"
    },
    {
        "type": "message",
        "user": "U04UQLQPP",
        "text": "Sounds good to me Larry",
        "ts": "1439139728.000015"
    },
    {
        "type": "message",
        "user": "U04UQLQPP",
        "text": "I think better time is spent sprucing up overlay",
        "ts": "1439139742.000016"
    },
    {
        "type": "message",
        "user": "U050DA5Q1",
        "text": "yeah its a nice story too how it's hard to discard something that users don't like - having put effort in",
        "ts": "1439139953.000017"
    },
    {
        "type": "message",
        "user": "U04UVKDC1",
        "text": "<@U04UQLQPP>:",
        "ts": "1439140024.000018"
    },
    {
        "type": "message",
        "user": "U04UVKDC1",
        "text": "any ideas in particular for overlay spruce up",
        "ts": "1439140044.000019"
    },
    {
        "type": "message",
        "user": "U04UQLQPP",
        "text": "Shadow to side like between columns on main page",
        "ts": "1439140078.000020"
    },
    {
        "type": "message",
        "user": "U04UVKDC1",
        "text": "actually any ideas form <!everyone>",
        "ts": "1439140080.000021"
    },
    {
        "type": "message",
        "user": "U04UQLQPP",
        "text": "Remove graying out",
        "ts": "1439140104.000022"
    },
    {
        "type": "message",
        "user": "U04UVKDC1",
        "text": "think graying out is good",
        "ts": "1439140118.000023"
    },
    {
        "type": "message",
        "user": "U050DA5Q1",
        "text": "yeah .. i did think that - graying out means can\u2019t click but actually you can click",
        "ts": "1439140135.000024"
    },
    {
        "type": "message",
        "user": "U04UVKDC1",
        "text": "and from some feedback got same",
        "ts": "1439140136.000025"
    },
    {
        "type": "message",
        "user": "U04UVKDC1",
        "text": "no cant click",
        "ts": "1439140147.000026"
    },
    {
        "type": "message",
        "user": "U050DA5Q1",
        "text": "OK great Garry - user feedback is what counts",
        "ts": "1439140150.000027"
    },
    {
        "type": "message",
        "user": "U050DA5Q1",
        "text": "actually you can",
        "ts": "1439140159.000028"
    },
    {
        "type": "message",
        "user": "U04UVKDC1",
        "text": "click or x to exit overlay",
        "ts": "1439140159.000029"
    },
    {
        "type": "message",
        "user": "U04UVKDC1",
        "text": "then click to show up article",
        "ts": "1439140174.000030"
    },
    {
        "type": "message",
        "user": "U04UVKDC1",
        "text": "thats fairly common behaviour",
        "ts": "1439140198.000031"
    },
    {
        "type": "message",
        "user": "U04UVKDC1",
        "text": "x was added for mobile",
        "ts": "1439140214.000032"
    },
    {
        "type": "message",
        "user": "U050DA5Q1",
        "text": "But the greyed out is still clickable",
        "ts": "1439140225.000033"
    },
    {
        "type": "message",
        "user": "U04UVKDC1",
        "text": "clickable to close overlay which is normal behaviour",
        "ts": "1439140253.000034"
    },
    {
        "type": "message",
        "user": "U050DA5Q1",
        "text": "I thought i could only use X",
        "ts": "1439140255.000035"
    },
    {
        "type": "message",
        "user": "U050DA5Q1",
        "text": "For me grey out means not clickable",
        "ts": "1439140283.000036"
    },
    {
        "type": "message",
        "user": "U050DA5Q1",
        "text": "so i didn't click on it",
        "ts": "1439140297.000037"
    },
    {
        "type": "message",
        "user": "U050DA5Q1",
        "text": "lets ask users",
        "ts": "1439140301.000038"
    },
    {
        "type": "message",
        "user": "U04UVKDC1",
        "text": "<https:\/\/twitter.com\/>",
        "attachments": [
            {
                "text": "Connect with your friends &amp;#8212; and other fascinating people. Get in-the-moment updates on the things that interest you. And watch events unfold, in real time, from every angle.",
                "fallback": "Connect with your friends &amp;#8212; and other fascinating people. Get in-the-moment updates on the things that interest you. And watch events unfold, in real time, from every angle.",
                "from_url": "https:\/\/twitter.com\/",
                "id": 1
            }
        ],
        "ts": "1439140380.000039"
    },
    {
        "type": "message",
        "user": "U04UVKDC1",
        "text": "click on a picture",
        "ts": "1439140389.000041"
    },
    {
        "type": "message",
        "user": "U04UVKDC1",
        "text": "then click gray area",
        "ts": "1439140405.000042"
    },
    {
        "type": "message",
        "user": "U04UVKDC1",
        "text": "we are doing exact same as twitter do, so dont think need to ask users",
        "ts": "1439140459.000043"
    },
    {
        "type": "message",
        "user": "U050DA5Q1",
        "text": "what picture do i click on .. sorry i don't get it",
        "ts": "1439140496.000044"
    },
    {
        "type": "message",
        "user": "U04UVKDC1",
        "text": "any pictures in the tweets",
        "ts": "1439140670.000045"
    },
    {
        "type": "message",
        "user": "U04UVKDC1",
        "text": "opens an overlay",
        "ts": "1439140679.000046"
    },
    {
        "type": "message",
        "user": "U050DA5Q1",
        "text": "Not a biggie anyway .. we really need the fixes from Igor today",
        "ts": "1439140959.000047"
    },
    {
        "type": "message",
        "user": "U050DA5Q1",
        "text": "Just to check it Garry - if you want - get someone like your wife or at work to click on Articles and see if they use the X or click the articles",
        "ts": "1439141030.000048"
    },
    {
        "type": "message",
        "user": "U04UVKDC1",
        "text": "did you try it on twitter",
        "ts": "1439141056.000049"
    },
    {
        "type": "message",
        "user": "U04UVKDC1",
        "text": "<@U04U63G46>: I can take the ajax stuff for the feeds if you have the feeds coming back in json format from the server  if you are busy with other back end stuff",
        "ts": "1439141168.000050"
    },
    {
        "type": "message",
        "user": "U050DA5Q1",
        "text": "i did but don't see it - maybe their greying is very subtle - i'll crack on with other stuff. I bet everyone uses the X though",
        "ts": "1439141243.000051"
    },
    {
        "type": "message",
        "user": "U050DA5Q1",
        "text": "<@U04U63G46>: Update please - it's heading towards a critical situation now. We need the fix for articles not refreshed when topics saved. Even a simple fix. Please let us know",
        "ts": "1439141406.000052"
    },
    {
        "type": "message",
        "user": "U04U63G46",
        "text": "Working on the fix, will update ASAP, Gary, don't see any reason why it should be json type",
        "ts": "1439144856.000053"
    },
    {
        "type": "message",
        "user": "U04UVKDC1",
        "text": "Its nice to work with, but which ever type you think, okay.",
        "ts": "1439144932.000054"
    },
    {
        "text": "<@U04UQLQPP|neilgrogan> has started a Google+ Hangout for this channel. <https:\/\/plus.google.com\/hangouts\/_\/g6ei3e6ogrt35tgfue7rbc2kaqa|Click here to join>.",
        "username": "hangouts",
        "bot_id": "B04U323V2",
        "type": "message",
        "subtype": "bot_message",
        "ts": "1439150393.000055"
    },
    {
        "type": "message",
        "user": "U04UQLQPP",
        "text": "<!everyone> <https:\/\/plus.google.com\/hangouts\/_\/g6ei3e6ogrt35tgfue7rbc2kaqa>",
        "ts": "1439150405.000056"
    },
    {
        "type": "message",
        "user": "U04U63G46",
        "text": "Working on fix, soon will do push",
        "ts": "1439152057.000057"
    },
    {
        "username": "IFTTT",
        "icons": {
            "image_48": "https:\/\/slack.global.ssl.fastly.net\/66f9\/img\/services\/ifttt_48.png"
        },
        "attachments": [
            {
                "title": "Demo Runthrough",
                "title_link": "https:\/\/www.google.com\/calendar\/event?eid=XzY4cGowZTlsNjRyamViOWo2a3M0Y2I5azhoMzQ4YjlwNm9vNGNiYTU4a3M0Y2hhNThwMTM4ZHBqNm8gZ3JvZ2FuLmllX3V0cjFnMm9lMmQzcnF2NmhrM3RkZ3I3MnQ0QGc",
                "text": "<!everyone> Starts August 10, 2015",
                "fallback": "<!everyone> Starts August 10, 2015",
                "mrkdwn_in": [
                    "text",
                    "pretext"
                ]
            }
        ],
        "mrkdwn": true,
        "type": "message",
        "subtype": "bot_message",
        "ts": "1439160767.000058"
    }
]