[
    {
        "type": "message",
        "user": "U050DA5Q1",
        "text": "<@U04U63G46>: so we have the user stories for the sprint now above. We put your name down against \"Parsing the RSS feeds\" in the EPIC doc. So you can work on that ... if you need more the next thing is the \"Store Keywords\" EPIC. If you're not sure give me a shout we can sync up cheers",
        "ts": "1434190214.000196"
    },
    {
        "type": "message",
        "user": "U050DA5Q1",
        "text": "Also Neil (and Garry I think) are working on the other stories in the RSS Technology feeds EPIC so you can talk to them too",
        "ts": "1434190278.000197"
    },
    {
        "type": "message",
        "user": "U04U63G46",
        "text": "OK,Thanks, sorry",
        "ts": "1434191699.000198"
    }
]