[
    {
        "type": "message",
        "user": "U04U6FCFE",
        "text": "<!everyone>: , Saturday 15th sounds like fun but i might also see if i can pop in on Tuesday aswell to see how everyone else is doing. Last chance to \"borrow\" from other teams.",
        "ts": "1438975442.000002"
    },
    {
        "type": "message",
        "user": "U04U6FCFE",
        "text": "ps I'm now officially done with Cardiff forever!! next project is probably going to be in Germany but is after the 18th.",
        "ts": "1438975503.000003"
    }
]