[
    {
        "type": "message",
        "user": "U050DA5Q1",
        "text": "<@U04UVKDC1>: <@U04UQLQPP> angularjs sounds interesting <https:\/\/angularjs.org\/> I'll talk to UI people at work too if i can",
        "attachments": [
            {
                "text": "AngularJS is what HTML would have been, had it been designed for building web-apps. Declarative templates with data-binding, MVW, MVVM, MVC, dependency injection and great testability story all implemented with pure client-side JavaScript!",
                "fallback": "AngularJS is what HTML would have been, had it been designed for building web-apps. Declarative templates with data-binding, MVW, MVVM, MVC, dependency injection and great testability story all implemented with pure client-side JavaScript!",
                "from_url": "https:\/\/angularjs.org\/",
                "id": 1
            }
        ],
        "ts": "1434963041.000074"
    },
    {
        "type": "message",
        "user": "U04UQLQPP",
        "text": "<@U050DA5Q1> have it all in comments on Trello",
        "ts": "1434965804.000076"
    },
    {
        "type": "message",
        "user": "U04UQLQPP",
        "text": "<@U050DA5Q1> <https:\/\/trello.com\/c\/QAcMogbl>",
        "ts": "1434965816.000077"
    },
    {
        "type": "message",
        "user": "U04UQLQPP",
        "text": "<!everyone>: So <@U04UVKDC1>  and I have added UX\/UI tasks to top of sprint and also in product backlog",
        "ts": "1434965869.000078"
    },
    {
        "type": "message",
        "user": "U04UQLQPP",
        "text": "please review if you get a chance",
        "ts": "1434965878.000079"
    },
    {
        "type": "message",
        "user": "U04UQLQPP",
        "text": "main gist is Garry will choose with our help which toolkits",
        "ts": "1434965893.000080"
    },
    {
        "type": "message",
        "user": "U04UQLQPP",
        "text": "and put bare minimum implmentation in place to 30th",
        "ts": "1434965914.000081"
    },
    {
        "type": "message",
        "user": "U04UQLQPP",
        "text": "plan then is to seriously ramp up on this for Sprint 2",
        "ts": "1434965925.000082"
    },
    {
        "type": "message",
        "user": "U050DA5Q1",
        "text": "cool pls add me to any spikes as i can get good input at work too - just chatted with UI person here who said recommended jquery + html. jquery does ajax calls too which gives you ability to update page without reloading whole page",
        "ts": "1434966598.000083"
    },
    {
        "type": "message",
        "user": "U04UQLQPP",
        "text": "<@U050DA5Q1> added",
        "ts": "1434966755.000084"
    },
    {
        "type": "message",
        "user": "U050DA5Q1",
        "text": "we should all do a bit of googling to get up to speed - making the right choices will save us time and look good - wrong choice -&gt; world of pain. Also good to pick choices we can use again - i.e. useful skills",
        "ts": "1434966770.000085"
    },
    {
        "type": "message",
        "user": "U04UQLQPP",
        "text": "yeah comment any findings on each issue",
        "ts": "1434966803.000086"
    },
    {
        "type": "message",
        "user": "U050DA5Q1",
        "text": "cheers <@U04UVKDC1> and <@U04UQLQPP>  good stuff",
        "ts": "1434967143.000087"
    },
    {
        "type": "message",
        "user": "U04UQLQPP",
        "text": "<!everyone>: really good (and short) video on celery we are using <https:\/\/www.youtube.com\/watch?v=68QWZU_gCDA>",
        "attachments": [
            {
                "service_name": "YouTube",
                "service_url": "http:\/\/www.youtube.com\/",
                "title": "Python Celery demo",
                "title_link": "https:\/\/www.youtube.com\/watch?v=68QWZU_gCDA",
                "author_name": "Max Mautner",
                "author_link": "http:\/\/www.youtube.com\/user\/maxmautner",
                "thumb_url": "https:\/\/i.ytimg.com\/vi\/68QWZU_gCDA\/hqdefault.jpg",
                "thumb_width": 480,
                "thumb_height": 360,
                "fallback": "YouTube Video: Python Celery demo",
                "video_html": "<iframe width=\"400\" height=\"225\" src=\"https:\/\/www.youtube.com\/embed\/68QWZU_gCDA?feature=oembed\" frameborder=\"0\" allowfullscreen><\/iframe>",
                "video_html_width": 400,
                "video_html_height": 225,
                "from_url": "https:\/\/www.youtube.com\/watch?v=68QWZU_gCDA",
                "id": 1
            }
        ],
        "ts": "1434982340.000088"
    },
    {
        "type": "message",
        "user": "U050DA5Q1",
        "text": "<!everyone>: for the prototype I think we at least need to show that we can click on an article and show related tweets. We don't need to do properly .. just something to show them. We might need a story just for the prototype for this. I should have my stories finished before the weekend so I should be free anyway",
        "ts": "1434993561.000090"
    },
    {
        "type": "message",
        "user": "U04UVKDC1",
        "text": "<@U04UQLQPP>: <@U050DA5Q1>  slides look really good, I will do next weeks ones",
        "ts": "1435036293.000091"
    }
]