[
    {
        "type": "message",
        "user": "U050DA5Q1",
        "text": "<!everyone>:  emailed Georgiana with slides",
        "ts": "1434102748.000131"
    },
    {
        "type": "message",
        "user": "U04UVKDC1",
        "text": "<@U050DA5Q1> thanks",
        "ts": "1434104506.000132"
    },
    {
        "type": "message",
        "user": "U04UQLQPP",
        "text": "how do you think that went?",
        "ts": "1434111957.000133"
    },
    {
        "type": "message",
        "user": "U04U63G46",
        "text": "I think, good",
        "ts": "1434112008.000134"
    },
    {
        "type": "message",
        "user": "U04U6FCFE",
        "text": "well i think. I'd say we're still way ahead of most teams in all aspects.",
        "ts": "1434112009.000135"
    },
    {
        "type": "message",
        "user": "U050DA5Q1",
        "text": "she said that too",
        "ts": "1434112017.000136"
    },
    {
        "type": "message",
        "user": "U050DA5Q1",
        "text": "how was meeting last night",
        "ts": "1434112029.000137"
    },
    {
        "type": "message",
        "user": "U050DA5Q1",
        "text": "did you have the meeting",
        "ts": "1434112065.000138"
    },
    {
        "type": "message",
        "user": "U04UQLQPP",
        "text": "yeah I didn\u2019t attend, was Igor and Garry",
        "ts": "1434112106.000139"
    },
    {
        "type": "message",
        "user": "U050DA5Q1",
        "text": "oh ok possibly not enough people then",
        "ts": "1434112135.000140"
    },
    {
        "type": "message",
        "user": "U04UQLQPP",
        "text": "I think so too, I think we\u2019ve got important things in place. I think Beige might have a banana skin with location",
        "ts": "1434112138.000141"
    },
    {
        "type": "message",
        "user": "U050DA5Q1",
        "text": "yeah big time",
        "ts": "1434112146.000142"
    },
    {
        "type": "message",
        "user": "U04U63G46",
        "text": "we were testing WebWhiteboard",
        "ts": "1434112154.000143"
    },
    {
        "type": "message",
        "user": "U04UQLQPP",
        "text": "yeah did it work well?",
        "ts": "1434112163.000144"
    },
    {
        "type": "message",
        "user": "U050DA5Q1",
        "text": "would like to be getting stories today - as i have today and weekend",
        "ts": "1434112203.000145"
    },
    {
        "type": "message",
        "user": "U04U63G46",
        "text": "yes, it's  works, basically whiteboard only online",
        "ts": "1434112274.000146"
    },
    {
        "type": "message",
        "user": "U050DA5Q1",
        "text": "in the meantime i'll add celery as mentioned before",
        "ts": "1434112366.000147"
    },
    {
        "type": "message",
        "user": "U04UQLQPP",
        "text": "<@U050DA5Q1>: sounds good, try it on a feature branch",
        "ts": "1434112452.000148"
    },
    {
        "type": "message",
        "user": "U04UQLQPP",
        "text": "<@U04U63G46>: cool, we could use it so.",
        "ts": "1434112481.000149"
    },
    {
        "type": "message",
        "user": "U050DA5Q1",
        "text": "exactly - i'm following your github thing",
        "ts": "1434112491.000150"
    },
    {
        "type": "message",
        "user": "U050DA5Q1",
        "text": "so when can we meet as pick stories - as i mentioned i genuinely don't have a preference, just would like something i can get stuck into by myself",
        "ts": "1434112560.000151"
    },
    {
        "type": "message",
        "user": "U04UQLQPP",
        "text": "I don\u2019t know how far <@U04UVKDC1> got in `breaking them down. It can be broken down by 2 people and then at sprint planning they can be questioned, restated and accepted",
        "ts": "1434112678.000152"
    },
    {
        "type": "message",
        "user": "U04UVKDC1",
        "text": "Just Epic and titles added to trello so far",
        "ts": "1434112782.000153"
    },
    {
        "type": "message",
        "user": "U04UQLQPP",
        "text": "<@U04UVKDC1>: cool",
        "ts": "1434112790.000154"
    },
    {
        "type": "message",
        "user": "U04UQLQPP",
        "text": "okay 15minutes are up now for Beige",
        "ts": "1434112803.000155"
    },
    {
        "type": "message",
        "user": "U04UQLQPP",
        "text": "<https:\/\/plus.google.com\/hangouts\/_\/gvbyf65cadeba6vdjed2u65roma>",
        "ts": "1434112805.000156"
    },
    {
        "type": "message",
        "user": "U04UQLQPP",
        "text": "if we want to rejoin?",
        "ts": "1434112812.000157"
    },
    {
        "type": "message",
        "user": "U050DA5Q1",
        "text": "yes time now",
        "ts": "1434112834.000158"
    },
    {
        "type": "message",
        "user": "U04UQLQPP",
        "text": "yeah all ready",
        "ts": "1434112844.000159"
    },
    {
        "type": "message",
        "user": "U04UQLQPP",
        "text": "please join",
        "ts": "1434112847.000160"
    },
    {
        "type": "message",
        "user": "U04UQLQPP",
        "text": "are we going to have a meeting this eve? to do first kind of sprint?",
        "ts": "1434113780.000161"
    },
    {
        "type": "message",
        "user": "U04UQLQPP",
        "text": "or tomorrow?",
        "ts": "1434113787.000162"
    },
    {
        "type": "message",
        "user": "U050DA5Q1",
        "text": "this eve would be good",
        "ts": "1434113821.000163"
    },
    {
        "type": "message",
        "user": "U04U6FCFE",
        "text": "either day suits me",
        "ts": "1434113823.000164"
    },
    {
        "type": "message",
        "user": "U050DA5Q1",
        "text": "the sooner we can assign stories the better",
        "ts": "1434113839.000165"
    },
    {
        "type": "message",
        "user": "U04UQLQPP",
        "text": "<@U04UVKDC1>: time ideas?",
        "ts": "1434113875.000166"
    },
    {
        "type": "message",
        "user": "U050DA5Q1",
        "text": "8 ?",
        "ts": "1434113883.000167"
    },
    {
        "type": "message",
        "user": "U04UQLQPP",
        "text": "<@U050DA5Q1>: sounds like tonight more agreeable so far",
        "ts": "1434113887.000168"
    },
    {
        "type": "message",
        "user": "U04UQLQPP",
        "text": "is 8 tonight okay <!everyone>",
        "ts": "1434113917.000169"
    },
    {
        "type": "message",
        "user": "U04U6FCFE",
        "text": "grand",
        "ts": "1434113973.000170"
    },
    {
        "type": "message",
        "user": "U04UQLQPP",
        "text": "ok created a calendar to stick team meetings on to",
        "ts": "1434114366.000171"
    },
    {
        "type": "message",
        "user": "U04UQLQPP",
        "text": "will have video links attached I think, and will hopefully stop people forgetting (me)",
        "ts": "1434114389.000172"
    },
    {
        "type": "message",
        "user": "U04UQLQPP",
        "text": "the calendar will also post reminders here",
        "ts": "1434114408.000173"
    },
    {
        "type": "message",
        "user": "U050DA5Q1",
        "text": "where do we see the calendar",
        "ts": "1434114578.000174"
    },
    {
        "type": "message",
        "user": "U050DA5Q1",
        "text": "cheers Neil",
        "ts": "1434114983.000175"
    },
    {
        "type": "message",
        "user": "U04UQLQPP",
        "text": "Sent on invites <@U050DA5Q1> to UCD accounts ",
        "ts": "1434127125.000176"
    },
    {
        "type": "message",
        "user": "U04UQLQPP",
        "text": "Everyone can manage sharing of calendar",
        "ts": "1434127137.000177"
    },
    {
        "type": "message",
        "user": "U04UQLQPP",
        "text": "So can add your personal gmail if you want ",
        "ts": "1434127149.000178"
    },
    {
        "type": "message",
        "user": "U04UQLQPP",
        "text": "Etc etc",
        "ts": "1434127154.000179"
    },
    {
        "username": "IFTTT",
        "icons": {
            "image_48": "https:\/\/slack.global.ssl.fastly.net\/7bf4\/img\/services\/ifttt_48.png"
        },
        "attachments": [
            {
                "title": "Project Meeting",
                "title_link": "https:\/\/www.google.com\/calendar\/event?eid=bWozZDY1dnFvMDhrYnRhOGxjY21nbWVscDggZ3JvZ2FuLmllX3V0cjFnMm9lMmQzcnF2NmhrM3RkZ3I3MnQ0QGc",
                "text": "Starts June 12, 2015 at 08:00PM",
                "fallback": "Starts June 12, 2015 at 08:00PM",
                "mrkdwn_in": [
                    "text",
                    "pretext"
                ]
            }
        ],
        "mrkdwn": true,
        "type": "message",
        "subtype": "bot_message",
        "ts": "1434134890.000180"
    },
    {
        "type": "message",
        "user": "U050DA5Q1",
        "text": "How did you do that neilgrogan",
        "ts": "1434135196.000181"
    },
    {
        "type": "message",
        "user": "U050DA5Q1",
        "text": "the bot thing",
        "ts": "1434135203.000182"
    },
    {
        "type": "message",
        "user": "U04UQLQPP",
        "text": "<@U050DA5Q1> Linked Slack to <http:\/\/ifttt.com|ifttt.com>",
        "ts": "1434135469.000184"
    },
    {
        "type": "message",
        "user": "U04UQLQPP",
        "text": "which links to google calendar",
        "ts": "1434135481.000185"
    },
    {
        "type": "message",
        "user": "U04UQLQPP",
        "text": "important thing is, all events can go on that calendar nd they\u2019ll be reported here",
        "ts": "1434135502.000186"
    },
    {
        "text": "<@U04UQLQPP|neilgrogan> has started a Google+ Hangout for this channel. <https:\/\/plus.google.com\/hangouts\/_\/g7jv524fefvh3cnsovydbcubo4a|Click here to join>.",
        "username": "hangouts",
        "bot_id": "B04U323V2",
        "type": "message",
        "subtype": "bot_message",
        "ts": "1434135569.000187"
    },
    {
        "type": "message",
        "subtype": "file_share",
        "text": "<@U050DA5Q1|larry> shared a file: <https:\/\/ucdproj.slack.com\/files\/larry\/F069Q8D7Y\/epicsfornewsfast|Epics for Newsfast>",
        "file": {
            "id": "F069Q8D7Y",
            "created": 1434136556,
            "timestamp": 1434136556,
            "name": "EpicsforNewsfast",
            "title": "Epics for Newsfast",
            "mimetype": "application\/vnd.google-apps.document",
            "filetype": "gdoc",
            "pretty_type": "GDocs Document",
            "user": "U050DA5Q1",
            "editable": false,
            "size": 4511,
            "mode": "external",
            "is_external": true,
            "external_type": "gdrive",
            "is_public": true,
            "public_url_shared": false,
            "display_as_bot": false,
            "username": "",
            "url": "https:\/\/docs.google.com\/document\/d\/1JYWdm9_9euFiKUUsSQShmWC1CGjJDiw5A84O5B0SXSU\/edit?usp=drivesdk",
            "url_private": "https:\/\/docs.google.com\/document\/d\/1JYWdm9_9euFiKUUsSQShmWC1CGjJDiw5A84O5B0SXSU\/edit?usp=drivesdk",
            "thumb_64": "https:\/\/slack.global.ssl.fastly.net\/66f9\/img\/files\/gdraw_64.png",
            "thumb_360": "https:\/\/slack.global.ssl.fastly.net\/272a\/img\/files\/gdoc_360.png",
            "thumb_360_w": 360,
            "thumb_360_h": 167,
            "permalink": "https:\/\/ucdproj.slack.com\/files\/larry\/F069Q8D7Y\/epicsfornewsfast",
            "channels": [
                "C04UQLQV7"
            ],
            "groups": [],
            "ims": [],
            "comments_count": 0
        },
        "user": "U050DA5Q1",
        "upload": false,
        "display_as_bot": false,
        "username": "<@U050DA5Q1|larry>",
        "bot_id": null,
        "ts": "1434136557.000190"
    },
    {
        "type": "message",
        "user": "U04UVKDC1",
        "text": "<!everyone>:  Here is link to sprint 1  (now until 30th of June)  board.  <https:\/\/trello.com\/b\/RUT25DlJ\/sprint-1-black-team-ends-30-06-15>.  Left rest of backlog on the product backlog board, I hope this is okay.",
        "edited": {
            "user": "U04UVKDC1",
            "ts": "1434139588.000000"
        },
        "ts": "1434139499.000192"
    },
    {
        "type": "message",
        "user": "U04UQLQPP",
        "text": "<@U04UVKDC1>: thanks Garry ",
        "ts": "1434139789.000194"
    },
    {
        "type": "message",
        "user": "U050DA5Q1",
        "text": "cool cheers",
        "ts": "1434143908.000195"
    }
]