[
    {
        "type": "message",
        "user": "U04U6FCFE",
        "text": "<@U050DA5Q1>: might be worth noting that the initial mail on the module from rosemary said \"Demo paper + business model canvas due Friday, 21\/08\/15\". I'd plan to have them done before 18th though.",
        "ts": "1437417937.000013"
    },
    {
        "text": "<@U04UQLQPP|neilgrogan> has started a Google+ Hangout for this channel. <https:\/\/plus.google.com\/hangouts\/_\/gtpgnjja45lqruoyqbo3cgyy2ma|Click here to join>.",
        "username": "hangouts",
        "bot_id": "B04U323V2",
        "type": "message",
        "subtype": "bot_message",
        "ts": "1437418329.000014"
    },
    {
        "type": "message",
        "user": "U04UQLQPP",
        "text": "<!everyone>: Kevin is doing Business paper \/ Canvas , myself and Larry are starting demo paper. Plenty of sections to write, trello cards for each section, will update in Trello to show who is working on what",
        "ts": "1437421144.000015"
    },
    {
        "type": "message",
        "user": "U04U6FCFE",
        "text": ":thumbsup:",
        "ts": "1437421345.000016"
    },
    {
        "type": "message",
        "user": "U04UVKDC1",
        "text": "added information  for logging in setting file and in rundocker.sh for opening web ui after running docker",
        "ts": "1437423142.000017"
    },
    {
        "type": "message",
        "user": "U04UVKDC1",
        "text": "After you run script you will see location of log files and firefox will open with UI",
        "ts": "1437423200.000018"
    },
    {
        "type": "message",
        "user": "U04UVKDC1",
        "text": "This works okay for Ubuntu, not sure for mac, ye might need to edit",
        "ts": "1437423250.000019"
    },
    {
        "type": "message",
        "user": "U04UVKDC1",
        "text": "<@U04U63G46>: to remove files in ubuntu you also need to go to \/var\/lib\/docker\/volumes and do rm -rf * in that directory to clean as other steps mentioned by <@U04UQLQPP> do not work for ubuntu ",
        "edited": {
            "user": "U04UVKDC1",
            "ts": "1437423365.000000"
        },
        "ts": "1437423344.000020"
    },
    {
        "type": "message",
        "user": "U04UVKDC1",
        "text": "<@U04UQLQPP>:  is automatic deployment working, I can take a look if not",
        "ts": "1437423441.000022"
    },
    {
        "type": "message",
        "user": "U04UQLQPP",
        "text": "<@U04UVKDC1>: it's turned off for now, since we have people who should be looking at <http:\/\/beta.newsfast.me|beta.newsfast.me>",
        "ts": "1437423517.000023"
    },
    {
        "type": "message",
        "user": "U04UQLQPP",
        "text": "<@U04UVKDC1>: local works fine and is  fastest ",
        "ts": "1437423535.000024"
    },
    {
        "type": "message",
        "user": "U04UQLQPP",
        "text": "We covered survey with <@U04U6FCFE> got a few more responses today ",
        "ts": "1437423571.000025"
    },
    {
        "type": "message",
        "user": "U04UQLQPP",
        "text": "So we'll see if we get any more, then we should refresh. I'd like survey results to be as much about one version as possible ",
        "ts": "1437423621.000026"
    },
    {
        "type": "message",
        "user": "U04UVKDC1",
        "text": "we should have used <http:\/\/newfast.me|newfast.me> so we could keep deploying",
        "ts": "1437423662.000027"
    },
    {
        "type": "message",
        "user": "U04UQLQPP",
        "text": "Just deploy locally, no big deal, with docker it all works the same when containers are all up",
        "ts": "1437423714.000028"
    },
    {
        "type": "message",
        "user": "U04UVKDC1",
        "text": "yes doing that anyway",
        "ts": "1437423737.000029"
    },
    {
        "type": "message",
        "user": "U04UQLQPP",
        "text": "We should have done a release I know, put it on main site ",
        "ts": "1437423860.000030"
    },
    {
        "type": "message",
        "user": "U04UQLQPP",
        "text": "Well do that next time ",
        "ts": "1437423870.000031"
    },
    {
        "type": "message",
        "user": "U04UVKDC1",
        "text": "Okay thanks Neil",
        "ts": "1437423923.000032"
    },
    {
        "type": "message",
        "user": "U04UVKDC1",
        "text": "Added page on logging here <https:\/\/github.com\/dueyfinster\/blackteam\/wiki\/Logging>",
        "ts": "1437425439.000033"
    },
    {
        "type": "message",
        "user": "U04UVKDC1",
        "text": "As mentioned mac users may have to do some tweaks to run-docker.sh",
        "ts": "1437425481.000034"
    },
    {
        "type": "message",
        "user": "U050DA5Q1",
        "text": "<@U04UVKDC1>: Just pull that down and tried it, working well, delete topics working now which is cool (maybe it used to work). I'm not sure what i think about the look of white on black topics - anyway good progress, I'll play with it more cheers :thumbsup:",
        "ts": "1437425974.000035"
    },
    {
        "type": "message",
        "user": "U04U6FCFE",
        "text": "<!everyone>: link to survey results <https:\/\/www.surveymonkey.com\/results\/SM-VB7LT7YY\/> can you let me know if you can access it?",
        "attachments": [
            {
                "title": "Team Black UCD Summer Project",
                "title_link": "https:\/\/www.surveymonkey.com\/results\/SM-VB7LT7YY\/",
                "text": "4 responses to: Where do you normally get your news about technology?, What particular technology areas\/topics interest you?, What is your initial impression of our website?, how&amp;nbsp;did you find the login\/registration process?, What do you think about the screen layout?, Do you feel that the news articles were relevent to you? if no they what&amp;nbsp;could be changed?, Do you feel the website is something you would use in the future? if no then what could be changed?, what did you like most about the website?, what did you like least about the website?, how do you think it could be improved?",
                "fallback": "Team Black UCD Summer Project",
                "thumb_url": "https:\/\/secure.surveymonkey.com\/_resources\/SharedViews\/shared_chart.png",
                "from_url": "https:\/\/www.surveymonkey.com\/results\/SM-VB7LT7YY\/",
                "thumb_width": 232,
                "thumb_height": 232,
                "id": 1
            }
        ],
        "ts": "1437430335.000036"
    },
    {
        "type": "message",
        "user": "U050DA5Q1",
        "text": "works great thanks :thumbsup:",
        "ts": "1437430367.000038"
    }
]