[
    {
        "type": "message",
        "user": "U04UQLQPP",
        "text": "<http:\/\/csi420-01-vm2.ucd.ie|csi420-01-vm2.ucd.ie> -&gt; <http:\/\/beta-newsfast.ucd.ie|beta-newsfast.ucd.ie>\n<http:\/\/csi6220-1-vm2.ucd.ie|csi6220-1-vm2.ucd.ie> -&gt; <http:\/\/newsfast.ucd.ie|newsfast.ucd.ie>",
        "ts": "1436795073.000389"
    },
    {
        "type": "message",
        "user": "U04UQLQPP",
        "text": "urls updated",
        "ts": "1436795077.000390"
    },
    {
        "type": "message",
        "user": "U050DA5Q1",
        "text": "cool cheers",
        "ts": "1436797922.000391"
    },
    {
        "type": "message",
        "user": "U04UVKDC1",
        "text": "cool thanks",
        "edited": {
            "user": "U04UVKDC1",
            "ts": "1436801548.000000"
        },
        "ts": "1436801530.000392"
    },
    {
        "type": "message",
        "user": "U04UQLQPP",
        "text": "draft of ranking system <https:\/\/docs.google.com\/document\/d\/1IMdCbYtJe65MFL31BgMoaIaCUPKJeHQh700aSGH3Eb4\/edit#>",
        "ts": "1436812374.000395"
    },
    {
        "type": "message",
        "subtype": "file_share",
        "text": "<@U04UQLQPP|neilgrogan> shared a file: <https:\/\/ucdproj.slack.com\/files\/neilgrogan\/F07HTCH5F\/newsfastrankingsystem|Newsfast ranking system>",
        "file": {
            "id": "F07HTCH5F",
            "created": 1436812375,
            "timestamp": 1436812375,
            "name": "Newsfastrankingsystem",
            "title": "Newsfast ranking system",
            "mimetype": "application\/vnd.google-apps.document",
            "filetype": "gdoc",
            "pretty_type": "GDocs Document",
            "user": "U04UQLQPP",
            "editable": false,
            "size": 889,
            "mode": "external",
            "is_external": true,
            "external_type": "gdrive",
            "is_public": true,
            "public_url_shared": false,
            "display_as_bot": false,
            "username": "",
            "url": "https:\/\/docs.google.com\/a\/grogan.ie\/document\/d\/1IMdCbYtJe65MFL31BgMoaIaCUPKJeHQh700aSGH3Eb4\/edit?usp=drivesdk",
            "url_private": "https:\/\/docs.google.com\/a\/grogan.ie\/document\/d\/1IMdCbYtJe65MFL31BgMoaIaCUPKJeHQh700aSGH3Eb4\/edit?usp=drivesdk",
            "thumb_64": "https:\/\/slack.global.ssl.fastly.net\/66f9\/img\/files\/gdraw_64.png",
            "thumb_360": "https:\/\/slack.global.ssl.fastly.net\/272a\/img\/files\/gdoc_360.png",
            "thumb_360_w": 360,
            "thumb_360_h": 167,
            "permalink": "https:\/\/ucdproj.slack.com\/files\/neilgrogan\/F07HTCH5F\/newsfastrankingsystem",
            "channels": [
                "C04UQLQV7"
            ],
            "groups": [],
            "ims": [],
            "comments_count": 3
        },
        "user": "U04UQLQPP",
        "upload": false,
        "display_as_bot": false,
        "username": "<@U04UQLQPP|neilgrogan>",
        "bot_id": null,
        "ts": "1436812375.000396"
    },
    {
        "type": "message",
        "user": "U04UQLQPP",
        "text": "also <http:\/\/newsfast.me|newsfast.me> and beta.newsfast,me are our new urls :simple_smile:",
        "ts": "1436812394.000397"
    },
    {
        "type": "message",
        "user": "U050DA5Q1",
        "text": "cool nice one",
        "ts": "1436812626.000398"
    },
    {
        "type": "message",
        "subtype": "file_comment",
        "text": "<@U04U6FCFE|kevink> commented on <@U04UQLQPP|neilgrogan>'s file <https:\/\/ucdproj.slack.com\/files\/neilgrogan\/F07HTCH5F\/newsfastrankingsystem|Newsfast ranking system>: looks good <@U04UQLQPP> ",
        "file": {
            "id": "F07HTCH5F",
            "created": 1436812375,
            "timestamp": 1436812375,
            "name": "Newsfastrankingsystem",
            "title": "Newsfast ranking system",
            "mimetype": "application\/vnd.google-apps.document",
            "filetype": "gdoc",
            "pretty_type": "GDocs Document",
            "user": "U04UQLQPP",
            "editable": false,
            "size": 889,
            "mode": "external",
            "is_external": true,
            "external_type": "gdrive",
            "is_public": true,
            "public_url_shared": false,
            "display_as_bot": false,
            "username": "",
            "url": "https:\/\/docs.google.com\/a\/grogan.ie\/document\/d\/1IMdCbYtJe65MFL31BgMoaIaCUPKJeHQh700aSGH3Eb4\/edit?usp=drivesdk",
            "url_private": "https:\/\/docs.google.com\/a\/grogan.ie\/document\/d\/1IMdCbYtJe65MFL31BgMoaIaCUPKJeHQh700aSGH3Eb4\/edit?usp=drivesdk",
            "thumb_64": "https:\/\/slack.global.ssl.fastly.net\/66f9\/img\/files\/gdraw_64.png",
            "thumb_360": "https:\/\/slack.global.ssl.fastly.net\/272a\/img\/files\/gdoc_360.png",
            "thumb_360_w": 360,
            "thumb_360_h": 167,
            "permalink": "https:\/\/ucdproj.slack.com\/files\/neilgrogan\/F07HTCH5F\/newsfastrankingsystem",
            "channels": [
                "C04UQLQV7"
            ],
            "groups": [],
            "ims": [],
            "comments_count": 3
        },
        "comment": {
            "id": "Fc07HUN4ER",
            "created": 1436813532,
            "timestamp": 1436813532,
            "user": "U04U6FCFE",
            "comment": "looks good <@U04UQLQPP> "
        },
        "ts": "1436813532.000399"
    },
    {
        "type": "message",
        "user": "U04UQLQPP",
        "text": "cheers Kevin",
        "ts": "1436813543.000400"
    },
    {
        "type": "message",
        "user": "U04UVKDC1",
        "text": "how are we on presentation for tomorrow",
        "ts": "1436814066.000401"
    },
    {
        "type": "message",
        "user": "U04UVKDC1",
        "text": "anyone preparing it",
        "ts": "1436814092.000402"
    },
    {
        "type": "message",
        "user": "U050DA5Q1",
        "text": "they\u2019ve said no presentation needed ..\u201dWe will instead use the time to discuss with each team their progress, and the business and demo templates.\u201d",
        "ts": "1436814328.000403"
    },
    {
        "type": "message",
        "user": "U050DA5Q1",
        "text": "we will ask them for feedback on what i emailed them",
        "ts": "1436814440.000404"
    },
    {
        "type": "message",
        "user": "U04U6FCFE",
        "text": "<!everyone>: sounds like a plan.  They have a system demo template up. I can take ownership of that and get a draft doc up the end of the month if thats ok with you folks?",
        "ts": "1436814714.000405"
    },
    {
        "type": "message",
        "user": "U04UVKDC1",
        "text": "yes sounds good",
        "ts": "1436814768.000406"
    },
    {
        "type": "message",
        "user": "U04U6FCFE",
        "text": "<!everyone>: and in other news, our Twitter account is now also called FastNewsMe.",
        "ts": "1436814893.000407"
    },
    {
        "type": "message",
        "subtype": "file_share",
        "text": "<@U04U63G46|igor.berdnikov> uploaded a file: <https:\/\/ucdproj.slack.com\/files\/igor.berdnikov\/F07J0K326\/draft_knn_classification_on_userarticle.pdf|Draft_kNN_Classification_on_UserArticle.pdf> and commented: Final Draft of classification to be implemented",
        "file": {
            "id": "F07J0K326",
            "created": 1436820533,
            "timestamp": 1436820533,
            "name": "Draft_kNN_Classification_on_UserArticle.pdf",
            "title": "Draft_kNN_Classification_on_UserArticle.pdf",
            "mimetype": "application\/pdf",
            "filetype": "pdf",
            "pretty_type": "PDF",
            "user": "U04U63G46",
            "editable": false,
            "size": 309276,
            "mode": "hosted",
            "is_external": false,
            "external_type": "",
            "is_public": true,
            "public_url_shared": false,
            "display_as_bot": false,
            "username": "",
            "url": "https:\/\/slack-files.com\/files-pub\/T04UQLQPK-F07J0K326-2abc85b1fe\/draft_knn_classification_on_userarticle.pdf",
            "url_download": "https:\/\/slack-files.com\/files-pub\/T04UQLQPK-F07J0K326-2abc85b1fe\/download\/draft_knn_classification_on_userarticle.pdf",
            "url_private": "https:\/\/files.slack.com\/files-pri\/T04UQLQPK-F07J0K326\/draft_knn_classification_on_userarticle.pdf",
            "url_private_download": "https:\/\/files.slack.com\/files-pri\/T04UQLQPK-F07J0K326\/download\/draft_knn_classification_on_userarticle.pdf",
            "permalink": "https:\/\/ucdproj.slack.com\/files\/igor.berdnikov\/F07J0K326\/draft_knn_classification_on_userarticle.pdf",
            "permalink_public": "https:\/\/slack-files.com\/T04UQLQPK-F07J0K326-2abc85b1fe",
            "channels": [
                "C04UQLQV7"
            ],
            "groups": [],
            "ims": [],
            "comments_count": 2,
            "initial_comment": {
                "id": "Fc07J0GQ23",
                "created": 1436820534,
                "timestamp": 1436820534,
                "user": "U04U63G46",
                "comment": "Final Draft of classification to be implemented"
            },
            "num_stars": 1
        },
        "user": "U04U63G46",
        "upload": true,
        "display_as_bot": false,
        "username": "<@U04U63G46|igor.berdnikov>",
        "bot_id": null,
        "ts": "1436820534.000408"
    },
    {
        "type": "message",
        "subtype": "file_comment",
        "text": "<@U050DA5Q1|larry> commented on <@U04UQLQPP|neilgrogan>'s file <https:\/\/ucdproj.slack.com\/files\/neilgrogan\/F07HTCH5F\/newsfastrankingsystem|Newsfast ranking system>: Hi Neil as mentioned looks good. One thing that would be good to add is diversity - I mean if a user selects iphone and android don't give him all iphone articles",
        "file": {
            "id": "F07HTCH5F",
            "created": 1436812375,
            "timestamp": 1436812375,
            "name": "Newsfastrankingsystem",
            "title": "Newsfast ranking system",
            "mimetype": "application\/vnd.google-apps.document",
            "filetype": "gdoc",
            "pretty_type": "GDocs Document",
            "user": "U04UQLQPP",
            "editable": false,
            "size": 889,
            "mode": "external",
            "is_external": true,
            "external_type": "gdrive",
            "is_public": true,
            "public_url_shared": false,
            "display_as_bot": false,
            "username": "",
            "url": "https:\/\/docs.google.com\/a\/grogan.ie\/document\/d\/1IMdCbYtJe65MFL31BgMoaIaCUPKJeHQh700aSGH3Eb4\/edit?usp=drivesdk",
            "url_private": "https:\/\/docs.google.com\/a\/grogan.ie\/document\/d\/1IMdCbYtJe65MFL31BgMoaIaCUPKJeHQh700aSGH3Eb4\/edit?usp=drivesdk",
            "thumb_64": "https:\/\/slack.global.ssl.fastly.net\/66f9\/img\/files\/gdraw_64.png",
            "thumb_360": "https:\/\/slack.global.ssl.fastly.net\/272a\/img\/files\/gdoc_360.png",
            "thumb_360_w": 360,
            "thumb_360_h": 167,
            "permalink": "https:\/\/ucdproj.slack.com\/files\/neilgrogan\/F07HTCH5F\/newsfastrankingsystem",
            "channels": [
                "C04UQLQV7"
            ],
            "groups": [],
            "ims": [],
            "comments_count": 3
        },
        "comment": {
            "id": "Fc07J5P8JZ",
            "created": 1436827067,
            "timestamp": 1436827067,
            "user": "U050DA5Q1",
            "comment": "Hi Neil as mentioned looks good. One thing that would be good to add is diversity - I mean if a user selects iphone and android don't give him all iphone articles"
        },
        "ts": "1436827067.000409"
    },
    {
        "type": "message",
        "subtype": "file_comment",
        "text": "<@U050DA5Q1|larry> commented on <@U04UQLQPP|neilgrogan>'s file <https:\/\/ucdproj.slack.com\/files\/neilgrogan\/F07HTCH5F\/newsfastrankingsystem|Newsfast ranking system>: Although diversity is not really ranking but the order articles are displayed ?",
        "file": {
            "id": "F07HTCH5F",
            "created": 1436812375,
            "timestamp": 1436812375,
            "name": "Newsfastrankingsystem",
            "title": "Newsfast ranking system",
            "mimetype": "application\/vnd.google-apps.document",
            "filetype": "gdoc",
            "pretty_type": "GDocs Document",
            "user": "U04UQLQPP",
            "editable": false,
            "size": 889,
            "mode": "external",
            "is_external": true,
            "external_type": "gdrive",
            "is_public": true,
            "public_url_shared": false,
            "display_as_bot": false,
            "username": "",
            "url": "https:\/\/docs.google.com\/a\/grogan.ie\/document\/d\/1IMdCbYtJe65MFL31BgMoaIaCUPKJeHQh700aSGH3Eb4\/edit?usp=drivesdk",
            "url_private": "https:\/\/docs.google.com\/a\/grogan.ie\/document\/d\/1IMdCbYtJe65MFL31BgMoaIaCUPKJeHQh700aSGH3Eb4\/edit?usp=drivesdk",
            "thumb_64": "https:\/\/slack.global.ssl.fastly.net\/66f9\/img\/files\/gdraw_64.png",
            "thumb_360": "https:\/\/slack.global.ssl.fastly.net\/272a\/img\/files\/gdoc_360.png",
            "thumb_360_w": 360,
            "thumb_360_h": 167,
            "permalink": "https:\/\/ucdproj.slack.com\/files\/neilgrogan\/F07HTCH5F\/newsfastrankingsystem",
            "channels": [
                "C04UQLQV7"
            ],
            "groups": [],
            "ims": [],
            "comments_count": 3
        },
        "comment": {
            "id": "Fc07J5P65U",
            "created": 1436827544,
            "timestamp": 1436827544,
            "user": "U050DA5Q1",
            "comment": "Although diversity is not really ranking but the order articles are displayed ?"
        },
        "ts": "1436827544.000410"
    },
    {
        "type": "message",
        "subtype": "file_comment",
        "text": "<@U050DA5Q1|larry> commented on <@U04U63G46|igor.berdnikov>'s file <https:\/\/ucdproj.slack.com\/files\/igor.berdnikov\/F07J0K326\/draft_knn_classification_on_userarticle.pdf|Draft_kNN_Classification_on_UserArticle.pdf>: Hi Igor, I love the way you've picked a simple method to calculate the similarity. For lots of reasons thats a good idea: processing, time, also with complex methods you get diminishing returns, you might get 5% improvement with a complex method that takes loads of time. If you can break this down to stories now would be cool - we can do this tomorrow. Thanks !",
        "file": {
            "id": "F07J0K326",
            "created": 1436820533,
            "timestamp": 1436820533,
            "name": "Draft_kNN_Classification_on_UserArticle.pdf",
            "title": "Draft_kNN_Classification_on_UserArticle.pdf",
            "mimetype": "application\/pdf",
            "filetype": "pdf",
            "pretty_type": "PDF",
            "user": "U04U63G46",
            "editable": false,
            "size": 309276,
            "mode": "hosted",
            "is_external": false,
            "external_type": "",
            "is_public": true,
            "public_url_shared": false,
            "display_as_bot": false,
            "username": "",
            "url": "https:\/\/slack-files.com\/files-pub\/T04UQLQPK-F07J0K326-2abc85b1fe\/draft_knn_classification_on_userarticle.pdf",
            "url_download": "https:\/\/slack-files.com\/files-pub\/T04UQLQPK-F07J0K326-2abc85b1fe\/download\/draft_knn_classification_on_userarticle.pdf",
            "url_private": "https:\/\/files.slack.com\/files-pri\/T04UQLQPK-F07J0K326\/draft_knn_classification_on_userarticle.pdf",
            "url_private_download": "https:\/\/files.slack.com\/files-pri\/T04UQLQPK-F07J0K326\/download\/draft_knn_classification_on_userarticle.pdf",
            "permalink": "https:\/\/ucdproj.slack.com\/files\/igor.berdnikov\/F07J0K326\/draft_knn_classification_on_userarticle.pdf",
            "permalink_public": "https:\/\/slack-files.com\/T04UQLQPK-F07J0K326-2abc85b1fe",
            "channels": [
                "C04UQLQV7"
            ],
            "groups": [],
            "ims": [],
            "comments_count": 2,
            "initial_comment": {
                "id": "Fc07J0GQ23",
                "created": 1436820534,
                "timestamp": 1436820534,
                "user": "U04U63G46",
                "comment": "Final Draft of classification to be implemented"
            },
            "num_stars": 1
        },
        "comment": {
            "id": "Fc07J67ER3",
            "created": 1436827793,
            "timestamp": 1436827793,
            "user": "U050DA5Q1",
            "comment": "Hi Igor, I love the way you've picked a simple method to calculate the similarity. For lots of reasons thats a good idea: processing, time, also with complex methods you get diminishing returns, you might get 5% improvement with a complex method that takes loads of time. If you can break this down to stories now would be cool - we can do this tomorrow. Thanks !"
        },
        "ts": "1436827792.000411"
    }
]