[
    {
        "type": "message",
        "user": "U050DA5Q1",
        "text": "<!everyone>: so we can do 6.30 or 7 tonight cheers",
        "ts": "1435221312.000149"
    },
    {
        "type": "message",
        "user": "U04UQLQPP",
        "text": "production is master branch",
        "ts": "1435221358.000150"
    },
    {
        "type": "message",
        "user": "U04UQLQPP",
        "text": "should've said that",
        "ts": "1435221366.000151"
    },
    {
        "type": "message",
        "user": "U04UQLQPP",
        "text": "I'm good for then",
        "ts": "1435221372.000152"
    },
    {
        "type": "message",
        "user": "U04UQLQPP",
        "text": "<@U04UVKDC1>: are you?",
        "ts": "1435221378.000153"
    },
    {
        "type": "message",
        "user": "U050DA5Q1",
        "text": "FYI I'm off work tomorrow as usual so i should get a lot done then.",
        "ts": "1435229419.000154"
    },
    {
        "type": "message",
        "user": "U04UQLQPP",
        "text": "cool",
        "ts": "1435234799.000155"
    },
    {
        "text": "<@U04UQLQPP|neilgrogan> has started a Google+ Hangout for this channel. <https:\/\/plus.google.com\/hangouts\/_\/gv47xndb4qyatxd2veqbrx7iqya|Click here to join>.",
        "username": "hangouts",
        "bot_id": "B04U323V2",
        "type": "message",
        "subtype": "bot_message",
        "ts": "1435255309.000156"
    },
    {
        "type": "message",
        "user": "U04U6FCFE",
        "text": "sorry guys, got held up earlier. did i miss anything?",
        "ts": "1435262820.000157"
    },
    {
        "type": "message",
        "user": "U04UQLQPP",
        "text": "Just agreed re: presentation for tues ",
        "ts": "1435265924.000158"
    },
    {
        "type": "message",
        "user": "U04UQLQPP",
        "text": "You okay to take business canvas?",
        "ts": "1435265938.000159"
    },
    {
        "type": "message",
        "user": "U04UQLQPP",
        "text": "<@U04U6FCFE>: ",
        "ts": "1435265946.000160"
    },
    {
        "type": "message",
        "user": "U04U6FCFE",
        "text": "you mean swot?",
        "ts": "1435265985.000161"
    }
]