[
    {
        "type": "message",
        "subtype": "file_share",
        "text": "<@U050DA5Q1|larry> uploaded a file: <https:\/\/ucdproj.slack.com\/files\/larry\/F061EG214\/blackteam-basicdiag.pdf|BlackTeam-BasicDiag.pdf> and commented: This is basic diagram - just to start conversation ... I used creately to do it - so you can edit if you join creately",
        "file": {
            "id": "F061EG214",
            "created": 1433586677,
            "timestamp": 1433586677,
            "name": "BlackTeam-BasicDiag.pdf",
            "title": "BlackTeam-BasicDiag.pdf",
            "mimetype": "application\/pdf",
            "filetype": "pdf",
            "pretty_type": "PDF",
            "user": "U050DA5Q1",
            "editable": false,
            "size": 106653,
            "mode": "hosted",
            "is_external": false,
            "external_type": "",
            "is_public": true,
            "public_url_shared": false,
            "display_as_bot": false,
            "username": "",
            "url": "https:\/\/slack-files.com\/files-pub\/T04UQLQPK-F061EG214-7abb8f95cc\/blackteam-basicdiag.pdf",
            "url_download": "https:\/\/slack-files.com\/files-pub\/T04UQLQPK-F061EG214-7abb8f95cc\/download\/blackteam-basicdiag.pdf",
            "url_private": "https:\/\/files.slack.com\/files-pri\/T04UQLQPK-F061EG214\/blackteam-basicdiag.pdf",
            "url_private_download": "https:\/\/files.slack.com\/files-pri\/T04UQLQPK-F061EG214\/download\/blackteam-basicdiag.pdf",
            "permalink": "https:\/\/ucdproj.slack.com\/files\/larry\/F061EG214\/blackteam-basicdiag.pdf",
            "permalink_public": "https:\/\/slack-files.com\/T04UQLQPK-F061EG214-7abb8f95cc",
            "channels": [
                "C04UQLQV7"
            ],
            "groups": [],
            "ims": [],
            "comments_count": 2,
            "initial_comment": {
                "id": "Fc061EFYUB",
                "created": 1433586678,
                "timestamp": 1433586678,
                "user": "U050DA5Q1",
                "comment": "This is basic diagram - just to start conversation ... I used creately to do it - so you can edit if you join creately"
            },
            "pinned_to": [
                "C04UQLQV7"
            ]
        },
        "user": "U050DA5Q1",
        "upload": true,
        "display_as_bot": false,
        "username": "<@U050DA5Q1|larry>",
        "bot_id": null,
        "ts": "1433586678.000011"
    },
    {
        "type": "message",
        "subtype": "pinned_item",
        "user": "U050DA5Q1",
        "item_type": "F",
        "text": "<@U050DA5Q1|larry> pinned their PDF <https:\/\/ucdproj.slack.com\/files\/larry\/F061EG214\/blackteam-basicdiag.pdf|BlackTeam-BasicDiag.pdf> to this channel.",
        "item": {
            "id": "F061EG214",
            "created": 1433586677,
            "timestamp": 1433586677,
            "name": "BlackTeam-BasicDiag.pdf",
            "title": "BlackTeam-BasicDiag.pdf",
            "mimetype": "application\/pdf",
            "filetype": "pdf",
            "pretty_type": "PDF",
            "user": "U050DA5Q1",
            "editable": false,
            "size": 106653,
            "mode": "hosted",
            "is_external": false,
            "external_type": "",
            "is_public": true,
            "public_url_shared": false,
            "display_as_bot": false,
            "username": "",
            "url": "https:\/\/slack-files.com\/files-pub\/T04UQLQPK-F061EG214-7abb8f95cc\/blackteam-basicdiag.pdf",
            "url_download": "https:\/\/slack-files.com\/files-pub\/T04UQLQPK-F061EG214-7abb8f95cc\/download\/blackteam-basicdiag.pdf",
            "url_private": "https:\/\/files.slack.com\/files-pri\/T04UQLQPK-F061EG214\/blackteam-basicdiag.pdf",
            "url_private_download": "https:\/\/files.slack.com\/files-pri\/T04UQLQPK-F061EG214\/download\/blackteam-basicdiag.pdf",
            "permalink": "https:\/\/ucdproj.slack.com\/files\/larry\/F061EG214\/blackteam-basicdiag.pdf",
            "permalink_public": "https:\/\/slack-files.com\/T04UQLQPK-F061EG214-7abb8f95cc",
            "channels": [
                "C04UQLQV7"
            ],
            "groups": [],
            "ims": [],
            "comments_count": 2,
            "initial_comment": {
                "id": "Fc061EFYUB",
                "created": 1433586678,
                "timestamp": 1433586678,
                "user": "U050DA5Q1",
                "comment": "This is basic diagram - just to start conversation ... I used creately to do it - so you can edit if you join creately"
            },
            "pinned_to": [
                "C04UQLQV7"
            ]
        },
        "ts": "1433586708.000012"
    },
    {
        "type": "message",
        "user": "U04UQLQPP",
        "text": "<@U050DA5Q1>",
        "ts": "1433587186.000013"
    },
    {
        "type": "message",
        "user": "U04UQLQPP",
        "text": "Looks great",
        "ts": "1433587190.000014"
    },
    {
        "type": "message",
        "user": "U04UQLQPP",
        "text": "it\u2019s exactly what we had in mind I think",
        "ts": "1433587216.000015"
    },
    {
        "type": "message",
        "user": "U04UQLQPP",
        "text": "I\u2019ve created a docker container to easily run iPython notebook, if you pull latest of repo, it\u2019s under ```docs``` folder (see the README there)",
        "ts": "1433608408.000016"
    },
    {
        "type": "message",
        "user": "U04UQLQPP",
        "text": "<!everyone>: take a look at the mock ui <@U04UVKDC1> made, does everyone agree?",
        "ts": "1433618819.000017"
    },
    {
        "type": "message",
        "user": "U04UQLQPP",
        "text": "posted in <#C051M20D0> channel",
        "ts": "1433618871.000018"
    },
    {
        "type": "message",
        "subtype": "file_comment",
        "text": "<@U04UVKDC1|garryd> commented on <@U050DA5Q1|larry>'s file <https:\/\/ucdproj.slack.com\/files\/larry\/F061EG214\/blackteam-basicdiag.pdf|BlackTeam-BasicDiag.pdf>: <@U050DA5Q1>: Yes looks good. :thumbsup: ",
        "file": {
            "id": "F061EG214",
            "created": 1433586677,
            "timestamp": 1433586677,
            "name": "BlackTeam-BasicDiag.pdf",
            "title": "BlackTeam-BasicDiag.pdf",
            "mimetype": "application\/pdf",
            "filetype": "pdf",
            "pretty_type": "PDF",
            "user": "U050DA5Q1",
            "editable": false,
            "size": 106653,
            "mode": "hosted",
            "is_external": false,
            "external_type": "",
            "is_public": true,
            "public_url_shared": false,
            "display_as_bot": false,
            "username": "",
            "url": "https:\/\/slack-files.com\/files-pub\/T04UQLQPK-F061EG214-7abb8f95cc\/blackteam-basicdiag.pdf",
            "url_download": "https:\/\/slack-files.com\/files-pub\/T04UQLQPK-F061EG214-7abb8f95cc\/download\/blackteam-basicdiag.pdf",
            "url_private": "https:\/\/files.slack.com\/files-pri\/T04UQLQPK-F061EG214\/blackteam-basicdiag.pdf",
            "url_private_download": "https:\/\/files.slack.com\/files-pri\/T04UQLQPK-F061EG214\/download\/blackteam-basicdiag.pdf",
            "permalink": "https:\/\/ucdproj.slack.com\/files\/larry\/F061EG214\/blackteam-basicdiag.pdf",
            "permalink_public": "https:\/\/slack-files.com\/T04UQLQPK-F061EG214-7abb8f95cc",
            "channels": [
                "C04UQLQV7"
            ],
            "groups": [],
            "ims": [],
            "comments_count": 2,
            "initial_comment": {
                "id": "Fc061EFYUB",
                "created": 1433586678,
                "timestamp": 1433586678,
                "user": "U050DA5Q1",
                "comment": "This is basic diagram - just to start conversation ... I used creately to do it - so you can edit if you join creately"
            },
            "pinned_to": [
                "C04UQLQV7"
            ]
        },
        "comment": {
            "id": "Fc061M5HBQ",
            "created": 1433619014,
            "timestamp": 1433619014,
            "user": "U04UVKDC1",
            "comment": "<@U050DA5Q1>: Yes looks good. :thumbsup: "
        },
        "ts": "1433619014.000019"
    },
    {
        "type": "message",
        "user": "U050DA5Q1",
        "text": "<@U04UVKDC1>: Looks fine to me cheers",
        "ts": "1433621784.000021"
    }
]