[
    {
        "type": "message",
        "user": "U050DA5Q1",
        "text": "Hi, I want to update the instructors on the change in the product. I\u2019ve written a short description for there here <https:\/\/docs.google.com\/document\/d\/1ZavASVUOaIV0Wwzn6xQxHLHo-hn_SR37MzLkXsN09b0\/edit> Any comments please",
        "ts": "1436729702.000380"
    },
    {
        "type": "message",
        "subtype": "file_share",
        "text": "<@U050DA5Q1|larry> shared a file: <https:\/\/ucdproj.slack.com\/files\/larry\/F07GF44NS\/simplemvpupdateforinstructors|Simple MVP Update for instructors>",
        "file": {
            "id": "F07GF44NS",
            "created": 1436729703,
            "timestamp": 1436729703,
            "name": "SimpleMVPUpdateforinstructors",
            "title": "Simple MVP Update for instructors",
            "mimetype": "application\/vnd.google-apps.document",
            "filetype": "gdoc",
            "pretty_type": "GDocs Document",
            "user": "U050DA5Q1",
            "editable": false,
            "size": 1359,
            "mode": "external",
            "is_external": true,
            "external_type": "gdrive",
            "is_public": true,
            "public_url_shared": false,
            "display_as_bot": false,
            "username": "",
            "url": "https:\/\/docs.google.com\/document\/d\/1ZavASVUOaIV0Wwzn6xQxHLHo-hn_SR37MzLkXsN09b0\/edit?usp=drivesdk",
            "url_private": "https:\/\/docs.google.com\/document\/d\/1ZavASVUOaIV0Wwzn6xQxHLHo-hn_SR37MzLkXsN09b0\/edit?usp=drivesdk",
            "thumb_64": "https:\/\/slack.global.ssl.fastly.net\/66f9\/img\/files\/gdraw_64.png",
            "thumb_360": "https:\/\/slack.global.ssl.fastly.net\/272a\/img\/files\/gdoc_360.png",
            "thumb_360_w": 360,
            "thumb_360_h": 167,
            "permalink": "https:\/\/ucdproj.slack.com\/files\/larry\/F07GF44NS\/simplemvpupdateforinstructors",
            "channels": [
                "C04UQLQV7"
            ],
            "groups": [],
            "ims": [],
            "comments_count": 0
        },
        "user": "U050DA5Q1",
        "upload": false,
        "display_as_bot": false,
        "username": "<@U050DA5Q1|larry>",
        "bot_id": null,
        "ts": "1436729704.000381"
    },
    {
        "type": "message",
        "user": "U050DA5Q1",
        "text": "Will email them tomorrow or Tuesday morning latest",
        "ts": "1436729725.000382"
    },
    {
        "type": "message",
        "user": "U050DA5Q1",
        "text": "After comments of course",
        "ts": "1436730339.000383"
    },
    {
        "type": "message",
        "user": "U04UQLQPP",
        "text": "looks good to me Larry",
        "ts": "1436730448.000384"
    },
    {
        "text": "<@U04UQLQPP|neilgrogan> has started a Google+ Hangout for this channel. <https:\/\/plus.google.com\/hangouts\/_\/gqoyztychxnx7wag557kwrkm2ma|Click here to join>.",
        "username": "hangouts",
        "bot_id": "B04U323V2",
        "type": "message",
        "subtype": "bot_message",
        "ts": "1436731049.000385"
    },
    {
        "type": "message",
        "user": "U04UVKDC1",
        "text": "cool Larry thanks",
        "ts": "1436731060.000386"
    }
]