[
    {
        "type": "message",
        "user": "U050DA5Q1",
        "text": "<@U04UVKDC1>: Here's my first attempt at roadmap - its hard to fit all stuff on timeline - comments welcome pls just let me know and i'll change it <https:\/\/drive.google.com\/drive\/u\/1\/folders\/0Bxyn9sNZXN2ofnNHcms5cTAyVllOd21IYWk4ZXNYS2dZSTN3SndZVnRrZGJhdVdJbjJQRjg>",
        "attachments": [
            {
                "text": "Google Drive is a free way to keep your files backed up and easy to reach from any phone, tablet, or computer. Start with 15GB of Google storage \u2013 free.",
                "fallback": "Google Drive is a free way to keep your files backed up and easy to reach from any phone, tablet, or computer. Start with 15GB of Google storage \u2013 free.",
                "from_url": "https:\/\/drive.google.com\/drive\/u\/1\/folders\/0Bxyn9sNZXN2ofnNHcms5cTAyVllOd21IYWk4ZXNYS2dZSTN3SndZVnRrZGJhdVdJbjJQRjg",
                "id": 1
            }
        ],
        "ts": "1435406729.000233"
    },
    {
        "type": "message",
        "user": "U050DA5Q1",
        "text": "<@U04UVKDC1>: I'll do a slide on next steps and challenges too",
        "ts": "1435406773.000235"
    },
    {
        "type": "message",
        "user": "U050DA5Q1",
        "text": "<@U04U63G46>: i hadn't realised you'd posted - i'll merge now and try thanks",
        "ts": "1435407919.000236"
    },
    {
        "type": "message",
        "user": "U04UVKDC1",
        "text": "<@U050DA5Q1>:  looks good cheers",
        "ts": "1435409330.000237"
    },
    {
        "type": "message",
        "user": "U050DA5Q1",
        "text": "<@U04UVKDC1>: NP its not perfect .. but easy to change now",
        "ts": "1435409365.000238"
    },
    {
        "type": "message",
        "user": "U04U6FCFE",
        "text": "<!everyone> i think after Tuesday we should have a discuss re marketing and branding.  It's not something we spend much time on so far.",
        "ts": "1435436736.000239"
    },
    {
        "type": "message",
        "user": "U04UQLQPP",
        "text": "<@U04U6FCFE>: do you want to check stories in Trello product backlog?",
        "ts": "1435437051.000240"
    },
    {
        "type": "message",
        "user": "U04UQLQPP",
        "text": "<@U04U6FCFE>: we start sprint 2 wednesday, so if we can get some stuff written for then, can drag them in to sprint 2",
        "ts": "1435437088.000241"
    },
    {
        "type": "message",
        "user": "U04U6FCFE",
        "text": "<@U04UQLQPP>: grand i'll add a few basic stories to get it started.",
        "ts": "1435437267.000242"
    },
    {
        "type": "message",
        "user": "U04U6FCFE",
        "text": "<@U04UQLQPP>: i replied to your question in trello re testing. presume you get notified but just in case....",
        "ts": "1435437298.000243"
    },
    {
        "type": "message",
        "user": "U04UQLQPP",
        "text": "yeah seen that just now",
        "ts": "1435437341.000244"
    },
    {
        "type": "message",
        "user": "U04UQLQPP",
        "text": "I can\u2019t remember exactly what we said",
        "ts": "1435437369.000245"
    },
    {
        "type": "message",
        "user": "U04UQLQPP",
        "text": "was it a wait and see or contact them?",
        "ts": "1435437378.000246"
    },
    {
        "type": "message",
        "user": "U04UQLQPP",
        "text": "I have a feeling we should just contact them to tick it off, they probably won\u2019t have much yet for us to test",
        "ts": "1435437406.000247"
    },
    {
        "type": "message",
        "user": "U04U6FCFE",
        "text": "on tuesday it was wait until after 30th if conors team(beige)  were testing us but go ahead straight away if we were testing his team.  Unfortunately beige are testing us.",
        "ts": "1435437495.000248"
    },
    {
        "type": "message",
        "user": "U04U6FCFE",
        "text": "<@U04UQLQPP>: i think we should just go ahead too. it's been dragging for a while and at least it will give us one thingless to talk about at team meeting.",
        "ts": "1435437744.000249"
    },
    {
        "type": "message",
        "user": "U04U6FCFE",
        "text": "I'll post in moodle early tomorrow unless i hear any strong objections.",
        "ts": "1435437794.000250"
    },
    {
        "type": "message",
        "user": "U04UQLQPP",
        "text": "yeah do, cheers",
        "ts": "1435437804.000251"
    },
    {
        "type": "message",
        "user": "U04U6FCFE",
        "text": ":thumbsup:",
        "ts": "1435437884.000252"
    },
    {
        "type": "message",
        "user": "U04UQLQPP",
        "text": ":thumbsup:",
        "ts": "1435437893.000253"
    },
    {
        "type": "message",
        "user": "U04UQLQPP",
        "text": "<@U04U63G46>: <@U050DA5Q1> looking at task stuff today, anything special I need to run it now?",
        "ts": "1435437926.000254"
    },
    {
        "type": "message",
        "user": "U04UVKDC1",
        "text": "<@U04U6FCFE>: Dont think another newsfast website out there, remember someone checking and domain is free",
        "ts": "1435439441.000255"
    },
    {
        "type": "message",
        "user": "U04UVKDC1",
        "text": "<!everyone>:  please take a look at draft presentation slides  <http:\/\/slides.com\/garrydavitt\/newsfast-23june\/live#\/> \nLet me know and I can make changes if you like, as otherwise it will be messy forking the presentation",
        "attachments": [
            {
                "text": "Slides",
                "fallback": "Slides",
                "from_url": "http:\/\/slides.com\/garrydavitt\/newsfast-23june\/live#\/",
                "id": 1
            }
        ],
        "ts": "1435439686.000256"
    },
    {
        "type": "message",
        "user": "U04UQLQPP",
        "text": "<@U04UVKDC1>: looks good :thumbsup:",
        "ts": "1435440776.000258"
    },
    {
        "type": "message",
        "user": "U050DA5Q1",
        "text": "<@U04UVKDC1>: :thumbsup: might have some very small comments tomorrow looks very good",
        "ts": "1435445436.000259"
    }
]