[
    {
        "type": "message",
        "user": "U04UQLQPP",
        "text": "if you don\u2019t know iPython\/Jupyter, try it here: <https:\/\/try.jupyter.org\/>",
        "ts": "1433246873.000002"
    },
    {
        "type": "message",
        "subtype": "file_share",
        "text": "<@U04UQLQPP|neilgrogan> shared a file: <https:\/\/ucdproj.slack.com\/files\/neilgrogan\/F054J5AR8\/blackteamprojecttopicsandroles|Black Team Project Topics and Roles>",
        "file": {
            "id": "F054J5AR8",
            "created": 1433191039,
            "timestamp": 1433191039,
            "name": "BlackTeamProjectTopicsandRoles",
            "title": "Black Team Project Topics and Roles",
            "mimetype": "application\/vnd.google-apps.document",
            "filetype": "gdoc",
            "pretty_type": "GDocs Document",
            "user": "U04UQLQPP",
            "editable": false,
            "size": 1347,
            "mode": "external",
            "is_external": true,
            "external_type": "gdrive",
            "is_public": true,
            "public_url_shared": false,
            "display_as_bot": false,
            "username": "",
            "url": "https:\/\/docs.google.com\/a\/grogan.ie\/document\/d\/1BhgIkv1krk_9tjdSPjW5tr3FITerx0zXo3SEa4Sb3fI\/edit?usp=drivesdk",
            "url_private": "https:\/\/docs.google.com\/a\/grogan.ie\/document\/d\/1BhgIkv1krk_9tjdSPjW5tr3FITerx0zXo3SEa4Sb3fI\/edit?usp=drivesdk",
            "thumb_64": "https:\/\/slack.global.ssl.fastly.net\/66f9\/img\/files\/gdraw_64.png",
            "thumb_360": "https:\/\/slack.global.ssl.fastly.net\/272a\/img\/files\/gdoc_360.png",
            "thumb_360_w": 360,
            "thumb_360_h": 167,
            "permalink": "https:\/\/ucdproj.slack.com\/files\/neilgrogan\/F054J5AR8\/blackteamprojecttopicsandroles",
            "channels": [
                "C04UQLQV7"
            ],
            "groups": [],
            "ims": [],
            "comments_count": 0
        },
        "user": "U04UQLQPP",
        "upload": false,
        "display_as_bot": false,
        "username": "<@U04UQLQPP|neilgrogan>",
        "bot_id": null,
        "ts": "1433246994.000004"
    },
    {
        "type": "message",
        "user": "U04UQLQPP",
        "text": "$ pip install \"ipython[notebook]\"",
        "ts": "1433247504.000006"
    },
    {
        "type": "message",
        "user": "U04UQLQPP",
        "text": "to start the server: \n$ ipython notebook",
        "ts": "1433247656.000007"
    },
    {
        "type": "message",
        "user": "U04UQLQPP",
        "text": "better to get ipython here: <http:\/\/continuum.io\/downloads>",
        "attachments": [
            {
                "text": "Download the free, enterprise-ready scientific Python distribution, available on Mac, Windows and Linux with over 200 packages.",
                "fallback": "Download the free, enterprise-ready scientific Python distribution, available on Mac, Windows and Linux with over 200 packages.",
                "from_url": "http:\/\/continuum.io\/downloads",
                "id": 1
            }
        ],
        "ts": "1433248709.000008"
    },
    {
        "type": "message",
        "user": "U04UQLQPP",
        "text": "I had a look at virtualenv, we have a requirements.txt, so we could do one, but we don\u2019t need to. We get the isolation of dependencies with docker",
        "ts": "1433250246.000010"
    },
    {
        "type": "message",
        "user": "U04UQLQPP",
        "text": "<!everyone> I pushed a bash script called ``` .\/run-docker.sh ``` in the root of the repository. Once docker, (docker-machine or boot2docker)  and docker-compose are installed, and you can run them, simply running this script will bring up project for you at <http:\/\/localhost>",
        "edited": {
            "user": "U04UQLQPP",
            "ts": "1433251462.000000"
        },
        "ts": "1433251407.000011"
    },
    {
        "type": "message",
        "user": "U050DA5Q1",
        "text": "<http:\/\/import.io|import.io> interesting ... <http:\/\/api.docs.import.io\/>",
        "ts": "1433259268.000015"
    },
    {
        "type": "message",
        "user": "U050DA5Q1",
        "text": "textBlob uses NLTK .. looks interesting <http:\/\/textblob.readthedocs.org\/en\/dev\/>",
        "ts": "1433259419.000016"
    },
    {
        "type": "message",
        "user": "U050DA5Q1",
        "text": "next meeting Friday at 8 ...",
        "ts": "1433263718.000017"
    },
    {
        "type": "message",
        "user": "U04UQLQPP",
        "text": "<!everyone>: have the Travis CI build doing a deployment to our UCD server after a successful build. The only thing missing is release versioning\/branching strategy which I'm currently researching. ",
        "ts": "1433279550.000002"
    },
    {
        "type": "message",
        "user": "U04UQLQPP",
        "text": "And also frontend testing (selenium etc)",
        "ts": "1433279571.000003"
    }
]