[
    {
        "type": "message",
        "user": "U050DA5Q1",
        "text": "<!everyone>: next sprint planning meeting - Thursday I guess - or we could do at UCD on Tues if we have time",
        "ts": "1435573335.000277"
    },
    {
        "type": "message",
        "user": "U04UVKDC1",
        "text": "Yes tomorrow  okay with me Larry",
        "ts": "1435573377.000278"
    },
    {
        "type": "message",
        "user": "U050DA5Q1",
        "text": "will be the most important sprint",
        "ts": "1435573780.000279"
    },
    {
        "type": "message",
        "user": "U04UVKDC1",
        "text": "yep",
        "ts": "1435573828.000280"
    },
    {
        "type": "message",
        "user": "U04UQLQPP",
        "text": "<@U04UVKDC1>: tried to send to Franke, isn\u2019t working for me",
        "ts": "1435590852.000281"
    },
    {
        "text": "*<https:\/\/www.getfranke.com\/zoacbi3g4utwx1h7mqesvw\/messages\/F06V7A4QP|News Fast Feedback>*\n_<mailto:garry.davitt@ericsson.com|Garry Davitt> to <mailto:ucdproj.general@getfranke.com|ucdproj.general@getfranke.com>_\n\n  <https:\/\/www.getfranke.com\/zoacbi3g4utwx1h7mqesvw\/messages\/F06V7A4QP|view full email>",
        "username": "Franke",
        "icons": {
            "image_48": "https:\/\/s3-us-west-2.amazonaws.com\/slack-files2\/bot_icons\/2015-06-28\/6957994643_48.png"
        },
        "mrkdwn": true,
        "type": "message",
        "subtype": "bot_message",
        "ts": "1435593817.000285"
    },
    {
        "text": "*<https:\/\/www.getfranke.com\/zoacbi3g4utwx1h7mqesvw\/messages\/F06V7PWQM|News Fast Feedback>*\n_<mailto:garry.davitt@ericsson.com|Garry Davitt> to <mailto:ucdproj.feedback@getfranke.com|ucdproj.feedback@getfranke.com>_\n\n  <https:\/\/www.getfranke.com\/zoacbi3g4utwx1h7mqesvw\/messages\/F06V7PWQM|view full email>",
        "username": "Franke",
        "icons": {
            "image_48": "https:\/\/s3-us-west-2.amazonaws.com\/slack-files2\/bot_icons\/2015-06-28\/6957994643_48.png"
        },
        "mrkdwn": true,
        "type": "message",
        "subtype": "bot_message",
        "ts": "1435593843.000287"
    },
    {
        "type": "message",
        "user": "U04UVKDC1",
        "text": "think its okay now",
        "ts": "1435593940.000289"
    },
    {
        "type": "message",
        "user": "U04U6FCFE",
        "text": "<!everyone> if you are sprint planning tomorrow can you include me in hangout? presume you will be doing it after presentations..?",
        "ts": "1435600998.000291"
    },
    {
        "type": "message",
        "user": "U050DA5Q1",
        "text": "it'll be very ad-hoc .. it will be before presentation if we do it. We won't assign without everyone there - but we might have a go at putting stories in. Although I'm thinking we'll have our hands full anyway and won't get to it. So i doubt really that we'll do it.",
        "ts": "1435601119.000292"
    },
    {
        "type": "message",
        "user": "U04UQLQPP",
        "text": "I think Thursday night",
        "ts": "1435602747.000293"
    },
    {
        "type": "message",
        "user": "U04UVKDC1",
        "text": "yes that's grand 9 on Thursday",
        "ts": "1435608171.000294"
    },
    {
        "type": "message",
        "user": "U04U6FCFE",
        "text": "cool. you can all have a break on Tuesday evening so.",
        "ts": "1435609068.000297"
    }
]