[
    {
        "type": "message",
        "user": "U04U6FCFE",
        "text": "<!everyone>: looks good to me too!",
        "ts": "1434454900.000019"
    },
    {
        "type": "message",
        "user": "U050DA5Q1",
        "text": "1. This is a full time 30ECTS module. What this means in practical terms is that you, as a team, need to spend significant hours per week, working together. We would view 3 *full team* work sessions per week as the very minimum required to complete this module successfully (part-time teams would obviously need to be a little more flexible with regard to outside commitments than full-time teams). \n\n2. Do not let yourself get distracted only by software development. Project management, user experience design, business model design and communication are also very important components, especially at this early stage of the project.",
        "ts": "1434459691.000020"
    },
    {
        "type": "message",
        "user": "U050DA5Q1",
        "text": "FYI from Georgina",
        "ts": "1434459700.000021"
    },
    {
        "type": "message",
        "user": "U050DA5Q1",
        "text": "We probably need to spend more time on UX and Business - we can add stories for this to sprint - can discuss tonight - meeting 8pm right ?",
        "ts": "1434459765.000022"
    },
    {
        "type": "message",
        "user": "U04UQLQPP",
        "text": "<@U050DA5Q1>: yes",
        "ts": "1434462536.000023"
    },
    {
        "type": "message",
        "user": "U04UQLQPP",
        "text": "<!everyone>: Hi all, added a standup channel, think we should hold standups going forward to keep everyone on the team on track",
        "ts": "1434466767.000024"
    },
    {
        "type": "message",
        "user": "U050DA5Q1",
        "text": "Daily Standups",
        "ts": "1434466796.000025"
    },
    {
        "type": "message",
        "user": "U04U6FCFE",
        "text": "How do you guys see it working? something like everyone posts status by some time in the evening and then people can ask questions or give suggestions?",
        "ts": "1434478373.000026"
    },
    {
        "username": "IFTTT",
        "icons": {
            "image_48": "https:\/\/slack.global.ssl.fastly.net\/7bf4\/img\/services\/ifttt_48.png"
        },
        "attachments": [
            {
                "title": "Team Meeting",
                "title_link": "https:\/\/www.google.com\/calendar\/event?eid=dmhqYmtkZm1rcWo1Z2ljN3FhZnZjY2E4Z2sgZ3JvZ2FuLmllX3V0cjFnMm9lMmQzcnF2NmhrM3RkZ3I3MnQ0QGc",
                "text": "<!everyone> Starts June 16, 2015 at 08:00PM",
                "fallback": "<!everyone> Starts June 16, 2015 at 08:00PM",
                "mrkdwn_in": [
                    "text",
                    "pretext"
                ]
            }
        ],
        "mrkdwn": true,
        "type": "message",
        "subtype": "bot_message",
        "ts": "1434480455.000027"
    },
    {
        "type": "message",
        "subtype": "file_share",
        "text": "<@U050DA5Q1|larry> shared a file: <https:\/\/ucdproj.slack.com\/files\/larry\/F06DVS3A9\/to_discuss|To Discuss>",
        "file": {
            "id": "F06DVS3A9",
            "created": 1434481224,
            "timestamp": 1434481224,
            "name": "To_Discuss",
            "title": "To Discuss",
            "mimetype": "text\/plain",
            "filetype": "space",
            "pretty_type": "Space",
            "user": "U050DA5Q1",
            "editable": true,
            "size": 428,
            "mode": "space",
            "is_external": false,
            "external_type": "",
            "is_public": true,
            "public_url_shared": false,
            "display_as_bot": false,
            "username": "",
            "url": "https:\/\/slack-files.com\/files-pub\/T04UQLQPK-F06DVS3A9-1d9256cf39\/to_discuss",
            "url_download": "https:\/\/slack-files.com\/files-pub\/T04UQLQPK-F06DVS3A9-1d9256cf39\/download\/to_discuss",
            "url_private": "https:\/\/files.slack.com\/files-pri\/T04UQLQPK-F06DVS3A9\/to_discuss",
            "url_private_download": "https:\/\/files.slack.com\/files-pri\/T04UQLQPK-F06DVS3A9\/download\/to_discuss",
            "permalink": "https:\/\/ucdproj.slack.com\/files\/larry\/F06DVS3A9\/to_discuss",
            "permalink_public": "https:\/\/slack-files.com\/T04UQLQPK-F06DVS3A9-1d9256cf39",
            "preview": "<document><p>Hi,<\/p><p>Just quick note in case we miss anything:<\/p><ul class=\"list\"><li>progress<\/li><li>more focus on business and UX<\/li><li>standups\/meetings<\/li><\/ul><\/document>",
            "updated": "1434481224",
            "channels": [
                "C04UQLQV7"
            ],
            "groups": [],
            "ims": [],
            "comments_count": 0
        },
        "user": "U050DA5Q1",
        "upload": false,
        "display_as_bot": false,
        "username": "<@U050DA5Q1|larry>",
        "bot_id": null,
        "ts": "1434481232.000028"
    },
    {
        "text": "<@U04UQLQPP|neilgrogan> has started a Google+ Hangout for this channel. <https:\/\/plus.google.com\/hangouts\/_\/gq2sblvocgb3m6nxlb4uqpl3r4a|Click here to join>.",
        "username": "hangouts",
        "bot_id": "B04U323V2",
        "type": "message",
        "subtype": "bot_message",
        "ts": "1434481409.000029"
    },
    {
        "type": "message",
        "user": "U04U6FCFE",
        "text": "<@U04UVKDC1>: lovin' astah at the moment",
        "ts": "1434488978.000030"
    },
    {
        "type": "message",
        "user": "U04UVKDC1",
        "text": "Good stuff <@U04U6FCFE> ",
        "ts": "1434490092.000031"
    },
    {
        "type": "message",
        "user": "U04U6FCFE",
        "text": "Mainly for <@U050DA5Q1> &amp; <@U04U63G46> I threw together a quick ER diagram on user, user_preferences, and default tags using astah and put it into a new \"Relational models\" folder.",
        "ts": "1434490098.000032"
    },
    {
        "type": "message",
        "user": "U04U6FCFE",
        "text": "I think i'm more proud of the correct use of the Oxford Comma in my last post than I am of the ERD but at least the ERD helps me think.",
        "ts": "1434490180.000033"
    },
    {
        "type": "message",
        "user": "U04UQLQPP",
        "text": "The <#C051LUURW|project> channel was reporting MSc board but I changed it to report our sprint 1 board",
        "ts": "1434491092.000034"
    },
    {
        "type": "message",
        "user": "U050DA5Q1",
        "text": "anyone know how to merge develop to master",
        "ts": "1434494300.000035"
    },
    {
        "type": "message",
        "user": "U050DA5Q1",
        "text": "<!everyone>:",
        "ts": "1434494312.000036"
    }
]