[
    {
        "type": "message",
        "user": "U04UQLQPP",
        "text": "added a wiki article on git, let me know what else you\u2019d like to know re:git and I\u2019ll include it <https:\/\/github.com\/dueyfinster\/blackteam\/wiki\/Getting-Started-with-Git>",
        "ts": "1434290514.000199"
    },
    {
        "type": "message",
        "user": "U050DA5Q1",
        "text": "great cheers Neil",
        "ts": "1434293109.000200"
    },
    {
        "type": "message",
        "user": "U050DA5Q1",
        "text": "<!everyone>: I've had a go at the project vision (Kevin is doing the MVP doc) - at the moment it needs more words, can people review\/edit, pls add more to it because it's short at  the moment. <https:\/\/docs.google.com\/document\/d\/1vI51vVTGlZaoPN5Sj6IBisswFqC6i11-sGhsuZhrQtA\/edit>",
        "ts": "1434305143.000201"
    },
    {
        "type": "message",
        "subtype": "file_share",
        "text": "<@U050DA5Q1|larry> shared a file: <https:\/\/ucdproj.slack.com\/files\/larry\/F06AUHLH2\/trendingtechnologyvision|Trending Technology Vision>",
        "file": {
            "id": "F06AUHLH2",
            "created": 1434305145,
            "timestamp": 1434305145,
            "name": "TrendingTechnologyVision",
            "title": "Trending Technology Vision",
            "mimetype": "application\/vnd.google-apps.document",
            "filetype": "gdoc",
            "pretty_type": "GDocs Document",
            "user": "U050DA5Q1",
            "editable": false,
            "size": 1365,
            "mode": "external",
            "is_external": true,
            "external_type": "gdrive",
            "is_public": true,
            "public_url_shared": false,
            "display_as_bot": false,
            "username": "",
            "url": "https:\/\/docs.google.com\/document\/d\/1vI51vVTGlZaoPN5Sj6IBisswFqC6i11-sGhsuZhrQtA\/edit?usp=drivesdk",
            "url_private": "https:\/\/docs.google.com\/document\/d\/1vI51vVTGlZaoPN5Sj6IBisswFqC6i11-sGhsuZhrQtA\/edit?usp=drivesdk",
            "thumb_64": "https:\/\/slack.global.ssl.fastly.net\/66f9\/img\/files\/gdraw_64.png",
            "thumb_360": "https:\/\/slack.global.ssl.fastly.net\/272a\/img\/files\/gdoc_360.png",
            "thumb_360_w": 360,
            "thumb_360_h": 167,
            "permalink": "https:\/\/ucdproj.slack.com\/files\/larry\/F06AUHLH2\/trendingtechnologyvision",
            "channels": [
                "C04UQLQV7"
            ],
            "groups": [],
            "ims": [],
            "comments_count": 0
        },
        "user": "U050DA5Q1",
        "upload": false,
        "display_as_bot": false,
        "username": "<@U050DA5Q1|larry>",
        "bot_id": null,
        "ts": "1434305145.000202"
    },
    {
        "type": "message",
        "user": "U050DA5Q1",
        "text": "Note I've added something new which can be taken out - but I thought it sounded good:  website order the news based on what is trending on twitter. So can be discussed",
        "ts": "1434305223.000203"
    },
    {
        "type": "message",
        "user": "U04U6FCFE",
        "text": "<https:\/\/docs.google.com\/document\/d\/11O7uDxd23mIlDEFVcPEKS6t45vyo6AbSHS2KZOVL-2g\/edit>",
        "ts": "1434312438.000204"
    },
    {
        "type": "message",
        "user": "U04U6FCFE",
        "text": "<@U050DA5Q1>: MVP doc",
        "ts": "1434312505.000205"
    },
    {
        "type": "message",
        "user": "U04U6FCFE",
        "text": "Feel free to make any changes you want. I won't be available much tomorrow. Hopefully this  will be my last trip to london until september.:pensive:",
        "ts": "1434312873.000206"
    },
    {
        "type": "message",
        "user": "U050DA5Q1",
        "text": "cheers i don't seem to have access - can you put it in the shared folder <https:\/\/drive.google.com\/open?id=0Bxyn9sNZXN2ofnNiT09oY2IxbnRrQWU5eUJYQUNGTnM1ZVA3MGFVRi10RzFKQmlWY2VwdUk&amp;authuser=1>",
        "ts": "1434313111.000207"
    },
    {
        "type": "message",
        "user": "U04U6FCFE",
        "text": "<@U050DA5Q1> sorry about that. I've aded it now. I don't seem to be able to add it to project mgmt so its just in the main project folder",
        "ts": "1434313542.000208"
    },
    {
        "type": "message",
        "user": "U050DA5Q1",
        "text": "cheers i'll add more stuff about the A\/B testing - i know the kind of thing they're looking for, is that OK ?",
        "ts": "1434313723.000209"
    },
    {
        "type": "message",
        "user": "U04U6FCFE",
        "text": "sounds good to me.",
        "ts": "1434313742.000210"
    },
    {
        "type": "message",
        "user": "U050DA5Q1",
        "text": "FYI in case anyone not familiar with A\/B, the idea is to have 2 versions of the website running, for example to check if we think users are put off by asking for their twitter id, 1 version of the site won't ask for their id, we measure how many new users stay on the site for each of the 2 versions.  That way you can try new features and measure if they work or not",
        "ts": "1434314045.000211"
    }
]