[
    {
        "type": "message",
        "user": "U04U6FCFE",
        "text": "<!everyone>: what time are we meeting today? ",
        "ts": "1435850049.000313"
    },
    {
        "type": "message",
        "user": "U050DA5Q1",
        "text": "9pm i believe - future meeting times i'll put in comms channel",
        "ts": "1435850249.000314"
    },
    {
        "type": "message",
        "user": "U04U6FCFE",
        "text": "Cheers <@U050DA5Q1> ",
        "ts": "1435850334.000315"
    },
    {
        "text": "<@U04UVKDC1|garryd> has started a Google+ Hangout for this channel. <https:\/\/plus.google.com\/hangouts\/_\/grhlump3rzx54lvxhzhyvzgojea|Click here to join>.",
        "username": "hangouts",
        "bot_id": "B04U323V2",
        "type": "message",
        "subtype": "bot_message",
        "ts": "1435867382.000316"
    },
    {
        "type": "message",
        "subtype": "file_share",
        "text": "<@U04U6FCFE|kevink> uploaded a file: <https:\/\/ucdproj.slack.com\/files\/kevink\/F0754D9EC\/tech_words.txt|tech_words.txt>",
        "file": {
            "id": "F0754D9EC",
            "created": 1435869222,
            "timestamp": 1435869222,
            "name": "tech_words.txt",
            "title": "tech_words.txt",
            "mimetype": "text\/plain",
            "filetype": "text",
            "pretty_type": "Plain Text",
            "user": "U04U6FCFE",
            "editable": true,
            "size": 5025,
            "mode": "snippet",
            "is_external": false,
            "external_type": "",
            "is_public": true,
            "public_url_shared": false,
            "display_as_bot": false,
            "username": "",
            "url": "https:\/\/slack-files.com\/files-pub\/T04UQLQPK-F0754D9EC-bca854e3af\/tech_words.txt",
            "url_download": "https:\/\/slack-files.com\/files-pub\/T04UQLQPK-F0754D9EC-bca854e3af\/download\/tech_words.txt",
            "url_private": "https:\/\/files.slack.com\/files-pri\/T04UQLQPK-F0754D9EC\/tech_words.txt",
            "url_private_download": "https:\/\/files.slack.com\/files-pri\/T04UQLQPK-F0754D9EC\/download\/tech_words.txt",
            "permalink": "https:\/\/ucdproj.slack.com\/files\/kevink\/F0754D9EC\/tech_words.txt",
            "permalink_public": "https:\/\/slack-files.com\/T04UQLQPK-F0754D9EC-bca854e3af",
            "edit_link": "https:\/\/ucdproj.slack.com\/files\/kevink\/F0754D9EC\/tech_words.txt\/edit",
            "preview": "24 hours in startups\n3D\n3D printing\n3DS\n4chan\n4G\n50 best apps\nAaron Swartz\nAcer\nActa",
            "preview_highlight": "<div class=\"sssh-code\"><div class=\"sssh-line\"><pre>24 hours in startups<\/pre><\/div>\n<div class=\"sssh-line\"><pre>3D<\/pre><\/div>\n<div class=\"sssh-line\"><pre>3D printing<\/pre><\/div>\n<div class=\"sssh-line\"><pre>3DS<\/pre><\/div>\n<div class=\"sssh-line\"><pre>4chan<\/pre><\/div>\n<div class=\"sssh-line\"><pre>4G<\/pre><\/div>\n<div class=\"sssh-line\"><pre>50 best apps<\/pre><\/div>\n<div class=\"sssh-line\"><pre>Aaron Swartz<\/pre><\/div>\n<div class=\"sssh-line\"><pre>Acer<\/pre><\/div>\n<div class=\"sssh-line\"><pre>Acta<\/pre><\/div>\n<\/div>",
            "lines": 410,
            "lines_more": 400,
            "channels": [
                "C04UQLQV7"
            ],
            "groups": [],
            "ims": [],
            "comments_count": 0
        },
        "user": "U04U6FCFE",
        "upload": true,
        "display_as_bot": false,
        "username": "<@U04U6FCFE|kevink>",
        "bot_id": null,
        "ts": "1435869223.000317"
    },
    {
        "type": "message",
        "user": "U04UQLQPP",
        "text": "Okay, added five topics, read in from csv, admin in db and output to user facing site",
        "ts": "1435881126.000318"
    },
    {
        "type": "message",
        "user": "U04UQLQPP",
        "text": "<@U04UVKDC1>: should be able to take from here, style it, put it on a user page",
        "ts": "1435881160.000319"
    },
    {
        "type": "message",
        "user": "U04UQLQPP",
        "text": "also made docker as fast as before, just have build a base image every time deps change (shouldn\u2019t be VERY often)",
        "ts": "1435881192.000320"
    }
]