[
    {
        "type": "message",
        "user": "U04UQLQPP",
        "text": "<!everyone>: quick update:\n\n* Selenium and unit tests working on both build providers (Travis and CircleCI)\n* Git Branching will follow this model: <http:\/\/danielkummer.github.io\/git-flow-cheatsheet\/>\n* Stories, <@U04UVKDC1> and I are fleshing out first few - will follow the initial diagram <@U050DA5Q1> had\n* Still working on how we version \/ explaining the release process \n\nIn the meantime, can play around with api's using python libraries and notebook server, like <@U04U6FCFE> 's example of twitter above!",
        "ts": "1433836646.000039"
    },
    {
        "type": "message",
        "user": "U04U63G46",
        "text": "Hi, can you see my updates to main page, ",
        "ts": "1433837287.000040"
    },
    {
        "type": "message",
        "user": "U04UQLQPP",
        "text": "<@U04U63G46>: which page?",
        "ts": "1433837376.000041"
    },
    {
        "type": "message",
        "user": "U04U63G46",
        "text": "Can you get updated version from github and run it",
        "ts": "1433839215.000042"
    },
    {
        "type": "message",
        "user": "U04UQLQPP",
        "text": "<@U04U63G46>: I can't see any updates",
        "ts": "1433840835.000043"
    },
    {
        "type": "message",
        "user": "U04UVKDC1",
        "text": "<!everyone> can you review these epics and stories which myself and Neil came up with, please change the document if you like <https:\/\/drive.google.com\/file\/d\/0BxaznkrdxEaqaHA1b0JoRFYwalE\/view?usp=sharing>",
        "ts": "1433856561.000044"
    },
    {
        "type": "message",
        "user": "U050DA5Q1",
        "text": "Thanks Garry i'll give feedback tonight cheers",
        "ts": "1433857606.000045"
    },
    {
        "type": "message",
        "user": "U04UQLQPP",
        "text": "<@U04U63G46>: which repo are you using? Please use: <https:\/\/github.com\/dueyfinster\/blackteam>",
        "ts": "1433861454.000046"
    },
    {
        "type": "message",
        "user": "U04UQLQPP",
        "text": "<https:\/\/drive.google.com\/open?id=1JYWdm9_9euFiKUUsSQShmWC1CGjJDiw5A84O5B0SXSU&amp;authuser=0> made it an editable doc",
        "ts": "1433861624.000047"
    },
    {
        "type": "message",
        "subtype": "file_share",
        "text": "<@U04UQLQPP|neilgrogan> shared a file: <https:\/\/ucdproj.slack.com\/files\/neilgrogan\/F064GU89J\/epicsfornewsfast|Epics for Newsfast>",
        "file": {
            "id": "F064GU89J",
            "created": 1433861625,
            "timestamp": 1433861625,
            "name": "EpicsforNewsfast",
            "title": "Epics for Newsfast",
            "mimetype": "application\/vnd.google-apps.document",
            "filetype": "gdoc",
            "pretty_type": "GDocs Document",
            "user": "U04UQLQPP",
            "editable": false,
            "size": 3055,
            "mode": "external",
            "is_external": true,
            "external_type": "gdrive",
            "is_public": true,
            "public_url_shared": false,
            "display_as_bot": false,
            "username": "",
            "url": "https:\/\/docs.google.com\/a\/grogan.ie\/document\/d\/1JYWdm9_9euFiKUUsSQShmWC1CGjJDiw5A84O5B0SXSU\/edit?usp=drivesdk",
            "url_private": "https:\/\/docs.google.com\/a\/grogan.ie\/document\/d\/1JYWdm9_9euFiKUUsSQShmWC1CGjJDiw5A84O5B0SXSU\/edit?usp=drivesdk",
            "thumb_64": "https:\/\/slack.global.ssl.fastly.net\/66f9\/img\/files\/gdraw_64.png",
            "thumb_360": "https:\/\/slack.global.ssl.fastly.net\/272a\/img\/files\/gdoc_360.png",
            "thumb_360_w": 360,
            "thumb_360_h": 167,
            "permalink": "https:\/\/ucdproj.slack.com\/files\/neilgrogan\/F064GU89J\/epicsfornewsfast",
            "channels": [
                "C04UQLQV7"
            ],
            "groups": [],
            "ims": [],
            "comments_count": 0
        },
        "user": "U04UQLQPP",
        "upload": false,
        "display_as_bot": false,
        "username": "<@U04UQLQPP|neilgrogan>",
        "bot_id": null,
        "ts": "1433861626.000048"
    },
    {
        "type": "message",
        "user": "U04U63G46",
        "text": "Yes, am using that repo, that's odd, will check my settings after work, seen your recent changes on that project,\n",
        "ts": "1433861692.000049"
    },
    {
        "type": "message",
        "user": "U04UQLQPP",
        "text": "<@U04U63G46>: ok, give me a shout if any issues",
        "ts": "1433861718.000050"
    },
    {
        "type": "message",
        "user": "U04UQLQPP",
        "text": "<!everyone>: as Garry said, everyone should review \/ critique \/edit <https:\/\/drive.google.com\/open?id=1JYWdm9_9euFiKUUsSQShmWC1CGjJDiw5A84O5B0SXSU&amp;authuser=0>  tonight, and we can discuss tomorrow night at 9pm. EPICs are just \"themes\/large stories\", as per this article: <http:\/\/www.mountaingoatsoftware.com\/blog\/stories-epics-and-themes> the idea is we break them down for Trello, and this is what is assigned \/ completed by the team towards the \"goal\" of completing the epic",
        "attachments": [
            {
                "text": "Scrum Team structure is critical for the success of any scrum project. Mike Cohn explains why and gives nine questions to assess scrum team structure.",
                "fallback": "Scrum Team structure is critical for the success of any scrum project. Mike Cohn explains why and gives nine questions to assess scrum team structure.",
                "from_url": "http:\/\/www.mountaingoatsoftware.com\/blog\/stories-epics-and-themes",
                "id": 1
            }
        ],
        "edited": {
            "user": "U04UQLQPP",
            "ts": "1433872824.000000"
        },
        "ts": "1433862210.000051"
    },
    {
        "type": "message",
        "subtype": "file_share",
        "text": "<@U04UQLQPP|neilgrogan> shared a file: <https:\/\/ucdproj.slack.com\/files\/neilgrogan\/F064GU89J\/epicsfornewsfast|Epics for Newsfast>",
        "file": {
            "id": "F064GU89J",
            "created": 1433861625,
            "timestamp": 1433861625,
            "name": "EpicsforNewsfast",
            "title": "Epics for Newsfast",
            "mimetype": "application\/vnd.google-apps.document",
            "filetype": "gdoc",
            "pretty_type": "GDocs Document",
            "user": "U04UQLQPP",
            "editable": false,
            "size": 3055,
            "mode": "external",
            "is_external": true,
            "external_type": "gdrive",
            "is_public": true,
            "public_url_shared": false,
            "display_as_bot": false,
            "username": "",
            "url": "https:\/\/docs.google.com\/a\/grogan.ie\/document\/d\/1JYWdm9_9euFiKUUsSQShmWC1CGjJDiw5A84O5B0SXSU\/edit?usp=drivesdk",
            "url_private": "https:\/\/docs.google.com\/a\/grogan.ie\/document\/d\/1JYWdm9_9euFiKUUsSQShmWC1CGjJDiw5A84O5B0SXSU\/edit?usp=drivesdk",
            "thumb_64": "https:\/\/slack.global.ssl.fastly.net\/66f9\/img\/files\/gdraw_64.png",
            "thumb_360": "https:\/\/slack.global.ssl.fastly.net\/272a\/img\/files\/gdoc_360.png",
            "thumb_360_w": 360,
            "thumb_360_h": 167,
            "permalink": "https:\/\/ucdproj.slack.com\/files\/neilgrogan\/F064GU89J\/epicsfornewsfast",
            "channels": [
                "C04UQLQV7"
            ],
            "groups": [],
            "ims": [],
            "comments_count": 0
        },
        "user": "U04UQLQPP",
        "upload": false,
        "display_as_bot": false,
        "username": "<@U04UQLQPP|neilgrogan>",
        "bot_id": null,
        "ts": "1433862210.000052"
    },
    {
        "type": "message",
        "subtype": "file_share",
        "text": "<@U050DA5Q1|larry> shared a file: <https:\/\/ucdproj.slack.com\/files\/larry\/F064ZG6RG\/celery|celery>",
        "file": {
            "id": "F064ZG6RG",
            "created": 1433879555,
            "timestamp": 1433879555,
            "name": "celery",
            "title": "celery",
            "mimetype": "text\/plain",
            "filetype": "space",
            "pretty_type": "Space",
            "user": "U050DA5Q1",
            "editable": true,
            "size": 1245,
            "mode": "space",
            "is_external": false,
            "external_type": "",
            "is_public": true,
            "public_url_shared": false,
            "display_as_bot": false,
            "username": "",
            "url": "https:\/\/slack-files.com\/files-pub\/T04UQLQPK-F064ZG6RG-94530c707c\/celery",
            "url_download": "https:\/\/slack-files.com\/files-pub\/T04UQLQPK-F064ZG6RG-94530c707c\/download\/celery",
            "url_private": "https:\/\/files.slack.com\/files-pri\/T04UQLQPK-F064ZG6RG\/celery",
            "url_private_download": "https:\/\/files.slack.com\/files-pri\/T04UQLQPK-F064ZG6RG\/download\/celery",
            "permalink": "https:\/\/ucdproj.slack.com\/files\/larry\/F064ZG6RG\/celery",
            "permalink_public": "https:\/\/slack-files.com\/T04UQLQPK-F064ZG6RG-94530c707c",
            "preview": "<document><p>Hi,<\/p><p>I ran the repo in this link <a href=\"http:\/\/www.syncano.com\/configuring-running-django-celery-docker-containers-pt-1\/\">celery<\/a> This is similar to our repo but with celery container added. Celery gives you distributed task processing - meaning the main web container can offload tasks to be done by the celery container - the workers. You can easily scale by creating multiple celery containers.<\/p><p>I played with it a bit .. seemed to work well and easy to use.<\/p><p>Any objections to me adding celery container to our repo ?  This won&#39;t add complexity but will add the option for offloading work. The option can be used or not. I think it should be a nice addition as it gives us better scalability on multiprocessor systems.<\/p><p>Before I add it i&#39;ll learn a bit more about it and add a wiki page on how we should use it. FYI I  have Fridays off from now on, so I&#39;ll have 3 full days each week to work on project which should be a lot.<\/p><\/document>",
            "updated": "1433880194",
            "channels": [
                "C04UQLQV7"
            ],
            "groups": [],
            "ims": [],
            "comments_count": 0
        },
        "user": "U050DA5Q1",
        "upload": false,
        "display_as_bot": false,
        "username": "<@U050DA5Q1|larry>",
        "bot_id": null,
        "ts": "1433880227.000055"
    },
    {
        "type": "message",
        "user": "U04UQLQPP",
        "text": "<@U050DA5Q1>: sounds great",
        "ts": "1433880274.000056"
    },
    {
        "type": "message",
        "user": "U04UQLQPP",
        "text": "<@U050DA5Q1>: add it on a feature branch",
        "ts": "1433880290.000057"
    },
    {
        "type": "message",
        "user": "U04UQLQPP",
        "text": "<@U050DA5Q1>: <http:\/\/danielkummer.github.io\/git-flow-cheatsheet\/> will help you get started to install git flow and shows command to branch off for a feature",
        "ts": "1433880340.000058"
    },
    {
        "type": "message",
        "user": "U04UQLQPP",
        "text": "<@U050DA5Q1>: I\u2019d just call feature branch celery",
        "ts": "1433880365.000059"
    },
    {
        "type": "message",
        "user": "U04UQLQPP",
        "text": "<@U050DA5Q1>: if you publish it back up I\u2019ll give ye a hand testing it",
        "ts": "1433880383.000060"
    },
    {
        "type": "message",
        "user": "U04UQLQPP",
        "text": "@Igor: you manage to sort issue you had earlier? Pushing to repo etc?",
        "ts": "1433880418.000061"
    },
    {
        "type": "message",
        "user": "U04UQLQPP",
        "text": "<@U04U63G46>: ^",
        "ts": "1433880424.000062"
    },
    {
        "type": "message",
        "user": "U04U63G46",
        "text": "it's looks strange, checked repo in web browser, and couldn't find any commits by me, checked locally on PyCharm - and it shows history. Thought maybe repo was different, no, it's looks same.Could be something stupid, will find it, will tell you",
        "ts": "1433880657.000063"
    },
    {
        "type": "message",
        "user": "U04U63G46",
        "text": "something related to branches",
        "ts": "1433880721.000064"
    },
    {
        "type": "message",
        "user": "U04UQLQPP",
        "text": "<@U04U63G46>: with git you have to push commits back to server",
        "ts": "1433880722.000065"
    },
    {
        "type": "message",
        "user": "U04UQLQPP",
        "text": "<@U04U63G46>: it\u2019s decentralised, so your local copy is effectively independent",
        "ts": "1433880753.000066"
    },
    {
        "type": "message",
        "user": "U04U63G46",
        "text": "how I can centralised it?",
        "ts": "1433880803.000067"
    },
    {
        "type": "message",
        "user": "U04U63G46",
        "text": "couldn't find any history commits on the server",
        "ts": "1433880833.000068"
    },
    {
        "type": "message",
        "user": "U04UQLQPP",
        "text": "<@U04U63G46>: git push is the command you need - try this interactive tutorial <http:\/\/pcottle.github.io\/learnGitBranching\/>",
        "attachments": [
            {
                "title": "Learn Git Branching",
                "title_link": "http:\/\/pcottle.github.io\/learnGitBranching\/",
                "text": "A interactive Git visualization tool to educate and challenge!",
                "fallback": "Learn Git Branching",
                "from_url": "http:\/\/pcottle.github.io\/learnGitBranching\/",
                "id": 1
            }
        ],
        "ts": "1433880904.000069"
    },
    {
        "type": "message",
        "user": "U04U63G46",
        "text": "horrible :simple_smile:, if I have to watch a video, how to use it, nobody, watching a videos about how to use ATMs and everyone using it :simple_smile:",
        "ts": "1433881019.000071"
    },
    {
        "type": "message",
        "user": "U04UQLQPP",
        "text": "<@U04U63G46>: no videos, you actually do stuff in tutorial! ^",
        "ts": "1433881082.000072"
    },
    {
        "type": "message",
        "user": "U04U63G46",
        "text": "ok, thanks",
        "ts": "1433881599.000073"
    },
    {
        "type": "message",
        "subtype": "file_share",
        "text": "<@U050DA5Q1|larry> shared a file: <https:\/\/ucdproj.slack.com\/files\/larry\/F06513D28\/git_basic_commands_in_case_useful|git basic commands in case useful>",
        "file": {
            "id": "F06513D28",
            "created": 1433881486,
            "timestamp": 1433881486,
            "name": "git_basic_commands_in_case_useful",
            "title": "git basic commands in case useful",
            "mimetype": "text\/plain",
            "filetype": "space",
            "pretty_type": "Space",
            "user": "U050DA5Q1",
            "editable": true,
            "size": 2792,
            "mode": "space",
            "is_external": false,
            "external_type": "",
            "is_public": true,
            "public_url_shared": false,
            "display_as_bot": false,
            "username": "",
            "url": "https:\/\/slack-files.com\/files-pub\/T04UQLQPK-F06513D28-e2f723e825\/git_basic_commands_in_case_useful",
            "url_download": "https:\/\/slack-files.com\/files-pub\/T04UQLQPK-F06513D28-e2f723e825\/download\/git_basic_commands_in_case_useful",
            "url_private": "https:\/\/files.slack.com\/files-pri\/T04UQLQPK-F06513D28\/git_basic_commands_in_case_useful",
            "url_private_download": "https:\/\/files.slack.com\/files-pri\/T04UQLQPK-F06513D28\/download\/git_basic_commands_in_case_useful",
            "permalink": "https:\/\/ucdproj.slack.com\/files\/larry\/F06513D28\/git_basic_commands_in_case_useful",
            "permalink_public": "https:\/\/slack-files.com\/T04UQLQPK-F06513D28-e2f723e825",
            "preview": "<document><p>Hi,<\/p><p>I&#39;m sure GIT is easy if you use it a lot, but it&#39;s head wrecking to dip in and out of...<\/p><p>I&#39;ve found this simple set of commands useful before - just copying here in case useful to anyone...<\/p><p>If you do a <b>git status<\/b> you should see output like so if you\u2019re on the \u2018master\u2019 branch: On branch master<\/p><p>To ensure you have the latest version of the master before committing your changes do the following:<\/p><\/document>",
            "updated": "1433881689",
            "channels": [
                "C04UQLQV7"
            ],
            "groups": [],
            "ims": [],
            "comments_count": 0
        },
        "user": "U050DA5Q1",
        "upload": false,
        "display_as_bot": false,
        "username": "<@U050DA5Q1|larry>",
        "bot_id": null,
        "ts": "1433881728.000074"
    },
    {
        "type": "message",
        "user": "U04U63G46",
        "text": "thanks, looks easy enough, I thought, will use PyCharm to do it, but it's looks something wrong with my PyCharm settings",
        "ts": "1433881966.000075"
    },
    {
        "type": "message",
        "user": "U04U63G46",
        "text": "on which branch I can submit changes, and if something goes wrong can be it rolled back?",
        "ts": "1433882153.000076"
    },
    {
        "type": "message",
        "user": "U04U63G46",
        "text": "I suppose: develop branch",
        "ts": "1433882199.000077"
    },
    {
        "type": "message",
        "user": "U04UQLQPP",
        "text": "<@U04U63G46>: yes, don\u2019t be afraid to make mistakes",
        "ts": "1433882257.000078"
    },
    {
        "type": "message",
        "user": "U04U63G46",
        "text": "ok,",
        "ts": "1433882292.000079"
    },
    {
        "type": "message",
        "user": "U04UQLQPP",
        "text": "<@U04U63G46>: can fix, what\u2019s more important is you have full access to contribute",
        "ts": "1433882299.000080"
    },
    {
        "type": "message",
        "user": "U050DA5Q1",
        "text": "<@U04UQLQPP>: cheers yes will give you shout on celery test -won't take me long to add but will be Fri or Sat",
        "ts": "1433882330.000081"
    },
    {
        "type": "message",
        "user": "U04UQLQPP",
        "text": "<@U050DA5Q1>: sounds good, this should probably be added as a spike now that I think in to the list posted earlier",
        "ts": "1433882391.000082"
    },
    {
        "type": "message",
        "user": "U04U63G46",
        "text": "<@U04UQLQPP>: can you check that I did correct commit and push",
        "ts": "1433883564.000083"
    },
    {
        "type": "message",
        "user": "U04UQLQPP",
        "text": "<@U04U63G46>: perfect",
        "ts": "1433883625.000084"
    },
    {
        "type": "message",
        "user": "U04UQLQPP",
        "text": "<@U04U63G46>: just need to fix selenium test, as you changed page title (which it checked)",
        "ts": "1433883700.000085"
    },
    {
        "type": "message",
        "user": "U04UQLQPP",
        "text": "<@U04U63G46>: can see links to builds in <#C050U8RFT>",
        "ts": "1433883717.000086"
    },
    {
        "type": "message",
        "user": "U04UQLQPP",
        "text": "<@U04U63G46>: web\/docker_django\/apps\/newsfast\/tests\/tests_func.py is the file",
        "ts": "1433883759.000087"
    },
    {
        "type": "message",
        "user": "U04U63G46",
        "text": "ok",
        "ts": "1433883842.000088"
    },
    {
        "type": "message",
        "user": "U04U63G46",
        "text": "<@U04UQLQPP>:  yeah, it's done",
        "ts": "1433884135.000089"
    },
    {
        "type": "message",
        "user": "U04UQLQPP",
        "text": "<@U04U63G46>: also the line just above startswith('d'))",
        "ts": "1433884218.000090"
    },
    {
        "type": "message",
        "user": "U04UQLQPP",
        "text": "to n",
        "ts": "1433884224.000091"
    },
    {
        "type": "message",
        "user": "U04U63G46",
        "text": "<@U04UQLQPP>: yeah, thanks, seet it",
        "ts": "1433884323.000092"
    },
    {
        "type": "message",
        "user": "U04UQLQPP",
        "text": "<@U04U63G46>: all deployed and everything: <http:\/\/csi6220-1-vm2.ucd.ie\/> congrats!",
        "ts": "1433884816.000093"
    },
    {
        "type": "message",
        "user": "U04U63G46",
        "text": "<@U04UQLQPP>:  cool, some starting point of the project, thinking, about to merge from multiple sources, and display more compactly",
        "ts": "1433885108.000094"
    },
    {
        "type": "message",
        "user": "U04U63G46",
        "text": "<@U04UQLQPP>: then news needs to be updated, when new arrives",
        "ts": "1433885144.000095"
    },
    {
        "type": "message",
        "user": "U04UQLQPP",
        "text": "<@U04U63G46>: yeah the epics reflect this too, I think we need \u201cvertical slices\u201d which is bare minimum to get a flow working from your and <@U050DA5Q1> \u2019s diagram and then build on that in a  controlled way",
        "ts": "1433885329.000096"
    },
    {
        "type": "message",
        "user": "U04UQLQPP",
        "text": "<@U04U63G46>: rather then getting too ambitious, get something **always** working. It\u2019s exactly what you\u2019ve done, thanks",
        "ts": "1433885369.000097"
    },
    {
        "type": "message",
        "user": "U04U63G46",
        "text": "<@U04UQLQPP>:  thanks, seen these diagrams and page layouts, all makes sense",
        "ts": "1433885486.000098"
    }
]