[
    {
        "type": "message",
        "user": "U04UQLQPP",
        "text": "yeah that too :wink:",
        "ts": "1435305787.000162"
    },
    {
        "type": "message",
        "user": "U04U6FCFE",
        "text": "<@U04UQLQPP>: cool,  I've started already so that should be grand.",
        "ts": "1435307207.000163"
    },
    {
        "type": "message",
        "user": "U04UQLQPP",
        "text": "Cool <@U04U6FCFE> template is in google docs folder",
        "ts": "1435320245.000164"
    },
    {
        "type": "message",
        "user": "U050DA5Q1",
        "text": "<@U04U63G46>: I'm trying the dev latest but not working ..",
        "ts": "1435341595.000165"
    },
    {
        "type": "message",
        "user": "U050DA5Q1",
        "text": "i get no stories on the page and I don't see any celery jobs - is there a step i need to do to start the job",
        "ts": "1435341647.000166"
    },
    {
        "type": "message",
        "user": "U04U63G46",
        "text": "yes, it is, if can join for the talk <https:\/\/plus.google.com\/hangouts\/_\/gy2or6lv6cfao2vwfr5rqpgc7ma?authuser=1&amp;hl=en-GB>",
        "ts": "1435347440.000167"
    },
    {
        "type": "message",
        "user": "U050DA5Q1",
        "text": "Sorry just out will check when I'm back about 45 mins thanks Igor",
        "ts": "1435348132.000168"
    },
    {
        "type": "message",
        "user": "U04UQLQPP",
        "text": "I\u2019ll do it when Larry is back, just ping me by mention",
        "ts": "1435348308.000169"
    },
    {
        "type": "message",
        "user": "U04U63G46",
        "text": "ok",
        "ts": "1435348589.000170"
    },
    {
        "type": "message",
        "user": "U04UQLQPP",
        "text": "added to ignore selenium test, want to see your code on the server",
        "ts": "1435348664.000171"
    },
    {
        "type": "message",
        "user": "U04UQLQPP",
        "text": "should be deploying soon",
        "ts": "1435348673.000172"
    },
    {
        "type": "message",
        "user": "U04UQLQPP",
        "text": "keep an eye on <#C050U8RFT>",
        "ts": "1435348687.000173"
    },
    {
        "type": "message",
        "user": "U04U63G46",
        "text": "ok,",
        "ts": "1435348728.000174"
    },
    {
        "type": "message",
        "user": "U050DA5Q1",
        "text": "back now",
        "ts": "1435350603.000175"
    },
    {
        "type": "message",
        "user": "U050DA5Q1",
        "text": "<@U04U63G46>: <@U04UQLQPP> I'm on the hangout",
        "ts": "1435350681.000176"
    },
    {
        "type": "message",
        "user": "U04U63G46",
        "text": "ok, one sec",
        "ts": "1435350855.000177"
    },
    {
        "type": "message",
        "user": "U04UQLQPP",
        "text": "<@U04U6FCFE>: here\u2019s template",
        "ts": "1435351899.000178"
    },
    {
        "type": "message",
        "subtype": "file_share",
        "text": "<@U04UQLQPP|neilgrogan> shared a file: <https:\/\/ucdproj.slack.com\/files\/neilgrogan\/F052PRBCJ\/businessmodelcanvas|Business Model Canvas>",
        "file": {
            "id": "F052PRBCJ",
            "created": 1432810570,
            "timestamp": 1432810570,
            "name": "BusinessModelCanvas",
            "title": "Business Model Canvas",
            "mimetype": "application\/vnd.google-apps.drawing",
            "filetype": "gdraw",
            "pretty_type": "GDocs Drawing",
            "user": "U04UQLQPP",
            "editable": false,
            "size": 954364,
            "mode": "external",
            "is_external": true,
            "external_type": "gdrive",
            "is_public": true,
            "public_url_shared": false,
            "display_as_bot": false,
            "username": "",
            "url": "https:\/\/docs.google.com\/a\/grogan.ie\/drawings\/d\/1va5Ug_0SgLS47bYyOn2bz7z7NWIS3VRg-8nF5bgNbXw\/edit?usp=drivesdk",
            "url_private": "https:\/\/docs.google.com\/a\/grogan.ie\/drawings\/d\/1va5Ug_0SgLS47bYyOn2bz7z7NWIS3VRg-8nF5bgNbXw\/edit?usp=drivesdk",
            "thumb_64": "https:\/\/slack.global.ssl.fastly.net\/66f9\/img\/files\/gdraw_64.png",
            "thumb_360": "https:\/\/slack.global.ssl.fastly.net\/272a\/img\/files\/gdoc_360.png",
            "thumb_360_w": 360,
            "thumb_360_h": 167,
            "permalink": "https:\/\/ucdproj.slack.com\/files\/neilgrogan\/F052PRBCJ\/businessmodelcanvas",
            "channels": [
                "C051M0V5Y",
                "C04UQLQV7"
            ],
            "groups": [],
            "ims": [],
            "comments_count": 0
        },
        "user": "U04UQLQPP",
        "upload": false,
        "display_as_bot": false,
        "username": "<@U04UQLQPP|neilgrogan>",
        "bot_id": null,
        "ts": "1435351901.000180"
    },
    {
        "type": "message",
        "user": "U050DA5Q1",
        "text": "FYI I'm doing the last slide on roadmap will have it for <@U04UVKDC1> manana",
        "ts": "1435352775.000182"
    },
    {
        "type": "message",
        "user": "U04UQLQPP",
        "text": "cool <@U050DA5Q1>",
        "ts": "1435352895.000183"
    },
    {
        "type": "message",
        "user": "U04UQLQPP",
        "text": "just add task in Trello",
        "ts": "1435352903.000184"
    },
    {
        "type": "message",
        "user": "U050DA5Q1",
        "text": "you're Trello'd up to the max neilgrogan  !",
        "ts": "1435352952.000185"
    },
    {
        "type": "message",
        "user": "U04UQLQPP",
        "text": "yeah need to keep track of where we\u2019re at",
        "ts": "1435352975.000186"
    },
    {
        "type": "message",
        "user": "U04UQLQPP",
        "text": ":sweat_smile:",
        "ts": "1435352985.000187"
    },
    {
        "type": "message",
        "user": "U050DA5Q1",
        "text": "i'll add a checklist to Garrys trello card ..",
        "ts": "1435353072.000188"
    },
    {
        "type": "message",
        "user": "U04UQLQPP",
        "text": "ok",
        "ts": "1435353122.000189"
    },
    {
        "type": "message",
        "user": "U04UQLQPP",
        "text": "see two minds better then one <@U050DA5Q1> :coffee:",
        "ts": "1435353259.000190"
    },
    {
        "type": "message",
        "user": "U050DA5Q1",
        "text": "cool icon",
        "ts": "1435353280.000191"
    },
    {
        "type": "message",
        "user": "U04UQLQPP",
        "text": "lots of emoji, just start with colon and type a word :space_invader:",
        "ts": "1435353319.000192"
    },
    {
        "type": "message",
        "user": "U050DA5Q1",
        "text": "wow",
        "ts": "1435353356.000193"
    },
    {
        "type": "message",
        "user": "U050DA5Q1",
        "text": ":traffic_light:",
        "ts": "1435353403.000194"
    },
    {
        "type": "message",
        "user": "U050DA5Q1",
        "text": ":football:",
        "ts": "1435353416.000195"
    },
    {
        "type": "message",
        "user": "U050DA5Q1",
        "text": "damn Americans - football is the wrong shape",
        "ts": "1435353435.000196"
    },
    {
        "type": "message",
        "user": "U050DA5Q1",
        "text": ":soccer:",
        "ts": "1435353445.000197"
    },
    {
        "type": "message",
        "user": "U050DA5Q1",
        "text": "yay soccer - ok i'll stop now",
        "ts": "1435353454.000198"
    },
    {
        "type": "message",
        "user": "U04UVKDC1",
        "text": "cheers lads",
        "ts": "1435353513.000199"
    },
    {
        "type": "message",
        "user": "U04UVKDC1",
        "text": "just getting my local VM  installed again",
        "ts": "1435353545.000200"
    },
    {
        "type": "message",
        "user": "U04UVKDC1",
        "text": "and will be at UX for next 3 days",
        "ts": "1435353561.000201"
    },
    {
        "type": "message",
        "user": "U050DA5Q1",
        "text": "<@U04U63G46>: <@U04UQLQPP> thinking .. what about just running Igors job in its own container - that makes a lot of sense to me as it runs forever, it can be scaled by adding containers. No change to views because its just reading from DB. Celery is pefect for offloading work from web but this is work that can just be started by itself and run. Would take me 30 mins i'd say to put in a new container. Will i give it a go ?",
        "ts": "1435355812.000202"
    },
    {
        "type": "message",
        "user": "U04U63G46",
        "text": "yeah, makes sense, and Celery it couldn't run while true as well",
        "ts": "1435355898.000203"
    },
    {
        "type": "message",
        "user": "U050DA5Q1",
        "text": "Will get back to you shortly .. giving it a go now .. should't take long",
        "ts": "1435355951.000204"
    },
    {
        "type": "message",
        "user": "U04U63G46",
        "text": "ok, fixing process_rss_feeds function,",
        "ts": "1435356028.000205"
    },
    {
        "type": "message",
        "user": "U04UQLQPP",
        "text": "<@U050DA5Q1>: my understanding is like cron, celery can schedule tasks every X seconds",
        "ts": "1435356810.000206"
    },
    {
        "type": "message",
        "user": "U04UQLQPP",
        "text": "<@U050DA5Q1>: we can consider that once it\u2019s working",
        "ts": "1435356830.000207"
    },
    {
        "type": "message",
        "user": "U050DA5Q1",
        "text": "yeah fair enough and also it needs access to the django models to write to db",
        "ts": "1435356877.000208"
    },
    {
        "type": "message",
        "user": "U050DA5Q1",
        "text": "so its not the easy thing i thought - will see if i can start job as is",
        "ts": "1435356944.000209"
    },
    {
        "type": "message",
        "user": "U050DA5Q1",
        "text": "getting error:\nAttributeError at \/LARjobs\/\n'function' object has no attribute 'delay'\nRequest Method:\tPOST\nRequest URL:\t<http:\/\/192.168.99.101\/LARjobs\/>\nDjango Version:\t1.8.1\nException Type:\tAttributeError\nException Value:\t\n'function' object has no attribute 'delay'\nException Location:\t\/usr\/src\/app\/docker_django\/apps\/newsfast\/models.py in save, line 79\nPython Executable:\t\/usr\/local\/bin\/python3.4\nPython Version:\t3.4.2\nPython Path:\t\n['\/usr\/src\/app',\n '\/usr\/local\/bin',\n '\/usr\/local\/lib\/python34.zip',\n '\/usr\/local\/lib\/python3.4',\n '\/usr\/local\/lib\/python3.4\/plat-linux',\n '\/usr\/local\/lib\/python3.4\/lib-dynload',\n '\/usr\/local\/lib\/python3.4\/site-packages',\n '\/usr\/src\/app']\nServer time:\tFri, 26 Jun 2015 21:36:28 +0000",
        "ts": "1435356963.000210"
    },
    {
        "type": "message",
        "user": "U04U63G46",
        "text": "don't worry, about, already changed, basically pass dummy parameter, and comment out asynchro, also return that dummy value",
        "ts": "1435357070.000211"
    },
    {
        "type": "message",
        "user": "U04U63G46",
        "text": "workaround",
        "ts": "1435357094.000212"
    },
    {
        "type": "message",
        "user": "U050DA5Q1",
        "text": "cool i was just trying tht",
        "ts": "1435357210.000213"
    },
    {
        "type": "message",
        "user": "U050DA5Q1",
        "text": "so works ?",
        "ts": "1435357219.000214"
    },
    {
        "type": "message",
        "user": "U04U63G46",
        "text": "works, it runs quickly ignoring while true",
        "ts": "1435357253.000215"
    },
    {
        "type": "message",
        "user": "U04U63G46",
        "text": "but it's doesn't save articlebuffer items, which as well produces no posts on home page, fixing now",
        "ts": "1435357324.000216"
    },
    {
        "type": "message",
        "user": "U050DA5Q1",
        "text": "so it runs once is that right and returns a value True or something ?",
        "ts": "1435357339.000217"
    },
    {
        "type": "message",
        "user": "U04U63G46",
        "text": "it save items to article table once",
        "ts": "1435357353.000218"
    },
    {
        "type": "message",
        "user": "U050DA5Q1",
        "text": "cool thats what i was thinking too - that it need to run and return a result",
        "ts": "1435357389.000219"
    },
    {
        "type": "message",
        "user": "U050DA5Q1",
        "text": "well done nice one <@U04U63G46>",
        "ts": "1435357401.000220"
    },
    {
        "type": "message",
        "user": "U04U63G46",
        "text": "yeah, thanks, it's simply returns now dummy value, which I pass as parameter",
        "ts": "1435357471.000221"
    },
    {
        "type": "message",
        "user": "U050DA5Q1",
        "text": "nice so we need to schedule it like Neil mentioned <http:\/\/celery.readthedocs.org\/en\/latest\/userguide\/periodic-tasks.html>",
        "ts": "1435357504.000222"
    },
    {
        "type": "message",
        "user": "U04U63G46",
        "text": "ok, nice, than while true doesn't need inside method",
        "ts": "1435357615.000223"
    },
    {
        "type": "message",
        "user": "U050DA5Q1",
        "text": "that can be added later",
        "ts": "1435357732.000224"
    },
    {
        "type": "message",
        "user": "U050DA5Q1",
        "text": "when its working at all pls add to dev so i can do the keyword extraction",
        "ts": "1435357780.000225"
    },
    {
        "type": "message",
        "user": "U050DA5Q1",
        "text": "tomorrow is ok of course ... i can look at slide before that",
        "ts": "1435357805.000226"
    },
    {
        "type": "message",
        "user": "U050DA5Q1",
        "text": "Cheers",
        "ts": "1435357807.000227"
    },
    {
        "type": "message",
        "user": "U04U63G46",
        "text": "ok, one thing, I am thinking, if one job in Celery is not finished yet processing in scheduler, and than next will kicks off, then it could mess around with our table data",
        "ts": "1435357834.000228"
    },
    {
        "type": "message",
        "user": "U04U63G46",
        "text": "probably, needs to be checked status of the job",
        "ts": "1435357865.000229"
    },
    {
        "type": "message",
        "user": "U050DA5Q1",
        "text": "right good thought",
        "ts": "1435358143.000230"
    },
    {
        "type": "message",
        "user": "U04U63G46",
        "text": "will think about it latter, fixing my code, hopefully will post updates soon",
        "ts": "1435358215.000231"
    },
    {
        "type": "message",
        "user": "U050DA5Q1",
        "text": "cool cheers",
        "ts": "1435358226.000232"
    }
]