[
    {
        "type": "message",
        "user": "U050DA5Q1",
        "text": "<!everyone>: just looking at user model - looks straightforward in django. Just wondering if we need ERD for the whole system - as each model is a table and we need the classic relationships between them. Might save time overall if we have a text description and ERD.",
        "ts": "1434799851.000059"
    },
    {
        "type": "message",
        "user": "U050DA5Q1",
        "text": "<!everyone>: Does anyone not fancy doing the slides for Tuesday ? No response means you're OK to do it !",
        "ts": "1434803899.000060"
    },
    {
        "type": "message",
        "user": "U04UQLQPP",
        "text": "\u00af\\_(\u30c4)_\/\u00af",
        "ts": "1434809613.000061"
    },
    {
        "type": "message",
        "user": "U04U6FCFE",
        "text": "Yes I don't fancy doing it. I think.",
        "ts": "1434810809.000062"
    }
]