[
    {
        "username": "IFTTT",
        "icons": {
            "image_48": "https:\/\/slack.global.ssl.fastly.net\/66f9\/img\/services\/ifttt_48.png"
        },
        "attachments": [
            {
                "title": "Project Meeting",
                "title_link": "https:\/\/www.google.com\/calendar\/event?eid=XzZzcjM4ZTFoY2ttbThvcHA2b3EzMnAzMzVrb202cGI1NWtxNmFvajY1a3MzaWU5azVrcjM0b3IzY3BqNjZlOXBjbGdqOCBncm9nYW4uaWVfdXRyMWcyb2UyZDNycXY2aGszdGRncjcydDRAZw",
                "text": "<!everyone> Starts August 15, 2015 at 10:00AM",
                "fallback": "<!everyone> Starts August 15, 2015 at 10:00AM",
                "mrkdwn_in": [
                    "text",
                    "pretext"
                ]
            }
        ],
        "mrkdwn": true,
        "type": "message",
        "subtype": "bot_message",
        "ts": "1439628571.000151"
    },
    {
        "type": "message",
        "user": "U04UVKDC1",
        "text": "Feedback from Brian on Demo",
        "edited": {
            "user": "U04UVKDC1",
            "ts": "1439637526.000000"
        },
        "ts": "1439637506.000152"
    },
    {
        "type": "message",
        "user": "U04UVKDC1",
        "text": "General Feedback\n\nSystem diagram to show key things\/how key feature is working\n\nReadable text on presentation\n\n\nOur Feedback\n\nBack up why we will break even in 45 days (Demo - Business)\n\nLeave out demo of our user instruction page below sign in (Demo)\n\nOnly talk about features we have (Demo)\n\nUse the ranking (Demo)\n\nWrite about copyright issues  (report)\n\nTweets are through twitter widget \u2013 we dont store them (report)",
        "ts": "1439637509.000153"
    },
    {
        "type": "message",
        "user": "U050DA5Q1",
        "text": "@garry cheers for that. Brians comments on docs: \n* Label all figures and refer to them\n* Use Numbered subsections\n* Split FE BE and Integration\n* In Tech section say why something was done\n* Use Main headings from template\n* Make the user section more targeted towards users\n* Tech section - numbered sections - tee up sections with overview\n* List competitors at start of the Core problem we solve\n* Explain the personalisation better\n* Add screenshots\n* Business - support for user ramp up.\n* Anti mobile - change this",
        "ts": "1439683798.000155"
    }
]