[
    {
        "username": "IFTTT",
        "icons": {
            "image_48": "https:\/\/slack.global.ssl.fastly.net\/66f9\/img\/services\/ifttt_48.png"
        },
        "attachments": [
            {
                "title": "Yellow Team Presentation",
                "title_link": "https:\/\/www.google.com\/calendar\/event?eid=XzZzcjM4ZTFoY2ttajJkcGdjZ3MzYWNiMjVsaG04YzM1NWtxM2dwYjI1bGdqYWM5bDVrcjNlZTlvNjloMzBvYjM2Y3JqZyBncm9nYW4uaWVfdXRyMWcyb2UyZDNycXY2aGszdGRncjcydDRAZw",
                "text": "<!everyone> Starts August 18, 2015 at 10:00AM",
                "fallback": "<!everyone> Starts August 18, 2015 at 10:00AM",
                "mrkdwn_in": [
                    "text",
                    "pretext"
                ]
            }
        ],
        "mrkdwn": true,
        "type": "message",
        "subtype": "bot_message",
        "ts": "1439887767.000190"
    },
    {
        "username": "IFTTT",
        "icons": {
            "image_48": "https:\/\/slack.global.ssl.fastly.net\/66f9\/img\/services\/ifttt_48.png"
        },
        "attachments": [
            {
                "title": "Final Presentations Part 1",
                "title_link": "https:\/\/www.google.com\/calendar\/event?eid=XzZzcjM4ZTFoY2ttazhnYTY2aDFrNGdoaTVrcWowZ3BvNWtxM2FkaG41a3NqYWQxbzVrcjNhaDlrNzUwajhncGw4b28zYSBncm9nYW4uaWVfdXRyMWcyb2UyZDNycXY2aGszdGRncjcydDRAZw",
                "text": "<!everyone> Starts August 18, 2015 at 10:00AM",
                "fallback": "<!everyone> Starts August 18, 2015 at 10:00AM",
                "mrkdwn_in": [
                    "text",
                    "pretext"
                ]
            }
        ],
        "mrkdwn": true,
        "type": "message",
        "subtype": "bot_message",
        "ts": "1439887767.000191"
    },
    {
        "username": "IFTTT",
        "icons": {
            "image_48": "https:\/\/slack.global.ssl.fastly.net\/66f9\/img\/services\/ifttt_48.png"
        },
        "attachments": [
            {
                "title": "Brown Team Presentation",
                "title_link": "https:\/\/www.google.com\/calendar\/event?eid=XzZzcjM4ZTFoY2ttbTRvYjJjcGhtY2UzMTVrczY4cDFqNWtxNjJvOW41bGg2NGMzMTVrb2phcDM0Y29wajZkajU2NHMzNiBncm9nYW4uaWVfdXRyMWcyb2UyZDNycXY2aGszdGRncjcydDRAZw",
                "text": "<!everyone> Starts August 18, 2015 at 10:30AM",
                "fallback": "<!everyone> Starts August 18, 2015 at 10:30AM",
                "mrkdwn_in": [
                    "text",
                    "pretext"
                ]
            }
        ],
        "mrkdwn": true,
        "type": "message",
        "subtype": "bot_message",
        "ts": "1439889615.000192"
    },
    {
        "username": "IFTTT",
        "icons": {
            "image_48": "https:\/\/slack.global.ssl.fastly.net\/66f9\/img\/services\/ifttt_48.png"
        },
        "attachments": [
            {
                "title": "Green Team Presentation",
                "title_link": "https:\/\/www.google.com\/calendar\/event?eid=XzZzcjM4ZTFoY2ttajhlMWo3NHAzOG9oazVrcTYyZHIyNWtxNjZjcGs1bGdtNmNqMzVrcDY2ZTFnNjlqM2FkOXBjcGdtNCBncm9nYW4uaWVfdXRyMWcyb2UyZDNycXY2aGszdGRncjcydDRAZw",
                "text": "<!everyone> Starts August 18, 2015 at 11:00AM",
                "fallback": "<!everyone> Starts August 18, 2015 at 11:00AM",
                "mrkdwn_in": [
                    "text",
                    "pretext"
                ]
            }
        ],
        "mrkdwn": true,
        "type": "message",
        "subtype": "bot_message",
        "ts": "1439891349.000193"
    },
    {
        "username": "IFTTT",
        "icons": {
            "image_48": "https:\/\/slack.global.ssl.fastly.net\/66f9\/img\/services\/ifttt_48.png"
        },
        "attachments": [
            {
                "title": "Pink Team Presentation",
                "title_link": "https:\/\/www.google.com\/calendar\/event?eid=XzZzcjM4ZTFoY2ttajJwaG42MWhqZ2RwajVrcDM4ZGI0NWtxNmFwMWg1bGg2OHBqMzVsaGphb2ozYzRxNjJjaGw3NHMzYSBncm9nYW4uaWVfdXRyMWcyb2UyZDNycXY2aGszdGRncjcydDRAZw",
                "text": "<!everyone> Starts August 18, 2015 at 11:30AM",
                "fallback": "<!everyone> Starts August 18, 2015 at 11:30AM",
                "mrkdwn_in": [
                    "text",
                    "pretext"
                ]
            }
        ],
        "mrkdwn": true,
        "type": "message",
        "subtype": "bot_message",
        "ts": "1439893134.000194"
    },
    {
        "username": "IFTTT",
        "icons": {
            "image_48": "https:\/\/slack.global.ssl.fastly.net\/66f9\/img\/services\/ifttt_48.png"
        },
        "attachments": [
            {
                "title": "Purple Team Presentation",
                "title_link": "https:\/\/www.google.com\/calendar\/event?eid=XzZzcjM4ZTFoY2ttamlkMzVjb3FtY2U5bTVrcjM0b2oyNWtxM2VjMWo1a3NqZWRqMjVrcDM4bzlwNmhoNmFkYjNjaGhtYyBncm9nYW4uaWVfdXRyMWcyb2UyZDNycXY2aGszdGRncjcydDRAZw",
                "text": "<!everyone> Starts August 18, 2015 at 12:00PM",
                "fallback": "<!everyone> Starts August 18, 2015 at 12:00PM",
                "mrkdwn_in": [
                    "text",
                    "pretext"
                ]
            }
        ],
        "mrkdwn": true,
        "type": "message",
        "subtype": "bot_message",
        "ts": "1439895041.000195"
    },
    {
        "username": "IFTTT",
        "icons": {
            "image_48": "https:\/\/slack.global.ssl.fastly.net\/66f9\/img\/services\/ifttt_48.png"
        },
        "attachments": [
            {
                "title": "Lunch Break",
                "title_link": "https:\/\/www.google.com\/calendar\/event?eid=XzZzcjM4ZTFoY2ttbTRkMzNjb3BqZXBqNjVrbzM0ZDlvNWtxNjZlMzM1a3NtOGM5cDVrcjNjb2hoNzVqNjRkOWxjOWhqMCBncm9nYW4uaWVfdXRyMWcyb2UyZDNycXY2aGszdGRncjcydDRAZw",
                "text": "<!everyone> Starts August 18, 2015 at 12:25PM",
                "fallback": "<!everyone> Starts August 18, 2015 at 12:25PM",
                "mrkdwn_in": [
                    "text",
                    "pretext"
                ]
            }
        ],
        "mrkdwn": true,
        "type": "message",
        "subtype": "bot_message",
        "ts": "1439896728.000196"
    },
    {
        "username": "IFTTT",
        "icons": {
            "image_48": "https:\/\/slack.global.ssl.fastly.net\/66f9\/img\/services\/ifttt_48.png"
        },
        "attachments": [
            {
                "title": "Final Presentations Part 2",
                "title_link": "https:\/\/www.google.com\/calendar\/event?eid=XzZzcjM4ZTFoY2ttbTRjcGw3MG8zMmMzMjVsaWoyZWI0NWtxM2NvaHA1bGgzY29iMjVsaWowY2hrNjRvM2FlMW9jZ3EzMiBncm9nYW4uaWVfdXRyMWcyb2UyZDNycXY2aGszdGRncjcydDRAZw",
                "text": "<!everyone> Starts August 18, 2015 at 01:15PM",
                "fallback": "<!everyone> Starts August 18, 2015 at 01:15PM",
                "mrkdwn_in": [
                    "text",
                    "pretext"
                ]
            }
        ],
        "mrkdwn": true,
        "type": "message",
        "subtype": "bot_message",
        "ts": "1439899424.000197"
    },
    {
        "username": "IFTTT",
        "icons": {
            "image_48": "https:\/\/slack.global.ssl.fastly.net\/66f9\/img\/services\/ifttt_48.png"
        },
        "attachments": [
            {
                "title": "Red Team Presentation",
                "title_link": "https:\/\/www.google.com\/calendar\/event?eid=XzZzcjM4ZTFoY2ttbThjMzFjNHIzMG9iNjVsaG1jY2o1NWtxNjhwaG41bGdtNnAzNTVrcWoycDMyY2tyNjJwYjNjb28zNCBncm9nYW4uaWVfdXRyMWcyb2UyZDNycXY2aGszdGRncjcydDRAZw",
                "text": "<!everyone> Starts August 18, 2015 at 01:15PM",
                "fallback": "<!everyone> Starts August 18, 2015 at 01:15PM",
                "mrkdwn_in": [
                    "text",
                    "pretext"
                ]
            }
        ],
        "mrkdwn": true,
        "type": "message",
        "subtype": "bot_message",
        "ts": "1439899424.000198"
    },
    {
        "username": "IFTTT",
        "icons": {
            "image_48": "https:\/\/slack.global.ssl.fastly.net\/66f9\/img\/services\/ifttt_48.png"
        },
        "attachments": [
            {
                "title": "Blue Team Presentation",
                "title_link": "https:\/\/www.google.com\/calendar\/event?eid=XzZzcjM4ZTFoY2ttajJwOWw3MHAzMmUzNTVrbzNjY2hnNWtxNjRwMWs1bGgzZWNoaTVrc2plY2IyNnNybTRkMzU2MHMzMCBncm9nYW4uaWVfdXRyMWcyb2UyZDNycXY2aGszdGRncjcydDRAZw",
                "text": "<!everyone> Starts August 18, 2015 at 01:45PM",
                "fallback": "<!everyone> Starts August 18, 2015 at 01:45PM",
                "mrkdwn_in": [
                    "text",
                    "pretext"
                ]
            }
        ],
        "mrkdwn": true,
        "type": "message",
        "subtype": "bot_message",
        "ts": "1439901239.000199"
    },
    {
        "username": "IFTTT",
        "icons": {
            "image_48": "https:\/\/slack.global.ssl.fastly.net\/66f9\/img\/services\/ifttt_48.png"
        },
        "attachments": [
            {
                "title": "Burgundy Team Presentation",
                "title_link": "https:\/\/www.google.com\/calendar\/event?eid=XzZzcjM4ZTFoY2ttbTJwaG9ja3EzYWRyMzVrcjNlZTM0NWtxMzRwajQ1bGdqNGUxbzVsZ2phb2hwNjhzMzhwOW43MWkzaSBncm9nYW4uaWVfdXRyMWcyb2UyZDNycXY2aGszdGRncjcydDRAZw",
                "text": "<!everyone> Starts August 18, 2015 at 02:15PM",
                "fallback": "<!everyone> Starts August 18, 2015 at 02:15PM",
                "mrkdwn_in": [
                    "text",
                    "pretext"
                ]
            }
        ],
        "mrkdwn": true,
        "type": "message",
        "subtype": "bot_message",
        "ts": "1439903053.000200"
    },
    {
        "username": "IFTTT",
        "icons": {
            "image_48": "https:\/\/slack.global.ssl.fastly.net\/66f9\/img\/services\/ifttt_48.png"
        },
        "attachments": [
            {
                "title": "Beige Team Presentation",
                "title_link": "https:\/\/www.google.com\/calendar\/event?eid=XzZzcjM4ZTFoY2ttamlwYjE2MWk2Y2RwZzVsZ2o4cGhpNWtxMzZkaGw1bGdtMmMxaTVrcGowZWIyY3BqNjRwYjQ3MHAzYSBncm9nYW4uaWVfdXRyMWcyb2UyZDNycXY2aGszdGRncjcydDRAZw",
                "text": "<!everyone> Starts August 18, 2015 at 02:45PM",
                "fallback": "<!everyone> Starts August 18, 2015 at 02:45PM",
                "mrkdwn_in": [
                    "text",
                    "pretext"
                ]
            }
        ],
        "mrkdwn": true,
        "type": "message",
        "subtype": "bot_message",
        "ts": "1439904851.000201"
    },
    {
        "username": "IFTTT",
        "icons": {
            "image_48": "https:\/\/slack.global.ssl.fastly.net\/66f9\/img\/services\/ifttt_48.png"
        },
        "attachments": [
            {
                "title": "Black Team Presentation",
                "title_link": "https:\/\/www.google.com\/calendar\/event?eid=XzZzcjM4ZTFoY2ttbTRlYjM2bGg2OGRqMzVsaTM0Y2hpNWtxM2NlMW41bGgzNnAxbjVrcWo2ZHBoNnBoNjZlOXA2NG8zZSBncm9nYW4uaWVfdXRyMWcyb2UyZDNycXY2aGszdGRncjcydDRAZw",
                "text": "<!everyone> Starts August 18, 2015 at 03:15PM",
                "fallback": "<!everyone> Starts August 18, 2015 at 03:15PM",
                "mrkdwn_in": [
                    "text",
                    "pretext"
                ]
            }
        ],
        "mrkdwn": true,
        "type": "message",
        "subtype": "bot_message",
        "ts": "1439906696.000202"
    }
]