[
    {
        "type": "message",
        "user": "U04UQLQPP",
        "text": "<@U04U6FCFE>: added",
        "ts": "1432801919.000075"
    },
    {
        "type": "message",
        "user": "U04UQLQPP",
        "text": "if the notifications bother anyone, they're configurable per channel. Some channels like <#C050U8RFT> and <#C051LUURW> have a lot of messages in them",
        "ts": "1432801980.000076"
    },
    {
        "type": "message",
        "user": "U04UQLQPP",
        "text": "<@U050DA5Q1>; for vim, here's plugins I use: <https:\/\/github.com\/dueyfinster\/dotfiles\/blob\/master\/link\/.vimrc#L15-L41>",
        "attachments": [
            {
                "service_name": "GitHub",
                "title": "dueyfinster\/dotfiles",
                "title_link": "https:\/\/github.com\/dueyfinster\/dotfiles\/blob\/master\/link\/.vimrc",
                "text": "dotfiles - My Dotfiles",
                "fallback": "GitHub: dueyfinster\/dotfiles",
                "thumb_url": "https:\/\/avatars2.githubusercontent.com\/u\/166151?v=3&s=400",
                "from_url": "https:\/\/github.com\/dueyfinster\/dotfiles\/blob\/master\/link\/.vimrc",
                "thumb_width": 400,
                "thumb_height": 400,
                "id": 1
            }
        ],
        "ts": "1432802341.000077"
    },
    {
        "type": "message",
        "user": "U04UQLQPP",
        "text": "<!everyone> looked around for business model canvas templates, this is best one I could find <https:\/\/docs.google.com\/drawings\/d\/1va5Ug_0SgLS47bYyOn2bz7z7NWIS3VRg-8nF5bgNbXw\/edit>",
        "ts": "1432810568.000079"
    },
    {
        "type": "message",
        "subtype": "file_share",
        "text": "<@U04UQLQPP|neilgrogan> shared a file: <https:\/\/ucdproj.slack.com\/files\/neilgrogan\/F052PRBCJ\/businessmodelcanvas|Business Model Canvas>",
        "file": {
            "id": "F052PRBCJ",
            "created": 1432810570,
            "timestamp": 1432810570,
            "name": "BusinessModelCanvas",
            "title": "Business Model Canvas",
            "mimetype": "application\/vnd.google-apps.drawing",
            "filetype": "gdraw",
            "pretty_type": "GDocs Drawing",
            "user": "U04UQLQPP",
            "editable": false,
            "size": 954364,
            "mode": "external",
            "is_external": true,
            "external_type": "gdrive",
            "is_public": true,
            "public_url_shared": false,
            "display_as_bot": false,
            "username": "",
            "url": "https:\/\/docs.google.com\/a\/grogan.ie\/drawings\/d\/1va5Ug_0SgLS47bYyOn2bz7z7NWIS3VRg-8nF5bgNbXw\/edit?usp=drivesdk",
            "url_private": "https:\/\/docs.google.com\/a\/grogan.ie\/drawings\/d\/1va5Ug_0SgLS47bYyOn2bz7z7NWIS3VRg-8nF5bgNbXw\/edit?usp=drivesdk",
            "thumb_64": "https:\/\/slack.global.ssl.fastly.net\/66f9\/img\/files\/gdraw_64.png",
            "thumb_360": "https:\/\/slack.global.ssl.fastly.net\/272a\/img\/files\/gdoc_360.png",
            "thumb_360_w": 360,
            "thumb_360_h": 167,
            "permalink": "https:\/\/ucdproj.slack.com\/files\/neilgrogan\/F052PRBCJ\/businessmodelcanvas",
            "channels": [
                "C051M0V5Y",
                "C04UQLQV7"
            ],
            "groups": [],
            "ims": [],
            "comments_count": 0
        },
        "user": "U04UQLQPP",
        "upload": false,
        "display_as_bot": false,
        "username": "<@U04UQLQPP|neilgrogan>",
        "bot_id": null,
        "ts": "1432810570.000080"
    },
    {
        "type": "message",
        "user": "U04UQLQPP",
        "text": "It's a drawing and not a spreadsheet, but it's much more attractive",
        "ts": "1432810592.000081"
    },
    {
        "type": "message",
        "user": "U04UQLQPP",
        "text": "it's in business folder in our google drive shared folder",
        "ts": "1432810673.000082"
    },
    {
        "type": "message",
        "user": "U04UVKDC1",
        "text": "Cool have a look at this one in Trello <https:\/\/trello.com\/b\/6tSwsTCG\/business-model-canvas>",
        "ts": "1432814670.000083"
    },
    {
        "type": "message",
        "user": "U04U6FCFE",
        "text": "<!everyone>: We can discuss later if you have any issues but i was going to point myself forward as the point of contact for the testing both by and for the other teams.",
        "ts": "1432834823.000084"
    },
    {
        "type": "message",
        "user": "U04U6FCFE",
        "text": "<!everyone>: Also  I can take care of the testing itself for the other team.  I think it's easier if 1 person does it. if they are doing anything worth \"borrowing\" i'll get you guys to look at it aswell.",
        "ts": "1432834874.000085"
    },
    {
        "type": "message",
        "user": "U04UQLQPP",
        "text": "<@U04U6FCFE>: sounds good, thanks",
        "ts": "1432834938.000086"
    },
    {
        "type": "message",
        "user": "U050DA5Q1",
        "text": "Cool",
        "ts": "1432834940.000087"
    },
    {
        "type": "message",
        "user": "U04UVKDC1",
        "text": "Great thanks",
        "ts": "1432835116.000088"
    },
    {
        "type": "message",
        "user": "U050DA5Q1",
        "text": "I'm going to change the Trello board a bit as follows - have a Sprint Board, a Product backlog board, and an Actions\/ToDo\/Stuff board. The main reason is that actions to research something I don't think should be on the Sprint board. Because when we have the sprint board with real user stories we don't want it cluttered with lots of actions .. I'm sure it makes sense .. any objections let me know but easy to change back anyway ..",
        "ts": "1432835455.000089"
    },
    {
        "type": "message",
        "user": "U04UQLQPP",
        "text": "Sounds good to me",
        "ts": "1432836044.000090"
    },
    {
        "type": "message",
        "user": "U04UVKDC1",
        "text": "Lads can we do meeting at 10?",
        "ts": "1432841538.000091"
    },
    {
        "type": "message",
        "user": "U04U63G46",
        "text": "it's OK for me",
        "ts": "1432841857.000092"
    },
    {
        "type": "message",
        "user": "U050DA5Q1",
        "text": "Me too .. Likely will be short just quick check in with each other",
        "ts": "1432841948.000093"
    },
    {
        "type": "message",
        "user": "U04UQLQPP",
        "text": "Seen this earlier okay by me",
        "ts": "1432843880.000094"
    },
    {
        "text": "<@U04UQLQPP|neilgrogan> has started a Google+ Hangout for this channel. <https:\/\/plus.google.com\/hangouts\/_\/g2gcph5v5i3ihzc43dbmpoxwpaa|Click here to join>.",
        "username": "hangouts",
        "bot_id": "B04U323V2",
        "type": "message",
        "subtype": "bot_message",
        "ts": "1432846748.000095"
    },
    {
        "type": "message",
        "user": "U04UVKDC1",
        "text": "Thanks Lads, sorry about that.",
        "ts": "1432846756.000096"
    },
    {
        "type": "message",
        "user": "U04U6FCFE",
        "text": "no worries Garry.",
        "ts": "1432846812.000097"
    },
    {
        "type": "message",
        "user": "U04UQLQPP",
        "text": "doc <https:\/\/docs.google.com\/document\/d\/1OOB4V2OGslVJKVQuTExS7cw1QENxdv-M0vD8x92sJGI\/edit>",
        "ts": "1432849120.000098"
    },
    {
        "type": "message",
        "subtype": "file_share",
        "text": "<@U04UQLQPP|neilgrogan> shared a file: <https:\/\/ucdproj.slack.com\/files\/neilgrogan\/F053MT3M5\/topicschosen|Topics Chosen>",
        "file": {
            "id": "F053MT3M5",
            "created": 1432849121,
            "timestamp": 1432849121,
            "name": "TopicsChosen",
            "title": "Topics Chosen",
            "mimetype": "application\/vnd.google-apps.document",
            "filetype": "gdoc",
            "pretty_type": "GDocs Document",
            "user": "U04UQLQPP",
            "editable": false,
            "size": 40,
            "mode": "external",
            "is_external": true,
            "external_type": "gdrive",
            "is_public": true,
            "public_url_shared": false,
            "display_as_bot": false,
            "username": "",
            "url": "https:\/\/docs.google.com\/a\/grogan.ie\/document\/d\/1OOB4V2OGslVJKVQuTExS7cw1QENxdv-M0vD8x92sJGI\/edit?usp=drivesdk",
            "url_private": "https:\/\/docs.google.com\/a\/grogan.ie\/document\/d\/1OOB4V2OGslVJKVQuTExS7cw1QENxdv-M0vD8x92sJGI\/edit?usp=drivesdk",
            "thumb_64": "https:\/\/slack.global.ssl.fastly.net\/66f9\/img\/files\/gdraw_64.png",
            "thumb_360": "https:\/\/slack.global.ssl.fastly.net\/272a\/img\/files\/gdoc_360.png",
            "thumb_360_w": 360,
            "thumb_360_h": 167,
            "permalink": "https:\/\/ucdproj.slack.com\/files\/neilgrogan\/F053MT3M5\/topicschosen",
            "channels": [
                "C04UQLQV7"
            ],
            "groups": [],
            "ims": [],
            "comments_count": 0
        },
        "user": "U04UQLQPP",
        "upload": false,
        "display_as_bot": false,
        "username": "<@U04UQLQPP|neilgrogan>",
        "bot_id": null,
        "ts": "1432849122.000099"
    }
]