[
    {
        "username": "IFTTT",
        "icons": {
            "image_48": "https:\/\/slack.global.ssl.fastly.net\/7bf4\/img\/services\/ifttt_48.png"
        },
        "attachments": [
            {
                "title": "Project Meeting over Docs",
                "title_link": "https:\/\/www.google.com\/calendar\/event?eid=XzZvcGplY2hnY2twbTRiYjY2MHEzNmI5azZjcmo2YmIxYzRxNmFiYjM2OWlqZWNiNGM1aTNnZHBsNjAgZ3JvZ2FuLmllX3V0cjFnMm9lMmQzcnF2NmhrM3RkZ3I3MnQ0QGc",
                "text": "<!everyone> Starts July 26, 2015 at 10:30AM",
                "fallback": "<!everyone> Starts July 26, 2015 at 10:30AM",
                "mrkdwn_in": [
                    "text",
                    "pretext"
                ]
            }
        ],
        "mrkdwn": true,
        "type": "message",
        "subtype": "bot_message",
        "ts": "1437902409.000053"
    },
    {
        "text": "<@U04UQLQPP|neilgrogan> has started a Google+ Hangout for this channel. <https:\/\/plus.google.com\/hangouts\/_\/gqumx6q32w3dfoovg56gu5f7xea|Click here to join>.",
        "username": "hangouts",
        "bot_id": "B04U323V2",
        "type": "message",
        "subtype": "bot_message",
        "ts": "1437903170.000054"
    },
    {
        "type": "message",
        "subtype": "file_share",
        "text": "<@U04UQLQPP|neilgrogan> shared a file: <https:\/\/ucdproj.slack.com\/files\/neilgrogan\/F052PRBCJ\/businessmodelcanvas|Business Model Canvas>",
        "file": {
            "id": "F052PRBCJ",
            "created": 1432810570,
            "timestamp": 1432810570,
            "name": "BusinessModelCanvas",
            "title": "Business Model Canvas",
            "mimetype": "application\/vnd.google-apps.drawing",
            "filetype": "gdraw",
            "pretty_type": "GDocs Drawing",
            "user": "U04UQLQPP",
            "editable": false,
            "size": 954364,
            "mode": "external",
            "is_external": true,
            "external_type": "gdrive",
            "is_public": true,
            "public_url_shared": false,
            "display_as_bot": false,
            "username": "",
            "url": "https:\/\/docs.google.com\/a\/grogan.ie\/drawings\/d\/1va5Ug_0SgLS47bYyOn2bz7z7NWIS3VRg-8nF5bgNbXw\/edit?usp=drivesdk",
            "url_private": "https:\/\/docs.google.com\/a\/grogan.ie\/drawings\/d\/1va5Ug_0SgLS47bYyOn2bz7z7NWIS3VRg-8nF5bgNbXw\/edit?usp=drivesdk",
            "thumb_64": "https:\/\/slack.global.ssl.fastly.net\/66f9\/img\/files\/gdraw_64.png",
            "thumb_360": "https:\/\/slack.global.ssl.fastly.net\/272a\/img\/files\/gdoc_360.png",
            "thumb_360_w": 360,
            "thumb_360_h": 167,
            "permalink": "https:\/\/ucdproj.slack.com\/files\/neilgrogan\/F052PRBCJ\/businessmodelcanvas",
            "channels": [
                "C051M0V5Y",
                "C04UQLQV7"
            ],
            "groups": [],
            "ims": [],
            "comments_count": 0
        },
        "user": "U04UQLQPP",
        "upload": false,
        "display_as_bot": false,
        "username": "<@U04UQLQPP|neilgrogan>",
        "bot_id": null,
        "ts": "1437906855.000056"
    },
    {
        "text": "<@U04UQLQPP|neilgrogan> has started a Google+ Hangout for this channel. <https:\/\/plus.google.com\/hangouts\/_\/gsuk5gaakhdczk6hd2n3hzedmaa|Click here to join>.",
        "username": "hangouts",
        "bot_id": "B04U323V2",
        "type": "message",
        "subtype": "bot_message",
        "ts": "1437908289.000058"
    },
    {
        "type": "message",
        "user": "U050DA5Q1",
        "text": "I\u2019ve put the SystemDemoPaper and BusinessModelCanvas in github and in our google drive <https:\/\/drive.google.com\/drive\/u\/1\/folders\/0Bxyn9sNZXN2oflJ4R2EtMzhtNWhWUzFwSDJ5dHplVFhEeVZpUk5hM2hfWS12VEgyQ3NOQjA>",
        "attachments": [
            {
                "text": "Google Drive is a free way to keep your files backed up and easy to reach from any phone, tablet, or computer. Start with 15GB of Google storage \u2013 free.",
                "fallback": "Google Drive is a free way to keep your files backed up and easy to reach from any phone, tablet, or computer. Start with 15GB of Google storage \u2013 free.",
                "from_url": "https:\/\/drive.google.com\/drive\/u\/1\/folders\/0Bxyn9sNZXN2oflJ4R2EtMzhtNWhWUzFwSDJ5dHplVFhEeVZpUk5hM2hfWS12VEgyQ3NOQjA",
                "id": 1
            }
        ],
        "ts": "1437939589.000059"
    },
    {
        "type": "message",
        "user": "U050DA5Q1",
        "text": "Don\u2019t edit these - the original docs we\u2019ve been editing remain the canonical docs",
        "ts": "1437939638.000061"
    },
    {
        "type": "message",
        "user": "U050DA5Q1",
        "text": "I\u2019ll email them now .. I think its a decent effort on the docs .. we should get useful feedback",
        "ts": "1437939814.000062"
    },
    {
        "type": "message",
        "user": "U04UVKDC1",
        "text": "Cheers Larry ",
        "ts": "1437940847.000063"
    },
    {
        "type": "message",
        "user": "U050DA5Q1",
        "text": "Great win today <@U04UVKDC1>",
        "ts": "1437941400.000064"
    },
    {
        "type": "message",
        "user": "U04UVKDC1",
        "text": "yep was a good one, exciting game.",
        "ts": "1437941795.000065"
    },
    {
        "type": "message",
        "user": "U050DA5Q1",
        "text": "Kilkenny Galway final would be good",
        "ts": "1437941958.000066"
    },
    {
        "type": "message",
        "user": "U04UVKDC1",
        "text": "ya but tipp will be hard to beat",
        "ts": "1437941999.000067"
    }
]