[
    {
        "type": "message",
        "user": "U050DA5Q1",
        "text": "FYI I checked when we need to submit top 3 ideas, and it's by Monday - we can still sync up Thursday but maybe again on Sunday. Its worth putting a good effort into thinking about ideas .. as how the project goes depends a lot on it ... I'm going to really try and think like a twitter\/news user and see if i can have some ideas, i'll post something later today hopefully.",
        "ts": "1432731225.000002"
    },
    {
        "type": "message",
        "user": "U04UQLQPP",
        "text": "sounds good Larry",
        "ts": "1432731298.000003"
    },
    {
        "type": "message",
        "user": "U04UQLQPP",
        "text": "I'm still working on getting access for Slack etc",
        "ts": "1432731317.000004"
    },
    {
        "type": "message",
        "user": "U04UQLQPP",
        "text": "Georgiana has given us\/me half access",
        "ts": "1432731328.000005"
    },
    {
        "type": "message",
        "user": "U050DA5Q1",
        "text": "Great thanks - i wonder could we just give her access to our existing repo ?",
        "ts": "1432731418.000006"
    },
    {
        "type": "message",
        "user": "U04UQLQPP",
        "text": "yeah may be easier",
        "ts": "1432731468.000007"
    },
    {
        "type": "message",
        "user": "U04UQLQPP",
        "text": "looks like if you don't own the organisation, you have to approve every app that's connected",
        "ts": "1432731486.000008"
    },
    {
        "type": "message",
        "user": "U04UQLQPP",
        "text": "I've said it to her",
        "ts": "1432731490.000009"
    },
    {
        "type": "message",
        "user": "U050DA5Q1",
        "text": "cool",
        "ts": "1432731602.000010"
    },
    {
        "type": "message",
        "user": "U04UQLQPP",
        "text": "she's going to accept me having the repo",
        "ts": "1432734911.000011"
    },
    {
        "type": "message",
        "user": "U04UQLQPP",
        "text": "means I can leave it all in place",
        "ts": "1432734917.000012"
    },
    {
        "type": "message",
        "user": "U050DA5Q1",
        "text": "nice one !",
        "ts": "1432735439.000013"
    },
    {
        "type": "message",
        "user": "U04UQLQPP",
        "text": "sent mail about VM to <mailto:csi.help@ucd.ie|csi.help@ucd.ie>, no word on it yet",
        "ts": "1432741550.000014"
    },
    {
        "type": "message",
        "user": "U04UQLQPP",
        "text": "<@U04U6FCFE>: <@U04U63G46>: how are you getting on setting up repo?",
        "ts": "1432741577.000015"
    },
    {
        "type": "message",
        "user": "U04UQLQPP",
        "text": "added Georgiana's checklist to Trello: <https:\/\/trello.com\/c\/zLluVSH6>",
        "edited": {
            "user": "U04UQLQPP",
            "ts": "1432744068.000000"
        },
        "ts": "1432744042.000016"
    },
    {
        "type": "message",
        "user": "U04U6FCFE",
        "text": "<@U04UQLQPP>: just finished work. will try it this evening, i want to finish off some python stuff first.",
        "ts": "1432744829.000018"
    },
    {
        "type": "message",
        "user": "U04U6FCFE",
        "text": "<!everyone>: did anyone try out pycharm or any other IDE yet? just curious..",
        "ts": "1432744900.000019"
    },
    {
        "type": "message",
        "user": "U04UVKDC1",
        "text": "Yes Pycharm really good and get free with university email.",
        "ts": "1432745528.000020"
    },
    {
        "type": "message",
        "user": "U050DA5Q1",
        "text": "Hey kevink yeah I installed pycharm, looks good, very like Android Studio. I'll probably try Eclipse too just to compare (as I use python a lot at work so will be useful for me)",
        "ts": "1432745686.000021"
    },
    {
        "type": "message",
        "user": "U04UQLQPP",
        "text": "<@U04U6FCFE>: vim also works well with plugins, what I'll try and use",
        "ts": "1432746409.000022"
    },
    {
        "type": "message",
        "user": "U050DA5Q1",
        "text": "Hey Neil yeah up till now I've used just vim no IDE ... I'm interested in what the plugins are ... I can ask you Tuesday no rush",
        "ts": "1432746744.000023"
    },
    {
        "type": "message",
        "user": "U04U6FCFE",
        "text": "<@U04UQLQPP>:  the 2 links about the server and SSH both seem to be the read me doc.  did you mean to put up something else instead? I haven't used SSH in years",
        "ts": "1432751793.000024"
    },
    {
        "type": "message",
        "user": "U050DA5Q1",
        "text": "Never thought I'd say this ...  Follow me on Twitter @LarryOShea",
        "ts": "1432753343.000025"
    },
    {
        "type": "message",
        "user": "U050DA5Q1",
        "text": "SSH: where do we get the 2 files mentioned in the doc ?",
        "ts": "1432756210.000026"
    },
    {
        "type": "message",
        "user": "U04UQLQPP",
        "text": "Same folder as README for SSH is the keys",
        "ts": "1432757355.000027"
    },
    {
        "type": "message",
        "user": "U04UQLQPP",
        "text": "In Google docs",
        "ts": "1432757366.000028"
    },
    {
        "type": "message",
        "user": "U04UQLQPP",
        "text": "They won't work as server is down",
        "ts": "1432757412.000029"
    },
    {
        "type": "message",
        "user": "U04UQLQPP",
        "text": "But I'll add them again when UCD bring machine back online",
        "ts": "1432757429.000030"
    },
    {
        "type": "message",
        "user": "U04UQLQPP",
        "text": "<@U050DA5Q1>: followed ",
        "ts": "1432757467.000031"
    },
    {
        "type": "message",
        "user": "U04UQLQPP",
        "text": "<@U04U6FCFE>: <https:\/\/drive.google.com\/folderview?id=0Bxyn9sNZXN2ofnNiT09oY2IxbnRrQWU5eUJYQUNGTnM1ZVA3MGFVRi10RzFKQmlWY2VwdUk&amp;usp=sharing> under here ",
        "ts": "1432757533.000032"
    },
    {
        "type": "message",
        "user": "U04UQLQPP",
        "text": "<@U050DA5Q1> re: vim <https:\/\/github.com\/klen\/python-mode\/blob\/develop\/README.rst>",
        "attachments": [
            {
                "service_name": "GitHub",
                "title": "klen\/python-mode",
                "title_link": "https:\/\/github.com\/klen\/python-mode\/blob\/develop\/README.rst",
                "text": "Vim python-mode. PyLint, Rope, Pydoc, breakpoints from box.",
                "fallback": "GitHub: klen\/python-mode",
                "thumb_url": "https:\/\/avatars3.githubusercontent.com\/u\/90699?v=3&s=400",
                "from_url": "https:\/\/github.com\/klen\/python-mode\/blob\/develop\/README.rst",
                "thumb_width": 400,
                "thumb_height": 400,
                "id": 1
            }
        ],
        "ts": "1432757659.000033"
    },
    {
        "type": "message",
        "user": "U04UQLQPP",
        "text": "That's the main vim plugin, has 90%. Pair it with autocompletion and you get a good chunk of the rest",
        "ts": "1432757715.000035"
    },
    {
        "type": "message",
        "user": "U050DA5Q1",
        "text": "cool thanks Neil",
        "ts": "1432757985.000036"
    },
    {
        "type": "message",
        "user": "U050DA5Q1",
        "text": "thanks i see the files now",
        "ts": "1432758132.000037"
    },
    {
        "type": "message",
        "user": "U04U6FCFE",
        "text": "<@U04UQLQPP>: what were you using to run SSH? i was trying putting but can't get in.",
        "ts": "1432758906.000038"
    },
    {
        "type": "message",
        "user": "U04UQLQPP",
        "text": "<@U04U6FCFE>: server is offline. I use Mac (personal) \/ Linux (work) so SSH is built in. putty is great for windows or you can use ssh as part of git bash",
        "ts": "1432759038.000039"
    },
    {
        "type": "message",
        "user": "U04U6FCFE",
        "text": "<@U04UQLQPP>: i think i'm getting tired. can't believe I wrote \"Putting\" instead of \"Putty\". I'll try it again when server is back.  Might need a few cups of tea first to wake me  up.",
        "ts": "1432759474.000040"
    },
    {
        "type": "message",
        "user": "U04UQLQPP",
        "text": "<@U04U6FCFE>: me too!",
        "ts": "1432759635.000041"
    },
    {
        "type": "message",
        "user": "U04U63G46",
        "text": "added blackteam repo to my machine",
        "ts": "1432759921.000042"
    },
    {
        "type": "message",
        "user": "U04UQLQPP",
        "text": "<@U04U63G46>: cool, are you on windows?",
        "ts": "1432760147.000043"
    },
    {
        "type": "message",
        "user": "U04U63G46",
        "text": "yes, I am",
        "ts": "1432760304.000044"
    },
    {
        "type": "message",
        "user": "U04UQLQPP",
        "text": "<@U04U63G46>: okay, think docker compose tool is a bit trickier to set up ",
        "ts": "1432760687.000045"
    },
    {
        "type": "message",
        "user": "U04UQLQPP",
        "text": "<@U04U63G46>: I've put link in README.md, let me know if you have any issues ",
        "ts": "1432760725.000046"
    },
    {
        "type": "message",
        "user": "U04U63G46",
        "text": "yeah, did setup of the project in PyCharm, will try to setup docker compose tool",
        "ts": "1432760846.000047"
    },
    {
        "type": "message",
        "user": "U04U63G46",
        "text": "a quick question: why we need to use docker compose tool in our project",
        "ts": "1432761321.000048"
    },
    {
        "type": "message",
        "user": "U04UQLQPP",
        "text": "<@U04U63G46>: good question, Garry was asking the same ",
        "ts": "1432761801.000049"
    },
    {
        "type": "message",
        "user": "U04UQLQPP",
        "text": "The idea with docker is to make deployment the same for all of us, so no platform (win\/Mac\/Lin) inconsistencies ",
        "ts": "1432761849.000050"
    },
    {
        "type": "message",
        "user": "U04UQLQPP",
        "text": "Also allows you to easily package dependencies, so you don't have to actually install Python, Postgres etc on your local machine of you don't want to",
        "ts": "1432761907.000051"
    },
    {
        "type": "message",
        "user": "U04UQLQPP",
        "text": "*if",
        "ts": "1432761916.000052"
    },
    {
        "type": "message",
        "user": "U04UQLQPP",
        "text": "Also allows you to get a deployment with everything packaged that would take longer to set up locally",
        "ts": "1432761977.000053"
    },
    {
        "type": "message",
        "user": "U04UQLQPP",
        "text": "It's a bit more of a pain to set up on windows ",
        "ts": "1432762032.000054"
    },
    {
        "type": "message",
        "user": "U04UQLQPP",
        "text": "That's true and I can't really deny that. I think it's worth learning and it's possible to get comfortable with it on windows ",
        "ts": "1432762072.000055"
    },
    {
        "type": "message",
        "user": "U04U63G46",
        "text": "ok, makes sense, thanks",
        "ts": "1432762085.000056"
    },
    {
        "type": "message",
        "user": "U04UQLQPP",
        "text": "<@U04U63G46>: this is a good intro video, older now, if you have time (48m) <http:\/\/youtu.be\/Q5POuMHxW-0>",
        "attachments": [
            {
                "service_name": "YouTube",
                "service_url": "http:\/\/www.youtube.com\/",
                "title": "Introduction to Docker",
                "title_link": "http:\/\/youtu.be\/Q5POuMHxW-0",
                "author_name": "Twitter University",
                "author_link": "http:\/\/www.youtube.com\/user\/TwitterUniversity",
                "thumb_url": "https:\/\/i.ytimg.com\/vi\/Q5POuMHxW-0\/hqdefault.jpg",
                "thumb_width": 480,
                "thumb_height": 360,
                "fallback": "YouTube Video: Introduction to Docker",
                "video_html": "<iframe width=\"400\" height=\"225\" src=\"https:\/\/www.youtube.com\/embed\/Q5POuMHxW-0?feature=oembed\" frameborder=\"0\" allowfullscreen><\/iframe>",
                "video_html_width": 400,
                "video_html_height": 225,
                "from_url": "http:\/\/youtu.be\/Q5POuMHxW-0",
                "id": 1
            }
        ],
        "ts": "1432762202.000057"
    },
    {
        "type": "message",
        "user": "U04UQLQPP",
        "text": "I think Docker is definitely the future. It's still rough around the edges (but concept is used in production by a lot of major companies, like Google etc). I also don't know if other teams will tackle it, so it might help us distinguish ourselves ",
        "ts": "1432762304.000059"
    },
    {
        "type": "message",
        "user": "U04UQLQPP",
        "text": "If it really becomes an issue for us like anything, we should of course look to drop it, we only have 12-13 weeks to get something, so that has to be in back of our minds - or the front!!",
        "ts": "1432762383.000060"
    },
    {
        "type": "message",
        "user": "U050DA5Q1",
        "text": "Re Docker - I hadn't used it before, but other guys at work had mentioned it as possibly being very useful so I'm very interested in trying it - it *should* save a lot of messing as we'll all have the same environment - but like Neil says if we need to drop it that won't be a problem. Useful thing to have tried at the very least",
        "ts": "1432762576.000061"
    },
    {
        "type": "message",
        "user": "U04UQLQPP",
        "text": "<@U050DA5Q1>: yeah definitely think so! ",
        "ts": "1432762607.000062"
    },
    {
        "type": "message",
        "user": "U050DA5Q1",
        "text": "And I'm going to install locally too just to compare",
        "ts": "1432762635.000063"
    },
    {
        "type": "message",
        "user": "U04UQLQPP",
        "text": "<@U050DA5Q1>: yeah it's not really an issue for Mac or Linux ",
        "ts": "1432763023.000064"
    },
    {
        "type": "message",
        "user": "U04UQLQPP",
        "text": "<@U050DA5Q1>: docker-compose doesn't have a windows version",
        "ts": "1432763046.000065"
    },
    {
        "type": "message",
        "user": "U04UQLQPP",
        "text": "<@U050DA5Q1>: only Mac and Linux",
        "ts": "1432763062.000066"
    },
    {
        "type": "message",
        "user": "U04UQLQPP",
        "text": "<https:\/\/github.com\/docker\/compose\/issues\/1085>",
        "attachments": [
            {
                "service_name": "GitHub",
                "title": "Epic: Windows support \u00b7 Issue #1085 \u00b7 docker\/compose \u00b7 GitHub",
                "title_link": "https:\/\/github.com\/docker\/compose\/issues\/1085",
                "text": "(I'm experimenting with \"epics\". This is a meta-issue for keeping track of all the things we're doing around Windows support for Compose.) Various things that are part of this: Building a binary on Windows. PyInstaller, the method we...",
                "fallback": "GitHub: Epic: Windows support \u00b7 Issue #1085 \u00b7 docker\/compose",
                "thumb_url": "https:\/\/avatars1.githubusercontent.com\/u\/40906?v=3&s=400",
                "from_url": "https:\/\/github.com\/docker\/compose\/issues\/1085",
                "thumb_width": 400,
                "thumb_height": 400,
                "id": 1
            }
        ],
        "ts": "1432763120.000067"
    },
    {
        "type": "message",
        "user": "U04UQLQPP",
        "text": "You can run it as a docker container (no hint or irony here!) on boot2docker",
        "ts": "1432763204.000069"
    },
    {
        "type": "message",
        "user": "U04UQLQPP",
        "text": "It's a bit fiddly is all",
        "ts": "1432763215.000070"
    },
    {
        "type": "message",
        "user": "U04UQLQPP",
        "text": "I've started to try document something on our wiki: <https:\/\/github.com\/dueyfinster\/blackteam\/wiki\/Install-Docker>",
        "ts": "1432763387.000071"
    },
    {
        "type": "message",
        "user": "U04U6FCFE",
        "text": "small point. if anyone is trying to set-up an app on twitter you need to enter your website. IT needs the http:\/\/ or https:\/\/ at the begining or it gives an error and the error isn't very clear.",
        "ts": "1432768965.000072"
    },
    {
        "type": "message",
        "user": "U04UVKDC1",
        "text": "me neither Larry, follow me @garry_1980",
        "ts": "1432769138.000073"
    },
    {
        "type": "message",
        "user": "U04U6FCFE",
        "text": "I've postponed joining twitter long enough -- KevinKennedy140:pensive:",
        "ts": "1432769501.000074"
    }
]