[
    {
        "type": "message",
        "subtype": "file_share",
        "text": "<@U04UVKDC1|garryd> uploaded a file: <https:\/\/ucdproj.slack.com\/files\/garryd\/F096DBP7Z\/fwd__saturday_mentored_lab_session|Fwd: Saturday Mentored Lab Session>",
        "file": {
            "id": "F096DBP7Z",
            "created": 1439808720,
            "timestamp": 1439808720,
            "name": "Fwd: Saturday Mentored Lab Session",
            "title": "Fwd: Saturday Mentored Lab Session",
            "mimetype": "text\/plain",
            "filetype": "text",
            "pretty_type": "Plain Text",
            "user": "U04UVKDC1",
            "editable": true,
            "size": 4461,
            "mode": "snippet",
            "is_external": false,
            "external_type": "",
            "is_public": true,
            "public_url_shared": false,
            "display_as_bot": false,
            "username": "",
            "url": "https:\/\/slack-files.com\/files-pub\/T04UQLQPK-F096DBP7Z-603fc97aca\/fwd__saturday_mentored_lab_session",
            "url_download": "https:\/\/slack-files.com\/files-pub\/T04UQLQPK-F096DBP7Z-603fc97aca\/download\/fwd__saturday_mentored_lab_session",
            "url_private": "https:\/\/files.slack.com\/files-pri\/T04UQLQPK-F096DBP7Z\/fwd__saturday_mentored_lab_session",
            "url_private_download": "https:\/\/files.slack.com\/files-pri\/T04UQLQPK-F096DBP7Z\/download\/fwd__saturday_mentored_lab_session",
            "permalink": "https:\/\/ucdproj.slack.com\/files\/garryd\/F096DBP7Z\/fwd__saturday_mentored_lab_session",
            "permalink_public": "https:\/\/slack-files.com\/T04UQLQPK-F096DBP7Z-603fc97aca",
            "edit_link": "https:\/\/ucdproj.slack.com\/files\/garryd\/F096DBP7Z\/fwd__saturday_mentored_lab_session\/edit",
            "preview": "<div dir=\"ltr\"><br><div class=\"gmail_quote\">---------- Forwarded message ----------<br>From: <b class=\"gmail_sendername\">Brian Mac Namee<\/b> <span dir=\"ltr\">&lt;<a href=\"mailto:brian.macnamee@ucd.ie\">brian.macnamee@ucd.ie<\/a>&gt;<\/span><br>Date: 16 August 2015 at 11:08<br>Subject: Re: Saturday Mentored Lab Session<br>To: Conor Griffin &lt;<a href=\"mailto:conor.griffin@ucdconnect.ie\">conor.griffin@ucdconnect.ie<\/a>&gt;<br>Cc: <a href=\"mailto:11288281@ucdconnect.ie\">11288281@ucdconnect.ie<\/a>, <a href=\"mailto:13200560@ucdconnect.ie\">13200560@ucdconnect.ie<\/a>, <a href=\"mailto:13200627@ucdconnect.ie\">13200627@ucdconnect.ie<\/a>, <a href=\"mailto:13200762@ucdconnect.ie\">13200762@ucdconnect.ie<\/a>, <a href=\"mailto:13204052@ucdconnect.ie\">13204052@ucdconnect.ie<\/a>, <a href=\"mailto:13204480@ucdconnect.ie\">13204480@ucdconnect.ie<\/a>, <a href=\"mailto:13204925@ucdconnect.ie\">13204925@ucdconnect.ie<\/a>, <a href=\"mailto:13205362@ucdconnect.ie\">13205362@ucdconnect.ie<\/a>, <a href=\"mailto:13205364@ucdconnect.ie\">13205364@uc\u2026",
            "preview_highlight": "<div class=\"sssh-code\"><div class=\"sssh-line\"><pre>&lt;div dir=&quot;ltr&quot;&gt;&lt;br&gt;&lt;div class=&quot;gmail_quote&quot;&gt;---------- Forwarded message ----------&lt;br&gt;From: &lt;b class=&quot;gmail_sendername&quot;&gt;Brian Mac Namee&lt;\/b&gt; &lt;span dir=&quot;ltr&quot;&gt;&amp;lt;&lt;a href=&quot;mailto:brian.macnamee@ucd.ie&quot;&gt;brian.macnamee@ucd.ie&lt;\/a&gt;&amp;gt;&lt;\/span&gt;&lt;br&gt;Date: 16 August 2015 at 11:08&lt;br&gt;Subject: Re: Saturday Mentored Lab Session&lt;br&gt;To: Conor Griffin &amp;lt;&lt;a href=&quot;mailto:conor.griffin@ucdconnect.ie&quot;&gt;conor.griffin@ucdconnect.ie&lt;\/a&gt;&amp;gt;&lt;br&gt;Cc: &lt;a href=&quot;mailto:11288281@ucdconnect.ie&quot;&gt;11288281@ucdconnect.ie&lt;\/a&gt;, &lt;a href=&quot;mailto:13200560@ucdconnect.ie&quot;&gt;13200560@ucdconnect.ie&lt;\/a&gt;, &lt;a href=&quot;mailto:13200627@ucdconnect.ie&quot;&gt;13200627@ucdconnect.ie&lt;\/a&gt;, &lt;a href=&quot;mailto:13200762@ucdconnect.ie&quot;&gt;13200762@ucdconnect.ie&lt;\/a&gt;, &lt;a href=&quot;mailto:13204052@ucdconnect.ie&quot;&gt;13204052@ucdconnect.ie&lt;\/a&gt;, &lt;a href=&quot;mailto:13204480@ucdconnect.ie&quot;&gt;13204480@ucdconnect.ie&lt;\/a&gt;, &lt;a href=&quot;mailto:13204925@ucdconnect.ie&quot;&gt;13204925@ucdconnect.ie&lt;\/a&gt;, &lt;a href=&quot;mailto:13205362@ucdconnect.ie&quot;&gt;13205362@ucdconnect.ie&lt;\/a&gt;, &lt;a href=&quot;mailto:13205364@ucdconnect.ie&quot;&gt;13205364@uc\u2026<\/pre><\/div>\n<\/div>",
            "lines": 34,
            "lines_more": 34,
            "channels": [
                "C06U5S482"
            ],
            "groups": [],
            "ims": [],
            "comments_count": 0
        },
        "user": "U04UVKDC1",
        "upload": true,
        "display_as_bot": false,
        "username": "<@U04UVKDC1|garryd>",
        "bot_id": null,
        "ts": "1439808720.000002"
    },
    {
        "user": "U04UQLQPP",
        "members": [
            "U04UVKDC1"
        ],
        "type": "message",
        "subtype": "channel_archive",
        "text": "<@U04UQLQPP|neilgrogan> archived the channel (w\/ 1 member)",
        "ts": "1439827855.000003"
    }
]