[
    {
        "type": "message",
        "subtype": "file_share",
        "text": "<@U04UVKDC1|garryd> uploaded a file: <https:\/\/ucdproj.slack.com\/files\/garryd\/F072JDTD3\/news_fast_feedback|News Fast Feedback>",
        "file": {
            "id": "F072JDTD3",
            "created": 1435739559,
            "timestamp": 1435739559,
            "name": "News Fast Feedback",
            "title": "News Fast Feedback",
            "mimetype": "text\/plain",
            "filetype": "text",
            "pretty_type": "Plain Text",
            "user": "U04UVKDC1",
            "editable": true,
            "size": 1598,
            "mode": "snippet",
            "is_external": false,
            "external_type": "",
            "is_public": true,
            "public_url_shared": false,
            "display_as_bot": false,
            "username": "",
            "url": "https:\/\/slack-files.com\/files-pub\/T04UQLQPK-F072JDTD3-72e43167f1\/news_fast_feedback",
            "url_download": "https:\/\/slack-files.com\/files-pub\/T04UQLQPK-F072JDTD3-72e43167f1\/download\/news_fast_feedback",
            "url_private": "https:\/\/files.slack.com\/files-pri\/T04UQLQPK-F072JDTD3\/news_fast_feedback",
            "url_private_download": "https:\/\/files.slack.com\/files-pri\/T04UQLQPK-F072JDTD3\/download\/news_fast_feedback",
            "permalink": "https:\/\/ucdproj.slack.com\/files\/garryd\/F072JDTD3\/news_fast_feedback",
            "permalink_public": "https:\/\/slack-files.com\/T04UQLQPK-F072JDTD3-72e43167f1",
            "edit_link": "https:\/\/ucdproj.slack.com\/files\/garryd\/F072JDTD3\/news_fast_feedback\/edit",
            "preview": "<html xmlns:v=\"urn:schemas-microsoft-com:vml\" xmlns:o=\"urn:schemas-microsoft-com:office:office\" xmlns:w=\"urn:schemas-microsoft-com:office:word\" xmlns:m=\"http:\/\/schemas.microsoft.com\/office\/2004\/12\/omml\" xmlns=\"http:\/\/www.w3.org\/TR\/REC-html40\">\n<head>\n<meta http-equiv=\"Content-Type\" content=\"text\/html; charset=us-ascii\">\n<meta name=\"Generator\" content=\"Microsoft Word 14 (filtered medium)\">\n<style><!--\n\/* Font Definitions *\/\n@font-face\n\t{font-family:Calibri;\n\tpanose-1:2 15 5 2 2 2 4 3 2 4;}\n\/* Style Definitions *\/",
            "preview_highlight": "<div class=\"sssh-code\"><div class=\"sssh-line\"><pre>&lt;html xmlns:v=&quot;urn:schemas-microsoft-com:vml&quot; xmlns:o=&quot;urn:schemas-microsoft-com:office:office&quot; xmlns:w=&quot;urn:schemas-microsoft-com:office:word&quot; xmlns:m=&quot;http:\/\/schemas.microsoft.com\/office\/2004\/12\/omml&quot; xmlns=&quot;http:\/\/www.w3.org\/TR\/REC-html40&quot;&gt;<\/pre><\/div>\n<div class=\"sssh-line\"><pre>&lt;head&gt;<\/pre><\/div>\n<div class=\"sssh-line\"><pre>&lt;meta http-equiv=&quot;Content-Type&quot; content=&quot;text\/html; charset=us-ascii&quot;&gt;<\/pre><\/div>\n<div class=\"sssh-line\"><pre>&lt;meta name=&quot;Generator&quot; content=&quot;Microsoft Word 14 (filtered medium)&quot;&gt;<\/pre><\/div>\n<div class=\"sssh-line\"><pre>&lt;style&gt;&lt;!--<\/pre><\/div>\n<div class=\"sssh-line\"><pre>\/* Font Definitions *\/<\/pre><\/div>\n<div class=\"sssh-line\"><pre>@font-face<\/pre><\/div>\n<div class=\"sssh-line\"><pre>\t{font-family:Calibri;<\/pre><\/div>\n<div class=\"sssh-line\"><pre>\tpanose-1:2 15 5 2 2 2 4 3 2 4;}<\/pre><\/div>\n<div class=\"sssh-line\"><pre>\/* Style Definitions *\/<\/pre><\/div>\n<\/div>",
            "lines": 52,
            "lines_more": 42,
            "channels": [
                "C06U5S482"
            ],
            "groups": [],
            "ims": [],
            "comments_count": 0
        },
        "user": "U04UVKDC1",
        "upload": true,
        "display_as_bot": false,
        "username": "<@U04UVKDC1|garryd>",
        "bot_id": null,
        "ts": "1435739559.402752"
    },
    {
        "type": "message",
        "subtype": "file_share",
        "text": "<@U04UVKDC1|garryd> uploaded a file: <https:\/\/ucdproj.slack.com\/files\/garryd\/F072J91S7\/news_fast_feedback|News Fast Feedback>",
        "file": {
            "id": "F072J91S7",
            "created": 1435739560,
            "timestamp": 1435739560,
            "name": "News Fast Feedback",
            "title": "News Fast Feedback",
            "mimetype": "text\/plain",
            "filetype": "text",
            "pretty_type": "Plain Text",
            "user": "U04UVKDC1",
            "editable": true,
            "size": 1598,
            "mode": "snippet",
            "is_external": false,
            "external_type": "",
            "is_public": true,
            "public_url_shared": false,
            "display_as_bot": false,
            "username": "",
            "url": "https:\/\/slack-files.com\/files-pub\/T04UQLQPK-F072J91S7-3ccedc2bdc\/news_fast_feedback",
            "url_download": "https:\/\/slack-files.com\/files-pub\/T04UQLQPK-F072J91S7-3ccedc2bdc\/download\/news_fast_feedback",
            "url_private": "https:\/\/files.slack.com\/files-pri\/T04UQLQPK-F072J91S7\/news_fast_feedback",
            "url_private_download": "https:\/\/files.slack.com\/files-pri\/T04UQLQPK-F072J91S7\/download\/news_fast_feedback",
            "permalink": "https:\/\/ucdproj.slack.com\/files\/garryd\/F072J91S7\/news_fast_feedback",
            "permalink_public": "https:\/\/slack-files.com\/T04UQLQPK-F072J91S7-3ccedc2bdc",
            "edit_link": "https:\/\/ucdproj.slack.com\/files\/garryd\/F072J91S7\/news_fast_feedback\/edit",
            "preview": "<html xmlns:v=\"urn:schemas-microsoft-com:vml\" xmlns:o=\"urn:schemas-microsoft-com:office:office\" xmlns:w=\"urn:schemas-microsoft-com:office:word\" xmlns:m=\"http:\/\/schemas.microsoft.com\/office\/2004\/12\/omml\" xmlns=\"http:\/\/www.w3.org\/TR\/REC-html40\">\n<head>\n<meta http-equiv=\"Content-Type\" content=\"text\/html; charset=us-ascii\">\n<meta name=\"Generator\" content=\"Microsoft Word 14 (filtered medium)\">\n<style><!--\n\/* Font Definitions *\/\n@font-face\n\t{font-family:Calibri;\n\tpanose-1:2 15 5 2 2 2 4 3 2 4;}\n\/* Style Definitions *\/",
            "preview_highlight": "<div class=\"sssh-code\"><div class=\"sssh-line\"><pre>&lt;html xmlns:v=&quot;urn:schemas-microsoft-com:vml&quot; xmlns:o=&quot;urn:schemas-microsoft-com:office:office&quot; xmlns:w=&quot;urn:schemas-microsoft-com:office:word&quot; xmlns:m=&quot;http:\/\/schemas.microsoft.com\/office\/2004\/12\/omml&quot; xmlns=&quot;http:\/\/www.w3.org\/TR\/REC-html40&quot;&gt;<\/pre><\/div>\n<div class=\"sssh-line\"><pre>&lt;head&gt;<\/pre><\/div>\n<div class=\"sssh-line\"><pre>&lt;meta http-equiv=&quot;Content-Type&quot; content=&quot;text\/html; charset=us-ascii&quot;&gt;<\/pre><\/div>\n<div class=\"sssh-line\"><pre>&lt;meta name=&quot;Generator&quot; content=&quot;Microsoft Word 14 (filtered medium)&quot;&gt;<\/pre><\/div>\n<div class=\"sssh-line\"><pre>&lt;style&gt;&lt;!--<\/pre><\/div>\n<div class=\"sssh-line\"><pre>\/* Font Definitions *\/<\/pre><\/div>\n<div class=\"sssh-line\"><pre>@font-face<\/pre><\/div>\n<div class=\"sssh-line\"><pre>\t{font-family:Calibri;<\/pre><\/div>\n<div class=\"sssh-line\"><pre>\tpanose-1:2 15 5 2 2 2 4 3 2 4;}<\/pre><\/div>\n<div class=\"sssh-line\"><pre>\/* Style Definitions *\/<\/pre><\/div>\n<\/div>",
            "lines": 52,
            "lines_more": 42,
            "channels": [
                "C06U5S482"
            ],
            "groups": [],
            "ims": [],
            "comments_count": 0
        },
        "user": "U04UVKDC1",
        "upload": true,
        "display_as_bot": false,
        "username": "<@U04UVKDC1|garryd>",
        "bot_id": null,
        "ts": "1435739559.402778"
    }
]