[
    {
        "type": "message",
        "subtype": "file_share",
        "text": "<@U04UVKDC1|garryd> uploaded a file: <https:\/\/ucdproj.slack.com\/files\/garryd\/F0768D0HL\/fwd__team_software_project_interim_presentation_feedback|Fwd: Team Software Project Interim Presentation Feedback>",
        "file": {
            "id": "F0768D0HL",
            "created": 1435945349,
            "timestamp": 1435945349,
            "name": "Fwd: Team Software Project Interim Presentation Feedback",
            "title": "Fwd: Team Software Project Interim Presentation Feedback",
            "mimetype": "text\/plain",
            "filetype": "text",
            "pretty_type": "Plain Text",
            "user": "U04UVKDC1",
            "editable": true,
            "size": 3612,
            "mode": "snippet",
            "is_external": false,
            "external_type": "",
            "is_public": true,
            "public_url_shared": false,
            "display_as_bot": false,
            "username": "",
            "url": "https:\/\/slack-files.com\/files-pub\/T04UQLQPK-F0768D0HL-8d2b1a9f71\/fwd__team_software_project_interim_presentation_feedback",
            "url_download": "https:\/\/slack-files.com\/files-pub\/T04UQLQPK-F0768D0HL-8d2b1a9f71\/download\/fwd__team_software_project_interim_presentation_feedback",
            "url_private": "https:\/\/files.slack.com\/files-pri\/T04UQLQPK-F0768D0HL\/fwd__team_software_project_interim_presentation_feedback",
            "url_private_download": "https:\/\/files.slack.com\/files-pri\/T04UQLQPK-F0768D0HL\/download\/fwd__team_software_project_interim_presentation_feedback",
            "permalink": "https:\/\/ucdproj.slack.com\/files\/garryd\/F0768D0HL\/fwd__team_software_project_interim_presentation_feedback",
            "permalink_public": "https:\/\/slack-files.com\/T04UQLQPK-F0768D0HL-8d2b1a9f71",
            "edit_link": "https:\/\/ucdproj.slack.com\/files\/garryd\/F0768D0HL\/fwd__team_software_project_interim_presentation_feedback\/edit",
            "preview": "<div dir=\"ltr\"><br><div class=\"gmail_quote\">---------- Forwarded message ----------<br>From: <b class=\"gmail_sendername\">Laurence O Shea<\/b> <span dir=\"ltr\">&lt;<a href=\"mailto:laurence.o-shea@ucdconnect.ie\">laurence.o-shea@ucdconnect.ie<\/a>&gt;<\/span><br>Date: 3 July 2015 at 17:18<br>Subject: Re: Team Software Project Interim Presentation Feedback<br>To: Brian Mac Namee &lt;<a href=\"mailto:brian.macnamee@ucd.ie\">brian.macnamee@ucd.ie<\/a>&gt;<br>Cc: <a href=\"mailto:13200560@ucdconnect.ie\">13200560@ucdconnect.ie<\/a>, <a href=\"mailto:13200627@ucdconnect.ie\">13200627@ucdconnect.ie<\/a>, <a href=\"mailto:13204052@ucdconnect.ie\">13204052@ucdconnect.ie<\/a>, <a href=\"mailto:13204925@ucdconnect.ie\">13204925@ucdconnect.ie<\/a>, <a href=\"mailto:13205364@ucdconnect.ie\">13205364@ucdconnect.ie<\/a>, Edward Curry &lt;<a href=\"mailto:edward.curry@ucd.ie\">edward.curry@ucd.ie<\/a>&gt;, Georgiana Ifrim &lt;<a href=\"mailto:georgiana.ifrim@insight-centre.org\">georgiana.ifrim@insight-centre.org<\/a>&gt;<br><br><br><div dir=\"ltr\">Hi Bri\u2026",
            "preview_highlight": "<div class=\"sssh-code\"><div class=\"sssh-line\"><pre>&lt;div dir=&quot;ltr&quot;&gt;&lt;br&gt;&lt;div class=&quot;gmail_quote&quot;&gt;---------- Forwarded message ----------&lt;br&gt;From: &lt;b class=&quot;gmail_sendername&quot;&gt;Laurence O Shea&lt;\/b&gt; &lt;span dir=&quot;ltr&quot;&gt;&amp;lt;&lt;a href=&quot;mailto:laurence.o-shea@ucdconnect.ie&quot;&gt;laurence.o-shea@ucdconnect.ie&lt;\/a&gt;&amp;gt;&lt;\/span&gt;&lt;br&gt;Date: 3 July 2015 at 17:18&lt;br&gt;Subject: Re: Team Software Project Interim Presentation Feedback&lt;br&gt;To: Brian Mac Namee &amp;lt;&lt;a href=&quot;mailto:brian.macnamee@ucd.ie&quot;&gt;brian.macnamee@ucd.ie&lt;\/a&gt;&amp;gt;&lt;br&gt;Cc: &lt;a href=&quot;mailto:13200560@ucdconnect.ie&quot;&gt;13200560@ucdconnect.ie&lt;\/a&gt;, &lt;a href=&quot;mailto:13200627@ucdconnect.ie&quot;&gt;13200627@ucdconnect.ie&lt;\/a&gt;, &lt;a href=&quot;mailto:13204052@ucdconnect.ie&quot;&gt;13204052@ucdconnect.ie&lt;\/a&gt;, &lt;a href=&quot;mailto:13204925@ucdconnect.ie&quot;&gt;13204925@ucdconnect.ie&lt;\/a&gt;, &lt;a href=&quot;mailto:13205364@ucdconnect.ie&quot;&gt;13205364@ucdconnect.ie&lt;\/a&gt;, Edward Curry &amp;lt;&lt;a href=&quot;mailto:edward.curry@ucd.ie&quot;&gt;edward.curry@ucd.ie&lt;\/a&gt;&amp;gt;, Georgiana Ifrim &amp;lt;&lt;a href=&quot;mailto:georgiana.ifrim@insight-centre.org&quot;&gt;georgiana.ifrim@insight-centre.org&lt;\/a&gt;&amp;gt;&lt;br&gt;&lt;br&gt;&lt;br&gt;&lt;div dir=&quot;ltr&quot;&gt;Hi Bri\u2026<\/pre><\/div>\n<\/div>",
            "lines": 23,
            "lines_more": 23,
            "channels": [
                "C06U5S482"
            ],
            "groups": [],
            "ims": [],
            "comments_count": 0
        },
        "user": "U04UVKDC1",
        "upload": true,
        "display_as_bot": false,
        "username": "<@U04UVKDC1|garryd>",
        "bot_id": null,
        "ts": "1435945348.000002"
    }
]