[
    {
        "type": "message",
        "subtype": "file_share",
        "text": "<@U04UVKDC1|garryd> uploaded a file: <https:\/\/ucdproj.slack.com\/files\/garryd\/F08DVU1EX\/offer_for_free_link_exchange|Offer for free link exchange>",
        "file": {
            "id": "F08DVU1EX",
            "created": 1438335398,
            "timestamp": 1438335398,
            "name": "Offer for free link exchange",
            "title": "Offer for free link exchange",
            "mimetype": "text\/plain",
            "filetype": "text",
            "pretty_type": "Plain Text",
            "user": "U04UVKDC1",
            "editable": true,
            "size": 548,
            "mode": "snippet",
            "is_external": false,
            "external_type": "",
            "is_public": true,
            "public_url_shared": false,
            "display_as_bot": false,
            "username": "",
            "url": "https:\/\/slack-files.com\/files-pub\/T04UQLQPK-F08DVU1EX-98b97f7f2d\/offer_for_free_link_exchange",
            "url_download": "https:\/\/slack-files.com\/files-pub\/T04UQLQPK-F08DVU1EX-98b97f7f2d\/download\/offer_for_free_link_exchange",
            "url_private": "https:\/\/files.slack.com\/files-pri\/T04UQLQPK-F08DVU1EX\/offer_for_free_link_exchange",
            "url_private_download": "https:\/\/files.slack.com\/files-pri\/T04UQLQPK-F08DVU1EX\/download\/offer_for_free_link_exchange",
            "permalink": "https:\/\/ucdproj.slack.com\/files\/garryd\/F08DVU1EX\/offer_for_free_link_exchange",
            "permalink_public": "https:\/\/slack-files.com\/T04UQLQPK-F08DVU1EX-98b97f7f2d",
            "edit_link": "https:\/\/ucdproj.slack.com\/files\/garryd\/F08DVU1EX\/offer_for_free_link_exchange\/edit",
            "preview": "Hi,<br \/>\n<br \/>\nMy name is Cynthia,<br \/>\n<br \/>\nI would like to suggest a free link exchange with newsfast.me or any other sites you own.<br \/>\nYou will be pleased to know that now I am having a handful of quality projects for free link exchange<br \/>\nthat I am sure could be beneficial and productive for both of us.<br \/>\n&nbsp;<br \/>\nPlease let me know if you interested in more details, or have any other thoughts on the matter.<br \/>\n<br \/>",
            "preview_highlight": "<div class=\"sssh-code\"><div class=\"sssh-line\"><pre>Hi,&lt;br \/&gt;<\/pre><\/div>\n<div class=\"sssh-line\"><pre>&lt;br \/&gt;<\/pre><\/div>\n<div class=\"sssh-line\"><pre>My name is Cynthia,&lt;br \/&gt;<\/pre><\/div>\n<div class=\"sssh-line\"><pre>&lt;br \/&gt;<\/pre><\/div>\n<div class=\"sssh-line\"><pre>I would like to suggest a free link exchange with newsfast.me or any other sites you own.&lt;br \/&gt;<\/pre><\/div>\n<div class=\"sssh-line\"><pre>You will be pleased to know that now I am having a handful of quality projects for free link exchange&lt;br \/&gt;<\/pre><\/div>\n<div class=\"sssh-line\"><pre>that I am sure could be beneficial and productive for both of us.&lt;br \/&gt;<\/pre><\/div>\n<div class=\"sssh-line\"><pre>&amp;nbsp;&lt;br \/&gt;<\/pre><\/div>\n<div class=\"sssh-line\"><pre>Please let me know if you interested in more details, or have any other thoughts on the matter.&lt;br \/&gt;<\/pre><\/div>\n<div class=\"sssh-line\"><pre>&lt;br \/&gt;<\/pre><\/div>\n<\/div>",
            "lines": 18,
            "lines_more": 8,
            "channels": [
                "C06U5S482"
            ],
            "groups": [],
            "ims": [],
            "comments_count": 0
        },
        "user": "U04UVKDC1",
        "upload": true,
        "display_as_bot": false,
        "username": "<@U04UVKDC1|garryd>",
        "bot_id": null,
        "ts": "1438335398.000002"
    },
    {
        "type": "message",
        "subtype": "file_share",
        "text": "<@U04UVKDC1|garryd> uploaded a file: <https:\/\/ucdproj.slack.com\/files\/garryd\/F08DVT63C\/offer_for_free_link_exchange|Offer for free link exchange>",
        "file": {
            "id": "F08DVT63C",
            "created": 1438335399,
            "timestamp": 1438335399,
            "name": "Offer for free link exchange",
            "title": "Offer for free link exchange",
            "mimetype": "text\/plain",
            "filetype": "text",
            "pretty_type": "Plain Text",
            "user": "U04UVKDC1",
            "editable": true,
            "size": 548,
            "mode": "snippet",
            "is_external": false,
            "external_type": "",
            "is_public": true,
            "public_url_shared": false,
            "display_as_bot": false,
            "username": "",
            "url": "https:\/\/slack-files.com\/files-pub\/T04UQLQPK-F08DVT63C-7db8aa3ac9\/offer_for_free_link_exchange",
            "url_download": "https:\/\/slack-files.com\/files-pub\/T04UQLQPK-F08DVT63C-7db8aa3ac9\/download\/offer_for_free_link_exchange",
            "url_private": "https:\/\/files.slack.com\/files-pri\/T04UQLQPK-F08DVT63C\/offer_for_free_link_exchange",
            "url_private_download": "https:\/\/files.slack.com\/files-pri\/T04UQLQPK-F08DVT63C\/download\/offer_for_free_link_exchange",
            "permalink": "https:\/\/ucdproj.slack.com\/files\/garryd\/F08DVT63C\/offer_for_free_link_exchange",
            "permalink_public": "https:\/\/slack-files.com\/T04UQLQPK-F08DVT63C-7db8aa3ac9",
            "edit_link": "https:\/\/ucdproj.slack.com\/files\/garryd\/F08DVT63C\/offer_for_free_link_exchange\/edit",
            "preview": "Hi,<br \/>\n<br \/>\nMy name is Cynthia,<br \/>\n<br \/>\nI would like to suggest a free link exchange with newsfast.me or any other sites you own.<br \/>\nYou will be pleased to know that now I am having a handful of quality projects for free link exchange<br \/>\nthat I am sure could be beneficial and productive for both of us.<br \/>\n&nbsp;<br \/>\nPlease let me know if you interested in more details, or have any other thoughts on the matter.<br \/>\n<br \/>",
            "preview_highlight": "<div class=\"sssh-code\"><div class=\"sssh-line\"><pre>Hi,&lt;br \/&gt;<\/pre><\/div>\n<div class=\"sssh-line\"><pre>&lt;br \/&gt;<\/pre><\/div>\n<div class=\"sssh-line\"><pre>My name is Cynthia,&lt;br \/&gt;<\/pre><\/div>\n<div class=\"sssh-line\"><pre>&lt;br \/&gt;<\/pre><\/div>\n<div class=\"sssh-line\"><pre>I would like to suggest a free link exchange with newsfast.me or any other sites you own.&lt;br \/&gt;<\/pre><\/div>\n<div class=\"sssh-line\"><pre>You will be pleased to know that now I am having a handful of quality projects for free link exchange&lt;br \/&gt;<\/pre><\/div>\n<div class=\"sssh-line\"><pre>that I am sure could be beneficial and productive for both of us.&lt;br \/&gt;<\/pre><\/div>\n<div class=\"sssh-line\"><pre>&amp;nbsp;&lt;br \/&gt;<\/pre><\/div>\n<div class=\"sssh-line\"><pre>Please let me know if you interested in more details, or have any other thoughts on the matter.&lt;br \/&gt;<\/pre><\/div>\n<div class=\"sssh-line\"><pre>&lt;br \/&gt;<\/pre><\/div>\n<\/div>",
            "lines": 18,
            "lines_more": 8,
            "channels": [
                "C06U5S482"
            ],
            "groups": [],
            "ims": [],
            "comments_count": 0
        },
        "user": "U04UVKDC1",
        "upload": true,
        "display_as_bot": false,
        "username": "<@U04UVKDC1|garryd>",
        "bot_id": null,
        "ts": "1438335399.000003"
    }
]