[
    {
        "user": "U04UVKDC1",
        "type": "message",
        "subtype": "channel_join",
        "text": "<@U04UVKDC1|garryd> has joined the channel",
        "ts": "1435511049.000002"
    },
    {
        "user": "U04UVKDC1",
        "old_name": "ucdproj_ux_feedback_g",
        "name": "ux_feedback",
        "type": "message",
        "subtype": "channel_name",
        "text": "<@U04UVKDC1|garryd> has renamed the channel from \"ucdproj_ux_feedback_g\" to \"ux_feedback\"",
        "ts": "1435511122.000003"
    },
    {
        "text": "*<https:\/\/www.getfranke.com\/zoacbi3g4utwx1h7mqesvw\/messages\/F06U626H2|Franke Test>*\n_<mailto:getfranke.support@getfranke.com|Franke> to <mailto:ucdproj.ux_feedback@getfranke.com|ux_feedback>_\n\nEmails sent to <mailto:ucdproj.ux_feedback@getfranke.com|ucdproj.ux_feedback@getfranke.com> will be sorted here by Franke.  You \u2026<https:\/\/www.getfranke.com\/zoacbi3g4utwx1h7mqesvw\/messages\/F06U626H2|view full email>",
        "username": "Franke",
        "icons": {
            "image_48": "https:\/\/s3-us-west-2.amazonaws.com\/slack-files2\/bot_icons\/2015-06-28\/6957994643_48.png"
        },
        "mrkdwn": true,
        "type": "message",
        "subtype": "bot_message",
        "ts": "1435511412.000004"
    },
    {
        "text": "*<https:\/\/www.getfranke.com\/zoacbi3g4utwx1h7mqesvw\/messages\/F06U6DQQ3|Franke Test>*\n_<mailto:getfranke.support@getfranke.com|Franke> to <mailto:ucdproj.ux_feedback@getfranke.com|ux_feedback>_\n\nEmails sent to <mailto:ucdproj.ux_feedback@getfranke.com|ucdproj.ux_feedback@getfranke.com> will be sorted here by Franke.  You \u2026<https:\/\/www.getfranke.com\/zoacbi3g4utwx1h7mqesvw\/messages\/F06U6DQQ3|view full email>",
        "username": "Franke",
        "icons": {
            "image_48": "https:\/\/s3-us-west-2.amazonaws.com\/slack-files2\/bot_icons\/2015-06-28\/6957994643_48.png"
        },
        "mrkdwn": true,
        "type": "message",
        "subtype": "bot_message",
        "ts": "1435513082.000005"
    },
    {
        "user": "U04UVKDC1",
        "members": [
            "U04UVKDC1"
        ],
        "type": "message",
        "subtype": "channel_archive",
        "text": "<@U04UVKDC1|garryd> archived the channel (w\/ 1 member)",
        "ts": "1435513290.000006"
    },
    {
        "user": "U04UVKDC1",
        "type": "message",
        "subtype": "channel_join",
        "text": "<@U04UVKDC1|garryd> has joined the channel",
        "ts": "1435515423.000002"
    },
    {
        "user": "U04UVKDC1",
        "type": "message",
        "subtype": "channel_unarchive",
        "text": "<@U04UVKDC1|garryd> un-archived the channel",
        "ts": "1435515423.000003"
    },
    {
        "text": "*<https:\/\/www.getfranke.com\/zoacbi3g4utwx1h7mqesvw\/messages\/F06U72VEV|Franke Test>*\n_<mailto:getfranke.support@getfranke.com|Franke> to <mailto:ucdproj.ux_feedback@getfranke.com|ux_feedback>_\n\nEmails sent to <mailto:ucdproj.ux_feedback@getfranke.com|ucdproj.ux_feedback@getfranke.com> will be sorted here by Franke.  You \u2026<https:\/\/www.getfranke.com\/zoacbi3g4utwx1h7mqesvw\/messages\/F06U72VEV|view full email>",
        "username": "Franke",
        "icons": {
            "image_48": "https:\/\/s3-us-west-2.amazonaws.com\/slack-files2\/bot_icons\/2015-06-28\/6957994643_48.png"
        },
        "mrkdwn": true,
        "type": "message",
        "subtype": "bot_message",
        "ts": "1435515651.000004"
    },
    {
        "text": "*<https:\/\/www.getfranke.com\/zoacbi3g4utwx1h7mqesvw\/messages\/F06U70V7U|Franke Test>*\n_<mailto:getfranke.support@getfranke.com|Franke> to <mailto:ucdproj.ux_feedback@getfranke.com|ux_feedback>_\n\nEmails sent to <mailto:ucdproj.ux_feedback@getfranke.com|ucdproj.ux_feedback@getfranke.com> will be sorted here by Franke.  You \u2026<https:\/\/www.getfranke.com\/zoacbi3g4utwx1h7mqesvw\/messages\/F06U70V7U|view full email>",
        "username": "Franke",
        "icons": {
            "image_48": "https:\/\/s3-us-west-2.amazonaws.com\/slack-files2\/bot_icons\/2015-06-28\/6957994643_48.png"
        },
        "mrkdwn": true,
        "type": "message",
        "subtype": "bot_message",
        "ts": "1435516076.000005"
    },
    {
        "user": "U04UVKDC1",
        "members": [
            "U04UVKDC1"
        ],
        "type": "message",
        "subtype": "channel_archive",
        "text": "<@U04UVKDC1|garryd> archived the channel (w\/ 1 member)",
        "ts": "1435520050.000006"
    }
]