[
    {
        "type": "message",
        "user": "U050DA5Q1",
        "text": "I did the Anthus team topic selection - it looks good but actually ours is simpler and clearer IMHO",
        "ts": "1439401169.000130"
    },
    {
        "type": "message",
        "subtype": "file_share",
        "text": "<@U04UVKDC1|garryd> uploaded a file: <https:\/\/ucdproj.slack.com\/files\/garryd\/F091AQ7KL\/selection_008.png|short articles_008.png>",
        "file": {
            "id": "F091AQ7KL",
            "created": 1439418780,
            "timestamp": 1439418780,
            "name": "Selection_008.png",
            "title": "short articles_008.png",
            "mimetype": "image\/png",
            "filetype": "png",
            "pretty_type": "PNG",
            "user": "U04UVKDC1",
            "editable": false,
            "size": 26202,
            "mode": "hosted",
            "is_external": false,
            "external_type": "",
            "is_public": true,
            "public_url_shared": false,
            "display_as_bot": false,
            "username": "",
            "url": "https:\/\/slack-files.com\/files-pub\/T04UQLQPK-F091AQ7KL-5d737f5018\/selection_008.png",
            "url_download": "https:\/\/slack-files.com\/files-pub\/T04UQLQPK-F091AQ7KL-5d737f5018\/download\/selection_008.png",
            "url_private": "https:\/\/files.slack.com\/files-pri\/T04UQLQPK-F091AQ7KL\/selection_008.png",
            "url_private_download": "https:\/\/files.slack.com\/files-pri\/T04UQLQPK-F091AQ7KL\/download\/selection_008.png",
            "thumb_64": "https:\/\/slack-files.com\/files-tmb\/T04UQLQPK-F091AQ7KL-e645212ab2\/selection_008_64.png",
            "thumb_80": "https:\/\/slack-files.com\/files-tmb\/T04UQLQPK-F091AQ7KL-e645212ab2\/selection_008_80.png",
            "thumb_360": "https:\/\/slack-files.com\/files-tmb\/T04UQLQPK-F091AQ7KL-e645212ab2\/selection_008_360.png",
            "thumb_360_w": 360,
            "thumb_360_h": 359,
            "thumb_480": "https:\/\/slack-files.com\/files-tmb\/T04UQLQPK-F091AQ7KL-e645212ab2\/selection_008_480.png",
            "thumb_480_w": 480,
            "thumb_480_h": 478,
            "thumb_160": "https:\/\/slack-files.com\/files-tmb\/T04UQLQPK-F091AQ7KL-e645212ab2\/selection_008_160.png",
            "image_exif_rotation": 1,
            "permalink": "https:\/\/ucdproj.slack.com\/files\/garryd\/F091AQ7KL\/selection_008.png",
            "permalink_public": "https:\/\/slack-files.com\/T04UQLQPK-F091AQ7KL-5d737f5018",
            "channels": [
                "C051M20D0"
            ],
            "groups": [],
            "ims": [],
            "comments_count": 0
        },
        "user": "U04UVKDC1",
        "upload": true,
        "display_as_bot": false,
        "username": "<@U04UVKDC1|garryd>",
        "bot_id": null,
        "ts": "1439418783.000131"
    }
]