[
    {
        "type": "message",
        "user": "U050DA5Q1",
        "text": "Large image fix looks to be working well",
        "ts": "1439278637.000046"
    },
    {
        "type": "message",
        "user": "U050DA5Q1",
        "text": "What about the user being prompted for Topics when they sign in ? How do they know they should click the settings icon ?",
        "ts": "1439279457.000047"
    },
    {
        "type": "message",
        "user": "U04UVKDC1",
        "text": "I will ring u now",
        "ts": "1439279670.000048"
    },
    {
        "type": "message",
        "user": "U050DA5Q1",
        "text": "phone rebooted",
        "ts": "1439279816.000049"
    },
    {
        "type": "message",
        "user": "U050DA5Q1",
        "text": "on dart but try again",
        "ts": "1439279827.000050"
    },
    {
        "type": "message",
        "user": "U050DA5Q1",
        "text": "tunnel - should be ok in 1 sec",
        "ts": "1439279872.000051"
    },
    {
        "type": "message",
        "user": "U050DA5Q1",
        "text": "try agai",
        "ts": "1439279882.000052"
    },
    {
        "type": "message",
        "user": "U050DA5Q1",
        "text": "trying to call you now",
        "ts": "1439279983.000053"
    },
    {
        "type": "message",
        "user": "U04UVKDC1",
        "text": "<@U04U63G46>:  spoke to Larry this morning and we think it would be better to show  tweets from the twitter username of the site the article came from as we already have this - this should always work. I will be doing tonight can you make sure we are returning the twitter username with the article info",
        "ts": "1439292199.000054"
    },
    {
        "type": "message",
        "user": "U050DA5Q1",
        "text": "And (I keep saying this) but we do need to show to users and get feedback that its useful - if its not useful we take it out",
        "ts": "1439292306.000055"
    },
    {
        "type": "message",
        "user": "U050DA5Q1",
        "text": "I like Garrys idea above - I think that will be useful",
        "ts": "1439292357.000056"
    },
    {
        "type": "message",
        "user": "U050DA5Q1",
        "text": "we need the users to tell us though",
        "ts": "1439292375.000057"
    },
    {
        "type": "message",
        "user": "U04UVKDC1",
        "text": "Okay",
        "ts": "1439292379.000058"
    },
    {
        "type": "message",
        "user": "U050DA5Q1",
        "text": "I have 4 people who have done 2 surveys now - I can ask them anytime",
        "ts": "1439292435.000059"
    },
    {
        "type": "message",
        "user": "U050DA5Q1",
        "text": "People at work seem to love the landing page image",
        "ts": "1439298317.000060"
    },
    {
        "type": "message",
        "user": "U04UQLQPP",
        "text": "Cool :simple_smile:",
        "ts": "1439308567.000061"
    },
    {
        "type": "message",
        "user": "U050DA5Q1",
        "text": "only about 5 more responses <https:\/\/www.surveymonkey.com\/results\/SM-VB7LT7YY\/>",
        "attachments": [
            {
                "title": "Team Black UCD Summer Project",
                "title_link": "https:\/\/www.surveymonkey.com\/results\/SM-VB7LT7YY\/",
                "text": "22 responses to: Where do you normally get your news about technology?, What particular technology areas\/topics interest you?, What is your initial impression of our website and in particular the landing page?, how&amp;nbsp;did you find the login\/registration process?, What do you think about the screen layout?, Do you feel that the news articles were relevent to you? if no they what&amp;nbsp;could be changed?, Do you feel the website is something you would use in the future? if no then what could be changed?, what did you like most about the website?, what did you like least about the website?, how do you think it could be improved?",
                "fallback": "Team Black UCD Summer Project",
                "thumb_url": "https:\/\/secure.surveymonkey.com\/_resources\/SharedViews\/shared_chart.png",
                "from_url": "https:\/\/www.surveymonkey.com\/results\/SM-VB7LT7YY\/",
                "thumb_width": 232,
                "thumb_height": 232,
                "id": 1
            }
        ],
        "ts": "1439318656.000062"
    },
    {
        "type": "message",
        "user": "U050DA5Q1",
        "text": "i'll send to other half of company now",
        "ts": "1439318672.000064"
    },
    {
        "type": "message",
        "user": "U050DA5Q1",
        "text": "I'll delete the feeds I manually deleted yesterday",
        "ts": "1439318769.000065"
    },
    {
        "type": "message",
        "user": "U04UVKDC1",
        "text": "To be honest its pointless giving it out until the articles are coming in correctly",
        "edited": {
            "user": "U04UVKDC1",
            "ts": "1439318879.000000"
        },
        "ts": "1439318864.000066"
    },
    {
        "type": "message",
        "user": "U050DA5Q1",
        "text": "done - i'll remove from our CSV now",
        "ts": "1439318872.000067"
    },
    {
        "type": "message",
        "user": "U050DA5Q1",
        "text": "what does that mean - coming in correclty",
        "ts": "1439318885.000069"
    },
    {
        "type": "message",
        "user": "U050DA5Q1",
        "text": "yeah my news looks way better now - check there yourself",
        "ts": "1439318927.000070"
    },
    {
        "type": "message",
        "user": "U050DA5Q1",
        "text": "I'll remove those 4 permanently",
        "ts": "1439318941.000071"
    },
    {
        "type": "message",
        "user": "U050DA5Q1",
        "text": "the whole point - is to get feedback - not to show it to them when it's perfect",
        "ts": "1439318964.000072"
    },
    {
        "type": "message",
        "user": "U04UVKDC1",
        "text": "but no point giving it out with obvious things wrong",
        "ts": "1439319091.000073"
    },
    {
        "type": "message",
        "user": "U050DA5Q1",
        "text": "Can people check how articles look on <http:\/\/newsfast.me|newsfast.me> now with those 4 our - articles should look a lot better ?",
        "ts": "1439322072.000074"
    },
    {
        "type": "message",
        "user": "U050DA5Q1",
        "text": "with those 4 RSS feeds out",
        "ts": "1439322085.000075"
    },
    {
        "type": "message",
        "subtype": "file_share",
        "text": "<@U050DA5Q1|larry> uploaded a file: <https:\/\/ucdproj.slack.com\/files\/larry\/F08UPAHM5\/screen_shot_2015-08-11_at_20.29.06.png|Screen Shot 2015-08-11 at 20.29.06.png>",
        "file": {
            "id": "F08UPAHM5",
            "created": 1439322147,
            "timestamp": 1439322147,
            "name": "Screen Shot 2015-08-11 at 20.29.06.png",
            "title": "Screen Shot 2015-08-11 at 20.29.06.png",
            "mimetype": "image\/png",
            "filetype": "png",
            "pretty_type": "PNG",
            "user": "U050DA5Q1",
            "editable": false,
            "size": 34570,
            "mode": "hosted",
            "is_external": false,
            "external_type": "",
            "is_public": true,
            "public_url_shared": false,
            "display_as_bot": false,
            "username": "",
            "url": "https:\/\/slack-files.com\/files-pub\/T04UQLQPK-F08UPAHM5-d3b56bd5cb\/screen_shot_2015-08-11_at_20.29.06.png",
            "url_download": "https:\/\/slack-files.com\/files-pub\/T04UQLQPK-F08UPAHM5-d3b56bd5cb\/download\/screen_shot_2015-08-11_at_20.29.06.png",
            "url_private": "https:\/\/files.slack.com\/files-pri\/T04UQLQPK-F08UPAHM5\/screen_shot_2015-08-11_at_20.29.06.png",
            "url_private_download": "https:\/\/files.slack.com\/files-pri\/T04UQLQPK-F08UPAHM5\/download\/screen_shot_2015-08-11_at_20.29.06.png",
            "thumb_64": "https:\/\/slack-files.com\/files-tmb\/T04UQLQPK-F08UPAHM5-b1e0eb60ba\/screen_shot_2015-08-11_at_20.29.06_64.png",
            "thumb_80": "https:\/\/slack-files.com\/files-tmb\/T04UQLQPK-F08UPAHM5-b1e0eb60ba\/screen_shot_2015-08-11_at_20.29.06_80.png",
            "thumb_360": "https:\/\/slack-files.com\/files-tmb\/T04UQLQPK-F08UPAHM5-b1e0eb60ba\/screen_shot_2015-08-11_at_20.29.06_360.png",
            "thumb_360_w": 360,
            "thumb_360_h": 265,
            "thumb_480": "https:\/\/slack-files.com\/files-tmb\/T04UQLQPK-F08UPAHM5-b1e0eb60ba\/screen_shot_2015-08-11_at_20.29.06_480.png",
            "thumb_480_w": 480,
            "thumb_480_h": 354,
            "thumb_160": "https:\/\/slack-files.com\/files-tmb\/T04UQLQPK-F08UPAHM5-b1e0eb60ba\/screen_shot_2015-08-11_at_20.29.06_160.png",
            "image_exif_rotation": 1,
            "permalink": "https:\/\/ucdproj.slack.com\/files\/larry\/F08UPAHM5\/screen_shot_2015-08-11_at_20.29.06.png",
            "permalink_public": "https:\/\/slack-files.com\/T04UQLQPK-F08UPAHM5-d3b56bd5cb",
            "channels": [
                "C051M20D0"
            ],
            "groups": [],
            "ims": [],
            "comments_count": 0
        },
        "user": "U050DA5Q1",
        "upload": true,
        "display_as_bot": false,
        "username": "<@U050DA5Q1|larry>",
        "bot_id": null,
        "ts": "1439322148.000076"
    },
    {
        "type": "message",
        "user": "U050DA5Q1",
        "text": "Good feedback here - pasted to Demo Paper will update",
        "ts": "1439322156.000077"
    },
    {
        "type": "message",
        "user": "U04UVKDC1",
        "text": "Its much better images still all not a top",
        "ts": "1439322182.000078"
    },
    {
        "type": "message",
        "user": "U050DA5Q1",
        "text": "Better is good !",
        "ts": "1439322201.000079"
    },
    {
        "type": "message",
        "user": "U04UVKDC1",
        "text": "And still some short articles",
        "ts": "1439322211.000080"
    },
    {
        "type": "message",
        "user": "U04UVKDC1",
        "text": "very short",
        "ts": "1439322214.000081"
    },
    {
        "type": "message",
        "user": "U04UVKDC1",
        "text": "need to filter them out",
        "ts": "1439322227.000082"
    },
    {
        "type": "message",
        "user": "U050DA5Q1",
        "text": "Yes we agreed that",
        "ts": "1439322245.000083"
    },
    {
        "type": "message",
        "user": "U050DA5Q1",
        "text": "@garry if you saw some of the UI today you would have cried",
        "ts": "1439322400.000084"
    },
    {
        "type": "message",
        "user": "U04UVKDC1",
        "text": "issues?",
        "ts": "1439322439.000085"
    },
    {
        "type": "message",
        "user": "U04UVKDC1",
        "text": "or just the content?",
        "ts": "1439322457.000086"
    },
    {
        "type": "message",
        "user": "U050DA5Q1",
        "text": "everything - well one had all Italic Font which looked ridicolous",
        "ts": "1439322486.000087"
    },
    {
        "type": "message",
        "user": "U050DA5Q1",
        "text": "some had good idea but poor execution",
        "ts": "1439322517.000088"
    },
    {
        "type": "message",
        "user": "U050DA5Q1",
        "text": "i didn't see them all",
        "ts": "1439322524.000089"
    },
    {
        "type": "message",
        "user": "U050DA5Q1",
        "text": "most were weak on who users were and also on business really vague",
        "ts": "1439322552.000090"
    },
    {
        "type": "message",
        "user": "U04UVKDC1",
        "text": "oh your talking about other projects",
        "ts": "1439322578.000091"
    },
    {
        "type": "message",
        "user": "U050DA5Q1",
        "text": "FFS yes",
        "ts": "1439322588.000092"
    },
    {
        "type": "message",
        "user": "U050DA5Q1",
        "text": "yours looked very good Garry",
        "ts": "1439322609.000093"
    },
    {
        "type": "message",
        "user": "U04UVKDC1",
        "text": "ours",
        "ts": "1439322618.000094"
    },
    {
        "type": "message",
        "user": "U050DA5Q1",
        "text": ":simple_smile:",
        "ts": "1439322623.000095"
    },
    {
        "type": "message",
        "user": "U04UQLQPP",
        "text": "now ladies",
        "ts": "1439322627.000096"
    },
    {
        "type": "message",
        "user": "U04UVKDC1",
        "text": "any good ones",
        "ts": "1439322652.000097"
    },
    {
        "type": "message",
        "user": "U04UVKDC1",
        "text": "you get any ideas",
        "ts": "1439322662.000098"
    },
    {
        "type": "message",
        "user": "U050DA5Q1",
        "text": "one after i left Kevin said",
        "ts": "1439322674.000099"
    },
    {
        "type": "message",
        "user": "U04UQLQPP",
        "text": "plenty, all inside my head",
        "ts": "1439322675.000100"
    },
    {
        "type": "message",
        "user": "U04UVKDC1",
        "text": "any big ones with small cost",
        "ts": "1439322700.000101"
    },
    {
        "type": "message",
        "user": "U04UVKDC1",
        "text": "which could make ours better",
        "ts": "1439322711.000102"
    },
    {
        "type": "message",
        "user": "U050DA5Q1",
        "text": "no",
        "ts": "1439322721.000103"
    },
    {
        "type": "message",
        "user": "U04UVKDC1",
        "text": "wishful thinking",
        "ts": "1439322730.000104"
    },
    {
        "type": "message",
        "user": "U050DA5Q1",
        "text": "just checked all the VMs looks like almost all the full time groups not running",
        "ts": "1439323579.000105"
    },
    {
        "type": "message",
        "user": "U050DA5Q1",
        "text": "Here's the one K said was good and UI was very good <http:\/\/csi6220-2-vm4.ucd.ie\/>",
        "ts": "1439323646.000106"
    },
    {
        "type": "message",
        "user": "U050DA5Q1",
        "text": "i haven't logged in yet",
        "ts": "1439323655.000107"
    },
    {
        "type": "message",
        "user": "U04UVKDC1",
        "text": "sounds familar",
        "ts": "1439323727.000108"
    },
    {
        "type": "message",
        "user": "U04UVKDC1",
        "text": "the intro",
        "ts": "1439323733.000109"
    },
    {
        "type": "message",
        "user": "U04UQLQPP",
        "text": "ha they copied lol",
        "ts": "1439324445.000110"
    },
    {
        "type": "message",
        "user": "U050DA5Q1",
        "text": "I logged in and got crash but i see the analytics, Kevin said it looked really good",
        "ts": "1439324679.000111"
    },
    {
        "type": "message",
        "user": "U04U6FCFE",
        "text": "Don't show it to Garry, he'll only want to make more changes!",
        "ts": "1439325017.000112"
    },
    {
        "type": "message",
        "user": "U04U6FCFE",
        "text": "ah too late.",
        "ts": "1439325041.000113"
    },
    {
        "type": "message",
        "user": "U04UQLQPP",
        "text": "I think it\u2019s a lot of good UI",
        "ts": "1439326813.000115"
    },
    {
        "type": "message",
        "user": "U04UQLQPP",
        "text": "no backend to back it up I think",
        "ts": "1439326822.000116"
    },
    {
        "type": "message",
        "user": "U04UQLQPP",
        "text": "I went and changed prefs",
        "ts": "1439326826.000117"
    },
    {
        "type": "message",
        "user": "U04UQLQPP",
        "text": "articles stayed the same",
        "ts": "1439326831.000118"
    },
    {
        "type": "message",
        "user": "U04UQLQPP",
        "text": "all one source - reuters",
        "ts": "1439326905.000119"
    },
    {
        "type": "message",
        "user": "U050DA5Q1",
        "text": "@garry just shows you don\u2019t even need a BE ! All in the UI",
        "ts": "1439327122.000121"
    },
    {
        "type": "message",
        "user": "U050DA5Q1",
        "text": "BE just wasting value CPU and RAM that should go to UI",
        "ts": "1439327149.000122"
    },
    {
        "type": "message",
        "user": "U04UQLQPP",
        "text": ":laughing:",
        "ts": "1439327166.000123"
    }
]