[
    {
        "type": "message",
        "subtype": "file_share",
        "text": "<@U04UVKDC1|garryd> uploaded a file: <https:\/\/ucdproj.slack.com\/files\/garryd\/F08FZP745\/selection_001.png|Icon Proposal.png> and commented: What do ye think?",
        "file": {
            "id": "F08FZP745",
            "created": 1438554429,
            "timestamp": 1438554429,
            "name": "Selection_001.png",
            "title": "Icon Proposal.png",
            "mimetype": "image\/png",
            "filetype": "png",
            "pretty_type": "PNG",
            "user": "U04UVKDC1",
            "editable": false,
            "size": 17714,
            "mode": "hosted",
            "is_external": false,
            "external_type": "",
            "is_public": true,
            "public_url_shared": false,
            "display_as_bot": false,
            "username": "",
            "url": "https:\/\/slack-files.com\/files-pub\/T04UQLQPK-F08FZP745-46d89fd5c8\/selection_001.png",
            "url_download": "https:\/\/slack-files.com\/files-pub\/T04UQLQPK-F08FZP745-46d89fd5c8\/download\/selection_001.png",
            "url_private": "https:\/\/files.slack.com\/files-pri\/T04UQLQPK-F08FZP745\/selection_001.png",
            "url_private_download": "https:\/\/files.slack.com\/files-pri\/T04UQLQPK-F08FZP745\/download\/selection_001.png",
            "thumb_64": "https:\/\/slack-files.com\/files-tmb\/T04UQLQPK-F08FZP745-0ad6d26030\/selection_001_64.png",
            "thumb_80": "https:\/\/slack-files.com\/files-tmb\/T04UQLQPK-F08FZP745-0ad6d26030\/selection_001_80.png",
            "thumb_360": "https:\/\/slack-files.com\/files-tmb\/T04UQLQPK-F08FZP745-0ad6d26030\/selection_001_360.png",
            "thumb_360_w": 261,
            "thumb_360_h": 244,
            "thumb_160": "https:\/\/slack-files.com\/files-tmb\/T04UQLQPK-F08FZP745-0ad6d26030\/selection_001_160.png",
            "image_exif_rotation": 1,
            "permalink": "https:\/\/ucdproj.slack.com\/files\/garryd\/F08FZP745\/selection_001.png",
            "permalink_public": "https:\/\/slack-files.com\/T04UQLQPK-F08FZP745-46d89fd5c8",
            "channels": [
                "C051M20D0"
            ],
            "groups": [],
            "ims": [],
            "comments_count": 1,
            "initial_comment": {
                "id": "Fc08FZAQNL",
                "created": 1438554430,
                "timestamp": 1438554430,
                "user": "U04UVKDC1",
                "comment": "What do ye think?"
            }
        },
        "user": "U04UVKDC1",
        "upload": true,
        "display_as_bot": false,
        "username": "<@U04UVKDC1|garryd>",
        "bot_id": null,
        "ts": "1438554430.000008"
    },
    {
        "type": "message",
        "user": "U04U6FCFE",
        "text": "Needs colour but other than that its good",
        "ts": "1438554509.000009"
    },
    {
        "type": "message",
        "user": "U050DA5Q1",
        "text": "Bit Nazi - National Front like ??",
        "ts": "1438554523.000010"
    },
    {
        "type": "message",
        "user": "U04UVKDC1",
        "text": "If ye have ideas post of a snapshot",
        "ts": "1438554575.000011"
    },
    {
        "type": "message",
        "user": "U050DA5Q1",
        "text": "don\u2019t know why i thought that - just popped into my head when i saw it",
        "ts": "1438554590.000012"
    },
    {
        "type": "message",
        "user": "U04UVKDC1",
        "text": "We need something better than the existing",
        "ts": "1438554609.000013"
    },
    {
        "type": "message",
        "user": "U050DA5Q1",
        "text": "whats the icon for exactly",
        "ts": "1438554618.000014"
    },
    {
        "type": "message",
        "user": "U04UVKDC1",
        "text": "for left top corner of homepage",
        "ts": "1438554650.000015"
    },
    {
        "type": "message",
        "user": "U050DA5Q1",
        "text": "cheers",
        "ts": "1438554657.000016"
    },
    {
        "type": "message",
        "user": "U04UVKDC1",
        "text": "and new landing page",
        "ts": "1438554663.000017"
    },
    {
        "type": "message",
        "user": "U050DA5Q1",
        "text": "i don't like it .. sorry",
        "ts": "1438554693.000018"
    },
    {
        "type": "message",
        "user": "U04UVKDC1",
        "text": "okay",
        "ts": "1438554742.000019"
    },
    {
        "type": "message",
        "user": "U050DA5Q1",
        "text": "that might just be me .. and fair dues for doing it ..",
        "ts": "1438554820.000020"
    },
    {
        "type": "message",
        "user": "U050DA5Q1",
        "text": "how did you make it",
        "ts": "1438554858.000021"
    },
    {
        "type": "message",
        "user": "U050DA5Q1",
        "text": "i'll try and come up with one for the craic",
        "ts": "1438554917.000022"
    },
    {
        "type": "message",
        "subtype": "file_share",
        "text": "<@U04UVKDC1|garryd> uploaded a file: <https:\/\/ucdproj.slack.com\/files\/garryd\/F08FZRUP3\/selection_002.png|option2.png>",
        "file": {
            "id": "F08FZRUP3",
            "created": 1438554938,
            "timestamp": 1438554938,
            "name": "Selection_002.png",
            "title": "option2.png",
            "mimetype": "image\/png",
            "filetype": "png",
            "pretty_type": "PNG",
            "user": "U04UVKDC1",
            "editable": false,
            "size": 6214,
            "mode": "hosted",
            "is_external": false,
            "external_type": "",
            "is_public": true,
            "public_url_shared": false,
            "display_as_bot": false,
            "username": "",
            "url": "https:\/\/slack-files.com\/files-pub\/T04UQLQPK-F08FZRUP3-e7e18f9f86\/selection_002.png",
            "url_download": "https:\/\/slack-files.com\/files-pub\/T04UQLQPK-F08FZRUP3-e7e18f9f86\/download\/selection_002.png",
            "url_private": "https:\/\/files.slack.com\/files-pri\/T04UQLQPK-F08FZRUP3\/selection_002.png",
            "url_private_download": "https:\/\/files.slack.com\/files-pri\/T04UQLQPK-F08FZRUP3\/download\/selection_002.png",
            "thumb_64": "https:\/\/slack-files.com\/files-tmb\/T04UQLQPK-F08FZRUP3-c1f6ca7fcb\/selection_002_64.png",
            "thumb_80": "https:\/\/slack-files.com\/files-tmb\/T04UQLQPK-F08FZRUP3-c1f6ca7fcb\/selection_002_80.png",
            "thumb_360": "https:\/\/slack-files.com\/files-tmb\/T04UQLQPK-F08FZRUP3-c1f6ca7fcb\/selection_002_360.png",
            "thumb_360_w": 200,
            "thumb_360_h": 190,
            "thumb_160": "https:\/\/slack-files.com\/files-tmb\/T04UQLQPK-F08FZRUP3-c1f6ca7fcb\/selection_002_160.png",
            "image_exif_rotation": 1,
            "permalink": "https:\/\/ucdproj.slack.com\/files\/garryd\/F08FZRUP3\/selection_002.png",
            "permalink_public": "https:\/\/slack-files.com\/T04UQLQPK-F08FZRUP3-e7e18f9f86",
            "channels": [
                "C051M20D0"
            ],
            "groups": [],
            "ims": [],
            "comments_count": 1
        },
        "user": "U04UVKDC1",
        "upload": true,
        "display_as_bot": false,
        "username": "<@U04UVKDC1|garryd>",
        "bot_id": null,
        "ts": "1438554940.000023"
    },
    {
        "type": "message",
        "user": "U04UVKDC1",
        "text": "same idea as the shorthand one",
        "ts": "1438554956.000024"
    },
    {
        "type": "message",
        "user": "U04UVKDC1",
        "text": "ya cool",
        "ts": "1438554970.000025"
    },
    {
        "type": "message",
        "user": "U04U6FCFE",
        "text": "Better but still think we need colour.  just don't ask me to pick the colours.",
        "ts": "1438555324.000026"
    },
    {
        "type": "message",
        "user": "U04UVKDC1",
        "text": "<http:\/\/www.nasa.gov\/socialmedia>",
        "attachments": [
            {
                "service_name": "NASA",
                "title": "Social Media at NASA",
                "title_link": "http:\/\/www.nasa.gov\/socialmedia",
                "text": "NASA brings you images, videos and features from the unique perspective of America's space agency. Get updates on missions, watch NASA TV, read blogs, view the latest discoveries, and more.",
                "fallback": "NASA: Social Media at NASA",
                "image_url": "http:\/\/www.nasa.gov\/sites\/default\/files\/images\/astro.jpg",
                "from_url": "http:\/\/www.nasa.gov\/socialmedia",
                "image_width": 250,
                "image_height": 250,
                "image_bytes": 275183,
                "id": 1
            }
        ],
        "ts": "1438555401.000027"
    },
    {
        "type": "message",
        "user": "U04UVKDC1",
        "text": "see the nasa icon",
        "ts": "1438555411.000029"
    },
    {
        "type": "message",
        "user": "U04UVKDC1",
        "text": "those colours possibly",
        "ts": "1438555455.000030"
    },
    {
        "type": "message",
        "user": "U04U6FCFE",
        "text": "looks promising",
        "ts": "1438555532.000031"
    },
    {
        "type": "message",
        "user": "U04U6FCFE",
        "text": ":thumbsup:",
        "ts": "1438555539.000032"
    },
    {
        "type": "message",
        "user": "U04UVKDC1",
        "text": "Can we get any other logo submissions by Tuesday -same for background image",
        "ts": "1438562569.000033"
    },
    {
        "type": "message",
        "user": "U050DA5Q1",
        "text": "good idea garryd",
        "ts": "1438562690.000034"
    }
]