[
    {
        "type": "message",
        "user": "U04UVKDC1",
        "text": "Here is the initial ui mockup myself and Neil came up with during the week. We can  have a discussion on it tomorrow night. Attaching in PDF and Balsamiq formats.",
        "ts": "1433618486.000003"
    },
    {
        "type": "message",
        "subtype": "file_share",
        "text": "<@U04UVKDC1|garryd> uploaded a file: <https:\/\/ucdproj.slack.com\/files\/garryd\/F061M1F44\/ucd_proj_mock_ui.pdf|ucd_proj_mock_ui.pdf>",
        "file": {
            "id": "F061M1F44",
            "created": 1433618550,
            "timestamp": 1433618550,
            "name": "ucd_proj_mock_ui.pdf",
            "title": "ucd_proj_mock_ui.pdf",
            "mimetype": "application\/pdf",
            "filetype": "pdf",
            "pretty_type": "PDF",
            "user": "U04UVKDC1",
            "editable": false,
            "size": 132569,
            "mode": "hosted",
            "is_external": false,
            "external_type": "",
            "is_public": true,
            "public_url_shared": false,
            "display_as_bot": false,
            "username": "",
            "url": "https:\/\/slack-files.com\/files-pub\/T04UQLQPK-F061M1F44-d8d733231c\/ucd_proj_mock_ui.pdf",
            "url_download": "https:\/\/slack-files.com\/files-pub\/T04UQLQPK-F061M1F44-d8d733231c\/download\/ucd_proj_mock_ui.pdf",
            "url_private": "https:\/\/files.slack.com\/files-pri\/T04UQLQPK-F061M1F44\/ucd_proj_mock_ui.pdf",
            "url_private_download": "https:\/\/files.slack.com\/files-pri\/T04UQLQPK-F061M1F44\/download\/ucd_proj_mock_ui.pdf",
            "permalink": "https:\/\/ucdproj.slack.com\/files\/garryd\/F061M1F44\/ucd_proj_mock_ui.pdf",
            "permalink_public": "https:\/\/slack-files.com\/T04UQLQPK-F061M1F44-d8d733231c",
            "channels": [
                "C051M20D0"
            ],
            "groups": [],
            "ims": [],
            "comments_count": 0,
            "pinned_to": [
                "C051M20D0"
            ]
        },
        "user": "U04UVKDC1",
        "upload": true,
        "display_as_bot": false,
        "username": "<@U04UVKDC1|garryd>",
        "bot_id": null,
        "ts": "1433618551.000005"
    },
    {
        "type": "message",
        "subtype": "file_share",
        "text": "<@U04UVKDC1|garryd> uploaded a file: <https:\/\/ucdproj.slack.com\/files\/garryd\/F061M2WSJ\/ucd_proj_mock_ui.bmpr|ucd_proj_mock_ui.bmpr>",
        "file": {
            "id": "F061M2WSJ",
            "created": 1433618602,
            "timestamp": 1433618602,
            "name": "ucd_proj_mock_ui.bmpr",
            "title": "ucd_proj_mock_ui.bmpr",
            "mimetype": "application\/octet-stream",
            "filetype": "binary",
            "pretty_type": "Binary",
            "user": "U04UVKDC1",
            "editable": false,
            "size": 224256,
            "mode": "hosted",
            "is_external": false,
            "external_type": "",
            "is_public": true,
            "public_url_shared": false,
            "display_as_bot": false,
            "username": "",
            "url": "https:\/\/slack-files.com\/files-pub\/T04UQLQPK-F061M2WSJ-1514ca4707\/ucd_proj_mock_ui.bmpr",
            "url_download": "https:\/\/slack-files.com\/files-pub\/T04UQLQPK-F061M2WSJ-1514ca4707\/download\/ucd_proj_mock_ui.bmpr",
            "url_private": "https:\/\/files.slack.com\/files-pri\/T04UQLQPK-F061M2WSJ\/ucd_proj_mock_ui.bmpr",
            "url_private_download": "https:\/\/files.slack.com\/files-pri\/T04UQLQPK-F061M2WSJ\/download\/ucd_proj_mock_ui.bmpr",
            "permalink": "https:\/\/ucdproj.slack.com\/files\/garryd\/F061M2WSJ\/ucd_proj_mock_ui.bmpr",
            "permalink_public": "https:\/\/slack-files.com\/T04UQLQPK-F061M2WSJ-1514ca4707",
            "channels": [
                "C051M20D0"
            ],
            "groups": [],
            "ims": [],
            "comments_count": 0,
            "pinned_to": [
                "C051M20D0"
            ]
        },
        "user": "U04UVKDC1",
        "upload": true,
        "display_as_bot": false,
        "username": "<@U04UVKDC1|garryd>",
        "bot_id": null,
        "ts": "1433618603.000006"
    },
    {
        "type": "message",
        "user": "U04UQLQPP",
        "text": "<@U04UVKDC1>: looks good",
        "ts": "1433618607.000007"
    },
    {
        "type": "message",
        "subtype": "pinned_item",
        "user": "U04UQLQPP",
        "item_type": "F",
        "text": "<@U04UQLQPP|neilgrogan> pinned <@U04UVKDC1|garryd>'s PDF <https:\/\/ucdproj.slack.com\/files\/garryd\/F061M1F44\/ucd_proj_mock_ui.pdf|ucd_proj_mock_ui.pdf> to this channel.",
        "item": {
            "id": "F061M1F44",
            "created": 1433618550,
            "timestamp": 1433618550,
            "name": "ucd_proj_mock_ui.pdf",
            "title": "ucd_proj_mock_ui.pdf",
            "mimetype": "application\/pdf",
            "filetype": "pdf",
            "pretty_type": "PDF",
            "user": "U04UVKDC1",
            "editable": false,
            "size": 132569,
            "mode": "hosted",
            "is_external": false,
            "external_type": "",
            "is_public": true,
            "public_url_shared": false,
            "display_as_bot": false,
            "username": "",
            "url": "https:\/\/slack-files.com\/files-pub\/T04UQLQPK-F061M1F44-d8d733231c\/ucd_proj_mock_ui.pdf",
            "url_download": "https:\/\/slack-files.com\/files-pub\/T04UQLQPK-F061M1F44-d8d733231c\/download\/ucd_proj_mock_ui.pdf",
            "url_private": "https:\/\/files.slack.com\/files-pri\/T04UQLQPK-F061M1F44\/ucd_proj_mock_ui.pdf",
            "url_private_download": "https:\/\/files.slack.com\/files-pri\/T04UQLQPK-F061M1F44\/download\/ucd_proj_mock_ui.pdf",
            "permalink": "https:\/\/ucdproj.slack.com\/files\/garryd\/F061M1F44\/ucd_proj_mock_ui.pdf",
            "permalink_public": "https:\/\/slack-files.com\/T04UQLQPK-F061M1F44-d8d733231c",
            "channels": [
                "C051M20D0"
            ],
            "groups": [],
            "ims": [],
            "comments_count": 0,
            "pinned_to": [
                "C051M20D0"
            ]
        },
        "ts": "1433618883.000008"
    },
    {
        "type": "message",
        "subtype": "pinned_item",
        "user": "U04UVKDC1",
        "item_type": "F",
        "text": "<@U04UVKDC1|garryd> pinned their Binary <https:\/\/ucdproj.slack.com\/files\/garryd\/F061M2WSJ\/ucd_proj_mock_ui.bmpr|ucd_proj_mock_ui.bmpr> to this channel.",
        "item": {
            "id": "F061M2WSJ",
            "created": 1433618602,
            "timestamp": 1433618602,
            "name": "ucd_proj_mock_ui.bmpr",
            "title": "ucd_proj_mock_ui.bmpr",
            "mimetype": "application\/octet-stream",
            "filetype": "binary",
            "pretty_type": "Binary",
            "user": "U04UVKDC1",
            "editable": false,
            "size": 224256,
            "mode": "hosted",
            "is_external": false,
            "external_type": "",
            "is_public": true,
            "public_url_shared": false,
            "display_as_bot": false,
            "username": "",
            "url": "https:\/\/slack-files.com\/files-pub\/T04UQLQPK-F061M2WSJ-1514ca4707\/ucd_proj_mock_ui.bmpr",
            "url_download": "https:\/\/slack-files.com\/files-pub\/T04UQLQPK-F061M2WSJ-1514ca4707\/download\/ucd_proj_mock_ui.bmpr",
            "url_private": "https:\/\/files.slack.com\/files-pri\/T04UQLQPK-F061M2WSJ\/ucd_proj_mock_ui.bmpr",
            "url_private_download": "https:\/\/files.slack.com\/files-pri\/T04UQLQPK-F061M2WSJ\/download\/ucd_proj_mock_ui.bmpr",
            "permalink": "https:\/\/ucdproj.slack.com\/files\/garryd\/F061M2WSJ\/ucd_proj_mock_ui.bmpr",
            "permalink_public": "https:\/\/slack-files.com\/T04UQLQPK-F061M2WSJ-1514ca4707",
            "channels": [
                "C051M20D0"
            ],
            "groups": [],
            "ims": [],
            "comments_count": 0,
            "pinned_to": [
                "C051M20D0"
            ]
        },
        "ts": "1433619634.000009"
    }
]