[
    {
        "type": "message",
        "user": "U050DA5Q1",
        "text": "<@U04UVKDC1>: Click on article not working on latest Dev - just FYI",
        "ts": "1438603524.000035"
    },
    {
        "type": "message",
        "user": "U04UVKDC1",
        "text": "should be, its working locally for me",
        "edited": {
            "user": "U04UVKDC1",
            "ts": "1438605453.000000"
        },
        "ts": "1438605341.000036"
    },
    {
        "type": "message",
        "user": "U04UVKDC1",
        "text": "can you check again",
        "ts": "1438605362.000037"
    },
    {
        "type": "message",
        "user": "U050DA5Q1",
        "text": "still not working for me",
        "ts": "1438606697.000039"
    },
    {
        "type": "message",
        "user": "U04UVKDC1",
        "text": "what browser you using?",
        "ts": "1438606724.000040"
    },
    {
        "type": "message",
        "user": "U050DA5Q1",
        "text": "i see now - works on FF but not Chrome",
        "ts": "1438606770.000041"
    },
    {
        "type": "message",
        "user": "U050DA5Q1",
        "text": "i thought jquery meant no cross browser issues",
        "ts": "1438606802.000042"
    },
    {
        "type": "message",
        "user": "U04UVKDC1",
        "text": "me to",
        "ts": "1438606820.000043"
    },
    {
        "type": "message",
        "user": "U04UVKDC1",
        "text": "trying to install chrome on ubuntu here now, so I will check why its not working on chrome",
        "ts": "1438607237.000044"
    },
    {
        "type": "message",
        "user": "U050DA5Q1",
        "text": "cool cheers",
        "ts": "1438607248.000045"
    },
    {
        "type": "message",
        "user": "U050DA5Q1",
        "text": "looking good on FF the Slide and close working well",
        "ts": "1438607408.000046"
    },
    {
        "type": "message",
        "user": "U04UVKDC1",
        "text": "ya think so - I have chrome on now and investigating",
        "ts": "1438607472.000047"
    },
    {
        "type": "message",
        "user": "U050DA5Q1",
        "text": "cool cheers",
        "ts": "1438607539.000048"
    },
    {
        "type": "message",
        "user": "U04UQLQPP",
        "text": "with NF in middle",
        "ts": "1438614169.000050"
    },
    {
        "type": "message",
        "user": "U04UQLQPP",
        "text": "<http:\/\/vaticancities.com\/image\/55b2090aafe33.jpg>",
        "ts": "1438614183.000051"
    },
    {
        "type": "message",
        "user": "U04UQLQPP",
        "text": "what about that? I\u2019d suggest black and white, go with our theme, will match landing page too",
        "ts": "1438614218.000053"
    },
    {
        "type": "message",
        "user": "U050DA5Q1",
        "text": "i'd leave the NF out of it .. it really does look like national front to me.",
        "ts": "1438617012.000054"
    },
    {
        "type": "message",
        "user": "U04UQLQPP",
        "text": "yeah hah",
        "ts": "1438617287.000055"
    },
    {
        "type": "message",
        "user": "U04UQLQPP",
        "text": "or <http:\/\/www.ctf.org\/Learn-About-NF\/What-Is-NF.html>",
        "attachments": [
            {
                "text": "The mission of The Children's Tumor Foundation is to encourage and support research and the development of treatments and cures for Neurofibromatosis: NF1, NF2, schwannomatosis and related disorders.",
                "fallback": "The mission of The Children's Tumor Foundation is to encourage and support research and the development of treatments and cures for Neurofibromatosis: NF1, NF2, schwannomatosis and related disorders.",
                "from_url": "http:\/\/www.ctf.org\/Learn-About-NF\/What-Is-NF.html",
                "id": 1
            }
        ],
        "ts": "1438617317.000056"
    },
    {
        "type": "message",
        "user": "U050DA5Q1",
        "text": "i\u2019m going to have to come up with candidate icons ..",
        "ts": "1438617391.000058"
    },
    {
        "type": "message",
        "user": "U04UQLQPP",
        "text": ":thumbsup::skin-tone-6:",
        "ts": "1438619209.000059"
    },
    {
        "type": "message",
        "subtype": "file_share",
        "text": "<@U050DA5Q1|larry> uploaded a file: <https:\/\/ucdproj.slack.com\/files\/larry\/F08H1RXLM\/android-news-256-los.png|First effort:>",
        "file": {
            "id": "F08H1RXLM",
            "created": 1438621253,
            "timestamp": 1438621253,
            "name": "Android-News-256-LOS.png",
            "title": "First effort:",
            "mimetype": "image\/png",
            "filetype": "png",
            "pretty_type": "PNG",
            "user": "U050DA5Q1",
            "editable": false,
            "size": 12654,
            "mode": "hosted",
            "is_external": false,
            "external_type": "",
            "is_public": true,
            "public_url_shared": false,
            "display_as_bot": false,
            "username": "",
            "url": "https:\/\/slack-files.com\/files-pub\/T04UQLQPK-F08H1RXLM-72c4feed7a\/android-news-256-los.png",
            "url_download": "https:\/\/slack-files.com\/files-pub\/T04UQLQPK-F08H1RXLM-72c4feed7a\/download\/android-news-256-los.png",
            "url_private": "https:\/\/files.slack.com\/files-pri\/T04UQLQPK-F08H1RXLM\/android-news-256-los.png",
            "url_private_download": "https:\/\/files.slack.com\/files-pri\/T04UQLQPK-F08H1RXLM\/download\/android-news-256-los.png",
            "thumb_64": "https:\/\/slack-files.com\/files-tmb\/T04UQLQPK-F08H1RXLM-d94719bef0\/android-news-256-los_64.png",
            "thumb_80": "https:\/\/slack-files.com\/files-tmb\/T04UQLQPK-F08H1RXLM-d94719bef0\/android-news-256-los_80.png",
            "thumb_360": "https:\/\/slack-files.com\/files-tmb\/T04UQLQPK-F08H1RXLM-d94719bef0\/android-news-256-los_360.png",
            "thumb_360_w": 256,
            "thumb_360_h": 256,
            "thumb_160": "https:\/\/slack-files.com\/files-tmb\/T04UQLQPK-F08H1RXLM-d94719bef0\/android-news-256-los_160.png",
            "image_exif_rotation": 1,
            "permalink": "https:\/\/ucdproj.slack.com\/files\/larry\/F08H1RXLM\/android-news-256-los.png",
            "permalink_public": "https:\/\/slack-files.com\/T04UQLQPK-F08H1RXLM-72c4feed7a",
            "channels": [
                "C051M20D0"
            ],
            "groups": [],
            "ims": [],
            "comments_count": 0
        },
        "user": "U050DA5Q1",
        "upload": true,
        "display_as_bot": false,
        "username": "<@U050DA5Q1|larry>",
        "bot_id": null,
        "ts": "1438621255.000060"
    }
]