[
    {
        "type": "message",
        "user": "U04U6FCFE",
        "text": "<!channel>: Im thinking this for text on landing \"what is section\" ....",
        "ts": "1439119967.000002"
    },
    {
        "type": "message",
        "user": "U04U6FCFE",
        "text": "<http:\/\/NewsFast.me|NewsFast.me> will use the your own individual preferences to choose technology articles from our repository that are relevant to you. We refresh our content throughout the day so you will always get the most update technology news.",
        "ts": "1439119985.000003"
    },
    {
        "type": "message",
        "user": "U04U6FCFE",
        "text": "possibly accompanied by screen shot of articles page and topics selection so users can see basic functionality",
        "ts": "1439120046.000004"
    },
    {
        "type": "message",
        "user": "U050DA5Q1",
        "text": "I would take out \u2018from our repository\u2019 - too Techy for the man in the street",
        "ts": "1439120128.000005"
    },
    {
        "type": "message",
        "user": "U04UVKDC1",
        "text": "looks okay to me, cheers",
        "ts": "1439120253.000006"
    },
    {
        "type": "message",
        "subtype": "file_share",
        "text": "<@U050DA5Q1|larry> uploaded a file: <https:\/\/ucdproj.slack.com\/files\/larry\/F08R9SM45\/tweets.png|tweets.png> and commented: Example of how tweet content not good",
        "file": {
            "id": "F08R9SM45",
            "created": 1439122118,
            "timestamp": 1439122118,
            "name": "tweets.png",
            "title": "tweets.png",
            "mimetype": "image\/png",
            "filetype": "png",
            "pretty_type": "PNG",
            "user": "U050DA5Q1",
            "editable": false,
            "size": 75189,
            "mode": "hosted",
            "is_external": false,
            "external_type": "",
            "is_public": true,
            "public_url_shared": false,
            "display_as_bot": false,
            "username": "",
            "url": "https:\/\/slack-files.com\/files-pub\/T04UQLQPK-F08R9SM45-5ed9ca86d6\/tweets.png",
            "url_download": "https:\/\/slack-files.com\/files-pub\/T04UQLQPK-F08R9SM45-5ed9ca86d6\/download\/tweets.png",
            "url_private": "https:\/\/files.slack.com\/files-pri\/T04UQLQPK-F08R9SM45\/tweets.png",
            "url_private_download": "https:\/\/files.slack.com\/files-pri\/T04UQLQPK-F08R9SM45\/download\/tweets.png",
            "thumb_64": "https:\/\/slack-files.com\/files-tmb\/T04UQLQPK-F08R9SM45-29502c4170\/tweets_64.png",
            "thumb_80": "https:\/\/slack-files.com\/files-tmb\/T04UQLQPK-F08R9SM45-29502c4170\/tweets_80.png",
            "thumb_360": "https:\/\/slack-files.com\/files-tmb\/T04UQLQPK-F08R9SM45-29502c4170\/tweets_360.png",
            "thumb_360_w": 360,
            "thumb_360_h": 161,
            "thumb_480": "https:\/\/slack-files.com\/files-tmb\/T04UQLQPK-F08R9SM45-29502c4170\/tweets_480.png",
            "thumb_480_w": 480,
            "thumb_480_h": 215,
            "thumb_160": "https:\/\/slack-files.com\/files-tmb\/T04UQLQPK-F08R9SM45-29502c4170\/tweets_160.png",
            "image_exif_rotation": 1,
            "permalink": "https:\/\/ucdproj.slack.com\/files\/larry\/F08R9SM45\/tweets.png",
            "permalink_public": "https:\/\/slack-files.com\/T04UQLQPK-F08R9SM45-5ed9ca86d6",
            "channels": [
                "C051M20D0"
            ],
            "groups": [],
            "ims": [],
            "comments_count": 1,
            "initial_comment": {
                "id": "Fc08R9NY86",
                "created": 1439122118,
                "timestamp": 1439122118,
                "user": "U050DA5Q1",
                "comment": "Example of how tweet content not good"
            }
        },
        "user": "U050DA5Q1",
        "upload": true,
        "display_as_bot": false,
        "username": "<@U050DA5Q1|larry>",
        "bot_id": null,
        "ts": "1439122121.000007"
    },
    {
        "type": "message",
        "subtype": "file_share",
        "text": "<@U050DA5Q1|larry> uploaded a file: <https:\/\/ucdproj.slack.com\/files\/larry\/F08R9GFL0\/ui-bug.png|UI-bug.png> and commented: Bug in latest UI - job icons spilling over",
        "file": {
            "id": "F08R9GFL0",
            "created": 1439122161,
            "timestamp": 1439122161,
            "name": "UI-bug.png",
            "title": "UI-bug.png",
            "mimetype": "image\/png",
            "filetype": "png",
            "pretty_type": "PNG",
            "user": "U050DA5Q1",
            "editable": false,
            "size": 121456,
            "mode": "hosted",
            "is_external": false,
            "external_type": "",
            "is_public": true,
            "public_url_shared": false,
            "display_as_bot": false,
            "username": "",
            "url": "https:\/\/slack-files.com\/files-pub\/T04UQLQPK-F08R9GFL0-21eb24b326\/ui-bug.png",
            "url_download": "https:\/\/slack-files.com\/files-pub\/T04UQLQPK-F08R9GFL0-21eb24b326\/download\/ui-bug.png",
            "url_private": "https:\/\/files.slack.com\/files-pri\/T04UQLQPK-F08R9GFL0\/ui-bug.png",
            "url_private_download": "https:\/\/files.slack.com\/files-pri\/T04UQLQPK-F08R9GFL0\/download\/ui-bug.png",
            "thumb_64": "https:\/\/slack-files.com\/files-tmb\/T04UQLQPK-F08R9GFL0-4fd629d6cf\/ui-bug_64.png",
            "thumb_80": "https:\/\/slack-files.com\/files-tmb\/T04UQLQPK-F08R9GFL0-4fd629d6cf\/ui-bug_80.png",
            "thumb_360": "https:\/\/slack-files.com\/files-tmb\/T04UQLQPK-F08R9GFL0-4fd629d6cf\/ui-bug_360.png",
            "thumb_360_w": 360,
            "thumb_360_h": 212,
            "thumb_480": "https:\/\/slack-files.com\/files-tmb\/T04UQLQPK-F08R9GFL0-4fd629d6cf\/ui-bug_480.png",
            "thumb_480_w": 480,
            "thumb_480_h": 283,
            "thumb_160": "https:\/\/slack-files.com\/files-tmb\/T04UQLQPK-F08R9GFL0-4fd629d6cf\/ui-bug_160.png",
            "image_exif_rotation": 1,
            "permalink": "https:\/\/ucdproj.slack.com\/files\/larry\/F08R9GFL0\/ui-bug.png",
            "permalink_public": "https:\/\/slack-files.com\/T04UQLQPK-F08R9GFL0-21eb24b326",
            "channels": [
                "C051M20D0"
            ],
            "groups": [],
            "ims": [],
            "comments_count": 1,
            "initial_comment": {
                "id": "Fc08R9U4U9",
                "created": 1439122161,
                "timestamp": 1439122161,
                "user": "U050DA5Q1",
                "comment": "Bug in latest UI - job icons spilling over"
            }
        },
        "user": "U050DA5Q1",
        "upload": true,
        "display_as_bot": false,
        "username": "<@U050DA5Q1|larry>",
        "bot_id": null,
        "ts": "1439122164.000008"
    },
    {
        "type": "message",
        "user": "U04UVKDC1",
        "text": "thats what I mentioned earlier re tweet content",
        "edited": {
            "user": "U04UVKDC1",
            "ts": "1439122216.000000"
        },
        "ts": "1439122205.000009"
    },
    {
        "type": "message",
        "user": "U050DA5Q1",
        "text": "can we do a hangot",
        "ts": "1439122257.000011"
    },
    {
        "type": "message",
        "user": "U050DA5Q1",
        "text": "or call whatever",
        "ts": "1439122272.000012"
    },
    {
        "type": "message",
        "user": "U050DA5Q1",
        "text": "FYI the Visual Studio Sponsored Post doesn't work - probably they moved the link",
        "ts": "1439142184.000013"
    },
    {
        "type": "message",
        "user": "U050DA5Q1",
        "text": "Igloo as well",
        "ts": "1439142232.000014"
    },
    {
        "type": "message",
        "user": "U04UVKDC1",
        "text": "I think I fixed on latest",
        "ts": "1439142248.000015"
    },
    {
        "type": "message",
        "user": "U050DA5Q1",
        "text": "Cool",
        "ts": "1439142346.000016"
    },
    {
        "type": "message",
        "user": "U04UVKDC1",
        "text": "Let me know if you see anything else",
        "ts": "1439142353.000017"
    },
    {
        "type": "message",
        "user": "U04UVKDC1",
        "text": "cheers",
        "ts": "1439142355.000018"
    },
    {
        "type": "message",
        "user": "U050DA5Q1",
        "text": "will do cheers",
        "ts": "1439142359.000019"
    },
    {
        "type": "message",
        "subtype": "file_share",
        "text": "<@U04UVKDC1|garryd> uploaded a file: <https:\/\/ucdproj.slack.com\/files\/garryd\/F08REJVPZ\/news_fast_icon.svg|News_Fast_Icon.svg>",
        "file": {
            "id": "F08REJVPZ",
            "created": 1439144620,
            "timestamp": 1439144620,
            "name": "News_Fast_Icon.svg",
            "title": "News_Fast_Icon.svg",
            "mimetype": "image\/svg+xml",
            "filetype": "svg",
            "pretty_type": "SVG",
            "user": "U04UVKDC1",
            "editable": false,
            "size": 2822,
            "mode": "hosted",
            "is_external": false,
            "external_type": "",
            "is_public": true,
            "public_url_shared": false,
            "display_as_bot": false,
            "username": "",
            "url": "https:\/\/slack-files.com\/files-pub\/T04UQLQPK-F08REJVPZ-6e538b35ec\/news_fast_icon.svg",
            "url_download": "https:\/\/slack-files.com\/files-pub\/T04UQLQPK-F08REJVPZ-6e538b35ec\/download\/news_fast_icon.svg",
            "url_private": "https:\/\/files.slack.com\/files-pri\/T04UQLQPK-F08REJVPZ\/news_fast_icon.svg",
            "url_private_download": "https:\/\/files.slack.com\/files-pri\/T04UQLQPK-F08REJVPZ\/download\/news_fast_icon.svg",
            "permalink": "https:\/\/ucdproj.slack.com\/files\/garryd\/F08REJVPZ\/news_fast_icon.svg",
            "permalink_public": "https:\/\/slack-files.com\/T04UQLQPK-F08REJVPZ-6e538b35ec",
            "channels": [
                "C051M20D0"
            ],
            "groups": [],
            "ims": [],
            "comments_count": 0
        },
        "user": "U04UVKDC1",
        "upload": true,
        "display_as_bot": false,
        "username": "<@U04UVKDC1|garryd>",
        "bot_id": null,
        "ts": "1439144621.000020"
    },
    {
        "type": "message",
        "subtype": "file_share",
        "text": "<@U04UVKDC1|garryd> uploaded a file: <https:\/\/ucdproj.slack.com\/files\/garryd\/F08RFEVJ7\/selection_005.png|home_page_with_new_icon.png>",
        "file": {
            "id": "F08RFEVJ7",
            "created": 1439147699,
            "timestamp": 1439147699,
            "name": "Selection_005.png",
            "title": "home_page_with_new_icon.png",
            "mimetype": "image\/png",
            "filetype": "png",
            "pretty_type": "PNG",
            "user": "U04UVKDC1",
            "editable": false,
            "size": 93176,
            "mode": "hosted",
            "is_external": false,
            "external_type": "",
            "is_public": true,
            "public_url_shared": false,
            "display_as_bot": false,
            "username": "",
            "url": "https:\/\/slack-files.com\/files-pub\/T04UQLQPK-F08RFEVJ7-5ed2548eab\/selection_005.png",
            "url_download": "https:\/\/slack-files.com\/files-pub\/T04UQLQPK-F08RFEVJ7-5ed2548eab\/download\/selection_005.png",
            "url_private": "https:\/\/files.slack.com\/files-pri\/T04UQLQPK-F08RFEVJ7\/selection_005.png",
            "url_private_download": "https:\/\/files.slack.com\/files-pri\/T04UQLQPK-F08RFEVJ7\/download\/selection_005.png",
            "thumb_64": "https:\/\/slack-files.com\/files-tmb\/T04UQLQPK-F08RFEVJ7-b2fb94573f\/selection_005_64.png",
            "thumb_80": "https:\/\/slack-files.com\/files-tmb\/T04UQLQPK-F08RFEVJ7-b2fb94573f\/selection_005_80.png",
            "thumb_360": "https:\/\/slack-files.com\/files-tmb\/T04UQLQPK-F08RFEVJ7-b2fb94573f\/selection_005_360.png",
            "thumb_360_w": 360,
            "thumb_360_h": 101,
            "thumb_480": "https:\/\/slack-files.com\/files-tmb\/T04UQLQPK-F08RFEVJ7-b2fb94573f\/selection_005_480.png",
            "thumb_480_w": 480,
            "thumb_480_h": 135,
            "thumb_160": "https:\/\/slack-files.com\/files-tmb\/T04UQLQPK-F08RFEVJ7-b2fb94573f\/selection_005_160.png",
            "thumb_720": "https:\/\/slack-files.com\/files-tmb\/T04UQLQPK-F08RFEVJ7-b2fb94573f\/selection_005_720.png",
            "thumb_720_w": 720,
            "thumb_720_h": 203,
            "thumb_960": "https:\/\/slack-files.com\/files-tmb\/T04UQLQPK-F08RFEVJ7-b2fb94573f\/selection_005_960.png",
            "thumb_960_w": 960,
            "thumb_960_h": 271,
            "thumb_1024": "https:\/\/slack-files.com\/files-tmb\/T04UQLQPK-F08RFEVJ7-b2fb94573f\/selection_005_1024.png",
            "thumb_1024_w": 1024,
            "thumb_1024_h": 289,
            "image_exif_rotation": 1,
            "permalink": "https:\/\/ucdproj.slack.com\/files\/garryd\/F08RFEVJ7\/selection_005.png",
            "permalink_public": "https:\/\/slack-files.com\/T04UQLQPK-F08RFEVJ7-5ed2548eab",
            "channels": [
                "C051M20D0"
            ],
            "groups": [],
            "ims": [],
            "comments_count": 0
        },
        "user": "U04UVKDC1",
        "upload": true,
        "display_as_bot": false,
        "username": "<@U04UVKDC1|garryd>",
        "bot_id": null,
        "ts": "1439147706.000022"
    }
]