[
    {
        "type": "message",
        "user": "U04UQLQPP",
        "text": "I'm really a *nix person! OS X or Linux :sunglasses:",
        "ts": "1438794519.000096"
    },
    {
        "type": "message",
        "user": "U050DA5Q1",
        "text": "that's what i like about Mac that its Unix",
        "ts": "1438799578.000097"
    },
    {
        "type": "message",
        "user": "U050DA5Q1",
        "text": "<@U04UVKDC1>: Latest Dev - FF Chrome fine, Safari still issue of sponsor posts and latest news all on left hand side - if you need to debug it we use use teamviewer to login to my mac",
        "ts": "1438801266.000098"
    }
]