[
    {
        "type": "message",
        "user": "U050DA5Q1",
        "text": "New Dev - when you hover over the Newsfast icon in the home page it says \"Buy Sell Rent Everything\" - some copy\/pastage I assume",
        "ts": "1439207505.000024"
    },
    {
        "type": "message",
        "user": "U050DA5Q1",
        "text": "* Loved the landing page - really strong reaction to it.Settings icon not that obvious - although she would have clicked on it naturally to see what it does\nShort articles look a bit crap - and some have weird scrolling - I\u2019ll try and get to the bottom of this.\nOverlay - liked it and better than popup.\nAlready uses Techmeme - comment that very similar (LOS should we change the name Sponsor Posts to something else).\nComment that it\u2019s nice that click article doesn\u2019t go to new site which Techmeme does.\nArticle title in overlap should be centred vertically - currently right at top of page.\nArticles in left - are cut off - would be nice if they weren\u2019t (this bugged her for some reason).\nWe didn\u2019t talk about article click - she used the X most of the time but that was OK as no comment on it.",
        "ts": "1439230694.000025"
    },
    {
        "type": "message",
        "user": "U050DA5Q1",
        "text": "sorry was formatting text - feedback from UI person",
        "ts": "1439230739.000026"
    },
    {
        "type": "message",
        "user": "U04UVKDC1",
        "text": "cheers Larry good stuff",
        "ts": "1439230805.000027"
    },
    {
        "type": "message",
        "user": "U04UVKDC1",
        "text": "So we need a topics icon possibly",
        "ts": "1439230834.000028"
    },
    {
        "type": "message",
        "user": "U04UVKDC1",
        "text": "Think removing the bad rss feeds will sort out some of above",
        "ts": "1439230871.000029"
    },
    {
        "type": "message",
        "user": "U04UVKDC1",
        "text": "working on getting overlay to look a bit better in cases like this as well",
        "ts": "1439230896.000030"
    },
    {
        "type": "message",
        "user": "U04UVKDC1",
        "text": "through the css",
        "ts": "1439230902.000031"
    },
    {
        "type": "message",
        "user": "U04UVKDC1",
        "text": "but try to filter at backend as well like you said",
        "ts": "1439230934.000032"
    },
    {
        "type": "message",
        "user": "U04UVKDC1",
        "text": "Ya I showed landing page to some people today as well and they were impressed and its growing on me",
        "ts": "1439231019.000033"
    },
    {
        "type": "message",
        "user": "U04UVKDC1",
        "text": "Re:Article title in overlap should be centred vertically - currently right at top of page.",
        "ts": "1439232578.000034"
    },
    {
        "type": "message",
        "user": "U04UVKDC1",
        "text": "working on it",
        "ts": "1439232583.000035"
    },
    {
        "type": "message",
        "user": "U04UVKDC1",
        "text": "Re:Articles in left - are cut off - would be nice if they weren\u2019t (this bugged her for some reason).",
        "ts": "1439232600.000036"
    },
    {
        "type": "message",
        "user": "U04UVKDC1",
        "text": "I dont know what we can do here?",
        "ts": "1439232615.000037"
    },
    {
        "type": "message",
        "user": "U04UVKDC1",
        "text": "was thinking of fading it out gradually",
        "ts": "1439232684.000038"
    },
    {
        "type": "message",
        "user": "U04UVKDC1",
        "text": "Have made some updates here <http:\/\/newsfast.me|newsfast.me>",
        "ts": "1439232758.000039"
    },
    {
        "type": "message",
        "user": "U04UVKDC1",
        "text": "not for all issues yet",
        "ts": "1439232770.000040"
    },
    {
        "type": "message",
        "subtype": "file_share",
        "text": "<@U04UVKDC1|garryd> uploaded a file: <https:\/\/ucdproj.slack.com\/files\/garryd\/F08SUJZKN\/news_fast_icon_text.svg|News_Fast_Icon_text.svg>",
        "file": {
            "id": "F08SUJZKN",
            "created": 1439233749,
            "timestamp": 1439233749,
            "name": "News_Fast_Icon_text.svg",
            "title": "News_Fast_Icon_text.svg",
            "mimetype": "image\/svg+xml",
            "filetype": "svg",
            "pretty_type": "SVG",
            "user": "U04UVKDC1",
            "editable": false,
            "size": 2664,
            "mode": "hosted",
            "is_external": false,
            "external_type": "",
            "is_public": true,
            "public_url_shared": false,
            "display_as_bot": false,
            "username": "",
            "url": "https:\/\/slack-files.com\/files-pub\/T04UQLQPK-F08SUJZKN-202f572598\/news_fast_icon_text.svg",
            "url_download": "https:\/\/slack-files.com\/files-pub\/T04UQLQPK-F08SUJZKN-202f572598\/download\/news_fast_icon_text.svg",
            "url_private": "https:\/\/files.slack.com\/files-pri\/T04UQLQPK-F08SUJZKN\/news_fast_icon_text.svg",
            "url_private_download": "https:\/\/files.slack.com\/files-pri\/T04UQLQPK-F08SUJZKN\/download\/news_fast_icon_text.svg",
            "permalink": "https:\/\/ucdproj.slack.com\/files\/garryd\/F08SUJZKN\/news_fast_icon_text.svg",
            "permalink_public": "https:\/\/slack-files.com\/T04UQLQPK-F08SUJZKN-202f572598",
            "channels": [
                "C051M20D0"
            ],
            "groups": [],
            "ims": [],
            "comments_count": 0
        },
        "user": "U04UVKDC1",
        "upload": true,
        "display_as_bot": false,
        "username": "<@U04UVKDC1|garryd>",
        "bot_id": null,
        "ts": "1439233749.000041"
    },
    {
        "type": "message",
        "user": "U050DA5Q1",
        "text": "going through feeds now to identify short ones",
        "ts": "1439238406.000042"
    },
    {
        "type": "message",
        "user": "U050DA5Q1",
        "text": "I found short articles and deleted <http:\/\/recode.net|recode.net>, telegraph, usatoday and cnet - from <http:\/\/newsfast.me|newsfast.me> Admin - made a big difference",
        "ts": "1439238929.000043"
    },
    {
        "type": "message",
        "user": "U050DA5Q1",
        "text": "<@U04UVKDC1>: having Ads on the right looks really good - a nice change as the user can easier click on latest i think",
        "ts": "1439239095.000044"
    },
    {
        "type": "message",
        "user": "U050DA5Q1",
        "text": "Site looking v good now with that simple feed delete - survey feedback should be interesting",
        "ts": "1439239169.000045"
    }
]