[
    {
        "type": "message",
        "subtype": "file_comment",
        "text": "<@U04UQLQPP|neilgrogan> commented on <@U04UVKDC1|garryd>'s file <https:\/\/ucdproj.slack.com\/files\/garryd\/F08FZRUP3\/selection_002.png|option2.png>: can you make this the logo? Also I need a large version for landing page please\u2026\n",
        "file": {
            "id": "F08FZRUP3",
            "created": 1438554938,
            "timestamp": 1438554938,
            "name": "Selection_002.png",
            "title": "option2.png",
            "mimetype": "image\/png",
            "filetype": "png",
            "pretty_type": "PNG",
            "user": "U04UVKDC1",
            "editable": false,
            "size": 6214,
            "mode": "hosted",
            "is_external": false,
            "external_type": "",
            "is_public": true,
            "public_url_shared": false,
            "display_as_bot": false,
            "username": "",
            "url": "https:\/\/slack-files.com\/files-pub\/T04UQLQPK-F08FZRUP3-e7e18f9f86\/selection_002.png",
            "url_download": "https:\/\/slack-files.com\/files-pub\/T04UQLQPK-F08FZRUP3-e7e18f9f86\/download\/selection_002.png",
            "url_private": "https:\/\/files.slack.com\/files-pri\/T04UQLQPK-F08FZRUP3\/selection_002.png",
            "url_private_download": "https:\/\/files.slack.com\/files-pri\/T04UQLQPK-F08FZRUP3\/download\/selection_002.png",
            "thumb_64": "https:\/\/slack-files.com\/files-tmb\/T04UQLQPK-F08FZRUP3-c1f6ca7fcb\/selection_002_64.png",
            "thumb_80": "https:\/\/slack-files.com\/files-tmb\/T04UQLQPK-F08FZRUP3-c1f6ca7fcb\/selection_002_80.png",
            "thumb_360": "https:\/\/slack-files.com\/files-tmb\/T04UQLQPK-F08FZRUP3-c1f6ca7fcb\/selection_002_360.png",
            "thumb_360_w": 200,
            "thumb_360_h": 190,
            "thumb_160": "https:\/\/slack-files.com\/files-tmb\/T04UQLQPK-F08FZRUP3-c1f6ca7fcb\/selection_002_160.png",
            "image_exif_rotation": 1,
            "permalink": "https:\/\/ucdproj.slack.com\/files\/garryd\/F08FZRUP3\/selection_002.png",
            "permalink_public": "https:\/\/slack-files.com\/T04UQLQPK-F08FZRUP3-e7e18f9f86",
            "channels": [
                "C051M20D0"
            ],
            "groups": [],
            "ims": [],
            "comments_count": 1
        },
        "comment": {
            "id": "Fc08QY6JRZ",
            "created": 1439058195,
            "timestamp": 1439058195,
            "user": "U04UQLQPP",
            "comment": "can you make this the logo? Also I need a large version for landing page please\u2026\n"
        },
        "ts": "1439058195.000002"
    },
    {
        "type": "message",
        "user": "U04UVKDC1",
        "text": "How do you mean a large version of landing page",
        "ts": "1439060466.000003"
    },
    {
        "type": "message",
        "user": "U04UQLQPP",
        "text": "large version of logo",
        "ts": "1439060891.000004"
    },
    {
        "type": "message",
        "user": "U04UVKDC1",
        "text": "right",
        "ts": "1439060919.000005"
    },
    {
        "type": "message",
        "user": "U04UVKDC1",
        "text": "Think we need a new picture",
        "ts": "1439061165.000006"
    },
    {
        "type": "message",
        "user": "U04UVKDC1",
        "text": "I am not happy with that one",
        "ts": "1439061177.000007"
    },
    {
        "type": "message",
        "user": "U04UQLQPP",
        "text": "the lads all liked it today",
        "ts": "1439061190.000008"
    },
    {
        "type": "message",
        "user": "U04UQLQPP",
        "text": "I\u2019m not just saying that to annoy you btw, you can ask them",
        "ts": "1439061210.000009"
    },
    {
        "type": "message",
        "user": "U04UVKDC1",
        "text": "I showed it to a few people as well",
        "ts": "1439061237.000010"
    },
    {
        "type": "message",
        "user": "U04UQLQPP",
        "text": "there\u2019s better pictures for sure, nut would have to pay",
        "ts": "1439061245.000011"
    },
    {
        "type": "message",
        "user": "U04UQLQPP",
        "text": "*but",
        "ts": "1439061253.000012"
    },
    {
        "type": "message",
        "user": "U04UQLQPP",
        "text": "Larry will do survey with it, we can see what people say",
        "ts": "1439061276.000013"
    },
    {
        "type": "message",
        "user": "U04UQLQPP",
        "text": "gonna send to his whole company",
        "ts": "1439061287.000014"
    },
    {
        "type": "message",
        "user": "U04UQLQPP",
        "text": "~50 people",
        "ts": "1439061293.000015"
    },
    {
        "type": "message",
        "user": "U04UVKDC1",
        "text": "k",
        "ts": "1439061312.000016"
    },
    {
        "type": "message",
        "user": "U04UQLQPP",
        "text": "it\u2019s a thing that can be changed in 2 seconds anyways, not a big deal",
        "ts": "1439061335.000017"
    }
]