[
    {
        "type": "message",
        "user": "U04UQLQPP",
        "text": "Material Design Lite <http:\/\/www.getmdl.io\/templates\/index.html> @garryd",
        "attachments": [
            {
                "text": "A front-end template that helps you build fast, modern mobile web apps.",
                "fallback": "A front-end template that helps you build fast, modern mobile web apps.",
                "from_url": "http:\/\/www.getmdl.io\/templates\/index.html",
                "id": 1
            }
        ],
        "ts": "1436290257.000007"
    }
]