[
    {
        "type": "message",
        "user": "U050DA5Q1",
        "text": "Neil found this earlier <http:\/\/shorthand.com\/social\/> Lets just steal their twitter button and find an image to use as background ?",
        "attachments": [
            {
                "service_name": "Shorthand Social",
                "title": "Create stories that are made to be shared",
                "title_link": "http:\/\/shorthand.com\/social\/",
                "text": "Create and share beautiful stories - it's social storytelling made simple.",
                "fallback": "Shorthand Social: Create stories that are made to be shared",
                "image_url": "http:\/\/shorthand.com\/social\/media\/title.jpg",
                "from_url": "http:\/\/shorthand.com\/social\/",
                "image_width": 443,
                "image_height": 250,
                "image_bytes": 190739,
                "id": 1
            }
        ],
        "ts": "1438360027.000002"
    },
    {
        "type": "message",
        "user": "U04UQLQPP",
        "text": "think so too!",
        "ts": "1438380194.000004"
    },
    {
        "type": "message",
        "user": "U04UQLQPP",
        "text": "what you tjimk <@U04UVKDC1> ?",
        "ts": "1438380204.000005"
    },
    {
        "type": "message",
        "user": "U04UQLQPP",
        "text": "*think",
        "ts": "1438380211.000006"
    },
    {
        "type": "message",
        "user": "U04UVKDC1",
        "text": "yep sounds good",
        "ts": "1438380701.000007"
    }
]