[
    {
        "type": "message",
        "subtype": "file_share",
        "text": "<@U04UVKDC1|garryd> uploaded a file: <https:\/\/ucdproj.slack.com\/files\/garryd\/F06HA2TEE\/proj_ux_summary.docx|proj_ux_summary.docx>",
        "file": {
            "id": "F06HA2TEE",
            "created": 1434659043,
            "timestamp": 1434659043,
            "name": "proj_ux_summary.docx",
            "title": "proj_ux_summary.docx",
            "mimetype": "application\/vnd.openxmlformats-officedocument.wordprocessingml.document",
            "filetype": "docx",
            "pretty_type": "Word Document",
            "user": "U04UVKDC1",
            "editable": false,
            "size": 459977,
            "mode": "hosted",
            "is_external": false,
            "external_type": "",
            "is_public": true,
            "public_url_shared": false,
            "display_as_bot": false,
            "username": "",
            "url": "https:\/\/slack-files.com\/files-pub\/T04UQLQPK-F06HA2TEE-6b7c1036e4\/proj_ux_summary.docx",
            "url_download": "https:\/\/slack-files.com\/files-pub\/T04UQLQPK-F06HA2TEE-6b7c1036e4\/download\/proj_ux_summary.docx",
            "url_private": "https:\/\/files.slack.com\/files-pri\/T04UQLQPK-F06HA2TEE\/proj_ux_summary.docx",
            "url_private_download": "https:\/\/files.slack.com\/files-pri\/T04UQLQPK-F06HA2TEE\/download\/proj_ux_summary.docx",
            "permalink": "https:\/\/ucdproj.slack.com\/files\/garryd\/F06HA2TEE\/proj_ux_summary.docx",
            "permalink_public": "https:\/\/slack-files.com\/T04UQLQPK-F06HA2TEE-6b7c1036e4",
            "channels": [
                "C051M20D0"
            ],
            "groups": [],
            "ims": [],
            "comments_count": 1
        },
        "user": "U04UVKDC1",
        "upload": true,
        "display_as_bot": false,
        "username": "<@U04UVKDC1|garryd>",
        "bot_id": null,
        "ts": "1434659045.000002"
    },
    {
        "type": "message",
        "subtype": "file_comment",
        "text": "<@U04UVKDC1|garryd> commented on <@U04UVKDC1|garryd>'s file <https:\/\/ucdproj.slack.com\/files\/garryd\/F06HA2TEE\/proj_ux_summary.docx|proj_ux_summary.docx>: Quick summary of articles on UX in moodle",
        "file": {
            "id": "F06HA2TEE",
            "created": 1434659043,
            "timestamp": 1434659043,
            "name": "proj_ux_summary.docx",
            "title": "proj_ux_summary.docx",
            "mimetype": "application\/vnd.openxmlformats-officedocument.wordprocessingml.document",
            "filetype": "docx",
            "pretty_type": "Word Document",
            "user": "U04UVKDC1",
            "editable": false,
            "size": 459977,
            "mode": "hosted",
            "is_external": false,
            "external_type": "",
            "is_public": true,
            "public_url_shared": false,
            "display_as_bot": false,
            "username": "",
            "url": "https:\/\/slack-files.com\/files-pub\/T04UQLQPK-F06HA2TEE-6b7c1036e4\/proj_ux_summary.docx",
            "url_download": "https:\/\/slack-files.com\/files-pub\/T04UQLQPK-F06HA2TEE-6b7c1036e4\/download\/proj_ux_summary.docx",
            "url_private": "https:\/\/files.slack.com\/files-pri\/T04UQLQPK-F06HA2TEE\/proj_ux_summary.docx",
            "url_private_download": "https:\/\/files.slack.com\/files-pri\/T04UQLQPK-F06HA2TEE\/download\/proj_ux_summary.docx",
            "permalink": "https:\/\/ucdproj.slack.com\/files\/garryd\/F06HA2TEE\/proj_ux_summary.docx",
            "permalink_public": "https:\/\/slack-files.com\/T04UQLQPK-F06HA2TEE-6b7c1036e4",
            "channels": [
                "C051M20D0"
            ],
            "groups": [],
            "ims": [],
            "comments_count": 1
        },
        "comment": {
            "id": "Fc06HA4T5M",
            "created": 1434659088,
            "timestamp": 1434659088,
            "user": "U04UVKDC1",
            "comment": "Quick summary of articles on UX in moodle"
        },
        "ts": "1434659088.000003"
    }
]