[
    {
        "type": "message",
        "user": "U050DA5Q1",
        "text": "I've been testing a bit and noticed the following: when I click on articles sometimes they take a second or two to render - in the meantime i see \"Title goes here\" or the previous article. Is this because the twitter widget is loading first ? Also I've noticed that overnight, only 2 new articles were added to my personal list on left hand side .. I'm not sure if the time downvoting is there yet. I'll add these 2 to Trello - Garry might have feedback on the first one",
        "ts": "1438673780.000061"
    },
    {
        "type": "message",
        "user": "U050DA5Q1",
        "text": "Just thinking, we need to make better use of the survey - we're not actually changing anything based on feedback. One thing we definitely will ask users about is the twitter widget - is it useful to them ? At the moment the widget just shows a default .. when do you think Garry it can be working using the topic ?",
        "ts": "1438673921.000062"
    },
    {
        "type": "message",
        "user": "U04UVKDC1",
        "text": "Think tomorrow Larry, I am probably not around this evening.",
        "ts": "1438674083.000063"
    },
    {
        "type": "message",
        "user": "U050DA5Q1",
        "text": "Great - that\u2019s cool, I have a core group at work of around 5 people who can do repeat surveys. I really like the widget but i think its one of those things we may need to justify by feedback",
        "ts": "1438674185.000064"
    },
    {
        "type": "message",
        "user": "U050DA5Q1",
        "text": "Any thoughts on the issue with rendering Garry - have you seen it ?",
        "ts": "1438674213.000065"
    },
    {
        "type": "message",
        "user": "U04UVKDC1",
        "text": "Ya I will look at that",
        "ts": "1438674454.000066"
    },
    {
        "type": "message",
        "user": "U050DA5Q1",
        "text": "Thanks Garry",
        "ts": "1438674648.000067"
    },
    {
        "type": "message",
        "user": "U050DA5Q1",
        "text": "<@U04UVKDC1>: new topics checkbox looks great :thumbsup:",
        "ts": "1438718346.000068"
    },
    {
        "type": "message",
        "user": "U04UVKDC1",
        "text": "cheers Larry",
        "ts": "1438725647.000069"
    },
    {
        "type": "message",
        "user": "U04UVKDC1",
        "text": "not sure about the twitter widget",
        "ts": "1438725664.000070"
    },
    {
        "type": "message",
        "user": "U04UVKDC1",
        "text": "was doing some research and guys said they could not change parameters",
        "ts": "1438725696.000071"
    },
    {
        "type": "message",
        "user": "U050DA5Q1",
        "text": "oh really",
        "ts": "1438725744.000072"
    },
    {
        "type": "message",
        "user": "U04UVKDC1",
        "text": "but looks to be other ones if that does not work",
        "ts": "1438725936.000073"
    },
    {
        "type": "message",
        "user": "U050DA5Q1",
        "text": "don't think it matters too much .. if it doesn't work we have the core to concentrate on",
        "ts": "1438725990.000074"
    },
    {
        "type": "message",
        "user": "U050DA5Q1",
        "text": "<@U04UVKDC1>: tried again with Safari and it shows Sponsor below my news, and latest below that - i'll add bug to Trello and test in future with Chrome + FF + Safari as discussed",
        "ts": "1438729614.000075"
    },
    {
        "type": "message",
        "user": "U04UVKDC1",
        "text": "okay thanks Larry",
        "ts": "1438729644.000076"
    },
    {
        "type": "message",
        "user": "U050DA5Q1",
        "text": "And note that instructors generally have Mac so Safari quite likely  NP cheers Garry",
        "ts": "1438729660.000077"
    },
    {
        "type": "message",
        "user": "U050DA5Q1",
        "text": "FYI Garry when i thought Safari looked ok I was looking at FF by mistake",
        "ts": "1438729938.000078"
    },
    {
        "type": "message",
        "user": "U04UVKDC1",
        "text": "<http:\/\/askubuntu.com\/questions\/83658\/how-to-install-apple-safari-without-using-wine>",
        "attachments": [
            {
                "title": "How to install apple safari without using wine?",
                "title_link": "http:\/\/askubuntu.com\/questions\/83658\/how-to-install-apple-safari-without-using-wine",
                "text": "Being a web developer I would like to install Apple Safari to check the proper working of my code. But I'm not getting how to install the Apple Safari on Ubuntu 10.10? (Without wine)",
                "fallback": "How to install apple safari without using wine?",
                "thumb_url": "http:\/\/cdn.sstatic.net\/askubuntu\/img\/apple-touch-icon@2.png?v=c492c9229955&a",
                "from_url": "http:\/\/askubuntu.com\/questions\/83658\/how-to-install-apple-safari-without-using-wine",
                "thumb_width": 316,
                "thumb_height": 316,
                "id": 1
            }
        ],
        "ts": "1438730059.000079"
    },
    {
        "type": "message",
        "user": "U04UVKDC1",
        "text": "a couple of ways I can get it on ubuntu, but I will leave testing with you for now as it will take a while",
        "ts": "1438730105.000081"
    },
    {
        "type": "message",
        "user": "U04UVKDC1",
        "text": "I will put in on in the next day or 2 anyway",
        "ts": "1438730130.000082"
    },
    {
        "type": "message",
        "user": "U050DA5Q1",
        "text": "NP if you need me to try stuff let me know .. i'll check every day anyway. Must be time for you to get a Mac Garry",
        "ts": "1438730240.000083"
    },
    {
        "type": "message",
        "user": "U050DA5Q1",
        "text": "its 2015 you know",
        "ts": "1438730250.000084"
    },
    {
        "type": "message",
        "user": "U04UVKDC1",
        "text": "thanks Larry",
        "ts": "1438730271.000085"
    },
    {
        "type": "message",
        "user": "U050DA5Q1",
        "text": ":simple_smile:",
        "ts": "1438730277.000086"
    },
    {
        "type": "message",
        "user": "U04UVKDC1",
        "text": "<http:\/\/www.thebestpageintheuniverse.net\/c.cgi?u=macs_cant>",
        "attachments": [
            {
                "text": "one thing pc users can do that mac users can't",
                "fallback": "one thing pc users can do that mac users can't",
                "from_url": "http:\/\/www.thebestpageintheuniverse.net\/c.cgi?u=macs_cant",
                "id": 1
            }
        ],
        "ts": "1438730361.000087"
    },
    {
        "type": "message",
        "user": "U04UVKDC1",
        "text": "this is funny",
        "ts": "1438730374.000089"
    },
    {
        "type": "message",
        "user": "U04UVKDC1",
        "text": "Its not about you or Neil",
        "edited": {
            "user": "U04UVKDC1",
            "ts": "1438730417.000000"
        },
        "ts": "1438730405.000090"
    },
    {
        "type": "message",
        "user": "U04UVKDC1",
        "text": "just funny in general",
        "ts": "1438730430.000092"
    },
    {
        "type": "message",
        "user": "U04UVKDC1",
        "text": "The guy is really annoyed by mac users",
        "ts": "1438730672.000093"
    },
    {
        "type": "message",
        "user": "U050DA5Q1",
        "text": "Funny",
        "ts": "1438730678.000094"
    },
    {
        "type": "message",
        "user": "U050DA5Q1",
        "text": "I admit Mac users are really smug about them",
        "ts": "1438730713.000095"
    }
]