[
    {
        "type": "message",
        "subtype": "file_share",
        "text": "<@U050DA5Q1|larry> uploaded a file: <https:\/\/ucdproj.slack.com\/files\/larry\/F06TC24LS\/screen_shot_2015-06-27_at_00.12.28.png|This kind of choice would look good>",
        "file": {
            "id": "F06TC24LS",
            "created": 1435360408,
            "timestamp": 1435360408,
            "name": "Screen Shot 2015-06-27 at 00.12.28.png",
            "title": "This kind of choice would look good",
            "mimetype": "image\/png",
            "filetype": "png",
            "pretty_type": "PNG",
            "user": "U050DA5Q1",
            "editable": false,
            "size": 379587,
            "mode": "hosted",
            "is_external": false,
            "external_type": "",
            "is_public": true,
            "public_url_shared": false,
            "display_as_bot": false,
            "username": "",
            "url": "https:\/\/slack-files.com\/files-pub\/T04UQLQPK-F06TC24LS-40096d3004\/screen_shot_2015-06-27_at_00.12.28.png",
            "url_download": "https:\/\/slack-files.com\/files-pub\/T04UQLQPK-F06TC24LS-40096d3004\/download\/screen_shot_2015-06-27_at_00.12.28.png",
            "url_private": "https:\/\/files.slack.com\/files-pri\/T04UQLQPK-F06TC24LS\/screen_shot_2015-06-27_at_00.12.28.png",
            "url_private_download": "https:\/\/files.slack.com\/files-pri\/T04UQLQPK-F06TC24LS\/download\/screen_shot_2015-06-27_at_00.12.28.png",
            "thumb_64": "https:\/\/slack-files.com\/files-tmb\/T04UQLQPK-F06TC24LS-eb72109ed0\/screen_shot_2015-06-27_at_00.12.28_64.png",
            "thumb_80": "https:\/\/slack-files.com\/files-tmb\/T04UQLQPK-F06TC24LS-eb72109ed0\/screen_shot_2015-06-27_at_00.12.28_80.png",
            "thumb_360": "https:\/\/slack-files.com\/files-tmb\/T04UQLQPK-F06TC24LS-eb72109ed0\/screen_shot_2015-06-27_at_00.12.28_360.png",
            "thumb_360_w": 360,
            "thumb_360_h": 337,
            "thumb_480": "https:\/\/slack-files.com\/files-tmb\/T04UQLQPK-F06TC24LS-eb72109ed0\/screen_shot_2015-06-27_at_00.12.28_480.png",
            "thumb_480_w": 480,
            "thumb_480_h": 449,
            "thumb_160": "https:\/\/slack-files.com\/files-tmb\/T04UQLQPK-F06TC24LS-eb72109ed0\/screen_shot_2015-06-27_at_00.12.28_160.png",
            "thumb_720": "https:\/\/slack-files.com\/files-tmb\/T04UQLQPK-F06TC24LS-eb72109ed0\/screen_shot_2015-06-27_at_00.12.28_720.png",
            "thumb_720_w": 720,
            "thumb_720_h": 673,
            "image_exif_rotation": 1,
            "permalink": "https:\/\/ucdproj.slack.com\/files\/larry\/F06TC24LS\/screen_shot_2015-06-27_at_00.12.28.png",
            "permalink_public": "https:\/\/slack-files.com\/T04UQLQPK-F06TC24LS-40096d3004",
            "channels": [
                "C051M20D0"
            ],
            "groups": [],
            "ims": [],
            "comments_count": 0
        },
        "user": "U050DA5Q1",
        "upload": true,
        "display_as_bot": false,
        "username": "<@U050DA5Q1|larry>",
        "bot_id": null,
        "ts": "1435360413.000006"
    }
]