[
    {
        "user": "U04UQLQPP",
        "type": "message",
        "subtype": "channel_join",
        "text": "<@U04UQLQPP|neilgrogan> has joined the channel",
        "ts": "1432647749.000002"
    },
    {
        "user": "U04UQLQPP",
        "purpose": "User Experience",
        "type": "message",
        "subtype": "channel_purpose",
        "text": "<@U04UQLQPP|neilgrogan> set the channel purpose: User Experience",
        "ts": "1432647749.000003"
    },
    {
        "user": "U050DA5Q1",
        "type": "message",
        "subtype": "channel_join",
        "text": "<@U050DA5Q1|larry> has joined the channel",
        "ts": "1432674923.000002"
    },
    {
        "user": "U04UVKDC1",
        "type": "message",
        "subtype": "channel_join",
        "text": "<@U04UVKDC1|garryd> has joined the channel",
        "ts": "1432678867.000003"
    },
    {
        "type": "message",
        "user": "U04UVKDC1",
        "text": "<https:\/\/balsamiq.com\/> This is the mock up tool Larry mentioned today it looks really good.",
        "ts": "1432682666.000004"
    }
]