feed_url,twitter_username,rank_bonus
https://hacked.com/feed/,HackedCom,20
http://www.apple.com/pr/feeds/pr.rss,applenws,0
http://www.macworld.co.uk/news/apple/rss,macworld,0
http://blogs.wsj.com/digits/feed/,WSJD,0
http://www.theverge.com/rss/frontpage,verge,20
http://www.wired.com/feed/,WIRED,20
http://www.buzzfeed.com/tech.xml,fwd,20
http://venturebeat.com/feed/,venturebeat,0
http://www.theguardian.com/uk/technology/rss,guardiantech,0
http://www.forbes.com/technology/feed/,forbestech,0
http://feeds.feedburner.com/AndroidPolice,AndroidPolice,20
http://www.businessinsider.com/sai/rss,BIUK_Tech,20
http://blogs.windows.com/bloggingwindows/feed/,windowsblog,0
http://thenextweb.com/feed/,thenextweb,10
http://www.engadget.com/rss.xml,engadget,20
http://feeds.searchengineland.com/searchengineland,sengineland,0
http://www.cnbc.com/id/19854910/device/rss/rss.html,cnbctech,0
http://feeds.washingtonpost.com/rss/blogs/rss_the-switch,WashPostTech,0
http://feeds.feedburner.com/geekwire,geekwire,20
http://medium.com/feed/backchannel,backchnnl,10
http://feeds.feedburner.com/blogspot/MKuf,google,10
http://blog.twitter.com/api/blog.rss?name=company,twitter,0
http://www.anandtech.com/rss,anandtech,20
http://www.androidcentral.com/rss.xml,androidcentral,10
http://www.marco.org/rss,marcoarment,0
http://blogs.microsoft.com/feed/,microsoft,0
http://gizmodo.com/rss,gizmodo,20
http://www.politico.com/rss/technology.xml,politico,0
http://feeds.mashable.com/Mashable,mashable,20
http://www.technewsworld.com/perl/syndication/rssfull.pl,technewsworld,0
http://feeds2.feedburner.com/techradar/allnews,TechRadar,20
http://feeds.feedburner.com//kco/LvLF,techcentral_ie,20
http://techreport.com/news.rss,thetechreport,10
http://feeds.feedblitz.com/Gizmag,gizmag,20
