[
    {
        "type": "message",
        "user": "U050DA5Q1",
        "text": "can you start hangout kevink",
        "ts": "1438513140.000009"
    },
    {
        "type": "message",
        "user": "U050DA5Q1",
        "text": "we reviewed business paper - looking good - the figures especially are really good. The only weak point we think is that the first sections are a a bit weak now because of Brian's thing about Users not being Customers .. Kevin will email him about this. Pls all take a look and comment - we'll review as well next weekend, Demo paper too",
        "ts": "1438518220.000010"
    }
]