[
    {
        "type": "message",
        "user": "U050DA5Q1",
        "text": "<!channel>: I see they've posted the business model canvas on moodle. I was thinking last night anyway we should have a meeting purely to discuss business model. How is Saturday say 6pm ? <@U04U6FCFE> will you be able to have some research\/thoughts etc done by then ? I'm reading that book at the moment, should be finished soon - so at least i'll understand the lingo",
        "ts": "1436264160.000002"
    },
    {
        "type": "message",
        "user": "U050DA5Q1",
        "text": "We may have a deliverable on Business for Tuesday",
        "ts": "1436264180.000003"
    },
    {
        "type": "message",
        "user": "U04UVKDC1",
        "text": "Sounds good <@U050DA5Q1> ",
        "edited": {
            "user": "U04UVKDC1",
            "ts": "1436280491.000000"
        },
        "ts": "1436280467.000004"
    },
    {
        "type": "message",
        "user": "U04U6FCFE",
        "text": "Saturday sounds good.",
        "ts": "1436287256.000006"
    },
    {
        "type": "message",
        "user": "U04UQLQPP",
        "text": "Cool ",
        "ts": "1436291239.000007"
    }
]