[
    {
        "type": "message",
        "user": "U04U6FCFE",
        "text": "<!channel>:   first draft of questions for our survey <https:\/\/www.surveymonkey.com\/s\/3DNZ2FY>. we can discuss later.",
        "attachments": [
            {
                "text": "Web survey powered by <http:\/\/SurveyMonkey.com|SurveyMonkey.com>. Create your own online survey now with SurveyMonkey's expert certified FREE templates.",
                "fallback": "Web survey powered by <http:\/\/SurveyMonkey.com|SurveyMonkey.com>. Create your own online survey now with SurveyMonkey's expert certified FREE templates.",
                "from_url": "https:\/\/www.surveymonkey.com\/s\/3DNZ2FY",
                "id": 1
            }
        ],
        "ts": "1436612993.000008"
    },
    {
        "type": "message",
        "user": "U04UQLQPP",
        "text": "cheers Kevin",
        "ts": "1436613003.000010"
    },
    {
        "type": "message",
        "user": "U04UVKDC1",
        "text": "Good stuff  <@U04U6FCFE>",
        "ts": "1436622132.000011"
    },
    {
        "type": "message",
        "user": "U050DA5Q1",
        "text": "Good survey - simple but good questions :thumbsup:",
        "ts": "1436643872.000012"
    },
    {
        "type": "message",
        "user": "U04U6FCFE",
        "text": "<!channel>: added drat of BMC &amp; my notes on branding to the buisness folder.",
        "ts": "1436649197.000013"
    },
    {
        "type": "message",
        "user": "U050DA5Q1",
        "text": "cool cheers",
        "ts": "1436649212.000014"
    }
]