[
    {
        "type": "message",
        "user": "U04UQLQPP",
        "text": "<http:\/\/decknetwork.net\/> &lt;- boutique ad network",
        "ts": "1437904807.000003"
    },
    {
        "type": "message",
        "subtype": "file_share",
        "text": "<@U04UQLQPP|neilgrogan> shared a file: <https:\/\/ucdproj.slack.com\/files\/neilgrogan\/F052PRBCJ\/businessmodelcanvas|Business Model Canvas>",
        "file": {
            "id": "F052PRBCJ",
            "created": 1432810570,
            "timestamp": 1432810570,
            "name": "BusinessModelCanvas",
            "title": "Business Model Canvas",
            "mimetype": "application\/vnd.google-apps.drawing",
            "filetype": "gdraw",
            "pretty_type": "GDocs Drawing",
            "user": "U04UQLQPP",
            "editable": false,
            "size": 954364,
            "mode": "external",
            "is_external": true,
            "external_type": "gdrive",
            "is_public": true,
            "public_url_shared": false,
            "display_as_bot": false,
            "username": "",
            "url": "https:\/\/docs.google.com\/a\/grogan.ie\/drawings\/d\/1va5Ug_0SgLS47bYyOn2bz7z7NWIS3VRg-8nF5bgNbXw\/edit?usp=drivesdk",
            "url_private": "https:\/\/docs.google.com\/a\/grogan.ie\/drawings\/d\/1va5Ug_0SgLS47bYyOn2bz7z7NWIS3VRg-8nF5bgNbXw\/edit?usp=drivesdk",
            "thumb_64": "https:\/\/slack.global.ssl.fastly.net\/66f9\/img\/files\/gdraw_64.png",
            "thumb_360": "https:\/\/slack.global.ssl.fastly.net\/272a\/img\/files\/gdoc_360.png",
            "thumb_360_w": 360,
            "thumb_360_h": 167,
            "permalink": "https:\/\/ucdproj.slack.com\/files\/neilgrogan\/F052PRBCJ\/businessmodelcanvas",
            "channels": [
                "C051M0V5Y",
                "C04UQLQV7"
            ],
            "groups": [],
            "ims": [],
            "comments_count": 0
        },
        "user": "U04UQLQPP",
        "upload": false,
        "display_as_bot": false,
        "username": "<@U04UQLQPP|neilgrogan>",
        "bot_id": null,
        "ts": "1437906850.000005"
    }
]