[
    {
        "text": "",
        "bot_id": "B0528KAQ5",
        "mrkdwn": true,
        "attachments": [
            {
                "fallback": "Card moved: \"<https:\/\/trello.com\/c\/vaNIUnlG|Related Tweets on UI>\" from list \"Review\/Testing\" to list \"Done\"",
                "text": "Card moved: \"<https:\/\/trello.com\/c\/vaNIUnlG|Related Tweets on UI>\" from list \"Review\/Testing\" to list \"Done\"",
                "id": 1,
                "color": "8daec2",
                "mrkdwn_in": [
                    "text"
                ]
            }
        ],
        "type": "message",
        "subtype": "bot_message",
        "ts": "1439418515.000076"
    },
    {
        "text": "",
        "bot_id": "B0528KAQ5",
        "mrkdwn": true,
        "attachments": [
            {
                "fallback": "video hidden in your news pane",
                "text": "video hidden in your news pane",
                "pretext": "New comment on card \"<https:\/\/trello.com\/c\/1kI8ZN7S|BUG: Can still click in article content in the left, this needs to be read only.>\" by Garry Davitt",
                "id": 1,
                "color": "8daec2"
            }
        ],
        "type": "message",
        "subtype": "bot_message",
        "ts": "1439430174.000077"
    },
    {
        "text": "",
        "bot_id": "B0528KAQ5",
        "mrkdwn": true,
        "attachments": [
            {
                "fallback": "Card moved: \"<https:\/\/trello.com\/c\/1kI8ZN7S|BUG: Can still click in article content in the left, this needs to be read only.>\" from list \"In Progress\" to list \"Done\"",
                "text": "Card moved: \"<https:\/\/trello.com\/c\/1kI8ZN7S|BUG: Can still click in article content in the left, this needs to be read only.>\" from list \"In Progress\" to list \"Done\"",
                "id": 1,
                "color": "8daec2",
                "mrkdwn_in": [
                    "text"
                ]
            }
        ],
        "type": "message",
        "subtype": "bot_message",
        "ts": "1439430226.000078"
    }
]