[
    {
        "text": "",
        "bot_id": "B0528KAQ5",
        "mrkdwn": true,
        "attachments": [
            {
                "fallback": "Card moved: \"<https:\/\/trello.com\/c\/2Cm5BK6t|Implement a spinner for when article is loading in overlay>\" from list \"Sprint Backlog\" to list \"Done\"",
                "text": "Card moved: \"<https:\/\/trello.com\/c\/2Cm5BK6t|Implement a spinner for when article is loading in overlay>\" from list \"Sprint Backlog\" to list \"Done\"",
                "id": 1,
                "color": "8daec2",
                "mrkdwn_in": [
                    "text"
                ]
            }
        ],
        "type": "message",
        "subtype": "bot_message",
        "ts": "1439125817.000002"
    },
    {
        "text": "",
        "bot_id": "B0528KAQ5",
        "mrkdwn": true,
        "attachments": [
            {
                "fallback": "Card moved: \"<https:\/\/trello.com\/c\/WKf25d5a|Changes for Mobile and Chrome>\" from list \"Review\/Testing\" to list \"Done\"",
                "text": "Card moved: \"<https:\/\/trello.com\/c\/WKf25d5a|Changes for Mobile and Chrome>\" from list \"Review\/Testing\" to list \"Done\"",
                "id": 1,
                "color": "8daec2",
                "mrkdwn_in": [
                    "text"
                ]
            }
        ],
        "type": "message",
        "subtype": "bot_message",
        "ts": "1439125820.000003"
    },
    {
        "text": "",
        "bot_id": "B0528KAQ5",
        "mrkdwn": true,
        "attachments": [
            {
                "fallback": "Card moved: \"<https:\/\/trello.com\/c\/NL5PLNsV|UX: Display preference popup to user after creating a new account>\" from list \"Review\/Testing\" to list \"Done\"",
                "text": "Card moved: \"<https:\/\/trello.com\/c\/NL5PLNsV|UX: Display preference popup to user after creating a new account>\" from list \"Review\/Testing\" to list \"Done\"",
                "id": 1,
                "color": "8daec2",
                "mrkdwn_in": [
                    "text"
                ]
            }
        ],
        "type": "message",
        "subtype": "bot_message",
        "ts": "1439125829.000004"
    },
    {
        "text": "",
        "bot_id": "B0528KAQ5",
        "mrkdwn": true,
        "attachments": [
            {
                "fallback": "Card moved: \"<https:\/\/trello.com\/c\/0hU48ZoE|Bug Preferences cancel not reverting checkboxes>\" from list \"Review\/Testing\" to list \"Done\"",
                "text": "Card moved: \"<https:\/\/trello.com\/c\/0hU48ZoE|Bug Preferences cancel not reverting checkboxes>\" from list \"Review\/Testing\" to list \"Done\"",
                "id": 1,
                "color": "8daec2",
                "mrkdwn_in": [
                    "text"
                ]
            }
        ],
        "type": "message",
        "subtype": "bot_message",
        "ts": "1439125835.000005"
    },
    {
        "text": "",
        "bot_id": "B0528KAQ5",
        "mrkdwn": true,
        "attachments": [
            {
                "fallback": "New card \"<https:\/\/trello.com\/c\/MR2dYCzG|Images from sponsor post showing in overlay>\" added to list \"<https:\/\/trello.com\/b\/m8682AdS|Sprint Backlog>\"",
                "text": "New card \"<https:\/\/trello.com\/c\/MR2dYCzG|Images from sponsor post showing in overlay>\" added to list \"<https:\/\/trello.com\/b\/m8682AdS|Sprint Backlog>\"",
                "id": 1,
                "color": "8daec2"
            }
        ],
        "type": "message",
        "subtype": "bot_message",
        "ts": "1439125943.000006"
    },
    {
        "text": "",
        "bot_id": "B0528KAQ5",
        "mrkdwn": true,
        "attachments": [
            {
                "fallback": "*Labels:* Bug",
                "text": "*Labels:* Bug",
                "pretext": "Label \"Bug\" added to card \"<https:\/\/trello.com\/c\/MR2dYCzG|Images from sponsor post showing in overlay>\"",
                "id": 1,
                "color": "8daec2",
                "mrkdwn_in": [
                    "text"
                ]
            }
        ],
        "type": "message",
        "subtype": "bot_message",
        "ts": "1439125949.000007"
    },
    {
        "text": "",
        "bot_id": "B0528KAQ5",
        "mrkdwn": true,
        "attachments": [
            {
                "fallback": "New member <https:\/\/trello.com\/garrydavitt|Garry Davitt> added to card \"<https:\/\/trello.com\/c\/MR2dYCzG|Images from sponsor post showing in overlay>\"",
                "text": "New member <https:\/\/trello.com\/garrydavitt|Garry Davitt> added to card \"<https:\/\/trello.com\/c\/MR2dYCzG|Images from sponsor post showing in overlay>\"",
                "id": 1,
                "color": "8daec2"
            }
        ],
        "type": "message",
        "subtype": "bot_message",
        "ts": "1439125954.000008"
    },
    {
        "text": "",
        "bot_id": "B0528KAQ5",
        "mrkdwn": true,
        "attachments": [
            {
                "fallback": "Card moved: \"<https:\/\/trello.com\/c\/MR2dYCzG|Images from sponsor post showing in overlay>\" from list \"Sprint Backlog\" to list \"In Progress\"",
                "text": "Card moved: \"<https:\/\/trello.com\/c\/MR2dYCzG|Images from sponsor post showing in overlay>\" from list \"Sprint Backlog\" to list \"In Progress\"",
                "id": 1,
                "color": "8daec2",
                "mrkdwn_in": [
                    "text"
                ]
            }
        ],
        "type": "message",
        "subtype": "bot_message",
        "ts": "1439125963.000009"
    },
    {
        "text": "",
        "bot_id": "B0528KAQ5",
        "mrkdwn": true,
        "attachments": [
            {
                "fallback": "we are not going to support Safari, working on chrome and firefox",
                "text": "we are not going to support Safari, working on chrome and firefox",
                "pretext": "New comment on card \"<https:\/\/trello.com\/c\/i8yyd3IY|Get overlay working on chrome and safari>\" by Garry Davitt",
                "id": 1,
                "color": "8daec2"
            }
        ],
        "type": "message",
        "subtype": "bot_message",
        "ts": "1439139619.000010"
    },
    {
        "text": "",
        "bot_id": "B0528KAQ5",
        "mrkdwn": true,
        "attachments": [
            {
                "fallback": "Card moved: \"<https:\/\/trello.com\/c\/i8yyd3IY|Get overlay working on chrome and safari>\" from list \"In Progress\" to list \"Done\"",
                "text": "Card moved: \"<https:\/\/trello.com\/c\/i8yyd3IY|Get overlay working on chrome and safari>\" from list \"In Progress\" to list \"Done\"",
                "id": 1,
                "color": "8daec2",
                "mrkdwn_in": [
                    "text"
                ]
            }
        ],
        "type": "message",
        "subtype": "bot_message",
        "ts": "1439139634.000011"
    },
    {
        "text": "",
        "bot_id": "B0528KAQ5",
        "mrkdwn": true,
        "attachments": [
            {
                "fallback": "New member <https:\/\/trello.com\/larryoshea|Larry O'Shea> added to card \"<https:\/\/trello.com\/c\/CVqScmYl|BUG: articles take a couple seconds to render>\"",
                "text": "New member <https:\/\/trello.com\/larryoshea|Larry O'Shea> added to card \"<https:\/\/trello.com\/c\/CVqScmYl|BUG: articles take a couple seconds to render>\"",
                "id": 1,
                "color": "8daec2"
            }
        ],
        "type": "message",
        "subtype": "bot_message",
        "ts": "1439139734.000012"
    },
    {
        "text": "",
        "bot_id": "B0528KAQ5",
        "mrkdwn": true,
        "attachments": [
            {
                "fallback": "Card moved: \"<https:\/\/trello.com\/c\/CVqScmYl|BUG: articles take a couple seconds to render>\" from list \"In Progress\" to list \"Review\/Testing\"",
                "text": "Card moved: \"<https:\/\/trello.com\/c\/CVqScmYl|BUG: articles take a couple seconds to render>\" from list \"In Progress\" to list \"Review\/Testing\"",
                "id": 1,
                "color": "8daec2",
                "mrkdwn_in": [
                    "text"
                ]
            }
        ],
        "type": "message",
        "subtype": "bot_message",
        "ts": "1439139746.000013"
    },
    {
        "text": "",
        "bot_id": "B0528KAQ5",
        "mrkdwn": true,
        "attachments": [
            {
                "fallback": "Card moved: \"<https:\/\/trello.com\/c\/MR2dYCzG|Images from sponsor post showing in overlay>\" from list \"In Progress\" to list \"Done\"",
                "text": "Card moved: \"<https:\/\/trello.com\/c\/MR2dYCzG|Images from sponsor post showing in overlay>\" from list \"In Progress\" to list \"Done\"",
                "id": 1,
                "color": "8daec2",
                "mrkdwn_in": [
                    "text"
                ]
            }
        ],
        "type": "message",
        "subtype": "bot_message",
        "ts": "1439139761.000014"
    }
]