[
    {
        "text": "",
        "bot_id": "B0528KAQ5",
        "mrkdwn": true,
        "attachments": [
            {
                "fallback": "@larryoshea Reasons would be as follows:\n- Works well across browsers\n- Good tutorials on it\n- It has a big library\n-The larger benefit of jQuery is that the files are very small and can be easily optimized for site speed. \n-Easy ajax\nMore info at below sites\n<http:\/\/orizens.com\/wp\/topics\/10-good-reasons-for-using-jquery-as-your-javascript-framework\/>\n<http:\/\/www.learningjquery.com\/2015\/02\/5-reasons-to-use-jquery>",
                "text": "@larryoshea Reasons would be as follows:\n- Works well across browsers\n- Good tutorials on it\n- It has a big library\n-The larger benefit of jQuery is that the files are very small and can be easily optimized for site speed. \n-Easy ajax\nMore info at below sites\n<http:\/\/orizens.com\/wp\/topics\/10-good-reasons-for-using-jquery-as-your-javascript-framework\/>\n<http:\/\/www.learningjquery.com\/2015\/02\/5-reasons-to-use-jquery>",
                "pretext": "New comment on card \"<https:\/\/trello.com\/c\/QAcMogbl|UX: Choose JS toolkit (spike)>\" by Garry Davitt",
                "id": 1,
                "color": "8daec2"
            }
        ],
        "type": "message",
        "subtype": "bot_message",
        "ts": "1435391969.000221"
    },
    {
        "text": "",
        "bot_id": "B0528KAQ5",
        "mrkdwn": true,
        "attachments": [
            {
                "fallback": "Thanks Garry - another good reason is that if there's any problems I'll be able to ask my friend at work who I imagine is an expert on it.",
                "text": "Thanks Garry - another good reason is that if there's any problems I'll be able to ask my friend at work who I imagine is an expert on it.",
                "pretext": "New comment on card \"<https:\/\/trello.com\/c\/QAcMogbl|UX: Choose JS toolkit (spike)>\" by Larry O'Shea",
                "id": 1,
                "color": "8daec2"
            }
        ],
        "type": "message",
        "subtype": "bot_message",
        "ts": "1435394204.000222"
    },
    {
        "text": "",
        "bot_id": "B0528KAQ5",
        "mrkdwn": true,
        "attachments": [
            {
                "fallback": "Cool Larry - That's good to know.",
                "text": "Cool Larry - That's good to know.",
                "pretext": "New comment on card \"<https:\/\/trello.com\/c\/QAcMogbl|UX: Choose JS toolkit (spike)>\" by Garry Davitt",
                "id": 1,
                "color": "8daec2"
            }
        ],
        "type": "message",
        "subtype": "bot_message",
        "ts": "1435398358.000223"
    },
    {
        "text": "",
        "bot_id": "B0528KAQ5",
        "mrkdwn": true,
        "attachments": [
            {
                "fallback": "<http:\/\/fortawesome.github.io\/Font-Awesome\/examples\/>",
                "text": "<http:\/\/fortawesome.github.io\/Font-Awesome\/examples\/>",
                "pretext": "New comment on card \"<https:\/\/trello.com\/c\/SIsOE9eM|UX: Choose Icon set (spike)>\" by Garry Davitt",
                "id": 1,
                "color": "8daec2"
            }
        ],
        "type": "message",
        "subtype": "bot_message",
        "ts": "1435410824.000224"
    },
    {
        "text": "",
        "bot_id": "B0528KAQ5",
        "mrkdwn": true,
        "attachments": [
            {
                "fallback": "<http:\/\/marcoceppi.github.io\/bootstrap-glyphicons\/>",
                "text": "<http:\/\/marcoceppi.github.io\/bootstrap-glyphicons\/>",
                "pretext": "New comment on card \"<https:\/\/trello.com\/c\/SIsOE9eM|UX: Choose Icon set (spike)>\" by Garry Davitt",
                "id": 1,
                "color": "8daec2"
            }
        ],
        "type": "message",
        "subtype": "bot_message",
        "ts": "1435410920.000225"
    },
    {
        "text": "",
        "bot_id": "B0528KAQ5",
        "mrkdwn": true,
        "attachments": [
            {
                "fallback": ":thumbsup:",
                "text": ":thumbsup:",
                "pretext": "New comment on card \"<https:\/\/trello.com\/c\/SIsOE9eM|UX: Choose Icon set (spike)>\" by Neil Grogan",
                "id": 1,
                "color": "8daec2"
            }
        ],
        "type": "message",
        "subtype": "bot_message",
        "ts": "1435418539.000226"
    },
    {
        "text": "",
        "bot_id": "B0528KAQ5",
        "mrkdwn": true,
        "attachments": [
            {
                "fallback": ":thumbsup: for bootstrap",
                "text": ":thumbsup: for bootstrap",
                "pretext": "New comment on card \"<https:\/\/trello.com\/c\/7GeCuL3l|UX: Choose CSS Toolkit (spike)>\" by Neil Grogan",
                "id": 1,
                "color": "8daec2"
            }
        ],
        "type": "message",
        "subtype": "bot_message",
        "ts": "1435418613.000227"
    },
    {
        "text": "",
        "bot_id": "B0528KAQ5",
        "mrkdwn": true,
        "attachments": [
            {
                "fallback": "Card archived: \"<https:\/\/trello.com\/c\/Tfdh3ZMj|UX: Choose HTML toolkit(spike)>\"",
                "text": "Card archived: \"<https:\/\/trello.com\/c\/Tfdh3ZMj|UX: Choose HTML toolkit(spike)>\"",
                "id": 1,
                "color": "8daec2",
                "mrkdwn_in": [
                    "text"
                ]
            }
        ],
        "type": "message",
        "subtype": "bot_message",
        "ts": "1435419699.000228"
    },
    {
        "text": "",
        "bot_id": "B0528KAQ5",
        "mrkdwn": true,
        "attachments": [
            {
                "fallback": "Card moved: \"<https:\/\/trello.com\/c\/7GeCuL3l|UX: Choose CSS Toolkit (spike)>\" from list \"Review\/Testing\" to list \"Live\/Done\"",
                "text": "Card moved: \"<https:\/\/trello.com\/c\/7GeCuL3l|UX: Choose CSS Toolkit (spike)>\" from list \"Review\/Testing\" to list \"Live\/Done\"",
                "id": 1,
                "color": "8daec2",
                "mrkdwn_in": [
                    "text"
                ]
            }
        ],
        "type": "message",
        "subtype": "bot_message",
        "ts": "1435419775.000229"
    },
    {
        "text": "",
        "bot_id": "B0528KAQ5",
        "mrkdwn": true,
        "attachments": [
            {
                "fallback": "Card moved: \"<https:\/\/trello.com\/c\/QAcMogbl|UX: Choose JS toolkit (spike)>\" from list \"Review\/Testing\" to list \"Live\/Done\"",
                "text": "Card moved: \"<https:\/\/trello.com\/c\/QAcMogbl|UX: Choose JS toolkit (spike)>\" from list \"Review\/Testing\" to list \"Live\/Done\"",
                "id": 1,
                "color": "8daec2",
                "mrkdwn_in": [
                    "text"
                ]
            }
        ],
        "type": "message",
        "subtype": "bot_message",
        "ts": "1435419825.000230"
    },
    {
        "text": "",
        "bot_id": "B0528KAQ5",
        "mrkdwn": true,
        "attachments": [
            {
                "fallback": "Checklist item \"Neil - Signup and complete Peer Assessment\" on card \"<https:\/\/trello.com\/c\/a3ailbWv|COMP47250-2015: CATME Peer Assessment>\" was completed by Neil Grogan",
                "text": "Checklist item \"Neil - Signup and complete Peer Assessment\" on card \"<https:\/\/trello.com\/c\/a3ailbWv|COMP47250-2015: CATME Peer Assessment>\" was completed by Neil Grogan",
                "id": 1,
                "color": "8daec2"
            }
        ],
        "type": "message",
        "subtype": "bot_message",
        "ts": "1435423541.000231"
    },
    {
        "text": "",
        "bot_id": "B0528KAQ5",
        "mrkdwn": true,
        "attachments": [
            {
                "fallback": "New member <https:\/\/trello.com\/neilgrogan|Neil Grogan> added to card \"<https:\/\/trello.com\/c\/zR0frKds|30th June Presentation>\"",
                "text": "New member <https:\/\/trello.com\/neilgrogan|Neil Grogan> added to card \"<https:\/\/trello.com\/c\/zR0frKds|30th June Presentation>\"",
                "id": 1,
                "color": "8daec2"
            }
        ],
        "type": "message",
        "subtype": "bot_message",
        "ts": "1435423559.000232"
    },
    {
        "text": "",
        "bot_id": "B0528KAQ5",
        "mrkdwn": true,
        "attachments": [
            {
                "fallback": "New member <https:\/\/trello.com\/larryoshea|Larry O'Shea> added to card \"<https:\/\/trello.com\/c\/zR0frKds|30th June Presentation>\"",
                "text": "New member <https:\/\/trello.com\/larryoshea|Larry O'Shea> added to card \"<https:\/\/trello.com\/c\/zR0frKds|30th June Presentation>\"",
                "id": 1,
                "color": "8daec2"
            }
        ],
        "type": "message",
        "subtype": "bot_message",
        "ts": "1435423560.000233"
    },
    {
        "text": "",
        "bot_id": "B0528KAQ5",
        "mrkdwn": true,
        "attachments": [
            {
                "fallback": "New checklist item \"<https:\/\/trello.com\/c\/zR0frKds|Garry to complete slides>\" added to card \"<https:\/\/trello.com\/c\/zR0frKds|30th June Presentation>\"",
                "text": "New checklist item \"<https:\/\/trello.com\/c\/zR0frKds|Garry to complete slides>\" added to card \"<https:\/\/trello.com\/c\/zR0frKds|30th June Presentation>\"",
                "id": 1,
                "color": "8daec2"
            }
        ],
        "type": "message",
        "subtype": "bot_message",
        "ts": "1435423570.000234"
    },
    {
        "text": "",
        "bot_id": "B0528KAQ5",
        "mrkdwn": true,
        "attachments": [
            {
                "fallback": "New checklist item \"<https:\/\/trello.com\/c\/zR0frKds|Neil Template, old slides>\" added to card \"<https:\/\/trello.com\/c\/zR0frKds|30th June Presentation>\"",
                "text": "New checklist item \"<https:\/\/trello.com\/c\/zR0frKds|Neil Template, old slides>\" added to card \"<https:\/\/trello.com\/c\/zR0frKds|30th June Presentation>\"",
                "id": 1,
                "color": "8daec2"
            }
        ],
        "type": "message",
        "subtype": "bot_message",
        "ts": "1435428840.000235"
    },
    {
        "text": "",
        "bot_id": "B0528KAQ5",
        "mrkdwn": true,
        "attachments": [
            {
                "fallback": "Checklist item \"Neil Template, old slides\" on card \"<https:\/\/trello.com\/c\/zR0frKds|30th June Presentation>\" was completed by Neil Grogan",
                "text": "Checklist item \"Neil Template, old slides\" on card \"<https:\/\/trello.com\/c\/zR0frKds|30th June Presentation>\" was completed by Neil Grogan",
                "id": 1,
                "color": "8daec2"
            }
        ],
        "type": "message",
        "subtype": "bot_message",
        "ts": "1435428842.000236"
    },
    {
        "text": "",
        "bot_id": "B0528KAQ5",
        "mrkdwn": true,
        "attachments": [
            {
                "fallback": "*Description:* Removed",
                "text": "*Description:* Removed",
                "pretext": "Card updated \"<https:\/\/trello.com\/c\/a3ailbWv|COMP47250-2015: CATME Peer Assessment>\"",
                "id": 1,
                "color": "8daec2",
                "mrkdwn_in": [
                    "text"
                ]
            }
        ],
        "type": "message",
        "subtype": "bot_message",
        "ts": "1435428856.000237"
    },
    {
        "text": "",
        "bot_id": "B0528KAQ5",
        "mrkdwn": true,
        "attachments": [
            {
                "fallback": "Card moved: \"<https:\/\/trello.com\/c\/SIsOE9eM|UX: Choose Icon set (spike)>\" from list \"In progress\" to list \"Review\/Testing\"",
                "text": "Card moved: \"<https:\/\/trello.com\/c\/SIsOE9eM|UX: Choose Icon set (spike)>\" from list \"In progress\" to list \"Review\/Testing\"",
                "id": 1,
                "color": "8daec2",
                "mrkdwn_in": [
                    "text"
                ]
            }
        ],
        "type": "message",
        "subtype": "bot_message",
        "ts": "1435428872.000238"
    },
    {
        "text": "",
        "bot_id": "B0528KAQ5",
        "mrkdwn": true,
        "attachments": [
            {
                "fallback": "Card moved: \"<https:\/\/trello.com\/c\/fDIiGeTH|DB Model of Article: Store articles in the database>\" from list \"Sprint Backlog\" to list \"In progress\"",
                "text": "Card moved: \"<https:\/\/trello.com\/c\/fDIiGeTH|DB Model of Article: Store articles in the database>\" from list \"Sprint Backlog\" to list \"In progress\"",
                "id": 1,
                "color": "8daec2",
                "mrkdwn_in": [
                    "text"
                ]
            }
        ],
        "type": "message",
        "subtype": "bot_message",
        "ts": "1435428894.000239"
    },
    {
        "text": "",
        "bot_id": "B0528KAQ5",
        "mrkdwn": true,
        "attachments": [
            {
                "fallback": "New member <https:\/\/trello.com\/iberdnikov|iberdnikov> added to card \"<https:\/\/trello.com\/c\/fDIiGeTH|DB Model of Article: Store articles in the database>\"",
                "text": "New member <https:\/\/trello.com\/iberdnikov|iberdnikov> added to card \"<https:\/\/trello.com\/c\/fDIiGeTH|DB Model of Article: Store articles in the database>\"",
                "id": 1,
                "color": "8daec2"
            }
        ],
        "type": "message",
        "subtype": "bot_message",
        "ts": "1435428898.000240"
    },
    {
        "text": "",
        "bot_id": "B0528KAQ5",
        "mrkdwn": true,
        "attachments": [
            {
                "fallback": "Overlap with @iberdnikov 's ongoing work",
                "text": "Overlap with @iberdnikov 's ongoing work",
                "pretext": "New comment on card \"<https:\/\/trello.com\/c\/fDIiGeTH|DB Model of Article: Store articles in the database>\" by Neil Grogan",
                "id": 1,
                "color": "8daec2"
            }
        ],
        "type": "message",
        "subtype": "bot_message",
        "ts": "1435428918.000241"
    },
    {
        "text": "",
        "bot_id": "B0528KAQ5",
        "mrkdwn": true,
        "attachments": [
            {
                "fallback": "Card moved: \"<https:\/\/trello.com\/c\/3wYfws6k|DB Model of Article: Create a django model for article>\" from list \"Sprint Backlog\" to list \"In progress\"",
                "text": "Card moved: \"<https:\/\/trello.com\/c\/3wYfws6k|DB Model of Article: Create a django model for article>\" from list \"Sprint Backlog\" to list \"In progress\"",
                "id": 1,
                "color": "8daec2",
                "mrkdwn_in": [
                    "text"
                ]
            }
        ],
        "type": "message",
        "subtype": "bot_message",
        "ts": "1435429436.000242"
    },
    {
        "text": "",
        "bot_id": "B0528KAQ5",
        "mrkdwn": true,
        "attachments": [
            {
                "fallback": "New member <https:\/\/trello.com\/iberdnikov|iberdnikov> added to card \"<https:\/\/trello.com\/c\/3wYfws6k|DB Model of Article: Create a django model for article>\"",
                "text": "New member <https:\/\/trello.com\/iberdnikov|iberdnikov> added to card \"<https:\/\/trello.com\/c\/3wYfws6k|DB Model of Article: Create a django model for article>\"",
                "id": 1,
                "color": "8daec2"
            }
        ],
        "type": "message",
        "subtype": "bot_message",
        "ts": "1435429442.000243"
    },
    {
        "text": "",
        "bot_id": "B0528KAQ5",
        "mrkdwn": true,
        "attachments": [
            {
                "fallback": "Card moved: \"<https:\/\/trello.com\/c\/3wYfws6k|DB Model of Article: Create a django model for article>\" from list \"In progress\" to list \"Review\/Testing\"",
                "text": "Card moved: \"<https:\/\/trello.com\/c\/3wYfws6k|DB Model of Article: Create a django model for article>\" from list \"In progress\" to list \"Review\/Testing\"",
                "id": 1,
                "color": "8daec2",
                "mrkdwn_in": [
                    "text"
                ]
            }
        ],
        "type": "message",
        "subtype": "bot_message",
        "ts": "1435429447.000244"
    },
    {
        "text": "",
        "bot_id": "B0528KAQ5",
        "mrkdwn": true,
        "attachments": [
            {
                "fallback": "Card moved: \"<https:\/\/trello.com\/c\/AmbwknHI|DB Model of Article: Choose between redis and postgres to store articles(spike)>\" from list \"Sprint Backlog\" to list \"Blocked\"",
                "text": "Card moved: \"<https:\/\/trello.com\/c\/AmbwknHI|DB Model of Article: Choose between redis and postgres to store articles(spike)>\" from list \"Sprint Backlog\" to list \"Blocked\"",
                "id": 1,
                "color": "8daec2",
                "mrkdwn_in": [
                    "text"
                ]
            }
        ],
        "type": "message",
        "subtype": "bot_message",
        "ts": "1435429460.000245"
    },
    {
        "text": "",
        "bot_id": "B0528KAQ5",
        "mrkdwn": true,
        "attachments": [
            {
                "fallback": "on hold until rss processing stuff calms down",
                "text": "on hold until rss processing stuff calms down",
                "pretext": "New comment on card \"<https:\/\/trello.com\/c\/AmbwknHI|DB Model of Article: Choose between redis and postgres to store articles(spike)>\" by Neil Grogan",
                "id": 1,
                "color": "8daec2"
            }
        ],
        "type": "message",
        "subtype": "bot_message",
        "ts": "1435429475.000246"
    },
    {
        "text": "",
        "bot_id": "B0528KAQ5",
        "mrkdwn": true,
        "attachments": [
            {
                "fallback": "Checklist item \"Kevin - Signup and complete Peer Assessment\" on card \"<https:\/\/trello.com\/c\/a3ailbWv|COMP47250-2015: CATME Peer Assessment>\" was completed by Kevin Kennedy",
                "text": "Checklist item \"Kevin - Signup and complete Peer Assessment\" on card \"<https:\/\/trello.com\/c\/a3ailbWv|COMP47250-2015: CATME Peer Assessment>\" was completed by Kevin Kennedy",
                "id": 1,
                "color": "8daec2"
            }
        ],
        "type": "message",
        "subtype": "bot_message",
        "ts": "1435434224.000247"
    },
    {
        "text": "",
        "bot_id": "B0528KAQ5",
        "mrkdwn": true,
        "attachments": [
            {
                "fallback": "New checklist item \"<https:\/\/trello.com\/c\/zR0frKds|SWOT>\" added to card \"<https:\/\/trello.com\/c\/zR0frKds|30th June Presentation>\"",
                "text": "New checklist item \"<https:\/\/trello.com\/c\/zR0frKds|SWOT>\" added to card \"<https:\/\/trello.com\/c\/zR0frKds|30th June Presentation>\"",
                "id": 1,
                "color": "8daec2"
            }
        ],
        "type": "message",
        "subtype": "bot_message",
        "ts": "1435434278.000248"
    },
    {
        "text": "",
        "bot_id": "B0528KAQ5",
        "mrkdwn": true,
        "attachments": [
            {
                "fallback": "Checklist item \"SWOT\" on card \"<https:\/\/trello.com\/c\/zR0frKds|30th June Presentation>\" was completed by Kevin Kennedy",
                "text": "Checklist item \"SWOT\" on card \"<https:\/\/trello.com\/c\/zR0frKds|30th June Presentation>\" was completed by Kevin Kennedy",
                "id": 1,
                "color": "8daec2"
            }
        ],
        "type": "message",
        "subtype": "bot_message",
        "ts": "1435434279.000249"
    },
    {
        "text": "",
        "bot_id": "B0528KAQ5",
        "mrkdwn": true,
        "attachments": [
            {
                "fallback": "New member <https:\/\/trello.com\/kevinkennedy24|Kevin Kennedy> added to card \"<https:\/\/trello.com\/c\/zR0frKds|30th June Presentation>\"",
                "text": "New member <https:\/\/trello.com\/kevinkennedy24|Kevin Kennedy> added to card \"<https:\/\/trello.com\/c\/zR0frKds|30th June Presentation>\"",
                "id": 1,
                "color": "8daec2"
            }
        ],
        "type": "message",
        "subtype": "bot_message",
        "ts": "1435434287.000250"
    },
    {
        "text": "",
        "bot_id": "B0528KAQ5",
        "mrkdwn": true,
        "attachments": [
            {
                "fallback": "@kevinkennedy24 did we give them a shout yet?",
                "text": "@kevinkennedy24 did we give them a shout yet?",
                "pretext": "New comment on card \"<https:\/\/trello.com\/c\/e1xWxSi1|Start Inquiring about testing with team Burgundy>\" by Neil Grogan",
                "id": 1,
                "color": "8daec2"
            }
        ],
        "type": "message",
        "subtype": "bot_message",
        "ts": "1435436102.000251"
    },
    {
        "text": "",
        "bot_id": "B0528KAQ5",
        "mrkdwn": true,
        "attachments": [
            {
                "fallback": "@neilgrogan no i didn't. I posted a question in test asking if it was discussed on Thursday and if so were we happy to proceed. prob should have tagged everyone and not just larry. i'll do it next time.\nDid you guys discuss anythign re the beige team testing out project?",
                "text": "@neilgrogan no i didn't. I posted a question in test asking if it was discussed on Thursday and if so were we happy to proceed. prob should have tagged everyone and not just larry. i'll do it next time.\nDid you guys discuss anythign re the beige team testing out project?",
                "pretext": "New comment on card \"<https:\/\/trello.com\/c\/e1xWxSi1|Start Inquiring about testing with team Burgundy>\" by Kevin Kennedy",
                "id": 1,
                "color": "8daec2"
            }
        ],
        "type": "message",
        "subtype": "bot_message",
        "ts": "1435436475.000252"
    },
    {
        "text": "",
        "bot_id": "B0528KAQ5",
        "mrkdwn": true,
        "attachments": [
            {
                "fallback": "Card renamed from \"Update Business Plan\" to \"<https:\/\/trello.com\/c\/WPj4efUV|Update Business Model Canvas>\"",
                "text": "Card renamed from \"Update Business Plan\" to \"<https:\/\/trello.com\/c\/WPj4efUV|Update Business Model Canvas>\"",
                "id": 1,
                "color": "8daec2",
                "mrkdwn_in": [
                    "text"
                ]
            }
        ],
        "type": "message",
        "subtype": "bot_message",
        "ts": "1435437193.000253"
    },
    {
        "text": "",
        "bot_id": "B0528KAQ5",
        "mrkdwn": true,
        "attachments": [
            {
                "fallback": "New card \"<https:\/\/trello.com\/c\/MwhMtxlB|Discussion on building Brand>\" added to list \"<https:\/\/trello.com\/b\/RUT25DlJ|Sprint Backlog>\"",
                "text": "New card \"<https:\/\/trello.com\/c\/MwhMtxlB|Discussion on building Brand>\" added to list \"<https:\/\/trello.com\/b\/RUT25DlJ|Sprint Backlog>\"",
                "id": 1,
                "color": "8daec2"
            }
        ],
        "type": "message",
        "subtype": "bot_message",
        "ts": "1435437336.000254"
    },
    {
        "text": "",
        "bot_id": "B0528KAQ5",
        "mrkdwn": true,
        "attachments": [
            {
                "fallback": "*Due Date:* Due Jun 28, 2015 at 11:00am UTC",
                "text": "*Due Date:* Due Jun 28, 2015 at 11:00am UTC",
                "pretext": "Card updated \"<https:\/\/trello.com\/c\/e1xWxSi1|Start Inquiring about testing with team Burgundy>\"",
                "id": 1,
                "color": "8daec2",
                "mrkdwn_in": [
                    "text"
                ]
            }
        ],
        "type": "message",
        "subtype": "bot_message",
        "ts": "1435437923.000255"
    },
    {
        "text": "",
        "bot_id": "B0528KAQ5",
        "mrkdwn": true,
        "attachments": [
            {
                "fallback": "New card \"<https:\/\/trello.com\/c\/sSEz2l9a|Confirm brand name- already a similarish \"news fast app\">\" added to list \"<https:\/\/trello.com\/b\/RUT25DlJ|Sprint Backlog>\"",
                "text": "New card \"<https:\/\/trello.com\/c\/sSEz2l9a|Confirm brand name- already a similarish \"news fast app\">\" added to list \"<https:\/\/trello.com\/b\/RUT25DlJ|Sprint Backlog>\"",
                "id": 1,
                "color": "8daec2"
            }
        ],
        "type": "message",
        "subtype": "bot_message",
        "ts": "1435437981.000256"
    },
    {
        "text": "",
        "bot_id": "B0528KAQ5",
        "mrkdwn": true,
        "attachments": [
            {
                "fallback": "New member <https:\/\/trello.com\/iberdnikov|iberdnikov> added to card \"<https:\/\/trello.com\/c\/MwhMtxlB|Discussion on building Brand>\"",
                "text": "New member <https:\/\/trello.com\/iberdnikov|iberdnikov> added to card \"<https:\/\/trello.com\/c\/MwhMtxlB|Discussion on building Brand>\"",
                "id": 1,
                "color": "8daec2"
            }
        ],
        "type": "message",
        "subtype": "bot_message",
        "ts": "1435437995.000257"
    },
    {
        "text": "",
        "bot_id": "B0528KAQ5",
        "mrkdwn": true,
        "attachments": [
            {
                "fallback": "New member <https:\/\/trello.com\/neilgrogan|Neil Grogan> added to card \"<https:\/\/trello.com\/c\/MwhMtxlB|Discussion on building Brand>\"",
                "text": "New member <https:\/\/trello.com\/neilgrogan|Neil Grogan> added to card \"<https:\/\/trello.com\/c\/MwhMtxlB|Discussion on building Brand>\"",
                "id": 1,
                "color": "8daec2"
            }
        ],
        "type": "message",
        "subtype": "bot_message",
        "ts": "1435437995.000258"
    },
    {
        "text": "",
        "bot_id": "B0528KAQ5",
        "mrkdwn": true,
        "attachments": [
            {
                "fallback": "New member <https:\/\/trello.com\/larryoshea|Larry O'Shea> added to card \"<https:\/\/trello.com\/c\/MwhMtxlB|Discussion on building Brand>\"",
                "text": "New member <https:\/\/trello.com\/larryoshea|Larry O'Shea> added to card \"<https:\/\/trello.com\/c\/MwhMtxlB|Discussion on building Brand>\"",
                "id": 1,
                "color": "8daec2"
            }
        ],
        "type": "message",
        "subtype": "bot_message",
        "ts": "1435437996.000259"
    },
    {
        "text": "",
        "bot_id": "B0528KAQ5",
        "mrkdwn": true,
        "attachments": [
            {
                "fallback": "New member <https:\/\/trello.com\/garrydavitt|Garry Davitt> added to card \"<https:\/\/trello.com\/c\/MwhMtxlB|Discussion on building Brand>\"",
                "text": "New member <https:\/\/trello.com\/garrydavitt|Garry Davitt> added to card \"<https:\/\/trello.com\/c\/MwhMtxlB|Discussion on building Brand>\"",
                "id": 1,
                "color": "8daec2"
            }
        ],
        "type": "message",
        "subtype": "bot_message",
        "ts": "1435437996.000260"
    },
    {
        "text": "",
        "bot_id": "B0528KAQ5",
        "mrkdwn": true,
        "attachments": [
            {
                "fallback": "New member <https:\/\/trello.com\/kevinkennedy24|Kevin Kennedy> added to card \"<https:\/\/trello.com\/c\/MwhMtxlB|Discussion on building Brand>\"",
                "text": "New member <https:\/\/trello.com\/kevinkennedy24|Kevin Kennedy> added to card \"<https:\/\/trello.com\/c\/MwhMtxlB|Discussion on building Brand>\"",
                "id": 1,
                "color": "8daec2"
            }
        ],
        "type": "message",
        "subtype": "bot_message",
        "ts": "1435437997.000261"
    },
    {
        "text": "",
        "bot_id": "B0528KAQ5",
        "mrkdwn": true,
        "attachments": [
            {
                "fallback": "*Labels:* Brand &amp; marketing",
                "text": "*Labels:* Brand &amp; marketing",
                "pretext": "Label \"Brand &amp; marketing\" added to card \"<https:\/\/trello.com\/c\/MwhMtxlB|Discussion on building Brand>\"",
                "id": 1,
                "color": "8daec2",
                "mrkdwn_in": [
                    "text"
                ]
            }
        ],
        "type": "message",
        "subtype": "bot_message",
        "ts": "1435438051.000262"
    },
    {
        "text": "",
        "bot_id": "B0528KAQ5",
        "mrkdwn": true,
        "attachments": [
            {
                "fallback": "*Labels:* blue",
                "text": "*Labels:* blue",
                "pretext": "Label \"blue\" added to card \"<https:\/\/trello.com\/c\/sSEz2l9a|Confirm brand name- already a similarish \"news fast app\">\"",
                "id": 1,
                "color": "8daec2",
                "mrkdwn_in": [
                    "text"
                ]
            }
        ],
        "type": "message",
        "subtype": "bot_message",
        "ts": "1435438070.000263"
    },
    {
        "text": "",
        "bot_id": "B0528KAQ5",
        "mrkdwn": true,
        "attachments": [
            {
                "fallback": "*Labels:* blue and Brand &amp; marketing",
                "text": "*Labels:* blue and Brand &amp; marketing",
                "pretext": "Label \"Brand &amp; marketing\" added to card \"<https:\/\/trello.com\/c\/sSEz2l9a|Confirm brand name- already a similarish \"news fast app\">\"",
                "id": 1,
                "color": "8daec2",
                "mrkdwn_in": [
                    "text"
                ]
            }
        ],
        "type": "message",
        "subtype": "bot_message",
        "ts": "1435438100.000264"
    },
    {
        "text": "",
        "bot_id": "B0528KAQ5",
        "mrkdwn": true,
        "attachments": [
            {
                "fallback": "*Labels:* Brand &amp; marketing",
                "text": "*Labels:* Brand &amp; marketing",
                "pretext": "Label \"blue\" removed from card \"<https:\/\/trello.com\/c\/sSEz2l9a|Confirm brand name- already a similarish \"news fast app\">\"",
                "id": 1,
                "color": "8daec2",
                "mrkdwn_in": [
                    "text"
                ]
            }
        ],
        "type": "message",
        "subtype": "bot_message",
        "ts": "1435438116.000265"
    },
    {
        "text": "",
        "bot_id": "B0528KAQ5",
        "mrkdwn": true,
        "attachments": [
            {
                "fallback": "New member <https:\/\/trello.com\/kevinkennedy24|Kevin Kennedy> added to card \"<https:\/\/trello.com\/c\/sSEz2l9a|Confirm brand name- already a similarish \"news fast app\">\"",
                "text": "New member <https:\/\/trello.com\/kevinkennedy24|Kevin Kennedy> added to card \"<https:\/\/trello.com\/c\/sSEz2l9a|Confirm brand name- already a similarish \"news fast app\">\"",
                "id": 1,
                "color": "8daec2"
            }
        ],
        "type": "message",
        "subtype": "bot_message",
        "ts": "1435438122.000266"
    },
    {
        "text": "",
        "bot_id": "B0528KAQ5",
        "mrkdwn": true,
        "attachments": [
            {
                "fallback": "New member <https:\/\/trello.com\/garrydavitt|Garry Davitt> added to card \"<https:\/\/trello.com\/c\/sSEz2l9a|Confirm brand name- already a similarish \"news fast app\">\"",
                "text": "New member <https:\/\/trello.com\/garrydavitt|Garry Davitt> added to card \"<https:\/\/trello.com\/c\/sSEz2l9a|Confirm brand name- already a similarish \"news fast app\">\"",
                "id": 1,
                "color": "8daec2"
            }
        ],
        "type": "message",
        "subtype": "bot_message",
        "ts": "1435438123.000267"
    },
    {
        "text": "",
        "bot_id": "B0528KAQ5",
        "mrkdwn": true,
        "attachments": [
            {
                "fallback": "New member <https:\/\/trello.com\/larryoshea|Larry O'Shea> added to card \"<https:\/\/trello.com\/c\/sSEz2l9a|Confirm brand name- already a similarish \"news fast app\">\"",
                "text": "New member <https:\/\/trello.com\/larryoshea|Larry O'Shea> added to card \"<https:\/\/trello.com\/c\/sSEz2l9a|Confirm brand name- already a similarish \"news fast app\">\"",
                "id": 1,
                "color": "8daec2"
            }
        ],
        "type": "message",
        "subtype": "bot_message",
        "ts": "1435438124.000268"
    },
    {
        "text": "",
        "bot_id": "B0528KAQ5",
        "mrkdwn": true,
        "attachments": [
            {
                "fallback": "New member <https:\/\/trello.com\/neilgrogan|Neil Grogan> added to card \"<https:\/\/trello.com\/c\/sSEz2l9a|Confirm brand name- already a similarish \"news fast app\">\"",
                "text": "New member <https:\/\/trello.com\/neilgrogan|Neil Grogan> added to card \"<https:\/\/trello.com\/c\/sSEz2l9a|Confirm brand name- already a similarish \"news fast app\">\"",
                "id": 1,
                "color": "8daec2"
            }
        ],
        "type": "message",
        "subtype": "bot_message",
        "ts": "1435438124.000269"
    },
    {
        "text": "",
        "bot_id": "B0528KAQ5",
        "mrkdwn": true,
        "attachments": [
            {
                "fallback": "New member <https:\/\/trello.com\/iberdnikov|iberdnikov> added to card \"<https:\/\/trello.com\/c\/sSEz2l9a|Confirm brand name- already a similarish \"news fast app\">\"",
                "text": "New member <https:\/\/trello.com\/iberdnikov|iberdnikov> added to card \"<https:\/\/trello.com\/c\/sSEz2l9a|Confirm brand name- already a similarish \"news fast app\">\"",
                "id": 1,
                "color": "8daec2"
            }
        ],
        "type": "message",
        "subtype": "bot_message",
        "ts": "1435438124.000270"
    },
    {
        "text": "",
        "bot_id": "B0528KAQ5",
        "mrkdwn": true,
        "attachments": [
            {
                "fallback": "New card \"<https:\/\/trello.com\/c\/uJYNofyD|Create Twitter account for project>\" added to list \"<https:\/\/trello.com\/b\/RUT25DlJ|Sprint Backlog>\"",
                "text": "New card \"<https:\/\/trello.com\/c\/uJYNofyD|Create Twitter account for project>\" added to list \"<https:\/\/trello.com\/b\/RUT25DlJ|Sprint Backlog>\"",
                "id": 1,
                "color": "8daec2"
            }
        ],
        "type": "message",
        "subtype": "bot_message",
        "ts": "1435438195.000271"
    },
    {
        "text": "",
        "bot_id": "B0528KAQ5",
        "mrkdwn": true,
        "attachments": [
            {
                "fallback": "*Labels:* Brand &amp; marketing",
                "text": "*Labels:* Brand &amp; marketing",
                "pretext": "Label \"Brand &amp; marketing\" added to card \"<https:\/\/trello.com\/c\/uJYNofyD|Create Twitter account for project>\"",
                "id": 1,
                "color": "8daec2",
                "mrkdwn_in": [
                    "text"
                ]
            }
        ],
        "type": "message",
        "subtype": "bot_message",
        "ts": "1435438211.000272"
    },
    {
        "text": "",
        "bot_id": "B0528KAQ5",
        "mrkdwn": true,
        "attachments": [
            {
                "fallback": "New member <https:\/\/trello.com\/kevinkennedy24|Kevin Kennedy> added to card \"<https:\/\/trello.com\/c\/uJYNofyD|Create Twitter account for project>\"",
                "text": "New member <https:\/\/trello.com\/kevinkennedy24|Kevin Kennedy> added to card \"<https:\/\/trello.com\/c\/uJYNofyD|Create Twitter account for project>\"",
                "id": 1,
                "color": "8daec2"
            }
        ],
        "type": "message",
        "subtype": "bot_message",
        "ts": "1435438236.000273"
    },
    {
        "text": "",
        "bot_id": "B0528KAQ5",
        "mrkdwn": true,
        "attachments": [
            {
                "fallback": "New card \"<https:\/\/trello.com\/c\/ugixMf4i|Crete Twitter bot for project>\" added to list \"<https:\/\/trello.com\/b\/RUT25DlJ|Sprint Backlog>\"",
                "text": "New card \"<https:\/\/trello.com\/c\/ugixMf4i|Crete Twitter bot for project>\" added to list \"<https:\/\/trello.com\/b\/RUT25DlJ|Sprint Backlog>\"",
                "id": 1,
                "color": "8daec2"
            }
        ],
        "type": "message",
        "subtype": "bot_message",
        "ts": "1435438243.000274"
    },
    {
        "text": "",
        "bot_id": "B0528KAQ5",
        "mrkdwn": true,
        "attachments": [
            {
                "fallback": "*Labels:* Brand &amp; marketing",
                "text": "*Labels:* Brand &amp; marketing",
                "pretext": "Label \"Brand &amp; marketing\" added to card \"<https:\/\/trello.com\/c\/ugixMf4i|Crete Twitter bot for project>\"",
                "id": 1,
                "color": "8daec2",
                "mrkdwn_in": [
                    "text"
                ]
            }
        ],
        "type": "message",
        "subtype": "bot_message",
        "ts": "1435438249.000275"
    },
    {
        "text": "",
        "bot_id": "B0528KAQ5",
        "mrkdwn": true,
        "attachments": [
            {
                "fallback": "Tweet regular updates to followers",
                "text": "Tweet regular updates to followers",
                "pretext": "New comment on card \"<https:\/\/trello.com\/c\/ugixMf4i|Crete Twitter bot for project>\" by Kevin Kennedy",
                "id": 1,
                "color": "8daec2"
            }
        ],
        "type": "message",
        "subtype": "bot_message",
        "ts": "1435438273.000276"
    },
    {
        "text": "",
        "bot_id": "B0528KAQ5",
        "mrkdwn": true,
        "attachments": [
            {
                "fallback": "New member <https:\/\/trello.com\/kevinkennedy24|Kevin Kennedy> added to card \"<https:\/\/trello.com\/c\/ugixMf4i|Crete Twitter bot for project>\"",
                "text": "New member <https:\/\/trello.com\/kevinkennedy24|Kevin Kennedy> added to card \"<https:\/\/trello.com\/c\/ugixMf4i|Crete Twitter bot for project>\"",
                "id": 1,
                "color": "8daec2"
            }
        ],
        "type": "message",
        "subtype": "bot_message",
        "ts": "1435438278.000277"
    },
    {
        "text": "",
        "bot_id": "B0528KAQ5",
        "mrkdwn": true,
        "attachments": [
            {
                "fallback": "*Description:* Tweet regular updates to followers on future enhancements etc",
                "text": "*Description:* Tweet regular updates to followers on future enhancements etc",
                "pretext": "Card updated \"<https:\/\/trello.com\/c\/ugixMf4i|Crete Twitter bot for project>\"",
                "id": 1,
                "color": "8daec2",
                "mrkdwn_in": [
                    "text"
                ]
            }
        ],
        "type": "message",
        "subtype": "bot_message",
        "ts": "1435438333.000278"
    },
    {
        "text": "",
        "bot_id": "B0528KAQ5",
        "mrkdwn": true,
        "attachments": [
            {
                "fallback": "Card renamed from \"Store data (User preferences) in DB\" to \"<https:\/\/trello.com\/c\/xVTXr8ID|Store data (User preferences - Friends) in DB>\"",
                "text": "Card renamed from \"Store data (User preferences) in DB\" to \"<https:\/\/trello.com\/c\/xVTXr8ID|Store data (User preferences - Friends) in DB>\"",
                "id": 1,
                "color": "8daec2",
                "mrkdwn_in": [
                    "text"
                ]
            }
        ],
        "type": "message",
        "subtype": "bot_message",
        "ts": "1435438480.000279"
    },
    {
        "text": "",
        "bot_id": "B0528KAQ5",
        "mrkdwn": true,
        "attachments": [
            {
                "fallback": "New card \"<https:\/\/trello.com\/c\/MLPtheOV|Store data (User preferences - Tweet topics) in DB>\" added to list \"<https:\/\/trello.com\/b\/RUT25DlJ|Sprint Backlog>\"",
                "text": "New card \"<https:\/\/trello.com\/c\/MLPtheOV|Store data (User preferences - Tweet topics) in DB>\" added to list \"<https:\/\/trello.com\/b\/RUT25DlJ|Sprint Backlog>\"",
                "id": 1,
                "color": "8daec2"
            }
        ],
        "type": "message",
        "subtype": "bot_message",
        "ts": "1435438515.000280"
    },
    {
        "text": "",
        "bot_id": "B0528KAQ5",
        "mrkdwn": true,
        "attachments": [
            {
                "fallback": "New member <https:\/\/trello.com\/kevinkennedy24|Kevin Kennedy> added to card \"<https:\/\/trello.com\/c\/MLPtheOV|Store data (User preferences - Tweet topics) in DB>\"",
                "text": "New member <https:\/\/trello.com\/kevinkennedy24|Kevin Kennedy> added to card \"<https:\/\/trello.com\/c\/MLPtheOV|Store data (User preferences - Tweet topics) in DB>\"",
                "id": 1,
                "color": "8daec2"
            }
        ],
        "type": "message",
        "subtype": "bot_message",
        "ts": "1435438532.000281"
    },
    {
        "text": "",
        "bot_id": "B0528KAQ5",
        "mrkdwn": true,
        "attachments": [
            {
                "fallback": "changed to confien scope to twitter friends - who our customer follows.\n\na second task has been created in backlog for tweet topics.",
                "text": "changed to confien scope to twitter friends - who our customer follows.\n\na second task has been created in backlog for tweet topics.",
                "pretext": "New comment on card \"<https:\/\/trello.com\/c\/xVTXr8ID|Store data (User preferences - Friends) in DB>\" by Kevin Kennedy",
                "id": 1,
                "color": "8daec2"
            }
        ],
        "type": "message",
        "subtype": "bot_message",
        "ts": "1435438585.000282"
    },
    {
        "text": "",
        "bot_id": "B0528KAQ5",
        "mrkdwn": true,
        "attachments": [
            {
                "fallback": "Card moved: \"<https:\/\/trello.com\/c\/YwoGfyUZ|Get Selenium tests running in docker>\" from list \"Sprint Backlog\" to list \"In progress\"",
                "text": "Card moved: \"<https:\/\/trello.com\/c\/YwoGfyUZ|Get Selenium tests running in docker>\" from list \"Sprint Backlog\" to list \"In progress\"",
                "id": 1,
                "color": "8daec2",
                "mrkdwn_in": [
                    "text"
                ]
            }
        ],
        "type": "message",
        "subtype": "bot_message",
        "ts": "1435440676.000283"
    },
    {
        "text": "",
        "bot_id": "B0528KAQ5",
        "mrkdwn": true,
        "attachments": [
            {
                "fallback": "New member <https:\/\/trello.com\/neilgrogan|Neil Grogan> added to card \"<https:\/\/trello.com\/c\/YwoGfyUZ|Get Selenium tests running in docker>\"",
                "text": "New member <https:\/\/trello.com\/neilgrogan|Neil Grogan> added to card \"<https:\/\/trello.com\/c\/YwoGfyUZ|Get Selenium tests running in docker>\"",
                "id": 1,
                "color": "8daec2"
            }
        ],
        "type": "message",
        "subtype": "bot_message",
        "ts": "1435440683.000284"
    },
    {
        "text": "",
        "bot_id": "B0528KAQ5",
        "mrkdwn": true,
        "attachments": [
            {
                "fallback": "Card moved: \"<https:\/\/trello.com\/c\/zR0frKds|30th June Presentation>\" from list \"In progress\" to list \"Review\/Testing\"",
                "text": "Card moved: \"<https:\/\/trello.com\/c\/zR0frKds|30th June Presentation>\" from list \"In progress\" to list \"Review\/Testing\"",
                "id": 1,
                "color": "8daec2",
                "mrkdwn_in": [
                    "text"
                ]
            }
        ],
        "type": "message",
        "subtype": "bot_message",
        "ts": "1435449808.000285"
    },
    {
        "text": "",
        "bot_id": "B0528KAQ5",
        "mrkdwn": true,
        "attachments": [
            {
                "fallback": "Checklist item \"Garry to complete slides\" on card \"<https:\/\/trello.com\/c\/zR0frKds|30th June Presentation>\" was completed by Garry Davitt",
                "text": "Checklist item \"Garry to complete slides\" on card \"<https:\/\/trello.com\/c\/zR0frKds|30th June Presentation>\" was completed by Garry Davitt",
                "id": 1,
                "color": "8daec2"
            }
        ],
        "type": "message",
        "subtype": "bot_message",
        "ts": "1435449812.000286"
    },
    {
        "text": "",
        "bot_id": "B0528KAQ5",
        "mrkdwn": true,
        "attachments": [
            {
                "fallback": "Checklist item \"(LOS) Slide on Roadmap (including next steps I guess)\" on card \"<https:\/\/trello.com\/c\/zR0frKds|30th June Presentation>\" was completed by Garry Davitt",
                "text": "Checklist item \"(LOS) Slide on Roadmap (including next steps I guess)\" on card \"<https:\/\/trello.com\/c\/zR0frKds|30th June Presentation>\" was completed by Garry Davitt",
                "id": 1,
                "color": "8daec2"
            }
        ],
        "type": "message",
        "subtype": "bot_message",
        "ts": "1435449818.000287"
    },
    {
        "text": "",
        "bot_id": "B0528KAQ5",
        "mrkdwn": true,
        "attachments": [
            {
                "fallback": "Card moved: \"<https:\/\/trello.com\/c\/ZFqQzbZ7|UX: Put HTML toolkit in place>\" from list \"Sprint Backlog\" to list \"In progress\"",
                "text": "Card moved: \"<https:\/\/trello.com\/c\/ZFqQzbZ7|UX: Put HTML toolkit in place>\" from list \"Sprint Backlog\" to list \"In progress\"",
                "id": 1,
                "color": "8daec2",
                "mrkdwn_in": [
                    "text"
                ]
            }
        ],
        "type": "message",
        "subtype": "bot_message",
        "ts": "1435449865.000288"
    },
    {
        "text": "",
        "bot_id": "B0528KAQ5",
        "mrkdwn": true,
        "attachments": [
            {
                "fallback": "Think below icon sets should be fine.",
                "text": "Think below icon sets should be fine.",
                "pretext": "New comment on card \"<https:\/\/trello.com\/c\/SIsOE9eM|UX: Choose Icon set (spike)>\" by Garry Davitt",
                "id": 1,
                "color": "8daec2"
            }
        ],
        "type": "message",
        "subtype": "bot_message",
        "ts": "1435449944.000289"
    },
    {
        "text": "",
        "bot_id": "B0528KAQ5",
        "mrkdwn": true,
        "attachments": [
            {
                "fallback": "Card moved: \"<https:\/\/trello.com\/c\/SIsOE9eM|UX: Choose Icon set (spike)>\" from list \"Review\/Testing\" to list \"Live\/Done\"",
                "text": "Card moved: \"<https:\/\/trello.com\/c\/SIsOE9eM|UX: Choose Icon set (spike)>\" from list \"Review\/Testing\" to list \"Live\/Done\"",
                "id": 1,
                "color": "8daec2",
                "mrkdwn_in": [
                    "text"
                ]
            }
        ],
        "type": "message",
        "subtype": "bot_message",
        "ts": "1435449965.000290"
    },
    {
        "text": "",
        "bot_id": "B0528KAQ5",
        "mrkdwn": true,
        "attachments": [
            {
                "fallback": "Card moved: \"<https:\/\/trello.com\/c\/RCda14IA|UX: put icon set in place>\" from list \"Sprint Backlog\" to list \"In progress\"",
                "text": "Card moved: \"<https:\/\/trello.com\/c\/RCda14IA|UX: put icon set in place>\" from list \"Sprint Backlog\" to list \"In progress\"",
                "id": 1,
                "color": "8daec2",
                "mrkdwn_in": [
                    "text"
                ]
            }
        ],
        "type": "message",
        "subtype": "bot_message",
        "ts": "1435449984.000291"
    },
    {
        "text": "",
        "bot_id": "B0528KAQ5",
        "mrkdwn": true,
        "attachments": [
            {
                "fallback": "Card moved: \"<https:\/\/trello.com\/c\/X0xVD6k8|UX: put JS toolkit in place>\" from list \"Sprint Backlog\" to list \"In progress\"",
                "text": "Card moved: \"<https:\/\/trello.com\/c\/X0xVD6k8|UX: put JS toolkit in place>\" from list \"Sprint Backlog\" to list \"In progress\"",
                "id": 1,
                "color": "8daec2",
                "mrkdwn_in": [
                    "text"
                ]
            }
        ],
        "type": "message",
        "subtype": "bot_message",
        "ts": "1435449987.000292"
    }
]