[
    {
        "text": "",
        "bot_id": "B0528KAQ5",
        "mrkdwn": true,
        "attachments": [
            {
                "fallback": "New card \"<https:\/\/trello.com\/c\/U0ikx3FH|Record minutes of Tuesday meeting this week>\" added to list \"<https:\/\/trello.com\/b\/RUT25DlJ|Sprint Backlog>\"",
                "text": "New card \"<https:\/\/trello.com\/c\/U0ikx3FH|Record minutes of Tuesday meeting this week>\" added to list \"<https:\/\/trello.com\/b\/RUT25DlJ|Sprint Backlog>\"",
                "id": 1,
                "color": "8daec2"
            }
        ],
        "type": "message",
        "subtype": "bot_message",
        "ts": "1436302997.000322"
    },
    {
        "text": "",
        "bot_id": "B0528KAQ5",
        "mrkdwn": true,
        "attachments": [
            {
                "fallback": "Card moved: \"Record minutes of Thursday meeting this week\" moved from board \"<https:\/\/trello.com\/b\/RUT25DlJ|Sprint 1 Black Team (Ends 30\/06\/15)>\" to board \"Sprint 2 Black Team (ends 21\/07\/15)\"",
                "text": "Card moved: \"Record minutes of Thursday meeting this week\" moved from board \"<https:\/\/trello.com\/b\/RUT25DlJ|Sprint 1 Black Team (Ends 30\/06\/15)>\" to board \"Sprint 2 Black Team (ends 21\/07\/15)\"",
                "id": 1,
                "color": "8daec2"
            }
        ],
        "type": "message",
        "subtype": "bot_message",
        "ts": "1436303769.000323"
    },
    {
        "text": "",
        "bot_id": "B0528KAQ5",
        "mrkdwn": true,
        "attachments": [
            {
                "fallback": "Card moved: \"Record minutes of Sunday meeting this week\" moved from board \"<https:\/\/trello.com\/b\/RUT25DlJ|Sprint 1 Black Team (Ends 30\/06\/15)>\" to board \"Sprint 2 Black Team (ends 21\/07\/15)\"",
                "text": "Card moved: \"Record minutes of Sunday meeting this week\" moved from board \"<https:\/\/trello.com\/b\/RUT25DlJ|Sprint 1 Black Team (Ends 30\/06\/15)>\" to board \"Sprint 2 Black Team (ends 21\/07\/15)\"",
                "id": 1,
                "color": "8daec2"
            }
        ],
        "type": "message",
        "subtype": "bot_message",
        "ts": "1436303780.000324"
    },
    {
        "text": "",
        "bot_id": "B0528KAQ5",
        "mrkdwn": true,
        "attachments": [
            {
                "fallback": "Card moved: \"Record minutes of Tuesday meeting this week\" moved from board \"<https:\/\/trello.com\/b\/RUT25DlJ|Sprint 1 Black Team (Ends 30\/06\/15)>\" to board \"Sprint 2 Black Team (ends 21\/07\/15)\"",
                "text": "Card moved: \"Record minutes of Tuesday meeting this week\" moved from board \"<https:\/\/trello.com\/b\/RUT25DlJ|Sprint 1 Black Team (Ends 30\/06\/15)>\" to board \"Sprint 2 Black Team (ends 21\/07\/15)\"",
                "id": 1,
                "color": "8daec2"
            }
        ],
        "type": "message",
        "subtype": "bot_message",
        "ts": "1436303788.000325"
    }
]