[
    {
        "text": "",
        "bot_id": "B0528KAQ5",
        "mrkdwn": true,
        "attachments": [
            {
                "fallback": "Card moved: \"<https:\/\/trello.com\/c\/e1xWxSi1|Start Inquiring about testing with team Burgundy>\" from list \"Sprint Backlog\" to list \"Live\/Done\"",
                "text": "Card moved: \"<https:\/\/trello.com\/c\/e1xWxSi1|Start Inquiring about testing with team Burgundy>\" from list \"Sprint Backlog\" to list \"Live\/Done\"",
                "id": 1,
                "color": "8daec2",
                "mrkdwn_in": [
                    "text"
                ]
            }
        ],
        "type": "message",
        "subtype": "bot_message",
        "ts": "1435487644.000293"
    },
    {
        "text": "",
        "bot_id": "B0528KAQ5",
        "mrkdwn": true,
        "attachments": [
            {
                "fallback": "still working on this... no solution is up to standard... yet...",
                "text": "still working on this... no solution is up to standard... yet...",
                "pretext": "New comment on card \"<https:\/\/trello.com\/c\/YwoGfyUZ|Get Selenium tests running in docker>\" by Neil Grogan",
                "id": 1,
                "color": "8daec2"
            }
        ],
        "type": "message",
        "subtype": "bot_message",
        "ts": "1435495112.000294"
    },
    {
        "text": "",
        "bot_id": "B0528KAQ5",
        "mrkdwn": true,
        "attachments": [
            {
                "fallback": "New card \"<https:\/\/trello.com\/c\/dKdBgfru|Record minutes of Sunday meeting this week>\" added to list \"<https:\/\/trello.com\/b\/RUT25DlJ|Sprint Backlog>\"",
                "text": "New card \"<https:\/\/trello.com\/c\/dKdBgfru|Record minutes of Sunday meeting this week>\" added to list \"<https:\/\/trello.com\/b\/RUT25DlJ|Sprint Backlog>\"",
                "id": 1,
                "color": "8daec2"
            }
        ],
        "type": "message",
        "subtype": "bot_message",
        "ts": "1435525340.000295"
    }
]