[
    {
        "text": "",
        "bot_id": "B0528KAQ5",
        "mrkdwn": true,
        "attachments": [
            {
                "fallback": "Card moved: \"<https:\/\/trello.com\/c\/FknbyhQw|Investigate Jenkins>\" from list \"In Progress\" to list \"Complete\"",
                "text": "Card moved: \"<https:\/\/trello.com\/c\/FknbyhQw|Investigate Jenkins>\" from list \"In Progress\" to list \"Complete\"",
                "id": 1,
                "color": "8daec2",
                "mrkdwn_in": [
                    "text"
                ]
            }
        ],
        "type": "message",
        "subtype": "bot_message",
        "ts": "1433425307.000012"
    },
    {
        "text": "",
        "bot_id": "B0528KAQ5",
        "mrkdwn": true,
        "attachments": [
            {
                "fallback": "Card moved: \"<https:\/\/trello.com\/c\/i5kdO6RY|Investigate OpenShift>\" from list \"In Progress\" to list \"Complete\"",
                "text": "Card moved: \"<https:\/\/trello.com\/c\/i5kdO6RY|Investigate OpenShift>\" from list \"In Progress\" to list \"Complete\"",
                "id": 1,
                "color": "8daec2",
                "mrkdwn_in": [
                    "text"
                ]
            }
        ],
        "type": "message",
        "subtype": "bot_message",
        "ts": "1433425316.000013"
    },
    {
        "text": "",
        "bot_id": "B0528KAQ5",
        "mrkdwn": true,
        "attachments": [
            {
                "fallback": "Card moved: \"<https:\/\/trello.com\/c\/Rkz8C3wI|UI prototype>\" moved to board \"<https:\/\/trello.com\/b\/ktc3yxBd|MSc Project>\" from board \"Product Backlog\"",
                "text": "Card moved: \"<https:\/\/trello.com\/c\/Rkz8C3wI|UI prototype>\" moved to board \"<https:\/\/trello.com\/b\/ktc3yxBd|MSc Project>\" from board \"Product Backlog\"",
                "id": 1,
                "color": "8daec2"
            }
        ],
        "type": "message",
        "subtype": "bot_message",
        "ts": "1433425478.000014"
    },
    {
        "text": "",
        "bot_id": "B0528KAQ5",
        "mrkdwn": true,
        "attachments": [
            {
                "fallback": "Card moved: \"<https:\/\/trello.com\/c\/Rkz8C3wI|UI prototype>\" from list \"Actions\" to list \"In Progress\"",
                "text": "Card moved: \"<https:\/\/trello.com\/c\/Rkz8C3wI|UI prototype>\" from list \"Actions\" to list \"In Progress\"",
                "id": 1,
                "color": "8daec2",
                "mrkdwn_in": [
                    "text"
                ]
            }
        ],
        "type": "message",
        "subtype": "bot_message",
        "ts": "1433425478.000015"
    },
    {
        "text": "",
        "bot_id": "B0528KAQ5",
        "mrkdwn": true,
        "attachments": [
            {
                "fallback": "New member <https:\/\/trello.com\/kevinkennedy24|Kevin Kennedy> added to card \"<https:\/\/trello.com\/c\/ApfmT4z3|Research Twitter API>\"",
                "text": "New member <https:\/\/trello.com\/kevinkennedy24|Kevin Kennedy> added to card \"<https:\/\/trello.com\/c\/ApfmT4z3|Research Twitter API>\"",
                "id": 1,
                "color": "8daec2"
            }
        ],
        "type": "message",
        "subtype": "bot_message",
        "ts": "1433437892.000016"
    },
    {
        "text": "",
        "bot_id": "B0528KAQ5",
        "mrkdwn": true,
        "attachments": [
            {
                "fallback": "Card moved: \"<https:\/\/trello.com\/c\/ApfmT4z3|Research Twitter API>\" from list \"Actions\" to list \"In Progress\"",
                "text": "Card moved: \"<https:\/\/trello.com\/c\/ApfmT4z3|Research Twitter API>\" from list \"Actions\" to list \"In Progress\"",
                "id": 1,
                "color": "8daec2",
                "mrkdwn_in": [
                    "text"
                ]
            }
        ],
        "type": "message",
        "subtype": "bot_message",
        "ts": "1433437900.000017"
    },
    {
        "text": "",
        "bot_id": "B0528KAQ5",
        "mrkdwn": true,
        "attachments": [
            {
                "fallback": "Sample Web app running here <http:\/\/newsfast-groupblackteam.rhcloud.com\/>\nJenkins running here <http:\/\/jenkins-groupblackteam.rhcloud.com\/> in openshift",
                "text": "Sample Web app running here <http:\/\/newsfast-groupblackteam.rhcloud.com\/>\nJenkins running here <http:\/\/jenkins-groupblackteam.rhcloud.com\/> in openshift",
                "pretext": "New comment on card \"<https:\/\/trello.com\/c\/i5kdO6RY|Investigate OpenShift>\" by Garry Davitt",
                "id": 1,
                "color": "8daec2"
            }
        ],
        "type": "message",
        "subtype": "bot_message",
        "ts": "1433446507.000018"
    },
    {
        "text": "",
        "bot_id": "B0528KAQ5",
        "mrkdwn": true,
        "attachments": [
            {
                "fallback": "Sample web app building and running test in jenkins here <http:\/\/jenkins-groupblackteam.rhcloud.com\/>",
                "text": "Sample web app building and running test in jenkins here <http:\/\/jenkins-groupblackteam.rhcloud.com\/>",
                "pretext": "New comment on card \"<https:\/\/trello.com\/c\/FknbyhQw|Investigate Jenkins>\" by Garry Davitt",
                "id": 1,
                "color": "8daec2"
            }
        ],
        "type": "message",
        "subtype": "bot_message",
        "ts": "1433446569.000019"
    }
]