[
    {
        "text": "",
        "bot_id": "B0528KAQ5",
        "mrkdwn": true,
        "attachments": [
            {
                "fallback": "New card \"<https:\/\/trello.com\/c\/xgkJI8mG|COMP47250-2015: Upcoming lab on Tuesday 14\/07\/2015>\" added to list \"<https:\/\/trello.com\/b\/RUT25DlJ|Sprint Backlog>\"",
                "text": "New card \"<https:\/\/trello.com\/c\/xgkJI8mG|COMP47250-2015: Upcoming lab on Tuesday 14\/07\/2015>\" added to list \"<https:\/\/trello.com\/b\/RUT25DlJ|Sprint Backlog>\"",
                "id": 1,
                "color": "8daec2"
            }
        ],
        "type": "message",
        "subtype": "bot_message",
        "ts": "1436782725.000326"
    },
    {
        "text": "",
        "bot_id": "B0528KAQ5",
        "mrkdwn": true,
        "attachments": [
            {
                "fallback": "400x247px image",
                "image_url": "https:\/\/trello-attachments.s3.amazonaws.com\/55a390850bda7ad2f5ed2f89\/400x247\/f06ac9330f702f0c75484955a9317d60\/file_not_found.png",
                "image_width": 400,
                "image_height": 247,
                "image_bytes": 1100,
                "pretext": "New attachment added to card \"<https:\/\/trello.com\/c\/xgkJI8mG|COMP47250-2015: Upcoming lab on Tuesday 14\/07\/2015>\"",
                "title": "file_not_found.png",
                "id": 1,
                "title_link": "https:\/\/trello-attachments.s3.amazonaws.com\/55a390850bda7ad2f5ed2f89\/400x247\/f06ac9330f702f0c75484955a9317d60\/file_not_found.png",
                "color": "8daec2"
            }
        ],
        "type": "message",
        "subtype": "bot_message",
        "ts": "1436782728.000327"
    },
    {
        "text": "",
        "bot_id": "B0528KAQ5",
        "mrkdwn": true,
        "attachments": [
            {
                "fallback": "New card \"<https:\/\/trello.com\/c\/BOMgft2E|COMP47250-2015: Your mid-term presentation slides on github>\" added to list \"<https:\/\/trello.com\/b\/RUT25DlJ|Sprint Backlog>\"",
                "text": "New card \"<https:\/\/trello.com\/c\/BOMgft2E|COMP47250-2015: Your mid-term presentation slides on github>\" added to list \"<https:\/\/trello.com\/b\/RUT25DlJ|Sprint Backlog>\"",
                "id": 1,
                "color": "8daec2"
            }
        ],
        "type": "message",
        "subtype": "bot_message",
        "ts": "1436782728.000328"
    },
    {
        "text": "",
        "bot_id": "B0528KAQ5",
        "mrkdwn": true,
        "attachments": [
            {
                "fallback": "400x247px image",
                "image_url": "https:\/\/trello-attachments.s3.amazonaws.com\/55a39088bdf093d1c6a3b2ae\/400x247\/a930bf38a6a4771515cc04699f76932c\/file_not_found.png",
                "image_width": 400,
                "image_height": 247,
                "image_bytes": 1100,
                "pretext": "New attachment added to card \"<https:\/\/trello.com\/c\/BOMgft2E|COMP47250-2015: Your mid-term presentation slides on github>\"",
                "title": "file_not_found.png",
                "id": 1,
                "title_link": "https:\/\/trello-attachments.s3.amazonaws.com\/55a39088bdf093d1c6a3b2ae\/400x247\/a930bf38a6a4771515cc04699f76932c\/file_not_found.png",
                "color": "8daec2"
            }
        ],
        "type": "message",
        "subtype": "bot_message",
        "ts": "1436782729.000329"
    },
    {
        "text": "",
        "bot_id": "B0528KAQ5",
        "mrkdwn": true,
        "attachments": [
            {
                "fallback": "New card \"<https:\/\/trello.com\/c\/uDtI5UmG|Re: Change Hostnames on VM>\" added to list \"<https:\/\/trello.com\/b\/RUT25DlJ|Sprint Backlog>\"",
                "text": "New card \"<https:\/\/trello.com\/c\/uDtI5UmG|Re: Change Hostnames on VM>\" added to list \"<https:\/\/trello.com\/b\/RUT25DlJ|Sprint Backlog>\"",
                "id": 1,
                "color": "8daec2"
            }
        ],
        "type": "message",
        "subtype": "bot_message",
        "ts": "1436795132.000330"
    },
    {
        "text": "",
        "bot_id": "B0528KAQ5",
        "mrkdwn": true,
        "attachments": [
            {
                "fallback": "400x247px image",
                "image_url": "https:\/\/trello-attachments.s3.amazonaws.com\/55a3c0fcd484cdc8a06b2868\/400x247\/f0d46a5765321802a0447a5c9d9caefc\/file_not_found.png",
                "image_width": 400,
                "image_height": 247,
                "image_bytes": 1100,
                "pretext": "New attachment added to card \"<https:\/\/trello.com\/c\/uDtI5UmG|Re: Change Hostnames on VM>\"",
                "title": "file_not_found.png",
                "id": 1,
                "title_link": "https:\/\/trello-attachments.s3.amazonaws.com\/55a3c0fcd484cdc8a06b2868\/400x247\/f0d46a5765321802a0447a5c9d9caefc\/file_not_found.png",
                "color": "8daec2"
            }
        ],
        "type": "message",
        "subtype": "bot_message",
        "ts": "1436795134.000331"
    },
    {
        "text": "",
        "bot_id": "B0528KAQ5",
        "mrkdwn": true,
        "attachments": [
            {
                "fallback": "New card \"<https:\/\/trello.com\/c\/fJK0nVeG|Re: Change Hostnames on VM>\" added to list \"<https:\/\/trello.com\/b\/RUT25DlJ|Sprint Backlog>\"",
                "text": "New card \"<https:\/\/trello.com\/c\/fJK0nVeG|Re: Change Hostnames on VM>\" added to list \"<https:\/\/trello.com\/b\/RUT25DlJ|Sprint Backlog>\"",
                "id": 1,
                "color": "8daec2"
            }
        ],
        "type": "message",
        "subtype": "bot_message",
        "ts": "1436795137.000332"
    },
    {
        "text": "",
        "bot_id": "B0528KAQ5",
        "mrkdwn": true,
        "attachments": [
            {
                "fallback": "400x247px image",
                "image_url": "https:\/\/trello-attachments.s3.amazonaws.com\/55a3c10072bbd9aaf5398fc1\/400x247\/1ba7db2a36a751c511ae025149fe311e\/file_not_found.png",
                "image_width": 400,
                "image_height": 247,
                "image_bytes": 1100,
                "pretext": "New attachment added to card \"<https:\/\/trello.com\/c\/fJK0nVeG|Re: Change Hostnames on VM>\"",
                "title": "file_not_found.png",
                "id": 1,
                "title_link": "https:\/\/trello-attachments.s3.amazonaws.com\/55a3c10072bbd9aaf5398fc1\/400x247\/1ba7db2a36a751c511ae025149fe311e\/file_not_found.png",
                "color": "8daec2"
            }
        ],
        "type": "message",
        "subtype": "bot_message",
        "ts": "1436795139.000333"
    },
    {
        "text": "",
        "bot_id": "B0528KAQ5",
        "mrkdwn": true,
        "attachments": [
            {
                "fallback": "New card \"<https:\/\/trello.com\/c\/NTtQJSTn|Re: Change Hostnames on VM>\" added to list \"<https:\/\/trello.com\/b\/RUT25DlJ|Sprint Backlog>\"",
                "text": "New card \"<https:\/\/trello.com\/c\/NTtQJSTn|Re: Change Hostnames on VM>\" added to list \"<https:\/\/trello.com\/b\/RUT25DlJ|Sprint Backlog>\"",
                "id": 1,
                "color": "8daec2"
            }
        ],
        "type": "message",
        "subtype": "bot_message",
        "ts": "1436795140.000334"
    },
    {
        "text": "",
        "bot_id": "B0528KAQ5",
        "mrkdwn": true,
        "attachments": [
            {
                "fallback": "400x247px image",
                "image_url": "https:\/\/trello-attachments.s3.amazonaws.com\/55a3c1043e44be8c6fb4c659\/400x247\/c495a14f7918a7a4baf95cfa690bebc1\/file_not_found.png",
                "image_width": 400,
                "image_height": 247,
                "image_bytes": 1100,
                "pretext": "New attachment added to card \"<https:\/\/trello.com\/c\/NTtQJSTn|Re: Change Hostnames on VM>\"",
                "title": "file_not_found.png",
                "id": 1,
                "title_link": "https:\/\/trello-attachments.s3.amazonaws.com\/55a3c1043e44be8c6fb4c659\/400x247\/c495a14f7918a7a4baf95cfa690bebc1\/file_not_found.png",
                "color": "8daec2"
            }
        ],
        "type": "message",
        "subtype": "bot_message",
        "ts": "1436795143.000335"
    },
    {
        "text": "",
        "bot_id": "B0528KAQ5",
        "mrkdwn": true,
        "attachments": [
            {
                "fallback": "New card \"<https:\/\/trello.com\/c\/uPlHIMVh|Change Hostnames on VM>\" added to list \"<https:\/\/trello.com\/b\/RUT25DlJ|Sprint Backlog>\"",
                "text": "New card \"<https:\/\/trello.com\/c\/uPlHIMVh|Change Hostnames on VM>\" added to list \"<https:\/\/trello.com\/b\/RUT25DlJ|Sprint Backlog>\"",
                "id": 1,
                "color": "8daec2"
            }
        ],
        "type": "message",
        "subtype": "bot_message",
        "ts": "1436795145.000336"
    },
    {
        "text": "",
        "bot_id": "B0528KAQ5",
        "mrkdwn": true,
        "attachments": [
            {
                "fallback": "400x247px image",
                "image_url": "https:\/\/trello-attachments.s3.amazonaws.com\/55a3c109b31ac682f59bacec\/400x247\/97e3dbcdb295dde7f16be1409ab628ed\/file_not_found.png",
                "image_width": 400,
                "image_height": 247,
                "image_bytes": 1100,
                "pretext": "New attachment added to card \"<https:\/\/trello.com\/c\/uPlHIMVh|Change Hostnames on VM>\"",
                "title": "file_not_found.png",
                "id": 1,
                "title_link": "https:\/\/trello-attachments.s3.amazonaws.com\/55a3c109b31ac682f59bacec\/400x247\/97e3dbcdb295dde7f16be1409ab628ed\/file_not_found.png",
                "color": "8daec2"
            }
        ],
        "type": "message",
        "subtype": "bot_message",
        "ts": "1436795147.000337"
    },
    {
        "text": "",
        "bot_id": "B0528KAQ5",
        "mrkdwn": true,
        "attachments": [
            {
                "fallback": "Card moved: \"<https:\/\/trello.com\/c\/BOMgft2E|COMP47250-2015: Your mid-term presentation slides on github>\" from list \"Sprint Backlog\" to list \"Live\/Done\"",
                "text": "Card moved: \"<https:\/\/trello.com\/c\/BOMgft2E|COMP47250-2015: Your mid-term presentation slides on github>\" from list \"Sprint Backlog\" to list \"Live\/Done\"",
                "id": 1,
                "color": "8daec2",
                "mrkdwn_in": [
                    "text"
                ]
            }
        ],
        "type": "message",
        "subtype": "bot_message",
        "ts": "1436798077.000338"
    }
]