[
    {
        "text": "",
        "bot_id": "B0528KAQ5",
        "mrkdwn": true,
        "attachments": [
            {
                "fallback": "Card moved: \"<https:\/\/trello.com\/c\/1avGRb5O|Meeting: Review status of Business and Project Info deliverables on Monday 20th July>\" from list \"Sprint 3 Spillover\" to list \"Done\"",
                "text": "Card moved: \"<https:\/\/trello.com\/c\/1avGRb5O|Meeting: Review status of Business and Project Info deliverables on Monday 20th July>\" from list \"Sprint 3 Spillover\" to list \"Done\"",
                "id": 1,
                "color": "8daec2",
                "mrkdwn_in": [
                    "text"
                ]
            }
        ],
        "type": "message",
        "subtype": "bot_message",
        "ts": "1439320704.000015"
    },
    {
        "text": "",
        "bot_id": "B0528KAQ5",
        "mrkdwn": true,
        "attachments": [
            {
                "fallback": "Card moved: \"<https:\/\/trello.com\/c\/uUbooyOd|BUG. on first entry before sign in, we seem to be showing non tech articles quite a bit.>\" from list \"Sprint 3 Spillover\" to list \"Done\"",
                "text": "Card moved: \"<https:\/\/trello.com\/c\/uUbooyOd|BUG. on first entry before sign in, we seem to be showing non tech articles quite a bit.>\" from list \"Sprint 3 Spillover\" to list \"Done\"",
                "id": 1,
                "color": "8daec2",
                "mrkdwn_in": [
                    "text"
                ]
            }
        ],
        "type": "message",
        "subtype": "bot_message",
        "ts": "1439320715.000016"
    },
    {
        "text": "",
        "bot_id": "B0528KAQ5",
        "mrkdwn": true,
        "attachments": [
            {
                "fallback": "New card \"<https:\/\/trello.com\/c\/1kI8ZN7S|BUG: Can still click in article content in the left, this needs to be read only.>\" added to list \"<https:\/\/trello.com\/b\/m8682AdS|Sprint Backlog>\"",
                "text": "New card \"<https:\/\/trello.com\/c\/1kI8ZN7S|BUG: Can still click in article content in the left, this needs to be read only.>\" added to list \"<https:\/\/trello.com\/b\/m8682AdS|Sprint Backlog>\"",
                "id": 1,
                "color": "8daec2"
            }
        ],
        "type": "message",
        "subtype": "bot_message",
        "ts": "1439320876.000017"
    },
    {
        "text": "",
        "bot_id": "B0528KAQ5",
        "mrkdwn": true,
        "attachments": [
            {
                "fallback": "New member <https:\/\/trello.com\/garrydavitt|Garry Davitt> added to card \"<https:\/\/trello.com\/c\/1kI8ZN7S|BUG: Can still click in article content in the left, this needs to be read only.>\"",
                "text": "New member <https:\/\/trello.com\/garrydavitt|Garry Davitt> added to card \"<https:\/\/trello.com\/c\/1kI8ZN7S|BUG: Can still click in article content in the left, this needs to be read only.>\"",
                "id": 1,
                "color": "8daec2"
            }
        ],
        "type": "message",
        "subtype": "bot_message",
        "ts": "1439320880.000018"
    },
    {
        "text": "",
        "bot_id": "B0528KAQ5",
        "mrkdwn": true,
        "attachments": [
            {
                "fallback": "*Labels:* Bug",
                "text": "*Labels:* Bug",
                "pretext": "Label \"Bug\" added to card \"<https:\/\/trello.com\/c\/1kI8ZN7S|BUG: Can still click in article content in the left, this needs to be read only.>\"",
                "id": 1,
                "color": "8daec2",
                "mrkdwn_in": [
                    "text"
                ]
            }
        ],
        "type": "message",
        "subtype": "bot_message",
        "ts": "1439320888.000019"
    },
    {
        "text": "",
        "bot_id": "B0528KAQ5",
        "mrkdwn": true,
        "attachments": [
            {
                "fallback": "Card moved: \"<https:\/\/trello.com\/c\/1kI8ZN7S|BUG: Can still click in article content in the left, this needs to be read only.>\" from list \"Sprint Backlog\" to list \"In Progress\"",
                "text": "Card moved: \"<https:\/\/trello.com\/c\/1kI8ZN7S|BUG: Can still click in article content in the left, this needs to be read only.>\" from list \"Sprint Backlog\" to list \"In Progress\"",
                "id": 1,
                "color": "8daec2",
                "mrkdwn_in": [
                    "text"
                ]
            }
        ],
        "type": "message",
        "subtype": "bot_message",
        "ts": "1439320906.000020"
    },
    {
        "text": "",
        "bot_id": "B0528KAQ5",
        "mrkdwn": true,
        "attachments": [
            {
                "fallback": "New card \"<https:\/\/trello.com\/c\/EJn1wuno|Diagram in lieu of Larrys System Diagram>\" added to list \"<https:\/\/trello.com\/b\/m8682AdS|In Progress>\"",
                "text": "New card \"<https:\/\/trello.com\/c\/EJn1wuno|Diagram in lieu of Larrys System Diagram>\" added to list \"<https:\/\/trello.com\/b\/m8682AdS|In Progress>\"",
                "id": 1,
                "color": "8daec2"
            }
        ],
        "type": "message",
        "subtype": "bot_message",
        "ts": "1439320926.000021"
    },
    {
        "text": "",
        "bot_id": "B0528KAQ5",
        "mrkdwn": true,
        "attachments": [
            {
                "fallback": "New member <https:\/\/trello.com\/neilgrogan|Neil Grogan> added to card \"<https:\/\/trello.com\/c\/EJn1wuno|Diagram in lieu of Larrys System Diagram>\"",
                "text": "New member <https:\/\/trello.com\/neilgrogan|Neil Grogan> added to card \"<https:\/\/trello.com\/c\/EJn1wuno|Diagram in lieu of Larrys System Diagram>\"",
                "id": 1,
                "color": "8daec2"
            }
        ],
        "type": "message",
        "subtype": "bot_message",
        "ts": "1439320930.000022"
    },
    {
        "text": "",
        "bot_id": "B0528KAQ5",
        "mrkdwn": true,
        "attachments": [
            {
                "fallback": "New card \"<https:\/\/trello.com\/c\/ktCbrOYa|Landing page skip twitter sign in>\" added to list \"<https:\/\/trello.com\/b\/m8682AdS|In Progress>\"",
                "text": "New card \"<https:\/\/trello.com\/c\/ktCbrOYa|Landing page skip twitter sign in>\" added to list \"<https:\/\/trello.com\/b\/m8682AdS|In Progress>\"",
                "id": 1,
                "color": "8daec2"
            }
        ],
        "type": "message",
        "subtype": "bot_message",
        "ts": "1439321016.000023"
    },
    {
        "text": "",
        "bot_id": "B0528KAQ5",
        "mrkdwn": true,
        "attachments": [
            {
                "fallback": "New member <https:\/\/trello.com\/neilgrogan|Neil Grogan> added to card \"<https:\/\/trello.com\/c\/ktCbrOYa|Landing page skip twitter sign in>\"",
                "text": "New member <https:\/\/trello.com\/neilgrogan|Neil Grogan> added to card \"<https:\/\/trello.com\/c\/ktCbrOYa|Landing page skip twitter sign in>\"",
                "id": 1,
                "color": "8daec2"
            }
        ],
        "type": "message",
        "subtype": "bot_message",
        "ts": "1439321030.000024"
    },
    {
        "text": "",
        "bot_id": "B0528KAQ5",
        "mrkdwn": true,
        "attachments": [
            {
                "fallback": "New card \"<https:\/\/trello.com\/c\/4C73qdzc|Choose reference style>\" added to list \"<https:\/\/trello.com\/b\/m8682AdS|In Progress>\"",
                "text": "New card \"<https:\/\/trello.com\/c\/4C73qdzc|Choose reference style>\" added to list \"<https:\/\/trello.com\/b\/m8682AdS|In Progress>\"",
                "id": 1,
                "color": "8daec2"
            }
        ],
        "type": "message",
        "subtype": "bot_message",
        "ts": "1439321044.000025"
    },
    {
        "text": "",
        "bot_id": "B0528KAQ5",
        "mrkdwn": true,
        "attachments": [
            {
                "fallback": "New member <https:\/\/trello.com\/larryoshea|Larry O'Shea> added to card \"<https:\/\/trello.com\/c\/4C73qdzc|Choose reference style>\"",
                "text": "New member <https:\/\/trello.com\/larryoshea|Larry O'Shea> added to card \"<https:\/\/trello.com\/c\/4C73qdzc|Choose reference style>\"",
                "id": 1,
                "color": "8daec2"
            }
        ],
        "type": "message",
        "subtype": "bot_message",
        "ts": "1439321048.000026"
    },
    {
        "text": "",
        "bot_id": "B0528KAQ5",
        "mrkdwn": true,
        "attachments": [
            {
                "fallback": "New member <https:\/\/trello.com\/neilgrogan|Neil Grogan> added to card \"<https:\/\/trello.com\/c\/4C73qdzc|Choose reference style>\"",
                "text": "New member <https:\/\/trello.com\/neilgrogan|Neil Grogan> added to card \"<https:\/\/trello.com\/c\/4C73qdzc|Choose reference style>\"",
                "id": 1,
                "color": "8daec2"
            }
        ],
        "type": "message",
        "subtype": "bot_message",
        "ts": "1439321049.000027"
    },
    {
        "text": "",
        "bot_id": "B0528KAQ5",
        "mrkdwn": true,
        "attachments": [
            {
                "fallback": "New card \"<https:\/\/trello.com\/c\/i6V8Smpb|Hide section headings, read over doc without section headings>\" added to list \"<https:\/\/trello.com\/b\/m8682AdS|In Progress>\"",
                "text": "New card \"<https:\/\/trello.com\/c\/i6V8Smpb|Hide section headings, read over doc without section headings>\" added to list \"<https:\/\/trello.com\/b\/m8682AdS|In Progress>\"",
                "id": 1,
                "color": "8daec2"
            }
        ],
        "type": "message",
        "subtype": "bot_message",
        "ts": "1439321076.000028"
    },
    {
        "text": "",
        "bot_id": "B0528KAQ5",
        "mrkdwn": true,
        "attachments": [
            {
                "fallback": "New member <https:\/\/trello.com\/larryoshea|Larry O'Shea> added to card \"<https:\/\/trello.com\/c\/i6V8Smpb|Hide section headings, read over doc without section headings>\"",
                "text": "New member <https:\/\/trello.com\/larryoshea|Larry O'Shea> added to card \"<https:\/\/trello.com\/c\/i6V8Smpb|Hide section headings, read over doc without section headings>\"",
                "id": 1,
                "color": "8daec2"
            }
        ],
        "type": "message",
        "subtype": "bot_message",
        "ts": "1439321081.000029"
    },
    {
        "text": "",
        "bot_id": "B0528KAQ5",
        "mrkdwn": true,
        "attachments": [
            {
                "fallback": "New member <https:\/\/trello.com\/neilgrogan|Neil Grogan> added to card \"<https:\/\/trello.com\/c\/i6V8Smpb|Hide section headings, read over doc without section headings>\"",
                "text": "New member <https:\/\/trello.com\/neilgrogan|Neil Grogan> added to card \"<https:\/\/trello.com\/c\/i6V8Smpb|Hide section headings, read over doc without section headings>\"",
                "id": 1,
                "color": "8daec2"
            }
        ],
        "type": "message",
        "subtype": "bot_message",
        "ts": "1439321082.000030"
    },
    {
        "text": "",
        "bot_id": "B0528KAQ5",
        "mrkdwn": true,
        "attachments": [
            {
                "fallback": "New card \"<https:\/\/trello.com\/c\/QisSLuEp|Update References>\" added to list \"<https:\/\/trello.com\/b\/m8682AdS|In Progress>\"",
                "text": "New card \"<https:\/\/trello.com\/c\/QisSLuEp|Update References>\" added to list \"<https:\/\/trello.com\/b\/m8682AdS|In Progress>\"",
                "id": 1,
                "color": "8daec2"
            }
        ],
        "type": "message",
        "subtype": "bot_message",
        "ts": "1439321093.000031"
    },
    {
        "text": "",
        "bot_id": "B0528KAQ5",
        "mrkdwn": true,
        "attachments": [
            {
                "fallback": "New card \"<https:\/\/trello.com\/c\/Gvuj75If|Update Reflections>\" added to list \"<https:\/\/trello.com\/b\/m8682AdS|In Progress>\"",
                "text": "New card \"<https:\/\/trello.com\/c\/Gvuj75If|Update Reflections>\" added to list \"<https:\/\/trello.com\/b\/m8682AdS|In Progress>\"",
                "id": 1,
                "color": "8daec2"
            }
        ],
        "type": "message",
        "subtype": "bot_message",
        "ts": "1439321099.000032"
    },
    {
        "text": "",
        "bot_id": "B0528KAQ5",
        "mrkdwn": true,
        "attachments": [
            {
                "fallback": "New member <https:\/\/trello.com\/neilgrogan|Neil Grogan> added to card \"<https:\/\/trello.com\/c\/Gvuj75If|Update Reflections>\"",
                "text": "New member <https:\/\/trello.com\/neilgrogan|Neil Grogan> added to card \"<https:\/\/trello.com\/c\/Gvuj75If|Update Reflections>\"",
                "id": 1,
                "color": "8daec2"
            }
        ],
        "type": "message",
        "subtype": "bot_message",
        "ts": "1439321103.000033"
    },
    {
        "text": "",
        "bot_id": "B0528KAQ5",
        "mrkdwn": true,
        "attachments": [
            {
                "fallback": "Card renamed from \"Update Reflections\" to \"<https:\/\/trello.com\/c\/Gvuj75If|Update Reflections - working with people>\"",
                "text": "Card renamed from \"Update Reflections\" to \"<https:\/\/trello.com\/c\/Gvuj75If|Update Reflections - working with people>\"",
                "id": 1,
                "color": "8daec2",
                "mrkdwn_in": [
                    "text"
                ]
            }
        ],
        "type": "message",
        "subtype": "bot_message",
        "ts": "1439321141.000034"
    },
    {
        "text": "",
        "bot_id": "B0528KAQ5",
        "mrkdwn": true,
        "attachments": [
            {
                "fallback": "New card \"<https:\/\/trello.com\/c\/FZpR2MLm|Update Reflections - user survey>\" added to list \"<https:\/\/trello.com\/b\/m8682AdS|In Progress>\"",
                "text": "New card \"<https:\/\/trello.com\/c\/FZpR2MLm|Update Reflections - user survey>\" added to list \"<https:\/\/trello.com\/b\/m8682AdS|In Progress>\"",
                "id": 1,
                "color": "8daec2"
            }
        ],
        "type": "message",
        "subtype": "bot_message",
        "ts": "1439321167.000035"
    },
    {
        "text": "",
        "bot_id": "B0528KAQ5",
        "mrkdwn": true,
        "attachments": [
            {
                "fallback": "New member <https:\/\/trello.com\/larryoshea|Larry O'Shea> added to card \"<https:\/\/trello.com\/c\/FZpR2MLm|Update Reflections - user survey>\"",
                "text": "New member <https:\/\/trello.com\/larryoshea|Larry O'Shea> added to card \"<https:\/\/trello.com\/c\/FZpR2MLm|Update Reflections - user survey>\"",
                "id": 1,
                "color": "8daec2"
            }
        ],
        "type": "message",
        "subtype": "bot_message",
        "ts": "1439321174.000036"
    },
    {
        "text": "",
        "bot_id": "B0528KAQ5",
        "mrkdwn": true,
        "attachments": [
            {
                "fallback": "New card \"<https:\/\/trello.com\/c\/WNCkdeeG|Update Reflections - UI Challenges>\" added to list \"<https:\/\/trello.com\/b\/m8682AdS|In Progress>\"",
                "text": "New card \"<https:\/\/trello.com\/c\/WNCkdeeG|Update Reflections - UI Challenges>\" added to list \"<https:\/\/trello.com\/b\/m8682AdS|In Progress>\"",
                "id": 1,
                "color": "8daec2"
            }
        ],
        "type": "message",
        "subtype": "bot_message",
        "ts": "1439321188.000037"
    },
    {
        "text": "",
        "bot_id": "B0528KAQ5",
        "mrkdwn": true,
        "attachments": [
            {
                "fallback": "New member <https:\/\/trello.com\/garrydavitt|Garry Davitt> added to card \"<https:\/\/trello.com\/c\/WNCkdeeG|Update Reflections - UI Challenges>\"",
                "text": "New member <https:\/\/trello.com\/garrydavitt|Garry Davitt> added to card \"<https:\/\/trello.com\/c\/WNCkdeeG|Update Reflections - UI Challenges>\"",
                "id": 1,
                "color": "8daec2"
            }
        ],
        "type": "message",
        "subtype": "bot_message",
        "ts": "1439321192.000038"
    },
    {
        "text": "",
        "bot_id": "B0528KAQ5",
        "mrkdwn": true,
        "attachments": [
            {
                "fallback": "can this be closed?",
                "text": "can this be closed?",
                "pretext": "New comment on card \"<https:\/\/trello.com\/c\/M7ehIPJL|BUG. text in italics was not displaying properly. the &lt;i&gt; and &lt;\/i&gt; were being displayed in article on malvartising. may not be our fault. my brother noticed this one>\" by Neil Grogan",
                "id": 1,
                "color": "8daec2"
            }
        ],
        "type": "message",
        "subtype": "bot_message",
        "ts": "1439329030.000039"
    },
    {
        "text": "",
        "bot_id": "B0528KAQ5",
        "mrkdwn": true,
        "attachments": [
            {
                "fallback": "can this be closed?",
                "text": "can this be closed?",
                "pretext": "New comment on card \"<https:\/\/trello.com\/c\/NuBriraH|BUG. not a major problem but I'm only seeing half of the pictures. ideally it would be nice for users to see the full image even if it's shrunk to smaller size>\" by Neil Grogan",
                "id": 1,
                "color": "8daec2"
            }
        ],
        "type": "message",
        "subtype": "bot_message",
        "ts": "1439329040.000040"
    },
    {
        "text": "",
        "bot_id": "B0528KAQ5",
        "mrkdwn": true,
        "attachments": [
            {
                "fallback": "Card moved: \"<https:\/\/trello.com\/c\/NuBriraH|BUG. not a major problem but I'm only seeing half of the pictures. ideally it would be nice for users to see the full image even if it's shrunk to smaller size>\" from list \"Sprint 3 Spillover\" to list \"In Progress\"",
                "text": "Card moved: \"<https:\/\/trello.com\/c\/NuBriraH|BUG. not a major problem but I'm only seeing half of the pictures. ideally it would be nice for users to see the full image even if it's shrunk to smaller size>\" from list \"Sprint 3 Spillover\" to list \"In Progress\"",
                "id": 1,
                "color": "8daec2",
                "mrkdwn_in": [
                    "text"
                ]
            }
        ],
        "type": "message",
        "subtype": "bot_message",
        "ts": "1439329047.000041"
    },
    {
        "text": "",
        "bot_id": "B0528KAQ5",
        "mrkdwn": true,
        "attachments": [
            {
                "fallback": "Card moved: \"<https:\/\/trello.com\/c\/M7ehIPJL|BUG. text in italics was not displaying properly. the &lt;i&gt; and &lt;\/i&gt; were being displayed in article on malvartising. may not be our fault. my brother noticed this one>\" from list \"Sprint 3 Spillover\" to list \"In Progress\"",
                "text": "Card moved: \"<https:\/\/trello.com\/c\/M7ehIPJL|BUG. text in italics was not displaying properly. the &lt;i&gt; and &lt;\/i&gt; were being displayed in article on malvartising. may not be our fault. my brother noticed this one>\" from list \"Sprint 3 Spillover\" to list \"In Progress\"",
                "id": 1,
                "color": "8daec2",
                "mrkdwn_in": [
                    "text"
                ]
            }
        ],
        "type": "message",
        "subtype": "bot_message",
        "ts": "1439329048.000042"
    },
    {
        "text": "",
        "bot_id": "B0528KAQ5",
        "mrkdwn": true,
        "attachments": [
            {
                "fallback": "Card moved: \"<https:\/\/trello.com\/c\/WOYt9YsY|Improve the way articles are shown to users who aren't logged in - use some ranking>\" from list \"Sprint 3 Spillover\" to list \"In Progress\"",
                "text": "Card moved: \"<https:\/\/trello.com\/c\/WOYt9YsY|Improve the way articles are shown to users who aren't logged in - use some ranking>\" from list \"Sprint 3 Spillover\" to list \"In Progress\"",
                "id": 1,
                "color": "8daec2",
                "mrkdwn_in": [
                    "text"
                ]
            }
        ],
        "type": "message",
        "subtype": "bot_message",
        "ts": "1439329053.000043"
    },
    {
        "text": "",
        "bot_id": "B0528KAQ5",
        "mrkdwn": true,
        "attachments": [
            {
                "fallback": "Card moved: \"<https:\/\/trello.com\/c\/oy8ZTvpB|UX: Check and alert user if no topic selection is made (If time - not really a priority)>\" from list \"Sprint Backlog\" to list \"Done\"",
                "text": "Card moved: \"<https:\/\/trello.com\/c\/oy8ZTvpB|UX: Check and alert user if no topic selection is made (If time - not really a priority)>\" from list \"Sprint Backlog\" to list \"Done\"",
                "id": 1,
                "color": "8daec2",
                "mrkdwn_in": [
                    "text"
                ]
            }
        ],
        "type": "message",
        "subtype": "bot_message",
        "ts": "1439329074.000044"
    },
    {
        "text": "",
        "bot_id": "B0528KAQ5",
        "mrkdwn": true,
        "attachments": [
            {
                "fallback": "Card moved: \"<https:\/\/trello.com\/c\/CgURNOWe|UX: Refactor Code and clean up>\" from list \"Sprint Backlog\" to list \"Done\"",
                "text": "Card moved: \"<https:\/\/trello.com\/c\/CgURNOWe|UX: Refactor Code and clean up>\" from list \"Sprint Backlog\" to list \"Done\"",
                "id": 1,
                "color": "8daec2",
                "mrkdwn_in": [
                    "text"
                ]
            }
        ],
        "type": "message",
        "subtype": "bot_message",
        "ts": "1439329079.000045"
    },
    {
        "text": "",
        "bot_id": "B0528KAQ5",
        "mrkdwn": true,
        "attachments": [
            {
                "fallback": "Card moved: \"<https:\/\/trello.com\/c\/nes8s7Kh|Check Website speed for users>\" from list \"Sprint Backlog\" to list \"Done\"",
                "text": "Card moved: \"<https:\/\/trello.com\/c\/nes8s7Kh|Check Website speed for users>\" from list \"Sprint Backlog\" to list \"Done\"",
                "id": 1,
                "color": "8daec2",
                "mrkdwn_in": [
                    "text"
                ]
            }
        ],
        "type": "message",
        "subtype": "bot_message",
        "ts": "1439329088.000046"
    },
    {
        "text": "",
        "bot_id": "B0528KAQ5",
        "mrkdwn": true,
        "attachments": [
            {
                "fallback": "Card moved: \"<https:\/\/trello.com\/c\/Sd84roWM|Get links on related tweets>\" from list \"Sprint Backlog\" to list \"Done\"",
                "text": "Card moved: \"<https:\/\/trello.com\/c\/Sd84roWM|Get links on related tweets>\" from list \"Sprint Backlog\" to list \"Done\"",
                "id": 1,
                "color": "8daec2",
                "mrkdwn_in": [
                    "text"
                ]
            }
        ],
        "type": "message",
        "subtype": "bot_message",
        "ts": "1439329098.000047"
    },
    {
        "text": "",
        "bot_id": "B0528KAQ5",
        "mrkdwn": true,
        "attachments": [
            {
                "fallback": "New member <https:\/\/trello.com\/garrydavitt|Garry Davitt> added to card \"<https:\/\/trello.com\/c\/QisSLuEp|Update References>\"",
                "text": "New member <https:\/\/trello.com\/garrydavitt|Garry Davitt> added to card \"<https:\/\/trello.com\/c\/QisSLuEp|Update References>\"",
                "id": 1,
                "color": "8daec2"
            }
        ],
        "type": "message",
        "subtype": "bot_message",
        "ts": "1439329119.000048"
    },
    {
        "text": "",
        "bot_id": "B0528KAQ5",
        "mrkdwn": true,
        "attachments": [
            {
                "fallback": "Card renamed from \"Update References\" to \"<https:\/\/trello.com\/c\/QisSLuEp|Update References - UI Resources>\"",
                "text": "Card renamed from \"Update References\" to \"<https:\/\/trello.com\/c\/QisSLuEp|Update References - UI Resources>\"",
                "id": 1,
                "color": "8daec2",
                "mrkdwn_in": [
                    "text"
                ]
            }
        ],
        "type": "message",
        "subtype": "bot_message",
        "ts": "1439329131.000049"
    },
    {
        "text": "",
        "bot_id": "B0528KAQ5",
        "mrkdwn": true,
        "attachments": [
            {
                "fallback": "New card \"<https:\/\/trello.com\/c\/GmBLrTq5|Update References - Any books used>\" added to list \"<https:\/\/trello.com\/b\/m8682AdS|In Progress>\"",
                "text": "New card \"<https:\/\/trello.com\/c\/GmBLrTq5|Update References - Any books used>\" added to list \"<https:\/\/trello.com\/b\/m8682AdS|In Progress>\"",
                "id": 1,
                "color": "8daec2"
            }
        ],
        "type": "message",
        "subtype": "bot_message",
        "ts": "1439329145.000050"
    },
    {
        "text": "",
        "bot_id": "B0528KAQ5",
        "mrkdwn": true,
        "attachments": [
            {
                "fallback": "New member <https:\/\/trello.com\/neilgrogan|Neil Grogan> added to card \"<https:\/\/trello.com\/c\/GmBLrTq5|Update References - Any books used>\"",
                "text": "New member <https:\/\/trello.com\/neilgrogan|Neil Grogan> added to card \"<https:\/\/trello.com\/c\/GmBLrTq5|Update References - Any books used>\"",
                "id": 1,
                "color": "8daec2"
            }
        ],
        "type": "message",
        "subtype": "bot_message",
        "ts": "1439329148.000051"
    },
    {
        "text": "",
        "bot_id": "B0528KAQ5",
        "mrkdwn": true,
        "attachments": [
            {
                "fallback": "New member <https:\/\/trello.com\/garrydavitt|Garry Davitt> added to card \"<https:\/\/trello.com\/c\/GmBLrTq5|Update References - Any books used>\"",
                "text": "New member <https:\/\/trello.com\/garrydavitt|Garry Davitt> added to card \"<https:\/\/trello.com\/c\/GmBLrTq5|Update References - Any books used>\"",
                "id": 1,
                "color": "8daec2"
            }
        ],
        "type": "message",
        "subtype": "bot_message",
        "ts": "1439329149.000052"
    },
    {
        "text": "",
        "bot_id": "B0528KAQ5",
        "mrkdwn": true,
        "attachments": [
            {
                "fallback": "New member <https:\/\/trello.com\/kevinkennedy24|Kevin Kennedy> added to card \"<https:\/\/trello.com\/c\/GmBLrTq5|Update References - Any books used>\"",
                "text": "New member <https:\/\/trello.com\/kevinkennedy24|Kevin Kennedy> added to card \"<https:\/\/trello.com\/c\/GmBLrTq5|Update References - Any books used>\"",
                "id": 1,
                "color": "8daec2"
            }
        ],
        "type": "message",
        "subtype": "bot_message",
        "ts": "1439329150.000053"
    },
    {
        "text": "",
        "bot_id": "B0528KAQ5",
        "mrkdwn": true,
        "attachments": [
            {
                "fallback": "New member <https:\/\/trello.com\/larryoshea|Larry O'Shea> added to card \"<https:\/\/trello.com\/c\/GmBLrTq5|Update References - Any books used>\"",
                "text": "New member <https:\/\/trello.com\/larryoshea|Larry O'Shea> added to card \"<https:\/\/trello.com\/c\/GmBLrTq5|Update References - Any books used>\"",
                "id": 1,
                "color": "8daec2"
            }
        ],
        "type": "message",
        "subtype": "bot_message",
        "ts": "1439329150.000054"
    },
    {
        "text": "",
        "bot_id": "B0528KAQ5",
        "mrkdwn": true,
        "attachments": [
            {
                "fallback": "New member <https:\/\/trello.com\/iberdnikov|iberdnikov> added to card \"<https:\/\/trello.com\/c\/GmBLrTq5|Update References - Any books used>\"",
                "text": "New member <https:\/\/trello.com\/iberdnikov|iberdnikov> added to card \"<https:\/\/trello.com\/c\/GmBLrTq5|Update References - Any books used>\"",
                "id": 1,
                "color": "8daec2"
            }
        ],
        "type": "message",
        "subtype": "bot_message",
        "ts": "1439329151.000055"
    },
    {
        "text": "",
        "bot_id": "B0528KAQ5",
        "mrkdwn": true,
        "attachments": [
            {
                "fallback": "*Description:* End of Demo Paper",
                "text": "*Description:* End of Demo Paper",
                "pretext": "Card updated \"<https:\/\/trello.com\/c\/FZpR2MLm|Update Reflections - user survey>\"",
                "id": 1,
                "color": "8daec2",
                "mrkdwn_in": [
                    "text"
                ]
            }
        ],
        "type": "message",
        "subtype": "bot_message",
        "ts": "1439329167.000056"
    },
    {
        "text": "",
        "bot_id": "B0528KAQ5",
        "mrkdwn": true,
        "attachments": [
            {
                "fallback": "*Description:* End of Demo Paper",
                "text": "*Description:* End of Demo Paper",
                "pretext": "Card updated \"<https:\/\/trello.com\/c\/WNCkdeeG|Update Reflections - UI Challenges>\"",
                "id": 1,
                "color": "8daec2",
                "mrkdwn_in": [
                    "text"
                ]
            }
        ],
        "type": "message",
        "subtype": "bot_message",
        "ts": "1439329172.000057"
    },
    {
        "text": "",
        "bot_id": "B0528KAQ5",
        "mrkdwn": true,
        "attachments": [
            {
                "fallback": "*Description:* End of Demo Paper",
                "text": "*Description:* End of Demo Paper",
                "pretext": "Card updated \"<https:\/\/trello.com\/c\/GmBLrTq5|Update References - Any books used>\"",
                "id": 1,
                "color": "8daec2",
                "mrkdwn_in": [
                    "text"
                ]
            }
        ],
        "type": "message",
        "subtype": "bot_message",
        "ts": "1439329179.000058"
    },
    {
        "text": "",
        "bot_id": "B0528KAQ5",
        "mrkdwn": true,
        "attachments": [
            {
                "fallback": "Not a priority - will close",
                "text": "Not a priority - will close",
                "pretext": "New comment on card \"<https:\/\/trello.com\/c\/5AHj8VRp|BUG: Website not displayed correctly on Safari - one vertical stack>\" by Neil Grogan",
                "id": 1,
                "color": "8daec2"
            }
        ],
        "type": "message",
        "subtype": "bot_message",
        "ts": "1439329217.000059"
    },
    {
        "text": "",
        "bot_id": "B0528KAQ5",
        "mrkdwn": true,
        "attachments": [
            {
                "fallback": "Card moved: \"<https:\/\/trello.com\/c\/5AHj8VRp|BUG: Website not displayed correctly on Safari - one vertical stack>\" from list \"Blocked\" to list \"Done\"",
                "text": "Card moved: \"<https:\/\/trello.com\/c\/5AHj8VRp|BUG: Website not displayed correctly on Safari - one vertical stack>\" from list \"Blocked\" to list \"Done\"",
                "id": 1,
                "color": "8daec2",
                "mrkdwn_in": [
                    "text"
                ]
            }
        ],
        "type": "message",
        "subtype": "bot_message",
        "ts": "1439329220.000060"
    },
    {
        "text": "",
        "bot_id": "B0528KAQ5",
        "mrkdwn": true,
        "attachments": [
            {
                "fallback": "Card moved: \"<https:\/\/trello.com\/c\/NiwpCewa|Update Icon with N icon>\" from list \"In Progress\" to list \"Done\"",
                "text": "Card moved: \"<https:\/\/trello.com\/c\/NiwpCewa|Update Icon with N icon>\" from list \"In Progress\" to list \"Done\"",
                "id": 1,
                "color": "8daec2",
                "mrkdwn_in": [
                    "text"
                ]
            }
        ],
        "type": "message",
        "subtype": "bot_message",
        "ts": "1439329244.000061"
    },
    {
        "text": "",
        "bot_id": "B0528KAQ5",
        "mrkdwn": true,
        "attachments": [
            {
                "fallback": "New member <https:\/\/trello.com\/neilgrogan|Neil Grogan> added to card \"<https:\/\/trello.com\/c\/aYr0tQSN|UX: Elicit user feedback>\"",
                "text": "New member <https:\/\/trello.com\/neilgrogan|Neil Grogan> added to card \"<https:\/\/trello.com\/c\/aYr0tQSN|UX: Elicit user feedback>\"",
                "id": 1,
                "color": "8daec2"
            }
        ],
        "type": "message",
        "subtype": "bot_message",
        "ts": "1439329259.000062"
    },
    {
        "text": "",
        "bot_id": "B0528KAQ5",
        "mrkdwn": true,
        "attachments": [
            {
                "fallback": "New member <https:\/\/trello.com\/garrydavitt|Garry Davitt> added to card \"<https:\/\/trello.com\/c\/aYr0tQSN|UX: Elicit user feedback>\"",
                "text": "New member <https:\/\/trello.com\/garrydavitt|Garry Davitt> added to card \"<https:\/\/trello.com\/c\/aYr0tQSN|UX: Elicit user feedback>\"",
                "id": 1,
                "color": "8daec2"
            }
        ],
        "type": "message",
        "subtype": "bot_message",
        "ts": "1439329259.000063"
    },
    {
        "text": "",
        "bot_id": "B0528KAQ5",
        "mrkdwn": true,
        "attachments": [
            {
                "fallback": "New member <https:\/\/trello.com\/larryoshea|Larry O'Shea> added to card \"<https:\/\/trello.com\/c\/aYr0tQSN|UX: Elicit user feedback>\"",
                "text": "New member <https:\/\/trello.com\/larryoshea|Larry O'Shea> added to card \"<https:\/\/trello.com\/c\/aYr0tQSN|UX: Elicit user feedback>\"",
                "id": 1,
                "color": "8daec2"
            }
        ],
        "type": "message",
        "subtype": "bot_message",
        "ts": "1439329260.000064"
    },
    {
        "text": "",
        "bot_id": "B0528KAQ5",
        "mrkdwn": true,
        "attachments": [
            {
                "fallback": "Card moved: \"<https:\/\/trello.com\/c\/7VdU1evI|Do Exploratory Testing - Find Bugs!>\" from list \"In Progress\" to list \"Done\"",
                "text": "Card moved: \"<https:\/\/trello.com\/c\/7VdU1evI|Do Exploratory Testing - Find Bugs!>\" from list \"In Progress\" to list \"Done\"",
                "id": 1,
                "color": "8daec2",
                "mrkdwn_in": [
                    "text"
                ]
            }
        ],
        "type": "message",
        "subtype": "bot_message",
        "ts": "1439329271.000065"
    },
    {
        "text": "",
        "bot_id": "B0528KAQ5",
        "mrkdwn": true,
        "attachments": [
            {
                "fallback": "Card moved: \"<https:\/\/trello.com\/c\/L4AbG1ge|Link UI topic selection to database>\" from list \"In Progress\" to list \"Done\"",
                "text": "Card moved: \"<https:\/\/trello.com\/c\/L4AbG1ge|Link UI topic selection to database>\" from list \"In Progress\" to list \"Done\"",
                "id": 1,
                "color": "8daec2",
                "mrkdwn_in": [
                    "text"
                ]
            }
        ],
        "type": "message",
        "subtype": "bot_message",
        "ts": "1439329280.000066"
    },
    {
        "text": "",
        "bot_id": "B0528KAQ5",
        "mrkdwn": true,
        "attachments": [
            {
                "fallback": "Card archived: \"<https:\/\/trello.com\/c\/xVTXr8ID|Store data (User preferences - Friends) in DB>\"",
                "text": "Card archived: \"<https:\/\/trello.com\/c\/xVTXr8ID|Store data (User preferences - Friends) in DB>\"",
                "id": 1,
                "color": "8daec2",
                "mrkdwn_in": [
                    "text"
                ]
            }
        ],
        "type": "message",
        "subtype": "bot_message",
        "ts": "1439329288.000067"
    },
    {
        "text": "",
        "bot_id": "B0528KAQ5",
        "mrkdwn": true,
        "attachments": [
            {
                "fallback": "Card moved: \"<https:\/\/trello.com\/c\/PcBUse5g|Add option to Admin GUI to specify what keywords are returned>\" from list \"In Progress\" to list \"Done\"",
                "text": "Card moved: \"<https:\/\/trello.com\/c\/PcBUse5g|Add option to Admin GUI to specify what keywords are returned>\" from list \"In Progress\" to list \"Done\"",
                "id": 1,
                "color": "8daec2",
                "mrkdwn_in": [
                    "text"
                ]
            }
        ],
        "type": "message",
        "subtype": "bot_message",
        "ts": "1439329298.000068"
    },
    {
        "text": "",
        "bot_id": "B0528KAQ5",
        "mrkdwn": true,
        "attachments": [
            {
                "fallback": "can this be closed off?",
                "text": "can this be closed off?",
                "pretext": "New comment on card \"<https:\/\/trello.com\/c\/iZC8WM0x|Review KW extraction to see how it could be improved>\" by Neil Grogan",
                "id": 1,
                "color": "8daec2"
            }
        ],
        "type": "message",
        "subtype": "bot_message",
        "ts": "1439329311.000069"
    },
    {
        "text": "",
        "bot_id": "B0528KAQ5",
        "mrkdwn": true,
        "attachments": [
            {
                "fallback": "New card \"<https:\/\/trello.com\/c\/kGTawJAq|Landing page newsfast bio>\" added to list \"<https:\/\/trello.com\/b\/m8682AdS|Done>\"",
                "text": "New card \"<https:\/\/trello.com\/c\/kGTawJAq|Landing page newsfast bio>\" added to list \"<https:\/\/trello.com\/b\/m8682AdS|Done>\"",
                "id": 1,
                "color": "8daec2"
            }
        ],
        "type": "message",
        "subtype": "bot_message",
        "ts": "1439329542.000070"
    },
    {
        "text": "",
        "bot_id": "B0528KAQ5",
        "mrkdwn": true,
        "attachments": [
            {
                "fallback": "New card \"<https:\/\/trello.com\/c\/Pd0MMrUK|landing page n logo>\" added to list \"<https:\/\/trello.com\/b\/m8682AdS|Done>\"",
                "text": "New card \"<https:\/\/trello.com\/c\/Pd0MMrUK|landing page n logo>\" added to list \"<https:\/\/trello.com\/b\/m8682AdS|Done>\"",
                "id": 1,
                "color": "8daec2"
            }
        ],
        "type": "message",
        "subtype": "bot_message",
        "ts": "1439329548.000071"
    },
    {
        "text": "",
        "bot_id": "B0528KAQ5",
        "mrkdwn": true,
        "attachments": [
            {
                "fallback": "New card \"<https:\/\/trello.com\/c\/fKllCpKO|landing page image for bio>\" added to list \"<https:\/\/trello.com\/b\/m8682AdS|Done>\"",
                "text": "New card \"<https:\/\/trello.com\/c\/fKllCpKO|landing page image for bio>\" added to list \"<https:\/\/trello.com\/b\/m8682AdS|Done>\"",
                "id": 1,
                "color": "8daec2"
            }
        ],
        "type": "message",
        "subtype": "bot_message",
        "ts": "1439329561.000072"
    },
    {
        "text": "",
        "bot_id": "B0528KAQ5",
        "mrkdwn": true,
        "attachments": [
            {
                "fallback": "New member <https:\/\/trello.com\/neilgrogan|Neil Grogan> added to card \"<https:\/\/trello.com\/c\/kGTawJAq|Landing page newsfast bio>\"",
                "text": "New member <https:\/\/trello.com\/neilgrogan|Neil Grogan> added to card \"<https:\/\/trello.com\/c\/kGTawJAq|Landing page newsfast bio>\"",
                "id": 1,
                "color": "8daec2"
            }
        ],
        "type": "message",
        "subtype": "bot_message",
        "ts": "1439329564.000073"
    },
    {
        "text": "",
        "bot_id": "B0528KAQ5",
        "mrkdwn": true,
        "attachments": [
            {
                "fallback": "New member <https:\/\/trello.com\/neilgrogan|Neil Grogan> added to card \"<https:\/\/trello.com\/c\/Pd0MMrUK|landing page n logo>\"",
                "text": "New member <https:\/\/trello.com\/neilgrogan|Neil Grogan> added to card \"<https:\/\/trello.com\/c\/Pd0MMrUK|landing page n logo>\"",
                "id": 1,
                "color": "8daec2"
            }
        ],
        "type": "message",
        "subtype": "bot_message",
        "ts": "1439329569.000074"
    },
    {
        "text": "",
        "bot_id": "B0528KAQ5",
        "mrkdwn": true,
        "attachments": [
            {
                "fallback": "New member <https:\/\/trello.com\/neilgrogan|Neil Grogan> added to card \"<https:\/\/trello.com\/c\/fKllCpKO|landing page image for bio>\"",
                "text": "New member <https:\/\/trello.com\/neilgrogan|Neil Grogan> added to card \"<https:\/\/trello.com\/c\/fKllCpKO|landing page image for bio>\"",
                "id": 1,
                "color": "8daec2"
            }
        ],
        "type": "message",
        "subtype": "bot_message",
        "ts": "1439329574.000075"
    }
]