[
    {
        "text": "",
        "bot_id": "B0528KAQ5",
        "mrkdwn": true,
        "attachments": [
            {
                "fallback": "Card moved: \"<https:\/\/trello.com\/c\/l0GLHUxr|Create Business Model Template>\" from list \"Sprint Backlog\" to list \"For Review\"",
                "text": "Card moved: \"<https:\/\/trello.com\/c\/l0GLHUxr|Create Business Model Template>\" from list \"Sprint Backlog\" to list \"For Review\"",
                "id": 1,
                "color": "8daec2",
                "mrkdwn_in": [
                    "text"
                ]
            }
        ],
        "type": "message",
        "subtype": "bot_message",
        "ts": "1432810603.000025"
    },
    {
        "text": "",
        "bot_id": "B0528KAQ5",
        "mrkdwn": true,
        "attachments": [
            {
                "fallback": "New member <https:\/\/trello.com\/neilgrogan|Neil Grogan> added to card \"<https:\/\/trello.com\/c\/l0GLHUxr|Create Business Model Template>\"",
                "text": "New member <https:\/\/trello.com\/neilgrogan|Neil Grogan> added to card \"<https:\/\/trello.com\/c\/l0GLHUxr|Create Business Model Template>\"",
                "id": 1,
                "color": "8daec2"
            }
        ],
        "type": "message",
        "subtype": "bot_message",
        "ts": "1432810618.000026"
    },
    {
        "text": "",
        "bot_id": "B0528KAQ5",
        "mrkdwn": true,
        "attachments": [
            {
                "fallback": "Ask Georgiana again today, she'll follow up with IT",
                "text": "Ask Georgiana again today, she'll follow up with IT",
                "pretext": "New comment on card \"<https:\/\/trello.com\/c\/rNCcIrkJ|Follow up about UCD VM>\" by Neil Grogan",
                "id": 1,
                "color": "8daec2"
            }
        ],
        "type": "message",
        "subtype": "bot_message",
        "ts": "1432815432.000027"
    },
    {
        "text": "",
        "bot_id": "B0528KAQ5",
        "mrkdwn": true,
        "attachments": [
            {
                "fallback": "Card moved: \"<https:\/\/trello.com\/c\/rNCcIrkJ|Follow up about UCD VM>\" from list \"Complete\" to list \"For Review\"",
                "text": "Card moved: \"<https:\/\/trello.com\/c\/rNCcIrkJ|Follow up about UCD VM>\" from list \"Complete\" to list \"For Review\"",
                "id": 1,
                "color": "8daec2",
                "mrkdwn_in": [
                    "text"
                ]
            }
        ],
        "type": "message",
        "subtype": "bot_message",
        "ts": "1432815438.000028"
    }
]