[
    {
        "text": "",
        "bot_id": "B0528KAQ5",
        "mrkdwn": true,
        "attachments": [
            {
                "fallback": "Card moved: \"<https:\/\/trello.com\/c\/AzGQZyGc|User Accounts: Store user credentials in DB>\" from list \"Sprint Backlog\" to list \"In progress\"",
                "text": "Card moved: \"<https:\/\/trello.com\/c\/AzGQZyGc|User Accounts: Store user credentials in DB>\" from list \"Sprint Backlog\" to list \"In progress\"",
                "id": 1,
                "color": "8daec2",
                "mrkdwn_in": [
                    "text"
                ]
            }
        ],
        "type": "message",
        "subtype": "bot_message",
        "ts": "1434560146.000004"
    },
    {
        "text": "",
        "bot_id": "B0528KAQ5",
        "mrkdwn": true,
        "attachments": [
            {
                "fallback": "Card moved: \"<https:\/\/trello.com\/c\/NUGslGrC|Python Notebook: Hacker News API>\" from list \"In progress\" to list \"Live\/Done\"",
                "text": "Card moved: \"<https:\/\/trello.com\/c\/NUGslGrC|Python Notebook: Hacker News API>\" from list \"In progress\" to list \"Live\/Done\"",
                "id": 1,
                "color": "8daec2",
                "mrkdwn_in": [
                    "text"
                ]
            }
        ],
        "type": "message",
        "subtype": "bot_message",
        "ts": "1434571341.000005"
    },
    {
        "text": "",
        "bot_id": "B0528KAQ5",
        "mrkdwn": true,
        "attachments": [
            {
                "fallback": "*Due Date:* Removed",
                "text": "*Due Date:* Removed",
                "pretext": "Card updated \"<https:\/\/trello.com\/c\/NUGslGrC|Python Notebook: Hacker News API>\"",
                "id": 1,
                "color": "8daec2",
                "mrkdwn_in": [
                    "text"
                ]
            }
        ],
        "type": "message",
        "subtype": "bot_message",
        "ts": "1434571350.000006"
    },
    {
        "text": "",
        "bot_id": "B0528KAQ5",
        "mrkdwn": true,
        "attachments": [
            {
                "fallback": "Card moved: \"<https:\/\/trello.com\/c\/mPDZ0rA8|Deliverables for Tuesday 16\/6\/2015>\" from list \"Review\/Testing\" to list \"Live\/Done\"",
                "text": "Card moved: \"<https:\/\/trello.com\/c\/mPDZ0rA8|Deliverables for Tuesday 16\/6\/2015>\" from list \"Review\/Testing\" to list \"Live\/Done\"",
                "id": 1,
                "color": "8daec2",
                "mrkdwn_in": [
                    "text"
                ]
            }
        ],
        "type": "message",
        "subtype": "bot_message",
        "ts": "1434571394.000007"
    },
    {
        "text": "",
        "bot_id": "B0528KAQ5",
        "mrkdwn": true,
        "attachments": [
            {
                "fallback": "Card moved: \"<https:\/\/trello.com\/c\/90C1gLN8|Ipython Notebooks: Do Ipython notebooks for Twitter>\" from list \"Review\/Testing\" to list \"Live\/Done\"",
                "text": "Card moved: \"<https:\/\/trello.com\/c\/90C1gLN8|Ipython Notebooks: Do Ipython notebooks for Twitter>\" from list \"Review\/Testing\" to list \"Live\/Done\"",
                "id": 1,
                "color": "8daec2",
                "mrkdwn_in": [
                    "text"
                ]
            }
        ],
        "type": "message",
        "subtype": "bot_message",
        "ts": "1434571401.000008"
    },
    {
        "text": "",
        "bot_id": "B0528KAQ5",
        "mrkdwn": true,
        "attachments": [
            {
                "fallback": "Card moved: \"<https:\/\/trello.com\/c\/CB3u6y93|Ipython Notebooks: Do Ipython notebooks for Hacker News>\" from list \"Sprint Backlog\" to list \"Live\/Done\"",
                "text": "Card moved: \"<https:\/\/trello.com\/c\/CB3u6y93|Ipython Notebooks: Do Ipython notebooks for Hacker News>\" from list \"Sprint Backlog\" to list \"Live\/Done\"",
                "id": 1,
                "color": "8daec2",
                "mrkdwn_in": [
                    "text"
                ]
            }
        ],
        "type": "message",
        "subtype": "bot_message",
        "ts": "1434571424.000009"
    },
    {
        "text": "",
        "bot_id": "B0528KAQ5",
        "mrkdwn": true,
        "attachments": [
            {
                "fallback": "Card archived: \"<https:\/\/trello.com\/c\/CB3u6y93|Ipython Notebooks: Do Ipython notebooks for Hacker News>\"",
                "text": "Card archived: \"<https:\/\/trello.com\/c\/CB3u6y93|Ipython Notebooks: Do Ipython notebooks for Hacker News>\"",
                "id": 1,
                "color": "8daec2",
                "mrkdwn_in": [
                    "text"
                ]
            }
        ],
        "type": "message",
        "subtype": "bot_message",
        "ts": "1434571426.000010"
    },
    {
        "text": "",
        "bot_id": "B0528KAQ5",
        "mrkdwn": true,
        "attachments": [
            {
                "fallback": "Card renamed from \"User Accounts: Get tokens from twitter\" to \"<https:\/\/trello.com\/c\/yQGzzxVv|User Accounts: Get tokens from twitter (Authenticate Twitter user)>\"",
                "text": "Card renamed from \"User Accounts: Get tokens from twitter\" to \"<https:\/\/trello.com\/c\/yQGzzxVv|User Accounts: Get tokens from twitter (Authenticate Twitter user)>\"",
                "id": 1,
                "color": "8daec2",
                "mrkdwn_in": [
                    "text"
                ]
            }
        ],
        "type": "message",
        "subtype": "bot_message",
        "ts": "1434577039.000011"
    },
    {
        "text": "",
        "bot_id": "B0528KAQ5",
        "mrkdwn": true,
        "attachments": [
            {
                "fallback": "Card moved: \"<https:\/\/trello.com\/c\/AzGQZyGc|User Accounts: Store user credentials in DB>\" from list \"In progress\" to list \"Sprint Backlog\"",
                "text": "Card moved: \"<https:\/\/trello.com\/c\/AzGQZyGc|User Accounts: Store user credentials in DB>\" from list \"In progress\" to list \"Sprint Backlog\"",
                "id": 1,
                "color": "8daec2",
                "mrkdwn_in": [
                    "text"
                ]
            }
        ],
        "type": "message",
        "subtype": "bot_message",
        "ts": "1434578495.000012"
    },
    {
        "text": "",
        "bot_id": "B0528KAQ5",
        "mrkdwn": true,
        "attachments": [
            {
                "fallback": "Card moved: \"<https:\/\/trello.com\/c\/nSngTxCU|Summarize Georgiana's UX Slides>\" from list \"Sprint Backlog\" to list \"In progress\"",
                "text": "Card moved: \"<https:\/\/trello.com\/c\/nSngTxCU|Summarize Georgiana's UX Slides>\" from list \"Sprint Backlog\" to list \"In progress\"",
                "id": 1,
                "color": "8daec2",
                "mrkdwn_in": [
                    "text"
                ]
            }
        ],
        "type": "message",
        "subtype": "bot_message",
        "ts": "1434583786.000013"
    },
    {
        "text": "",
        "bot_id": "B0528KAQ5",
        "mrkdwn": true,
        "attachments": [
            {
                "fallback": "Almost done with articles, will now go through the online book mentioned.",
                "text": "Almost done with articles, will now go through the online book mentioned.",
                "pretext": "New comment on card \"<https:\/\/trello.com\/c\/nSngTxCU|Summarize Georgiana's UX Slides>\" by Garry Davitt",
                "id": 1,
                "color": "8daec2"
            }
        ],
        "type": "message",
        "subtype": "bot_message",
        "ts": "1434583909.000014"
    }
]