[
    {
        "text": "",
        "bot_id": "B0528KAQ5",
        "mrkdwn": true,
        "attachments": [
            {
                "fallback": "New card \"<https:\/\/trello.com\/c\/zLluVSH6|Checklist for Tuesday 2nd June>\" added to list \"<https:\/\/trello.com\/b\/ktc3yxBd|Backlog>\"",
                "text": "New card \"<https:\/\/trello.com\/c\/zLluVSH6|Checklist for Tuesday 2nd June>\" added to list \"<https:\/\/trello.com\/b\/ktc3yxBd|Backlog>\"",
                "id": 1,
                "color": "8daec2"
            }
        ],
        "type": "message",
        "subtype": "bot_message",
        "ts": "1432743837.000002"
    },
    {
        "text": "",
        "bot_id": "B0528KAQ5",
        "mrkdwn": true,
        "attachments": [
            {
                "fallback": "New checklist \"<https:\/\/trello.com\/c\/zLluVSH6|Checklist>\" added to card \"<https:\/\/trello.com\/c\/zLluVSH6|Checklist for Tuesday 2nd June>\"",
                "text": "New checklist \"<https:\/\/trello.com\/c\/zLluVSH6|Checklist>\" added to card \"<https:\/\/trello.com\/c\/zLluVSH6|Checklist for Tuesday 2nd June>\"",
                "id": 1,
                "color": "8daec2"
            }
        ],
        "type": "message",
        "subtype": "bot_message",
        "ts": "1432743843.000003"
    },
    {
        "text": "",
        "bot_id": "B0528KAQ5",
        "mrkdwn": true,
        "attachments": [
            {
                "fallback": "New checklist item \"<https:\/\/trello.com\/c\/zLluVSH6|Have a confirmed team + project(s)>\" added to card \"<https:\/\/trello.com\/c\/zLluVSH6|Checklist for Tuesday 2nd June>\"",
                "text": "New checklist item \"<https:\/\/trello.com\/c\/zLluVSH6|Have a confirmed team + project(s)>\" added to card \"<https:\/\/trello.com\/c\/zLluVSH6|Checklist for Tuesday 2nd June>\"",
                "id": 1,
                "color": "8daec2"
            }
        ],
        "type": "message",
        "subtype": "bot_message",
        "ts": "1432743857.000004"
    },
    {
        "text": "",
        "bot_id": "B0528KAQ5",
        "mrkdwn": true,
        "attachments": [
            {
                "fallback": "New checklist item \"<https:\/\/trello.com\/c\/zLluVSH6|Use\/checkout your github team (private) repo. Action: send individual accounts to georgiana.ifrim@ucd.ie, if not done already>\" added to card \"<https:\/\/trello.com\/c\/zLluVSH6|Checklist for Tuesday 2nd June>\"",
                "text": "New checklist item \"<https:\/\/trello.com\/c\/zLluVSH6|Use\/checkout your github team (private) repo. Action: send individual accounts to georgiana.ifrim@ucd.ie, if not done already>\" added to card \"<https:\/\/trello.com\/c\/zLluVSH6|Checklist for Tuesday 2nd June>\"",
                "id": 1,
                "color": "8daec2"
            }
        ],
        "type": "message",
        "subtype": "bot_message",
        "ts": "1432743874.000005"
    },
    {
        "text": "",
        "bot_id": "B0528KAQ5",
        "mrkdwn": true,
        "attachments": [
            {
                "fallback": "New checklist item \"<https:\/\/trello.com\/c\/zLluVSH6|Use\/checkout your UCD VM server.>\" added to card \"<https:\/\/trello.com\/c\/zLluVSH6|Checklist for Tuesday 2nd June>\"",
                "text": "New checklist item \"<https:\/\/trello.com\/c\/zLluVSH6|Use\/checkout your UCD VM server.>\" added to card \"<https:\/\/trello.com\/c\/zLluVSH6|Checklist for Tuesday 2nd June>\"",
                "id": 1,
                "color": "8daec2"
            }
        ],
        "type": "message",
        "subtype": "bot_message",
        "ts": "1432743888.000006"
    },
    {
        "text": "",
        "bot_id": "B0528KAQ5",
        "mrkdwn": true,
        "attachments": [
            {
                "fallback": "New checklist item \"<https:\/\/trello.com\/c\/zLluVSH6|Have Python3 + Django installed on your local machine\/VM. To make this easier for you, I have attached a few slides with installation tips for Ubuntu and Mac OS.>\" added to card \"<https:\/\/trello.com\/c\/zLluVSH6|Checklist for Tuesday 2nd June>\"",
                "text": "New checklist item \"<https:\/\/trello.com\/c\/zLluVSH6|Have Python3 + Django installed on your local machine\/VM. To make this easier for you, I have attached a few slides with installation tips for Ubuntu and Mac OS.>\" added to card \"<https:\/\/trello.com\/c\/zLluVSH6|Checklist for Tuesday 2nd June>\"",
                "id": 1,
                "color": "8daec2"
            }
        ],
        "type": "message",
        "subtype": "bot_message",
        "ts": "1432743904.000007"
    },
    {
        "text": "",
        "bot_id": "B0528KAQ5",
        "mrkdwn": true,
        "attachments": [
            {
                "fallback": "New checklist item \"<https:\/\/trello.com\/c\/zLluVSH6|Have IDE installed (great IDE: PyCharm, free for students).>\" added to card \"<https:\/\/trello.com\/c\/zLluVSH6|Checklist for Tuesday 2nd June>\"",
                "text": "New checklist item \"<https:\/\/trello.com\/c\/zLluVSH6|Have IDE installed (great IDE: PyCharm, free for students).>\" added to card \"<https:\/\/trello.com\/c\/zLluVSH6|Checklist for Tuesday 2nd June>\"",
                "id": 1,
                "color": "8daec2"
            }
        ],
        "type": "message",
        "subtype": "bot_message",
        "ts": "1432743910.000008"
    },
    {
        "text": "",
        "bot_id": "B0528KAQ5",
        "mrkdwn": true,
        "attachments": [
            {
                "fallback": "Checklist item \"Use\/checkout your github team (private) repo. Action: send individual accounts to <mailto:georgiana.ifrim@ucd.ie|georgiana.ifrim@ucd.ie>, if not done already\" on card \"<https:\/\/trello.com\/c\/zLluVSH6|Checklist for Tuesday 2nd June>\" was completed by Neil Grogan",
                "text": "Checklist item \"Use\/checkout your github team (private) repo. Action: send individual accounts to <mailto:georgiana.ifrim@ucd.ie|georgiana.ifrim@ucd.ie>, if not done already\" on card \"<https:\/\/trello.com\/c\/zLluVSH6|Checklist for Tuesday 2nd June>\" was completed by Neil Grogan",
                "id": 1,
                "color": "8daec2"
            }
        ],
        "type": "message",
        "subtype": "bot_message",
        "ts": "1432743925.000009"
    },
    {
        "text": "",
        "bot_id": "B0528KAQ5",
        "mrkdwn": true,
        "attachments": [
            {
                "fallback": "Card moved: \"<https:\/\/trello.com\/c\/zLluVSH6|Checklist for Tuesday 2nd June>\" from list \"Backlog\" to list \"In Progress\"",
                "text": "Card moved: \"<https:\/\/trello.com\/c\/zLluVSH6|Checklist for Tuesday 2nd June>\" from list \"Backlog\" to list \"In Progress\"",
                "id": 1,
                "color": "8daec2",
                "mrkdwn_in": [
                    "text"
                ]
            }
        ],
        "type": "message",
        "subtype": "bot_message",
        "ts": "1432743930.000010"
    },
    {
        "text": "",
        "bot_id": "B0528KAQ5",
        "mrkdwn": true,
        "attachments": [
            {
                "fallback": "New member <https:\/\/trello.com\/garrydavitt|Garry Davitt> added to card \"<https:\/\/trello.com\/c\/XWbCwUa0|Get up and running with UCD github>\"",
                "text": "New member <https:\/\/trello.com\/garrydavitt|Garry Davitt> added to card \"<https:\/\/trello.com\/c\/XWbCwUa0|Get up and running with UCD github>\"",
                "id": 1,
                "color": "8daec2"
            }
        ],
        "type": "message",
        "subtype": "bot_message",
        "ts": "1432743940.000011"
    },
    {
        "text": "",
        "bot_id": "B0528KAQ5",
        "mrkdwn": true,
        "attachments": [
            {
                "fallback": "New member <https:\/\/trello.com\/kevinkennedy24|Kevin Kennedy> added to card \"<https:\/\/trello.com\/c\/XWbCwUa0|Get up and running with UCD github>\"",
                "text": "New member <https:\/\/trello.com\/kevinkennedy24|Kevin Kennedy> added to card \"<https:\/\/trello.com\/c\/XWbCwUa0|Get up and running with UCD github>\"",
                "id": 1,
                "color": "8daec2"
            }
        ],
        "type": "message",
        "subtype": "bot_message",
        "ts": "1432743942.000012"
    },
    {
        "text": "",
        "bot_id": "B0528KAQ5",
        "mrkdwn": true,
        "attachments": [
            {
                "fallback": "New member <https:\/\/trello.com\/iberdnikov|iberdnikov> added to card \"<https:\/\/trello.com\/c\/XWbCwUa0|Get up and running with UCD github>\"",
                "text": "New member <https:\/\/trello.com\/iberdnikov|iberdnikov> added to card \"<https:\/\/trello.com\/c\/XWbCwUa0|Get up and running with UCD github>\"",
                "id": 1,
                "color": "8daec2"
            }
        ],
        "type": "message",
        "subtype": "bot_message",
        "ts": "1432743945.000013"
    },
    {
        "text": "",
        "bot_id": "B0528KAQ5",
        "mrkdwn": true,
        "attachments": [
            {
                "fallback": "New member <https:\/\/trello.com\/larryoshea|Larry O'Shea> added to card \"<https:\/\/trello.com\/c\/XWbCwUa0|Get up and running with UCD github>\"",
                "text": "New member <https:\/\/trello.com\/larryoshea|Larry O'Shea> added to card \"<https:\/\/trello.com\/c\/XWbCwUa0|Get up and running with UCD github>\"",
                "id": 1,
                "color": "8daec2"
            }
        ],
        "type": "message",
        "subtype": "bot_message",
        "ts": "1432743947.000014"
    },
    {
        "text": "",
        "bot_id": "B0528KAQ5",
        "mrkdwn": true,
        "attachments": [
            {
                "fallback": "VM was working, no offline, will follow up",
                "text": "VM was working, no offline, will follow up",
                "pretext": "New comment on card \"<https:\/\/trello.com\/c\/rNCcIrkJ|Follow up about UCD VM>\" by Neil Grogan",
                "id": 1,
                "color": "8daec2"
            }
        ],
        "type": "message",
        "subtype": "bot_message",
        "ts": "1432743991.000015"
    },
    {
        "text": "",
        "bot_id": "B0528KAQ5",
        "mrkdwn": true,
        "attachments": [
            {
                "fallback": "New card \"<https:\/\/trello.com\/c\/nXmTXZwg|submit shortlist of topics to IG by Monday>\" added to list \"<https:\/\/trello.com\/b\/ktc3yxBd|Backlog>\"",
                "text": "New card \"<https:\/\/trello.com\/c\/nXmTXZwg|submit shortlist of topics to IG by Monday>\" added to list \"<https:\/\/trello.com\/b\/ktc3yxBd|Backlog>\"",
                "id": 1,
                "color": "8daec2"
            }
        ],
        "type": "message",
        "subtype": "bot_message",
        "ts": "1432744983.000016"
    },
    {
        "text": "",
        "bot_id": "B0528KAQ5",
        "mrkdwn": true,
        "attachments": [
            {
                "fallback": "New member <https:\/\/trello.com\/kevinkennedy24|Kevin Kennedy> added to card \"<https:\/\/trello.com\/c\/nXmTXZwg|submit shortlist of topics to IG by Monday>\"",
                "text": "New member <https:\/\/trello.com\/kevinkennedy24|Kevin Kennedy> added to card \"<https:\/\/trello.com\/c\/nXmTXZwg|submit shortlist of topics to IG by Monday>\"",
                "id": 1,
                "color": "8daec2"
            }
        ],
        "type": "message",
        "subtype": "bot_message",
        "ts": "1432744983.000017"
    },
    {
        "text": "",
        "bot_id": "B0528KAQ5",
        "mrkdwn": true,
        "attachments": [
            {
                "fallback": "Card renamed from \"submit shortlist of topics to IG by Monday\" to \"<https:\/\/trello.com\/c\/nXmTXZwg|submit shortlist of topics to GI by Monday>\"",
                "text": "Card renamed from \"submit shortlist of topics to IG by Monday\" to \"<https:\/\/trello.com\/c\/nXmTXZwg|submit shortlist of topics to GI by Monday>\"",
                "id": 1,
                "color": "8daec2",
                "mrkdwn_in": [
                    "text"
                ]
            }
        ],
        "type": "message",
        "subtype": "bot_message",
        "ts": "1432748540.000018"
    },
    {
        "text": "",
        "bot_id": "B0528KAQ5",
        "mrkdwn": true,
        "attachments": [
            {
                "fallback": "New member <https:\/\/trello.com\/garrydavitt|Garry Davitt> added to card \"<https:\/\/trello.com\/c\/FROHcqdQ|Use Twitter and Facebook>\"",
                "text": "New member <https:\/\/trello.com\/garrydavitt|Garry Davitt> added to card \"<https:\/\/trello.com\/c\/FROHcqdQ|Use Twitter and Facebook>\"",
                "id": 1,
                "color": "8daec2"
            }
        ],
        "type": "message",
        "subtype": "bot_message",
        "ts": "1432768942.000019"
    },
    {
        "text": "",
        "bot_id": "B0528KAQ5",
        "mrkdwn": true,
        "attachments": [
            {
                "fallback": "Card moved: \"<https:\/\/trello.com\/c\/FROHcqdQ|Use Twitter and Facebook>\" from list \"Backlog\" to list \"In Progress\"",
                "text": "Card moved: \"<https:\/\/trello.com\/c\/FROHcqdQ|Use Twitter and Facebook>\" from list \"Backlog\" to list \"In Progress\"",
                "id": 1,
                "color": "8daec2",
                "mrkdwn_in": [
                    "text"
                ]
            }
        ],
        "type": "message",
        "subtype": "bot_message",
        "ts": "1432768953.000020"
    },
    {
        "text": "",
        "bot_id": "B0528KAQ5",
        "mrkdwn": true,
        "attachments": [
            {
                "fallback": "*Due Date:* Due May 28, 2015 at 8:00pm UTC",
                "text": "*Due Date:* Due May 28, 2015 at 8:00pm UTC",
                "pretext": "Card updated \"<https:\/\/trello.com\/c\/99nqonvU|Project Meeting - Thursday 28th May>\"",
                "id": 1,
                "color": "8daec2",
                "mrkdwn_in": [
                    "text"
                ]
            }
        ],
        "type": "message",
        "subtype": "bot_message",
        "ts": "1432770917.000021"
    },
    {
        "text": "",
        "bot_id": "B0528KAQ5",
        "mrkdwn": true,
        "attachments": [
            {
                "fallback": "List moved: \"<https:\/\/trello.com\/b\/ktc3yxBd|Backlog>\" moved to board \"<https:\/\/trello.com\/b\/ktc3yxBd|MSc Project>\" from board \"MSc Project\"",
                "text": "List moved: \"<https:\/\/trello.com\/b\/ktc3yxBd|Backlog>\" moved to board \"<https:\/\/trello.com\/b\/ktc3yxBd|MSc Project>\" from board \"MSc Project\"",
                "id": 1,
                "color": "8daec2"
            }
        ],
        "type": "message",
        "subtype": "bot_message",
        "ts": "1432771593.000022"
    },
    {
        "text": "",
        "bot_id": "B0528KAQ5",
        "mrkdwn": true,
        "attachments": [
            {
                "fallback": "List renamed from \"Backlog\" to \"<https:\/\/trello.com\/b\/ktc3yxBd|Sprint Backlog>\"",
                "text": "List renamed from \"Backlog\" to \"<https:\/\/trello.com\/b\/ktc3yxBd|Sprint Backlog>\"",
                "id": 1,
                "color": "8daec2"
            }
        ],
        "type": "message",
        "subtype": "bot_message",
        "ts": "1432771593.000023"
    },
    {
        "text": "",
        "bot_id": "B0528KAQ5",
        "mrkdwn": true,
        "attachments": [
            {
                "fallback": "List moved: \"<https:\/\/trello.com\/b\/ktc3yxBd|Backlog>\" moved from board \"<https:\/\/trello.com\/b\/ktc3yxBd|MSc Project>\" to board \"MSc Project\"",
                "text": "List moved: \"<https:\/\/trello.com\/b\/ktc3yxBd|Backlog>\" moved from board \"<https:\/\/trello.com\/b\/ktc3yxBd|MSc Project>\" to board \"MSc Project\"",
                "id": 1,
                "color": "8daec2"
            }
        ],
        "type": "message",
        "subtype": "bot_message",
        "ts": "1432771593.000024"
    }
]