[
    {
        "text": "",
        "bot_id": "B0528KAQ5",
        "mrkdwn": true,
        "attachments": [
            {
                "fallback": "New card \"<https:\/\/trello.com\/c\/qEOpb66e|COMP47250-2015: Regarding business and system demo reports>\" added to list \"<https:\/\/trello.com\/b\/RUT25DlJ|Sprint Backlog>\"",
                "text": "New card \"<https:\/\/trello.com\/c\/qEOpb66e|COMP47250-2015: Regarding business and system demo reports>\" added to list \"<https:\/\/trello.com\/b\/RUT25DlJ|Sprint Backlog>\"",
                "id": 1,
                "color": "8daec2"
            }
        ],
        "type": "message",
        "subtype": "bot_message",
        "ts": "1437040184.000345"
    },
    {
        "text": "",
        "bot_id": "B0528KAQ5",
        "mrkdwn": true,
        "attachments": [
            {
                "fallback": "400x247px image",
                "image_url": "https:\/\/trello-attachments.s3.amazonaws.com\/55a77e38e20fa79494f200ec\/400x247\/bddb60c9641da258d4f543527a910325\/file_not_found.png",
                "image_width": 400,
                "image_height": 247,
                "image_bytes": 1100,
                "pretext": "New attachment added to card \"<https:\/\/trello.com\/c\/qEOpb66e|COMP47250-2015: Regarding business and system demo reports>\"",
                "title": "file_not_found.png",
                "id": 1,
                "title_link": "https:\/\/trello-attachments.s3.amazonaws.com\/55a77e38e20fa79494f200ec\/400x247\/bddb60c9641da258d4f543527a910325\/file_not_found.png",
                "color": "8daec2"
            }
        ],
        "type": "message",
        "subtype": "bot_message",
        "ts": "1437040185.000346"
    }
]