[
    {
        "text": "",
        "bot_id": "B0528KAQ5",
        "mrkdwn": true,
        "attachments": [
            {
                "fallback": "New card \"<https:\/\/trello.com\/c\/swUTL6VZ|Record minutes of Tuesday meeting this week>\" added to list \"<https:\/\/trello.com\/b\/RUT25DlJ|Sprint Backlog>\"",
                "text": "New card \"<https:\/\/trello.com\/c\/swUTL6VZ|Record minutes of Tuesday meeting this week>\" added to list \"<https:\/\/trello.com\/b\/RUT25DlJ|Sprint Backlog>\"",
                "id": 1,
                "color": "8daec2"
            }
        ],
        "type": "message",
        "subtype": "bot_message",
        "ts": "1435698192.000303"
    },
    {
        "text": "",
        "bot_id": "B0528KAQ5",
        "mrkdwn": true,
        "attachments": [
            {
                "fallback": "Some points I noted:\nFocus on doing a few things very well rather than a lot of things okay.\nSo we should start looking at taking out some feature possibly?\n\nFocus on website and do it well (not both website and mobile app)\n[Brian]Its dangerous to think we are the potential users?\n\nBrian posted some interesting twitter access stuff on moodle yesterday.\n@larryoshea @neilgrogan @iberdnikov, you all might have more to add.",
                "text": "Some points I noted:\nFocus on doing a few things very well rather than a lot of things okay.\nSo we should start looking at taking out some feature possibly?\n\nFocus on website and do it well (not both website and mobile app)\n[Brian]Its dangerous to think we are the potential users?\n\nBrian posted some interesting twitter access stuff on moodle yesterday.\n@larryoshea @neilgrogan @iberdnikov, you all might have more to add.",
                "pretext": "New comment on card \"<https:\/\/trello.com\/c\/swUTL6VZ|Record minutes of Tuesday meeting this week>\" by Garry Davitt",
                "id": 1,
                "color": "8daec2"
            }
        ],
        "type": "message",
        "subtype": "bot_message",
        "ts": "1435701427.000304"
    },
    {
        "text": "",
        "bot_id": "B0528KAQ5",
        "mrkdwn": true,
        "attachments": [
            {
                "fallback": "Card moved: \"<https:\/\/trello.com\/c\/zR0frKds|30th June Presentation>\" from list \"Review\/Testing\" to list \"Live\/Done\"",
                "text": "Card moved: \"<https:\/\/trello.com\/c\/zR0frKds|30th June Presentation>\" from list \"Review\/Testing\" to list \"Live\/Done\"",
                "id": 1,
                "color": "8daec2",
                "mrkdwn_in": [
                    "text"
                ]
            }
        ],
        "type": "message",
        "subtype": "bot_message",
        "ts": "1435703231.000305"
    }
]