[
    {
        "text": "",
        "bot_id": "B0528KAQ5",
        "mrkdwn": true,
        "attachments": [
            {
                "fallback": "New member <https:\/\/trello.com\/neilgrogan|Neil Grogan> added to card \"<https:\/\/trello.com\/c\/nXmTXZwg|submit shortlist of topics to GI by Monday>\"",
                "text": "New member <https:\/\/trello.com\/neilgrogan|Neil Grogan> added to card \"<https:\/\/trello.com\/c\/nXmTXZwg|submit shortlist of topics to GI by Monday>\"",
                "id": 1,
                "color": "8daec2"
            }
        ],
        "type": "message",
        "subtype": "bot_message",
        "ts": "1433241392.000002"
    },
    {
        "text": "",
        "bot_id": "B0528KAQ5",
        "mrkdwn": true,
        "attachments": [
            {
                "fallback": "Card moved: \"<https:\/\/trello.com\/c\/nXmTXZwg|submit shortlist of topics to GI by Monday>\" from list \"Actions\" to list \"Complete\"",
                "text": "Card moved: \"<https:\/\/trello.com\/c\/nXmTXZwg|submit shortlist of topics to GI by Monday>\" from list \"Actions\" to list \"Complete\"",
                "id": 1,
                "color": "8daec2",
                "mrkdwn_in": [
                    "text"
                ]
            }
        ],
        "type": "message",
        "subtype": "bot_message",
        "ts": "1433241397.000003"
    },
    {
        "text": "",
        "bot_id": "B0528KAQ5",
        "mrkdwn": true,
        "attachments": [
            {
                "fallback": "Card moved: \"<https:\/\/trello.com\/c\/Id1BmaHw|Investigate Deployment Options>\" from list \"Actions\" to list \"In Progress\"",
                "text": "Card moved: \"<https:\/\/trello.com\/c\/Id1BmaHw|Investigate Deployment Options>\" from list \"Actions\" to list \"In Progress\"",
                "id": 1,
                "color": "8daec2",
                "mrkdwn_in": [
                    "text"
                ]
            }
        ],
        "type": "message",
        "subtype": "bot_message",
        "ts": "1433278956.000002"
    },
    {
        "text": "",
        "bot_id": "B0528KAQ5",
        "mrkdwn": true,
        "attachments": [
            {
                "fallback": "Card moved: \"<https:\/\/trello.com\/c\/SPNI38hf|Finalize 3 Topics>\" from list \"In Progress\" to list \"Complete\"",
                "text": "Card moved: \"<https:\/\/trello.com\/c\/SPNI38hf|Finalize 3 Topics>\" from list \"In Progress\" to list \"Complete\"",
                "id": 1,
                "color": "8daec2",
                "mrkdwn_in": [
                    "text"
                ]
            }
        ],
        "type": "message",
        "subtype": "bot_message",
        "ts": "1433278960.000003"
    },
    {
        "text": "",
        "bot_id": "B0528KAQ5",
        "mrkdwn": true,
        "attachments": [
            {
                "fallback": "Card moved: \"<https:\/\/trello.com\/c\/rNCcIrkJ|Follow up about UCD VM>\" from list \"For Review\" to list \"Complete\"",
                "text": "Card moved: \"<https:\/\/trello.com\/c\/rNCcIrkJ|Follow up about UCD VM>\" from list \"For Review\" to list \"Complete\"",
                "id": 1,
                "color": "8daec2",
                "mrkdwn_in": [
                    "text"
                ]
            }
        ],
        "type": "message",
        "subtype": "bot_message",
        "ts": "1433278965.000004"
    },
    {
        "text": "",
        "bot_id": "B0528KAQ5",
        "mrkdwn": true,
        "attachments": [
            {
                "fallback": "Card moved: \"<https:\/\/trello.com\/c\/l0GLHUxr|Create Business Model Template>\" from list \"For Review\" to list \"Complete\"",
                "text": "Card moved: \"<https:\/\/trello.com\/c\/l0GLHUxr|Create Business Model Template>\" from list \"For Review\" to list \"Complete\"",
                "id": 1,
                "color": "8daec2",
                "mrkdwn_in": [
                    "text"
                ]
            }
        ],
        "type": "message",
        "subtype": "bot_message",
        "ts": "1433278971.000005"
    },
    {
        "text": "",
        "bot_id": "B0528KAQ5",
        "mrkdwn": true,
        "attachments": [
            {
                "fallback": "Checklist item \"Use\/checkout your UCD VM server.\" on card \"<https:\/\/trello.com\/c\/zLluVSH6|Checklist for Tuesday 2nd June>\" was completed by Neil Grogan",
                "text": "Checklist item \"Use\/checkout your UCD VM server.\" on card \"<https:\/\/trello.com\/c\/zLluVSH6|Checklist for Tuesday 2nd June>\" was completed by Neil Grogan",
                "id": 1,
                "color": "8daec2"
            }
        ],
        "type": "message",
        "subtype": "bot_message",
        "ts": "1433278981.000006"
    },
    {
        "text": "",
        "bot_id": "B0528KAQ5",
        "mrkdwn": true,
        "attachments": [
            {
                "fallback": "Checklist item \"Have Python3 + Django installed on your local machine\/VM. To make this easier for you, I have attached a few slides with installation tips for Ubuntu and Mac OS.\" on card \"<https:\/\/trello.com\/c\/zLluVSH6|Checklist for Tuesday 2nd June>\" was completed by Neil Grogan",
                "text": "Checklist item \"Have Python3 + Django installed on your local machine\/VM. To make this easier for you, I have attached a few slides with installation tips for Ubuntu and Mac OS.\" on card \"<https:\/\/trello.com\/c\/zLluVSH6|Checklist for Tuesday 2nd June>\" was completed by Neil Grogan",
                "id": 1,
                "color": "8daec2"
            }
        ],
        "type": "message",
        "subtype": "bot_message",
        "ts": "1433278985.000007"
    },
    {
        "text": "",
        "bot_id": "B0528KAQ5",
        "mrkdwn": true,
        "attachments": [
            {
                "fallback": "Checklist item \"Have IDE installed (great IDE: PyCharm, free for students).\" on card \"<https:\/\/trello.com\/c\/zLluVSH6|Checklist for Tuesday 2nd June>\" was completed by Neil Grogan",
                "text": "Checklist item \"Have IDE installed (great IDE: PyCharm, free for students).\" on card \"<https:\/\/trello.com\/c\/zLluVSH6|Checklist for Tuesday 2nd June>\" was completed by Neil Grogan",
                "id": 1,
                "color": "8daec2"
            }
        ],
        "type": "message",
        "subtype": "bot_message",
        "ts": "1433278986.000008"
    },
    {
        "text": "",
        "bot_id": "B0528KAQ5",
        "mrkdwn": true,
        "attachments": [
            {
                "fallback": "Checklist item \"Have a confirmed team + project(s)\" on card \"<https:\/\/trello.com\/c\/zLluVSH6|Checklist for Tuesday 2nd June>\" was completed by Neil Grogan",
                "text": "Checklist item \"Have a confirmed team + project(s)\" on card \"<https:\/\/trello.com\/c\/zLluVSH6|Checklist for Tuesday 2nd June>\" was completed by Neil Grogan",
                "id": 1,
                "color": "8daec2"
            }
        ],
        "type": "message",
        "subtype": "bot_message",
        "ts": "1433278987.000009"
    },
    {
        "text": "",
        "bot_id": "B0528KAQ5",
        "mrkdwn": true,
        "attachments": [
            {
                "fallback": "Card moved: \"<https:\/\/trello.com\/c\/zLluVSH6|Checklist for Tuesday 2nd June>\" from list \"In Progress\" to list \"Complete\"",
                "text": "Card moved: \"<https:\/\/trello.com\/c\/zLluVSH6|Checklist for Tuesday 2nd June>\" from list \"In Progress\" to list \"Complete\"",
                "id": 1,
                "color": "8daec2",
                "mrkdwn_in": [
                    "text"
                ]
            }
        ],
        "type": "message",
        "subtype": "bot_message",
        "ts": "1433278993.000010"
    },
    {
        "text": "",
        "bot_id": "B0528KAQ5",
        "mrkdwn": true,
        "attachments": [
            {
                "fallback": "Card moved: \"<https:\/\/trello.com\/c\/XWbCwUa0|Get up and running with UCD github>\" from list \"In Progress\" to list \"Complete\"",
                "text": "Card moved: \"<https:\/\/trello.com\/c\/XWbCwUa0|Get up and running with UCD github>\" from list \"In Progress\" to list \"Complete\"",
                "id": 1,
                "color": "8daec2",
                "mrkdwn_in": [
                    "text"
                ]
            }
        ],
        "type": "message",
        "subtype": "bot_message",
        "ts": "1433279002.000011"
    }
]