[
    {
        "text": "",
        "bot_id": "B0528KAQ5",
        "mrkdwn": true,
        "attachments": [
            {
                "fallback": "Card moved: \"<https:\/\/trello.com\/c\/QQga4eeF|Ipython Notebooks: Do Ipython notebooks for Reddit\/Yelp>\" from list \"Sprint Backlog\" to list \"In progress\"",
                "text": "Card moved: \"<https:\/\/trello.com\/c\/QQga4eeF|Ipython Notebooks: Do Ipython notebooks for Reddit\/Yelp>\" from list \"Sprint Backlog\" to list \"In progress\"",
                "id": 1,
                "color": "8daec2",
                "mrkdwn_in": [
                    "text"
                ]
            }
        ],
        "type": "message",
        "subtype": "bot_message",
        "ts": "1434615095.000015"
    },
    {
        "text": "",
        "bot_id": "B0528KAQ5",
        "mrkdwn": true,
        "attachments": [
            {
                "fallback": "New member <https:\/\/trello.com\/neilgrogan|Neil Grogan> added to card \"<https:\/\/trello.com\/c\/QQga4eeF|Ipython Notebooks: Do Ipython notebooks for Reddit\/Yelp>\"",
                "text": "New member <https:\/\/trello.com\/neilgrogan|Neil Grogan> added to card \"<https:\/\/trello.com\/c\/QQga4eeF|Ipython Notebooks: Do Ipython notebooks for Reddit\/Yelp>\"",
                "id": 1,
                "color": "8daec2"
            }
        ],
        "type": "message",
        "subtype": "bot_message",
        "ts": "1434615099.000016"
    },
    {
        "text": "",
        "bot_id": "B0528KAQ5",
        "mrkdwn": true,
        "attachments": [
            {
                "fallback": "New card \"<https:\/\/trello.com\/c\/5uCzfFc5|Do an iPython Notebook for Yelp>\" added to list \"<https:\/\/trello.com\/b\/RUT25DlJ|In progress>\"",
                "text": "New card \"<https:\/\/trello.com\/c\/5uCzfFc5|Do an iPython Notebook for Yelp>\" added to list \"<https:\/\/trello.com\/b\/RUT25DlJ|In progress>\"",
                "id": 1,
                "color": "8daec2"
            }
        ],
        "type": "message",
        "subtype": "bot_message",
        "ts": "1434648626.000017"
    },
    {
        "text": "",
        "bot_id": "B0528KAQ5",
        "mrkdwn": true,
        "attachments": [
            {
                "fallback": "Card renamed from \"Ipython Notebooks: Do Ipython notebooks for Reddit\/Yelp\" to \"<https:\/\/trello.com\/c\/QQga4eeF|Ipython Notebooks: Do Ipython notebook for Reddit>\"",
                "text": "Card renamed from \"Ipython Notebooks: Do Ipython notebooks for Reddit\/Yelp\" to \"<https:\/\/trello.com\/c\/QQga4eeF|Ipython Notebooks: Do Ipython notebook for Reddit>\"",
                "id": 1,
                "color": "8daec2",
                "mrkdwn_in": [
                    "text"
                ]
            }
        ],
        "type": "message",
        "subtype": "bot_message",
        "ts": "1434648645.000018"
    },
    {
        "text": "",
        "bot_id": "B0528KAQ5",
        "mrkdwn": true,
        "attachments": [
            {
                "fallback": "*Labels:* Do Ipython notebooks for API's",
                "text": "*Labels:* Do Ipython notebooks for API's",
                "pretext": "Label \"Do Ipython notebooks for API's\" added to card \"<https:\/\/trello.com\/c\/5uCzfFc5|Do an iPython Notebook for Yelp>\"",
                "id": 1,
                "color": "8daec2",
                "mrkdwn_in": [
                    "text"
                ]
            }
        ],
        "type": "message",
        "subtype": "bot_message",
        "ts": "1434648660.000019"
    },
    {
        "text": "",
        "bot_id": "B0528KAQ5",
        "mrkdwn": true,
        "attachments": [
            {
                "fallback": "New member <https:\/\/trello.com\/neilgrogan|Neil Grogan> added to card \"<https:\/\/trello.com\/c\/5uCzfFc5|Do an iPython Notebook for Yelp>\"",
                "text": "New member <https:\/\/trello.com\/neilgrogan|Neil Grogan> added to card \"<https:\/\/trello.com\/c\/5uCzfFc5|Do an iPython Notebook for Yelp>\"",
                "id": 1,
                "color": "8daec2"
            }
        ],
        "type": "message",
        "subtype": "bot_message",
        "ts": "1434648666.000020"
    },
    {
        "text": "",
        "bot_id": "B0528KAQ5",
        "mrkdwn": true,
        "attachments": [
            {
                "fallback": "Card moved: \"<https:\/\/trello.com\/c\/QQga4eeF|Ipython Notebooks: Do Ipython notebook for Reddit>\" from list \"In progress\" to list \"Live\/Done\"",
                "text": "Card moved: \"<https:\/\/trello.com\/c\/QQga4eeF|Ipython Notebooks: Do Ipython notebook for Reddit>\" from list \"In progress\" to list \"Live\/Done\"",
                "id": 1,
                "color": "8daec2",
                "mrkdwn_in": [
                    "text"
                ]
            }
        ],
        "type": "message",
        "subtype": "bot_message",
        "ts": "1434651412.000021"
    },
    {
        "text": "",
        "bot_id": "B0528KAQ5",
        "mrkdwn": true,
        "attachments": [
            {
                "fallback": "Card moved: \"<https:\/\/trello.com\/c\/nSngTxCU|Summarize Georgiana's UX Slides>\" from list \"In progress\" to list \"Live\/Done\"",
                "text": "Card moved: \"<https:\/\/trello.com\/c\/nSngTxCU|Summarize Georgiana's UX Slides>\" from list \"In progress\" to list \"Live\/Done\"",
                "id": 1,
                "color": "8daec2",
                "mrkdwn_in": [
                    "text"
                ]
            }
        ],
        "type": "message",
        "subtype": "bot_message",
        "ts": "1434655251.000022"
    },
    {
        "text": "",
        "bot_id": "B0528KAQ5",
        "mrkdwn": true,
        "attachments": [
            {
                "fallback": "@iberdnikov : we are reviewing this tonight right?",
                "text": "@iberdnikov : we are reviewing this tonight right?",
                "pretext": "New comment on card \"<https:\/\/trello.com\/c\/V42z1rFq|Analysis Review: RSS Feed processing architecture>\" by Neil Grogan",
                "id": 1,
                "color": "8daec2"
            }
        ],
        "type": "message",
        "subtype": "bot_message",
        "ts": "1434655880.000023"
    },
    {
        "text": "",
        "bot_id": "B0528KAQ5",
        "mrkdwn": true,
        "attachments": [
            {
                "fallback": "@neilgrogan yes, if it's possible, I'd like to try WhiteBoard, the link <http:\/\/webwhiteboard.com#yf8nrf89>",
                "text": "@neilgrogan yes, if it's possible, I'd like to try WhiteBoard, the link <http:\/\/webwhiteboard.com#yf8nrf89>",
                "pretext": "New comment on card \"<https:\/\/trello.com\/c\/V42z1rFq|Analysis Review: RSS Feed processing architecture>\" by iberdnikov",
                "id": 1,
                "color": "8daec2"
            }
        ],
        "type": "message",
        "subtype": "bot_message",
        "ts": "1434656925.000024"
    },
    {
        "text": "",
        "bot_id": "B0528KAQ5",
        "mrkdwn": true,
        "attachments": [
            {
                "fallback": "@iberdnikov I can see it alright",
                "text": "@iberdnikov I can see it alright",
                "pretext": "New comment on card \"<https:\/\/trello.com\/c\/V42z1rFq|Analysis Review: RSS Feed processing architecture>\" by Neil Grogan",
                "id": 1,
                "color": "8daec2"
            }
        ],
        "type": "message",
        "subtype": "bot_message",
        "ts": "1434657710.000025"
    }
]