[
    {
        "text": "",
        "bot_id": "B0528KAQ5",
        "mrkdwn": true,
        "attachments": [
            {
                "fallback": "New card \"<https:\/\/trello.com\/c\/YwoGfyUZ|Get Selenium tests running in docker>\" added to list \"<https:\/\/trello.com\/b\/RUT25DlJ|Sprint Backlog>\"",
                "text": "New card \"<https:\/\/trello.com\/c\/YwoGfyUZ|Get Selenium tests running in docker>\" added to list \"<https:\/\/trello.com\/b\/RUT25DlJ|Sprint Backlog>\"",
                "id": 1,
                "color": "8daec2"
            }
        ],
        "type": "message",
        "subtype": "bot_message",
        "ts": "1435047466.000131"
    },
    {
        "text": "",
        "bot_id": "B0528KAQ5",
        "mrkdwn": true,
        "attachments": [
            {
                "fallback": "*Labels:* Project Deliverables",
                "text": "*Labels:* Project Deliverables",
                "pretext": "Label \"Project Deliverables\" added to card \"<https:\/\/trello.com\/c\/YwoGfyUZ|Get Selenium tests running in docker>\"",
                "id": 1,
                "color": "8daec2",
                "mrkdwn_in": [
                    "text"
                ]
            }
        ],
        "type": "message",
        "subtype": "bot_message",
        "ts": "1435047476.000132"
    },
    {
        "text": "",
        "bot_id": "B0528KAQ5",
        "mrkdwn": true,
        "attachments": [
            {
                "fallback": "*Labels:* Project Deliverables and Infrastructure",
                "text": "*Labels:* Project Deliverables and Infrastructure",
                "pretext": "Label \"Infrastructure\" added to card \"<https:\/\/trello.com\/c\/YwoGfyUZ|Get Selenium tests running in docker>\"",
                "id": 1,
                "color": "8daec2",
                "mrkdwn_in": [
                    "text"
                ]
            }
        ],
        "type": "message",
        "subtype": "bot_message",
        "ts": "1435047495.000133"
    },
    {
        "text": "",
        "bot_id": "B0528KAQ5",
        "mrkdwn": true,
        "attachments": [
            {
                "fallback": "*Labels:* Infrastructure",
                "text": "*Labels:* Infrastructure",
                "pretext": "Label \"Project Deliverables\" removed from card \"<https:\/\/trello.com\/c\/YwoGfyUZ|Get Selenium tests running in docker>\"",
                "id": 1,
                "color": "8daec2",
                "mrkdwn_in": [
                    "text"
                ]
            }
        ],
        "type": "message",
        "subtype": "bot_message",
        "ts": "1435047503.000134"
    },
    {
        "text": "",
        "bot_id": "B0528KAQ5",
        "mrkdwn": true,
        "attachments": [
            {
                "fallback": "@garrydavitt I can take this off of you, allowing you to concentrate on UX?",
                "text": "@garrydavitt I can take this off of you, allowing you to concentrate on UX?",
                "pretext": "New comment on card \"<https:\/\/trello.com\/c\/XYuDdJsq|Ipython Notebooks: Do Ipython notebooks for Facebook>\" by Neil Grogan",
                "id": 1,
                "color": "8daec2"
            }
        ],
        "type": "message",
        "subtype": "bot_message",
        "ts": "1435047556.000135"
    },
    {
        "text": "",
        "bot_id": "B0528KAQ5",
        "mrkdwn": true,
        "attachments": [
            {
                "fallback": "I can take this, allowing you to concentrate on UX",
                "text": "I can take this, allowing you to concentrate on UX",
                "pretext": "New comment on card \"<https:\/\/trello.com\/c\/iwlqef5R|Ipython Notebooks: Do Ipython notebooks for Youtube>\" by Neil Grogan",
                "id": 1,
                "color": "8daec2"
            }
        ],
        "type": "message",
        "subtype": "bot_message",
        "ts": "1435047583.000136"
    },
    {
        "text": "",
        "bot_id": "B0528KAQ5",
        "mrkdwn": true,
        "attachments": [
            {
                "fallback": "New card \"<https:\/\/trello.com\/c\/e1xWxSi1|Start Inquiring about testing with other team>\" added to list \"<https:\/\/trello.com\/b\/RUT25DlJ|Sprint Backlog>\"",
                "text": "New card \"<https:\/\/trello.com\/c\/e1xWxSi1|Start Inquiring about testing with other team>\" added to list \"<https:\/\/trello.com\/b\/RUT25DlJ|Sprint Backlog>\"",
                "id": 1,
                "color": "8daec2"
            }
        ],
        "type": "message",
        "subtype": "bot_message",
        "ts": "1435092053.000137"
    },
    {
        "text": "",
        "bot_id": "B0528KAQ5",
        "mrkdwn": true,
        "attachments": [
            {
                "fallback": "*Labels:* Store a Users\u2019 Clicked Articles",
                "text": "*Labels:* Store a Users\u2019 Clicked Articles",
                "pretext": "Label \"Store a Users\u2019 Clicked Articles\" added to card \"<https:\/\/trello.com\/c\/e1xWxSi1|Start Inquiring about testing with other team>\"",
                "id": 1,
                "color": "8daec2",
                "mrkdwn_in": [
                    "text"
                ]
            }
        ],
        "type": "message",
        "subtype": "bot_message",
        "ts": "1435092068.000138"
    },
    {
        "text": "",
        "bot_id": "B0528KAQ5",
        "mrkdwn": true,
        "attachments": [
            {
                "fallback": "*Labels:* Test and Store a Users\u2019 Clicked Articles",
                "text": "*Labels:* Test and Store a Users\u2019 Clicked Articles",
                "pretext": "Label \"Test\" added to card \"<https:\/\/trello.com\/c\/e1xWxSi1|Start Inquiring about testing with other team>\"",
                "id": 1,
                "color": "8daec2",
                "mrkdwn_in": [
                    "text"
                ]
            }
        ],
        "type": "message",
        "subtype": "bot_message",
        "ts": "1435092069.000139"
    },
    {
        "text": "",
        "bot_id": "B0528KAQ5",
        "mrkdwn": true,
        "attachments": [
            {
                "fallback": "*Labels:* Test",
                "text": "*Labels:* Test",
                "pretext": "Label \"Store a Users\u2019 Clicked Articles\" removed from card \"<https:\/\/trello.com\/c\/e1xWxSi1|Start Inquiring about testing with other team>\"",
                "id": 1,
                "color": "8daec2",
                "mrkdwn_in": [
                    "text"
                ]
            }
        ],
        "type": "message",
        "subtype": "bot_message",
        "ts": "1435092071.000140"
    },
    {
        "text": "",
        "bot_id": "B0528KAQ5",
        "mrkdwn": true,
        "attachments": [
            {
                "fallback": "New member <https:\/\/trello.com\/kevinkennedy24|Kevin Kennedy> added to card \"<https:\/\/trello.com\/c\/e1xWxSi1|Start Inquiring about testing with other team>\"",
                "text": "New member <https:\/\/trello.com\/kevinkennedy24|Kevin Kennedy> added to card \"<https:\/\/trello.com\/c\/e1xWxSi1|Start Inquiring about testing with other team>\"",
                "id": 1,
                "color": "8daec2"
            }
        ],
        "type": "message",
        "subtype": "bot_message",
        "ts": "1435092115.000141"
    },
    {
        "text": "",
        "bot_id": "B0528KAQ5",
        "mrkdwn": true,
        "attachments": [
            {
                "fallback": "Card renamed from \"Start Inquiring about testing with other team\" to \"<https:\/\/trello.com\/c\/e1xWxSi1|Start Inquiring about testing with team Burdgundy>\"",
                "text": "Card renamed from \"Start Inquiring about testing with other team\" to \"<https:\/\/trello.com\/c\/e1xWxSi1|Start Inquiring about testing with team Burdgundy>\"",
                "id": 1,
                "color": "8daec2",
                "mrkdwn_in": [
                    "text"
                ]
            }
        ],
        "type": "message",
        "subtype": "bot_message",
        "ts": "1435092140.000142"
    },
    {
        "text": "",
        "bot_id": "B0528KAQ5",
        "mrkdwn": true,
        "attachments": [
            {
                "fallback": "Card renamed from \"Start Inquiring about testing with team Burdgundy\" to \"<https:\/\/trello.com\/c\/e1xWxSi1|Start Inquiring about testing with team Burgundy>\"",
                "text": "Card renamed from \"Start Inquiring about testing with team Burdgundy\" to \"<https:\/\/trello.com\/c\/e1xWxSi1|Start Inquiring about testing with team Burgundy>\"",
                "id": 1,
                "color": "8daec2",
                "mrkdwn_in": [
                    "text"
                ]
            }
        ],
        "type": "message",
        "subtype": "bot_message",
        "ts": "1435092163.000143"
    },
    {
        "text": "",
        "bot_id": "B0528KAQ5",
        "mrkdwn": true,
        "attachments": [
            {
                "fallback": "@neilgrogan Looks interesting - bootcards",
                "text": "@neilgrogan Looks interesting - bootcards",
                "pretext": "New comment on card \"<https:\/\/trello.com\/c\/Tfdh3ZMj|UX: Choose HTML toolkit(spike)>\" by Larry O'Shea",
                "id": 1,
                "color": "8daec2"
            }
        ],
        "type": "message",
        "subtype": "bot_message",
        "ts": "1435098726.000144"
    },
    {
        "text": "",
        "bot_id": "B0528KAQ5",
        "mrkdwn": true,
        "attachments": [
            {
                "fallback": "Post on bootstrap and Angular <https:\/\/scotch.io\/tutorials\/how-to-correctly-use-bootstrapjs-and-angularjs-together>",
                "text": "Post on bootstrap and Angular <https:\/\/scotch.io\/tutorials\/how-to-correctly-use-bootstrapjs-and-angularjs-together>",
                "pretext": "New comment on card \"<https:\/\/trello.com\/c\/QAcMogbl|UX: Choose JS toolkit (spike)>\" by Larry O'Shea",
                "id": 1,
                "color": "8daec2"
            }
        ],
        "type": "message",
        "subtype": "bot_message",
        "ts": "1435098907.000145"
    }
]