[
    {
        "text": "",
        "bot_id": "B0528KAQ5",
        "mrkdwn": true,
        "attachments": [
            {
                "fallback": "New card \"<https:\/\/trello.com\/c\/zz0aWdM4|Re: Online session (for PT students) on Friday June 11 1-2pm>\" added to list \"<https:\/\/trello.com\/b\/RUT25DlJ|Sprint Backlog>\"",
                "text": "New card \"<https:\/\/trello.com\/c\/zz0aWdM4|Re: Online session (for PT students) on Friday June 11 1-2pm>\" added to list \"<https:\/\/trello.com\/b\/RUT25DlJ|Sprint Backlog>\"",
                "id": 1,
                "color": "8daec2"
            }
        ],
        "type": "message",
        "subtype": "bot_message",
        "ts": "1436878168.000339"
    },
    {
        "text": "",
        "bot_id": "B0528KAQ5",
        "mrkdwn": true,
        "attachments": [
            {
                "fallback": "400x247px image",
                "image_url": "https:\/\/trello-attachments.s3.amazonaws.com\/55a505580f5e19f929b0b839\/400x247\/ad942e1f95defb6d4ae63d5f0c816e5c\/file_not_found.png",
                "image_width": 400,
                "image_height": 247,
                "image_bytes": 1100,
                "pretext": "New attachment added to card \"<https:\/\/trello.com\/c\/zz0aWdM4|Re: Online session (for PT students) on Friday June 11 1-2pm>\"",
                "title": "file_not_found.png",
                "id": 1,
                "title_link": "https:\/\/trello-attachments.s3.amazonaws.com\/55a505580f5e19f929b0b839\/400x247\/ad942e1f95defb6d4ae63d5f0c816e5c\/file_not_found.png",
                "color": "8daec2"
            }
        ],
        "type": "message",
        "subtype": "bot_message",
        "ts": "1436878170.000340"
    },
    {
        "text": "",
        "bot_id": "B0528KAQ5",
        "mrkdwn": true,
        "attachments": [
            {
                "fallback": "New card \"<https:\/\/trello.com\/c\/6iEOMkxu|Black Team Product update>\" added to list \"<https:\/\/trello.com\/b\/RUT25DlJ|Sprint Backlog>\"",
                "text": "New card \"<https:\/\/trello.com\/c\/6iEOMkxu|Black Team Product update>\" added to list \"<https:\/\/trello.com\/b\/RUT25DlJ|Sprint Backlog>\"",
                "id": 1,
                "color": "8daec2"
            }
        ],
        "type": "message",
        "subtype": "bot_message",
        "ts": "1436878171.000341"
    },
    {
        "text": "",
        "bot_id": "B0528KAQ5",
        "mrkdwn": true,
        "attachments": [
            {
                "fallback": "400x247px image",
                "image_url": "https:\/\/trello-attachments.s3.amazonaws.com\/55a5055a885f6b8fc666ec36\/400x247\/b5032ab97d07c442376835790b94823a\/file_not_found.png",
                "image_width": 400,
                "image_height": 247,
                "image_bytes": 1100,
                "pretext": "New attachment added to card \"<https:\/\/trello.com\/c\/6iEOMkxu|Black Team Product update>\"",
                "title": "file_not_found.png",
                "id": 1,
                "title_link": "https:\/\/trello-attachments.s3.amazonaws.com\/55a5055a885f6b8fc666ec36\/400x247\/b5032ab97d07c442376835790b94823a\/file_not_found.png",
                "color": "8daec2"
            }
        ],
        "type": "message",
        "subtype": "bot_message",
        "ts": "1436878173.000342"
    },
    {
        "text": "",
        "bot_id": "B0528KAQ5",
        "mrkdwn": true,
        "attachments": [
            {
                "fallback": "New card \"<https:\/\/trello.com\/c\/PNxbXKDY|[Slack] UCD MSC PROJ updates for the week of July 6th 2015>\" added to list \"<https:\/\/trello.com\/b\/RUT25DlJ|Sprint Backlog>\"",
                "text": "New card \"<https:\/\/trello.com\/c\/PNxbXKDY|[Slack] UCD MSC PROJ updates for the week of July 6th 2015>\" added to list \"<https:\/\/trello.com\/b\/RUT25DlJ|Sprint Backlog>\"",
                "id": 1,
                "color": "8daec2"
            }
        ],
        "type": "message",
        "subtype": "bot_message",
        "ts": "1436878173.000343"
    },
    {
        "text": "",
        "bot_id": "B0528KAQ5",
        "mrkdwn": true,
        "attachments": [
            {
                "fallback": "400x247px image",
                "image_url": "https:\/\/trello-attachments.s3.amazonaws.com\/55a5055da681f80125e411de\/400x247\/74c3560fcb4cbc6e6339361ed84df54c\/file_not_found.png",
                "image_width": 400,
                "image_height": 247,
                "image_bytes": 1100,
                "pretext": "New attachment added to card \"<https:\/\/trello.com\/c\/PNxbXKDY|[Slack] UCD MSC PROJ updates for the week of July 6th 2015>\"",
                "title": "file_not_found.png",
                "id": 1,
                "title_link": "https:\/\/trello-attachments.s3.amazonaws.com\/55a5055da681f80125e411de\/400x247\/74c3560fcb4cbc6e6339361ed84df54c\/file_not_found.png",
                "color": "8daec2"
            }
        ],
        "type": "message",
        "subtype": "bot_message",
        "ts": "1436878175.000344"
    }
]