[
    {
        "text": "",
        "bot_id": "B0528KAQ5",
        "mrkdwn": true,
        "attachments": [
            {
                "fallback": "Card renamed from \"UX: Put HTML toolkit in place\" to \"<https:\/\/trello.com\/c\/ZFqQzbZ7|UX: Initial home page navigation and container in place>\"",
                "text": "Card renamed from \"UX: Put HTML toolkit in place\" to \"<https:\/\/trello.com\/c\/ZFqQzbZ7|UX: Initial home page navigation and container in place>\"",
                "id": 1,
                "color": "8daec2",
                "mrkdwn_in": [
                    "text"
                ]
            }
        ],
        "type": "message",
        "subtype": "bot_message",
        "ts": "1435569066.000296"
    },
    {
        "text": "",
        "bot_id": "B0528KAQ5",
        "mrkdwn": true,
        "attachments": [
            {
                "fallback": "Card moved: \"<https:\/\/trello.com\/c\/ZFqQzbZ7|UX: Initial home page navigation and container in place>\" from list \"In progress\" to list \"Live\/Done\"",
                "text": "Card moved: \"<https:\/\/trello.com\/c\/ZFqQzbZ7|UX: Initial home page navigation and container in place>\" from list \"In progress\" to list \"Live\/Done\"",
                "id": 1,
                "color": "8daec2",
                "mrkdwn_in": [
                    "text"
                ]
            }
        ],
        "type": "message",
        "subtype": "bot_message",
        "ts": "1435569085.000297"
    },
    {
        "text": "",
        "bot_id": "B0528KAQ5",
        "mrkdwn": true,
        "attachments": [
            {
                "fallback": "New card \"<https:\/\/trello.com\/c\/2JLqwwfs|COMP47250-2015: Re: Presentation Schedule &amp; Template>\" added to list \"<https:\/\/trello.com\/b\/RUT25DlJ|Sprint Backlog>\"",
                "text": "New card \"<https:\/\/trello.com\/c\/2JLqwwfs|COMP47250-2015: Re: Presentation Schedule &amp; Template>\" added to list \"<https:\/\/trello.com\/b\/RUT25DlJ|Sprint Backlog>\"",
                "id": 1,
                "color": "8daec2"
            }
        ],
        "type": "message",
        "subtype": "bot_message",
        "ts": "1435590222.000298"
    },
    {
        "text": "",
        "bot_id": "B0528KAQ5",
        "mrkdwn": true,
        "attachments": [
            {
                "fallback": "400x247px image",
                "image_url": "https:\/\/trello-attachments.s3.amazonaws.com\/55915e4d56bca437213dbb80\/400x247\/5d858f0ef3464258dbf7abca022a26cd\/file_not_found.png",
                "image_width": 400,
                "image_height": 247,
                "image_bytes": 1100,
                "pretext": "New attachment added to card \"<https:\/\/trello.com\/c\/2JLqwwfs|COMP47250-2015: Re: Presentation Schedule &amp; Template>\"",
                "title": "file_not_found.png",
                "id": 1,
                "title_link": "https:\/\/trello-attachments.s3.amazonaws.com\/55915e4d56bca437213dbb80\/400x247\/5d858f0ef3464258dbf7abca022a26cd\/file_not_found.png",
                "color": "8daec2"
            }
        ],
        "type": "message",
        "subtype": "bot_message",
        "ts": "1435590224.000299"
    },
    {
        "text": "",
        "bot_id": "B0528KAQ5",
        "mrkdwn": true,
        "attachments": [
            {
                "fallback": "Card archived: \"<https:\/\/trello.com\/c\/2JLqwwfs|COMP47250-2015: Re: Presentation Schedule &amp; Template>\"",
                "text": "Card archived: \"<https:\/\/trello.com\/c\/2JLqwwfs|COMP47250-2015: Re: Presentation Schedule &amp; Template>\"",
                "id": 1,
                "color": "8daec2",
                "mrkdwn_in": [
                    "text"
                ]
            }
        ],
        "type": "message",
        "subtype": "bot_message",
        "ts": "1435590637.000300"
    },
    {
        "text": "",
        "bot_id": "B0528KAQ5",
        "mrkdwn": true,
        "attachments": [
            {
                "fallback": "Card moved: \"<https:\/\/trello.com\/c\/RCda14IA|UX: put icon set in place>\" from list \"In progress\" to list \"Live\/Done\"",
                "text": "Card moved: \"<https:\/\/trello.com\/c\/RCda14IA|UX: put icon set in place>\" from list \"In progress\" to list \"Live\/Done\"",
                "id": 1,
                "color": "8daec2",
                "mrkdwn_in": [
                    "text"
                ]
            }
        ],
        "type": "message",
        "subtype": "bot_message",
        "ts": "1435590822.000301"
    },
    {
        "text": "",
        "bot_id": "B0528KAQ5",
        "mrkdwn": true,
        "attachments": [
            {
                "fallback": "<http:\/\/fortawesome.github.io\/Font-Awesome\/examples\/> added and newspaper icon added to navbar",
                "text": "<http:\/\/fortawesome.github.io\/Font-Awesome\/examples\/> added and newspaper icon added to navbar",
                "pretext": "New comment on card \"<https:\/\/trello.com\/c\/RCda14IA|UX: put icon set in place>\" by Garry Davitt",
                "id": 1,
                "color": "8daec2"
            }
        ],
        "type": "message",
        "subtype": "bot_message",
        "ts": "1435590867.000302"
    }
]