[
    {
        "text": "",
        "bot_id": "B0528KAQ5",
        "mrkdwn": true,
        "attachments": [
            {
                "fallback": "Card moved: \"<https:\/\/trello.com\/c\/fDIiGeTH|DB Model of Article: Store articles in the database>\" from list \"In progress\" to list \"Live\/Done\"",
                "text": "Card moved: \"<https:\/\/trello.com\/c\/fDIiGeTH|DB Model of Article: Store articles in the database>\" from list \"In progress\" to list \"Live\/Done\"",
                "id": 1,
                "color": "8daec2",
                "mrkdwn_in": [
                    "text"
                ]
            }
        ],
        "type": "message",
        "subtype": "bot_message",
        "ts": "1435778875.000306"
    },
    {
        "text": "",
        "bot_id": "B0528KAQ5",
        "mrkdwn": true,
        "attachments": [
            {
                "fallback": "Card moved: \"<https:\/\/trello.com\/c\/G2jYG6A1|NLP Extract Keywords\/Topics: Associate keywords with articles>\" from list \"Sprint Backlog\" to list \"In progress\"",
                "text": "Card moved: \"<https:\/\/trello.com\/c\/G2jYG6A1|NLP Extract Keywords\/Topics: Associate keywords with articles>\" from list \"Sprint Backlog\" to list \"In progress\"",
                "id": 1,
                "color": "8daec2",
                "mrkdwn_in": [
                    "text"
                ]
            }
        ],
        "type": "message",
        "subtype": "bot_message",
        "ts": "1435778951.000307"
    },
    {
        "text": "",
        "bot_id": "B0528KAQ5",
        "mrkdwn": true,
        "attachments": [
            {
                "fallback": "Card moved: \"<https:\/\/trello.com\/c\/rUl7HeqT|BUG: If you login from 2 browsers you get 2 duplicate entries in the User Profile table>\" from list \"Sprint Backlog\" to list \"In progress\"",
                "text": "Card moved: \"<https:\/\/trello.com\/c\/rUl7HeqT|BUG: If you login from 2 browsers you get 2 duplicate entries in the User Profile table>\" from list \"Sprint Backlog\" to list \"In progress\"",
                "id": 1,
                "color": "8daec2",
                "mrkdwn_in": [
                    "text"
                ]
            }
        ],
        "type": "message",
        "subtype": "bot_message",
        "ts": "1435778951.000308"
    },
    {
        "text": "",
        "bot_id": "B0528KAQ5",
        "mrkdwn": true,
        "attachments": [
            {
                "fallback": "Card moved: \"<https:\/\/trello.com\/c\/WPj4efUV|Update Business Model Canvas>\" from list \"Sprint Backlog\" to list \"In progress\"",
                "text": "Card moved: \"<https:\/\/trello.com\/c\/WPj4efUV|Update Business Model Canvas>\" from list \"Sprint Backlog\" to list \"In progress\"",
                "id": 1,
                "color": "8daec2",
                "mrkdwn_in": [
                    "text"
                ]
            }
        ],
        "type": "message",
        "subtype": "bot_message",
        "ts": "1435778951.000309"
    },
    {
        "text": "",
        "bot_id": "B0528KAQ5",
        "mrkdwn": true,
        "attachments": [
            {
                "fallback": "Card moved: \"<https:\/\/trello.com\/c\/MwhMtxlB|Discussion on building Brand>\" from list \"Sprint Backlog\" to list \"In progress\"",
                "text": "Card moved: \"<https:\/\/trello.com\/c\/MwhMtxlB|Discussion on building Brand>\" from list \"Sprint Backlog\" to list \"In progress\"",
                "id": 1,
                "color": "8daec2",
                "mrkdwn_in": [
                    "text"
                ]
            }
        ],
        "type": "message",
        "subtype": "bot_message",
        "ts": "1435778951.000310"
    },
    {
        "text": "",
        "bot_id": "B0528KAQ5",
        "mrkdwn": true,
        "attachments": [
            {
                "fallback": "Card moved: \"<https:\/\/trello.com\/c\/feB7TfjM|NLP Extract Keywords\/Topics: Generate a list of articles based on keywords>\" from list \"Sprint Backlog\" to list \"In progress\"",
                "text": "Card moved: \"<https:\/\/trello.com\/c\/feB7TfjM|NLP Extract Keywords\/Topics: Generate a list of articles based on keywords>\" from list \"Sprint Backlog\" to list \"In progress\"",
                "id": 1,
                "color": "8daec2",
                "mrkdwn_in": [
                    "text"
                ]
            }
        ],
        "type": "message",
        "subtype": "bot_message",
        "ts": "1435778951.000311"
    },
    {
        "text": "",
        "bot_id": "B0528KAQ5",
        "mrkdwn": true,
        "attachments": [
            {
                "fallback": "Card moved: \"<https:\/\/trello.com\/c\/sSEz2l9a|Confirm brand name- already a similarish \"news fast app\">\" from list \"Sprint Backlog\" to list \"In progress\"",
                "text": "Card moved: \"<https:\/\/trello.com\/c\/sSEz2l9a|Confirm brand name- already a similarish \"news fast app\">\" from list \"Sprint Backlog\" to list \"In progress\"",
                "id": 1,
                "color": "8daec2",
                "mrkdwn_in": [
                    "text"
                ]
            }
        ],
        "type": "message",
        "subtype": "bot_message",
        "ts": "1435778952.000312"
    },
    {
        "text": "",
        "bot_id": "B0528KAQ5",
        "mrkdwn": true,
        "attachments": [
            {
                "fallback": "Card moved: \"<https:\/\/trello.com\/c\/ugixMf4i|Crete Twitter bot for project>\" from list \"Sprint Backlog\" to list \"In progress\"",
                "text": "Card moved: \"<https:\/\/trello.com\/c\/ugixMf4i|Crete Twitter bot for project>\" from list \"Sprint Backlog\" to list \"In progress\"",
                "id": 1,
                "color": "8daec2",
                "mrkdwn_in": [
                    "text"
                ]
            }
        ],
        "type": "message",
        "subtype": "bot_message",
        "ts": "1435778952.000313"
    },
    {
        "text": "",
        "bot_id": "B0528KAQ5",
        "mrkdwn": true,
        "attachments": [
            {
                "fallback": "Card moved: \"<https:\/\/trello.com\/c\/MLPtheOV|Store data (User preferences - Tweet topics) in DB>\" from list \"Sprint Backlog\" to list \"In progress\"",
                "text": "Card moved: \"<https:\/\/trello.com\/c\/MLPtheOV|Store data (User preferences - Tweet topics) in DB>\" from list \"Sprint Backlog\" to list \"In progress\"",
                "id": 1,
                "color": "8daec2",
                "mrkdwn_in": [
                    "text"
                ]
            }
        ],
        "type": "message",
        "subtype": "bot_message",
        "ts": "1435778952.000314"
    },
    {
        "text": "",
        "bot_id": "B0528KAQ5",
        "mrkdwn": true,
        "attachments": [
            {
                "fallback": "Card moved: \"<https:\/\/trello.com\/c\/uJYNofyD|Create Twitter account for project>\" from list \"Sprint Backlog\" to list \"In progress\"",
                "text": "Card moved: \"<https:\/\/trello.com\/c\/uJYNofyD|Create Twitter account for project>\" from list \"Sprint Backlog\" to list \"In progress\"",
                "id": 1,
                "color": "8daec2",
                "mrkdwn_in": [
                    "text"
                ]
            }
        ],
        "type": "message",
        "subtype": "bot_message",
        "ts": "1435778952.000315"
    },
    {
        "text": "",
        "bot_id": "B0528KAQ5",
        "mrkdwn": true,
        "attachments": [
            {
                "fallback": "Card moved: \"<https:\/\/trello.com\/c\/swUTL6VZ|Record minutes of Tuesday meeting this week>\" from list \"Sprint Backlog\" to list \"In progress\"",
                "text": "Card moved: \"<https:\/\/trello.com\/c\/swUTL6VZ|Record minutes of Tuesday meeting this week>\" from list \"Sprint Backlog\" to list \"In progress\"",
                "id": 1,
                "color": "8daec2",
                "mrkdwn_in": [
                    "text"
                ]
            }
        ],
        "type": "message",
        "subtype": "bot_message",
        "ts": "1435778952.000316"
    },
    {
        "text": "",
        "bot_id": "B0528KAQ5",
        "mrkdwn": true,
        "attachments": [
            {
                "fallback": "Card moved: \"<https:\/\/trello.com\/c\/dKdBgfru|Record minutes of Sunday meeting this week>\" from list \"Sprint Backlog\" to list \"In progress\"",
                "text": "Card moved: \"<https:\/\/trello.com\/c\/dKdBgfru|Record minutes of Sunday meeting this week>\" from list \"Sprint Backlog\" to list \"In progress\"",
                "id": 1,
                "color": "8daec2",
                "mrkdwn_in": [
                    "text"
                ]
            }
        ],
        "type": "message",
        "subtype": "bot_message",
        "ts": "1435778952.000317"
    },
    {
        "text": "",
        "bot_id": "B0528KAQ5",
        "mrkdwn": true,
        "attachments": [
            {
                "fallback": "Card moved: \"<https:\/\/trello.com\/c\/3wYfws6k|DB Model of Article: Create a django model for article>\" from list \"Review\/Testing\" to list \"Live\/Done\"",
                "text": "Card moved: \"<https:\/\/trello.com\/c\/3wYfws6k|DB Model of Article: Create a django model for article>\" from list \"Review\/Testing\" to list \"Live\/Done\"",
                "id": 1,
                "color": "8daec2",
                "mrkdwn_in": [
                    "text"
                ]
            }
        ],
        "type": "message",
        "subtype": "bot_message",
        "ts": "1435778962.000318"
    }
]