[
    {
        "text": "",
        "bot_id": "B0528KAQ5",
        "mrkdwn": true,
        "attachments": [
            {
                "fallback": "New card \"<https:\/\/trello.com\/c\/k6G23hYz|Record minutes of Thursday meeting this week>\" added to list \"<https:\/\/trello.com\/b\/RUT25DlJ|Sprint Backlog>\"",
                "text": "New card \"<https:\/\/trello.com\/c\/k6G23hYz|Record minutes of Thursday meeting this week>\" added to list \"<https:\/\/trello.com\/b\/RUT25DlJ|Sprint Backlog>\"",
                "id": 1,
                "color": "8daec2"
            }
        ],
        "type": "message",
        "subtype": "bot_message",
        "ts": "1435871212.000319"
    },
    {
        "type": "message",
        "subtype": "file_share",
        "text": "<@U04U63G46|igor.berdnikov> uploaded a file: <https:\/\/ucdproj.slack.com\/files\/igor.berdnikov\/F0756TSTF\/machine_learning_-_tom_mitchell.pdf|Machine Learning - Tom Mitchell.pdf> and commented: Bayes ",
        "file": {
            "id": "F0756TSTF",
            "created": 1435871666,
            "timestamp": 1435871666,
            "name": "Machine Learning - Tom Mitchell.pdf",
            "title": "Machine Learning - Tom Mitchell.pdf",
            "mimetype": "application\/pdf",
            "filetype": "pdf",
            "pretty_type": "PDF",
            "user": "U04U63G46",
            "editable": false,
            "size": 38797365,
            "mode": "hosted",
            "is_external": false,
            "external_type": "",
            "is_public": true,
            "public_url_shared": false,
            "display_as_bot": false,
            "username": "",
            "url": "https:\/\/slack-files.com\/files-pub\/T04UQLQPK-F0756TSTF-5ecff8e0a1\/machine_learning_-_tom_mitchell.pdf",
            "url_download": "https:\/\/slack-files.com\/files-pub\/T04UQLQPK-F0756TSTF-5ecff8e0a1\/download\/machine_learning_-_tom_mitchell.pdf",
            "url_private": "https:\/\/files.slack.com\/files-pri\/T04UQLQPK-F0756TSTF\/machine_learning_-_tom_mitchell.pdf",
            "url_private_download": "https:\/\/files.slack.com\/files-pri\/T04UQLQPK-F0756TSTF\/download\/machine_learning_-_tom_mitchell.pdf",
            "permalink": "https:\/\/ucdproj.slack.com\/files\/igor.berdnikov\/F0756TSTF\/machine_learning_-_tom_mitchell.pdf",
            "permalink_public": "https:\/\/slack-files.com\/T04UQLQPK-F0756TSTF-5ecff8e0a1",
            "channels": [
                "C051LUURW"
            ],
            "groups": [],
            "ims": [],
            "comments_count": 1,
            "initial_comment": {
                "id": "Fc0756RHDZ",
                "created": 1435871676,
                "timestamp": 1435871676,
                "user": "U04U63G46",
                "comment": "Bayes "
            }
        },
        "user": "U04U63G46",
        "upload": true,
        "display_as_bot": false,
        "username": "<@U04U63G46|igor.berdnikov>",
        "bot_id": null,
        "ts": "1435871675.000320"
    }
]