[
    {
        "text": "",
        "bot_id": "B0528KAQ5",
        "mrkdwn": true,
        "attachments": [
            {
                "fallback": "List archived: \"<https:\/\/trello.com\/b\/ktc3yxBd|Blocked>\"",
                "text": "List archived: \"<https:\/\/trello.com\/b\/ktc3yxBd|Blocked>\"",
                "id": 1,
                "color": "8daec2"
            }
        ],
        "type": "message",
        "subtype": "bot_message",
        "ts": "1433178281.000002"
    },
    {
        "text": "",
        "bot_id": "B0528KAQ5",
        "mrkdwn": true,
        "attachments": [
            {
                "fallback": "List archived: \"<https:\/\/trello.com\/b\/ktc3yxBd|Backlog>\"",
                "text": "List archived: \"<https:\/\/trello.com\/b\/ktc3yxBd|Backlog>\"",
                "id": 1,
                "color": "8daec2"
            }
        ],
        "type": "message",
        "subtype": "bot_message",
        "ts": "1433178284.000003"
    },
    {
        "text": "",
        "bot_id": "B0528KAQ5",
        "mrkdwn": true,
        "attachments": [
            {
                "fallback": "List renamed from \"Sprint Backlog\" to \"<https:\/\/trello.com\/b\/ktc3yxBd|Actions>\"",
                "text": "List renamed from \"Sprint Backlog\" to \"<https:\/\/trello.com\/b\/ktc3yxBd|Actions>\"",
                "id": 1,
                "color": "8daec2"
            }
        ],
        "type": "message",
        "subtype": "bot_message",
        "ts": "1433178294.000004"
    }
]