[
    {
        "text": "",
        "bot_id": "B0528KAQ5",
        "mrkdwn": true,
        "attachments": [
            {
                "fallback": "Card moved: \"<https:\/\/trello.com\/c\/SPNI38hf|Finalize 3 Topics>\" from list \"Sprint Backlog\" to list \"In Progress\"",
                "text": "Card moved: \"<https:\/\/trello.com\/c\/SPNI38hf|Finalize 3 Topics>\" from list \"Sprint Backlog\" to list \"In Progress\"",
                "id": 1,
                "color": "8daec2",
                "mrkdwn_in": [
                    "text"
                ]
            }
        ],
        "type": "message",
        "subtype": "bot_message",
        "ts": "1432988938.184352"
    },
    {
        "text": "",
        "bot_id": "B0528KAQ5",
        "mrkdwn": true,
        "attachments": [
            {
                "fallback": "Card moved: \"<https:\/\/trello.com\/c\/99nqonvU|Project Meeting - Thursday 28th May>\" from list \"Sprint Backlog\" to list \"Complete\"",
                "text": "Card moved: \"<https:\/\/trello.com\/c\/99nqonvU|Project Meeting - Thursday 28th May>\" from list \"Sprint Backlog\" to list \"Complete\"",
                "id": 1,
                "color": "8daec2",
                "mrkdwn_in": [
                    "text"
                ]
            }
        ],
        "type": "message",
        "subtype": "bot_message",
        "ts": "1432988954.184441"
    }
]