[
    {
        "text": "",
        "bot_id": "B0528KAQ5",
        "mrkdwn": true,
        "attachments": [
            {
                "fallback": "Card moved: \"<https:\/\/trello.com\/c\/WPj4efUV|Update Business Model Canvas first draft>\" from list \"In Progress\" to list \"Done\"",
                "text": "Card moved: \"<https:\/\/trello.com\/c\/WPj4efUV|Update Business Model Canvas first draft>\" from list \"In Progress\" to list \"Done\"",
                "id": 1,
                "color": "8daec2",
                "mrkdwn_in": [
                    "text"
                ]
            }
        ],
        "type": "message",
        "subtype": "bot_message",
        "ts": "1438803368.000004"
    },
    {
        "text": "",
        "bot_id": "B0528KAQ5",
        "mrkdwn": true,
        "attachments": [
            {
                "fallback": "Card moved: \"<https:\/\/trello.com\/c\/1uu4LdXt|Demo Paper: Section 3 First Draft (Technical Solution)>\" from list \"Sprint 3 Spillover\" to list \"Done\"",
                "text": "Card moved: \"<https:\/\/trello.com\/c\/1uu4LdXt|Demo Paper: Section 3 First Draft (Technical Solution)>\" from list \"Sprint 3 Spillover\" to list \"Done\"",
                "id": 1,
                "color": "8daec2",
                "mrkdwn_in": [
                    "text"
                ]
            }
        ],
        "type": "message",
        "subtype": "bot_message",
        "ts": "1438803407.000005"
    },
    {
        "text": "",
        "bot_id": "B0528KAQ5",
        "mrkdwn": true,
        "attachments": [
            {
                "fallback": "Card moved: \"<https:\/\/trello.com\/c\/oJmtycSZ|Demo Paper: Section 6 First Draft (Reflections)>\" from list \"Sprint 3 Spillover\" to list \"Done\"",
                "text": "Card moved: \"<https:\/\/trello.com\/c\/oJmtycSZ|Demo Paper: Section 6 First Draft (Reflections)>\" from list \"Sprint 3 Spillover\" to list \"Done\"",
                "id": 1,
                "color": "8daec2",
                "mrkdwn_in": [
                    "text"
                ]
            }
        ],
        "type": "message",
        "subtype": "bot_message",
        "ts": "1438803412.000006"
    },
    {
        "text": "",
        "bot_id": "B0528KAQ5",
        "mrkdwn": true,
        "attachments": [
            {
                "fallback": "Card moved: \"<https:\/\/trello.com\/c\/kBf17uRl|Demo Paper: Section 7 First Draft (References)>\" from list \"Sprint 3 Spillover\" to list \"Done\"",
                "text": "Card moved: \"<https:\/\/trello.com\/c\/kBf17uRl|Demo Paper: Section 7 First Draft (References)>\" from list \"Sprint 3 Spillover\" to list \"Done\"",
                "id": 1,
                "color": "8daec2",
                "mrkdwn_in": [
                    "text"
                ]
            }
        ],
        "type": "message",
        "subtype": "bot_message",
        "ts": "1438803418.000007"
    },
    {
        "text": "",
        "bot_id": "B0528KAQ5",
        "mrkdwn": true,
        "attachments": [
            {
                "fallback": "Card moved: \"<https:\/\/trello.com\/c\/IUZXMGhQ|Demo Paper: Section 4 First Draft (Integration of Technologies)>\" from list \"Sprint 3 Spillover\" to list \"Done\"",
                "text": "Card moved: \"<https:\/\/trello.com\/c\/IUZXMGhQ|Demo Paper: Section 4 First Draft (Integration of Technologies)>\" from list \"Sprint 3 Spillover\" to list \"Done\"",
                "id": 1,
                "color": "8daec2",
                "mrkdwn_in": [
                    "text"
                ]
            }
        ],
        "type": "message",
        "subtype": "bot_message",
        "ts": "1438803422.000008"
    },
    {
        "text": "",
        "bot_id": "B0528KAQ5",
        "mrkdwn": true,
        "attachments": [
            {
                "fallback": "Card moved: \"<https:\/\/trello.com\/c\/bH5knlUb|Mockup classification algorithm based on bayes>\" from list \"In Progress\" to list \"Done\"",
                "text": "Card moved: \"<https:\/\/trello.com\/c\/bH5knlUb|Mockup classification algorithm based on bayes>\" from list \"In Progress\" to list \"Done\"",
                "id": 1,
                "color": "8daec2",
                "mrkdwn_in": [
                    "text"
                ]
            }
        ],
        "type": "message",
        "subtype": "bot_message",
        "ts": "1438803431.000009"
    },
    {
        "text": "",
        "bot_id": "B0528KAQ5",
        "mrkdwn": true,
        "attachments": [
            {
                "fallback": "Card moved: \"<https:\/\/trello.com\/c\/XFxemiGx|Record minutes of Sunday meeting this week>\" from list \"Sprint 3 Spillover\" to list \"Done\"",
                "text": "Card moved: \"<https:\/\/trello.com\/c\/XFxemiGx|Record minutes of Sunday meeting this week>\" from list \"Sprint 3 Spillover\" to list \"Done\"",
                "id": 1,
                "color": "8daec2",
                "mrkdwn_in": [
                    "text"
                ]
            }
        ],
        "type": "message",
        "subtype": "bot_message",
        "ts": "1438803440.000010"
    },
    {
        "text": "",
        "bot_id": "B0528KAQ5",
        "mrkdwn": true,
        "attachments": [
            {
                "fallback": "New card \"<https:\/\/trello.com\/c\/1LMBsiTW|BUG: Ranking scores are different depending on whether article match by RSS feed or by saving topics.>\" added to list \"<https:\/\/trello.com\/b\/m8682AdS|Sprint Backlog>\"",
                "text": "New card \"<https:\/\/trello.com\/c\/1LMBsiTW|BUG: Ranking scores are different depending on whether article match by RSS feed or by saving topics.>\" added to list \"<https:\/\/trello.com\/b\/m8682AdS|Sprint Backlog>\"",
                "id": 1,
                "color": "8daec2"
            }
        ],
        "type": "message",
        "subtype": "bot_message",
        "ts": "1438817261.000011"
    },
    {
        "text": "",
        "bot_id": "B0528KAQ5",
        "mrkdwn": true,
        "attachments": [
            {
                "fallback": "*Labels:* Bug",
                "text": "*Labels:* Bug",
                "pretext": "Label \"Bug\" added to card \"<https:\/\/trello.com\/c\/1LMBsiTW|BUG: Ranking scores are different depending on whether article match by RSS feed or by saving topics.>\"",
                "id": 1,
                "color": "8daec2",
                "mrkdwn_in": [
                    "text"
                ]
            }
        ],
        "type": "message",
        "subtype": "bot_message",
        "ts": "1438817266.000012"
    }
]