[
    {
        "text": "",
        "bot_id": "B0528KAQ5",
        "mrkdwn": true,
        "attachments": [
            {
                "fallback": "New card \"<https:\/\/trello.com\/c\/rBU9JVGB|Link on overlay broke>\" added to list \"<https:\/\/trello.com\/b\/m8682AdS|Sprint Backlog>\"",
                "text": "New card \"<https:\/\/trello.com\/c\/rBU9JVGB|Link on overlay broke>\" added to list \"<https:\/\/trello.com\/b\/m8682AdS|Sprint Backlog>\"",
                "id": 1,
                "color": "8daec2"
            }
        ],
        "type": "message",
        "subtype": "bot_message",
        "ts": "1439489682.000079"
    },
    {
        "text": "",
        "bot_id": "B0528KAQ5",
        "mrkdwn": true,
        "attachments": [
            {
                "fallback": "New member <https:\/\/trello.com\/garrydavitt|Garry Davitt> added to card \"<https:\/\/trello.com\/c\/rBU9JVGB|Link on overlay broke>\"",
                "text": "New member <https:\/\/trello.com\/garrydavitt|Garry Davitt> added to card \"<https:\/\/trello.com\/c\/rBU9JVGB|Link on overlay broke>\"",
                "id": 1,
                "color": "8daec2"
            }
        ],
        "type": "message",
        "subtype": "bot_message",
        "ts": "1439489694.000080"
    },
    {
        "text": "",
        "bot_id": "B0528KAQ5",
        "mrkdwn": true,
        "attachments": [
            {
                "fallback": "*Labels:* Bug",
                "text": "*Labels:* Bug",
                "pretext": "Label \"Bug\" added to card \"<https:\/\/trello.com\/c\/rBU9JVGB|Link on overlay broke>\"",
                "id": 1,
                "color": "8daec2",
                "mrkdwn_in": [
                    "text"
                ]
            }
        ],
        "type": "message",
        "subtype": "bot_message",
        "ts": "1439489699.000081"
    },
    {
        "text": "",
        "bot_id": "B0528KAQ5",
        "mrkdwn": true,
        "attachments": [
            {
                "fallback": "New card \"<https:\/\/trello.com\/c\/ZC2GWQBf|Invisible links on overlay>\" added to list \"<https:\/\/trello.com\/b\/m8682AdS|Sprint Backlog>\"",
                "text": "New card \"<https:\/\/trello.com\/c\/ZC2GWQBf|Invisible links on overlay>\" added to list \"<https:\/\/trello.com\/b\/m8682AdS|Sprint Backlog>\"",
                "id": 1,
                "color": "8daec2"
            }
        ],
        "type": "message",
        "subtype": "bot_message",
        "ts": "1439489719.000082"
    },
    {
        "text": "",
        "bot_id": "B0528KAQ5",
        "mrkdwn": true,
        "attachments": [
            {
                "fallback": "New member <https:\/\/trello.com\/garrydavitt|Garry Davitt> added to card \"<https:\/\/trello.com\/c\/ZC2GWQBf|Invisible links on overlay>\"",
                "text": "New member <https:\/\/trello.com\/garrydavitt|Garry Davitt> added to card \"<https:\/\/trello.com\/c\/ZC2GWQBf|Invisible links on overlay>\"",
                "id": 1,
                "color": "8daec2"
            }
        ],
        "type": "message",
        "subtype": "bot_message",
        "ts": "1439489726.000083"
    },
    {
        "text": "",
        "bot_id": "B0528KAQ5",
        "mrkdwn": true,
        "attachments": [
            {
                "fallback": "*Labels:* Bug",
                "text": "*Labels:* Bug",
                "pretext": "Label \"Bug\" added to card \"<https:\/\/trello.com\/c\/ZC2GWQBf|Invisible links on overlay>\"",
                "id": 1,
                "color": "8daec2",
                "mrkdwn_in": [
                    "text"
                ]
            }
        ],
        "type": "message",
        "subtype": "bot_message",
        "ts": "1439489730.000084"
    },
    {
        "text": "",
        "bot_id": "B0528KAQ5",
        "mrkdwn": true,
        "attachments": [
            {
                "fallback": "New member <https:\/\/trello.com\/garrydavitt|Garry Davitt> added to card \"<https:\/\/trello.com\/c\/rBU9JVGB|Link on overlay broke>\"",
                "text": "New member <https:\/\/trello.com\/garrydavitt|Garry Davitt> added to card \"<https:\/\/trello.com\/c\/rBU9JVGB|Link on overlay broke>\"",
                "id": 1,
                "color": "8daec2"
            }
        ],
        "type": "message",
        "subtype": "bot_message",
        "ts": "1439489737.000085"
    },
    {
        "text": "",
        "bot_id": "B0528KAQ5",
        "mrkdwn": true,
        "attachments": [
            {
                "fallback": "New card \"<https:\/\/trello.com\/c\/CTNc9iRZ|Icons on mobile Navbar not aligned right>\" added to list \"<https:\/\/trello.com\/b\/m8682AdS|Sprint Backlog>\"",
                "text": "New card \"<https:\/\/trello.com\/c\/CTNc9iRZ|Icons on mobile Navbar not aligned right>\" added to list \"<https:\/\/trello.com\/b\/m8682AdS|Sprint Backlog>\"",
                "id": 1,
                "color": "8daec2"
            }
        ],
        "type": "message",
        "subtype": "bot_message",
        "ts": "1439489780.000086"
    },
    {
        "text": "",
        "bot_id": "B0528KAQ5",
        "mrkdwn": true,
        "attachments": [
            {
                "fallback": "*Labels:* Bug",
                "text": "*Labels:* Bug",
                "pretext": "Label \"Bug\" added to card \"<https:\/\/trello.com\/c\/CTNc9iRZ|Icons on mobile Navbar not aligned right>\"",
                "id": 1,
                "color": "8daec2",
                "mrkdwn_in": [
                    "text"
                ]
            }
        ],
        "type": "message",
        "subtype": "bot_message",
        "ts": "1439489783.000087"
    },
    {
        "text": "",
        "bot_id": "B0528KAQ5",
        "mrkdwn": true,
        "attachments": [
            {
                "fallback": "New member <https:\/\/trello.com\/garrydavitt|Garry Davitt> added to card \"<https:\/\/trello.com\/c\/CTNc9iRZ|Icons on mobile Navbar not aligned right>\"",
                "text": "New member <https:\/\/trello.com\/garrydavitt|Garry Davitt> added to card \"<https:\/\/trello.com\/c\/CTNc9iRZ|Icons on mobile Navbar not aligned right>\"",
                "id": 1,
                "color": "8daec2"
            }
        ],
        "type": "message",
        "subtype": "bot_message",
        "ts": "1439489788.000088"
    },
    {
        "text": "",
        "bot_id": "B0528KAQ5",
        "mrkdwn": true,
        "attachments": [
            {
                "fallback": "New card \"<https:\/\/trello.com\/c\/lzqlPubB|Fix landing page on mobile>\" added to list \"<https:\/\/trello.com\/b\/m8682AdS|Sprint Backlog>\"",
                "text": "New card \"<https:\/\/trello.com\/c\/lzqlPubB|Fix landing page on mobile>\" added to list \"<https:\/\/trello.com\/b\/m8682AdS|Sprint Backlog>\"",
                "id": 1,
                "color": "8daec2"
            }
        ],
        "type": "message",
        "subtype": "bot_message",
        "ts": "1439489841.000089"
    },
    {
        "text": "",
        "bot_id": "B0528KAQ5",
        "mrkdwn": true,
        "attachments": [
            {
                "fallback": "New member <https:\/\/trello.com\/garrydavitt|Garry Davitt> added to card \"<https:\/\/trello.com\/c\/lzqlPubB|Fix landing page on mobile>\"",
                "text": "New member <https:\/\/trello.com\/garrydavitt|Garry Davitt> added to card \"<https:\/\/trello.com\/c\/lzqlPubB|Fix landing page on mobile>\"",
                "id": 1,
                "color": "8daec2"
            }
        ],
        "type": "message",
        "subtype": "bot_message",
        "ts": "1439489845.000090"
    },
    {
        "text": "",
        "bot_id": "B0528KAQ5",
        "mrkdwn": true,
        "attachments": [
            {
                "fallback": "*Labels:* Bug",
                "text": "*Labels:* Bug",
                "pretext": "Label \"Bug\" added to card \"<https:\/\/trello.com\/c\/lzqlPubB|Fix landing page on mobile>\"",
                "id": 1,
                "color": "8daec2",
                "mrkdwn_in": [
                    "text"
                ]
            }
        ],
        "type": "message",
        "subtype": "bot_message",
        "ts": "1439489850.000091"
    },
    {
        "text": "",
        "bot_id": "B0528KAQ5",
        "mrkdwn": true,
        "attachments": [
            {
                "fallback": "New card \"<https:\/\/trello.com\/c\/TkTqPN1w|Overlay text missing from bottom and image not full size>\" added to list \"<https:\/\/trello.com\/b\/m8682AdS|Sprint Backlog>\"",
                "text": "New card \"<https:\/\/trello.com\/c\/TkTqPN1w|Overlay text missing from bottom and image not full size>\" added to list \"<https:\/\/trello.com\/b\/m8682AdS|Sprint Backlog>\"",
                "id": 1,
                "color": "8daec2"
            }
        ],
        "type": "message",
        "subtype": "bot_message",
        "ts": "1439489896.000092"
    },
    {
        "text": "",
        "bot_id": "B0528KAQ5",
        "mrkdwn": true,
        "attachments": [
            {
                "fallback": "New member <https:\/\/trello.com\/garrydavitt|Garry Davitt> added to card \"<https:\/\/trello.com\/c\/TkTqPN1w|Overlay text missing from bottom and image not full size>\"",
                "text": "New member <https:\/\/trello.com\/garrydavitt|Garry Davitt> added to card \"<https:\/\/trello.com\/c\/TkTqPN1w|Overlay text missing from bottom and image not full size>\"",
                "id": 1,
                "color": "8daec2"
            }
        ],
        "type": "message",
        "subtype": "bot_message",
        "ts": "1439489908.000093"
    },
    {
        "text": "",
        "bot_id": "B0528KAQ5",
        "mrkdwn": true,
        "attachments": [
            {
                "fallback": "*Labels:* Bug",
                "text": "*Labels:* Bug",
                "pretext": "Label \"Bug\" added to card \"<https:\/\/trello.com\/c\/TkTqPN1w|Overlay text missing from bottom and image not full size>\"",
                "id": 1,
                "color": "8daec2",
                "mrkdwn_in": [
                    "text"
                ]
            }
        ],
        "type": "message",
        "subtype": "bot_message",
        "ts": "1439489908.000094"
    },
    {
        "text": "",
        "bot_id": "B0528KAQ5",
        "mrkdwn": true,
        "attachments": [
            {
                "fallback": "Card moved: \"<https:\/\/trello.com\/c\/rBU9JVGB|Link on overlay broke>\" from list \"Sprint Backlog\" to list \"Done\"",
                "text": "Card moved: \"<https:\/\/trello.com\/c\/rBU9JVGB|Link on overlay broke>\" from list \"Sprint Backlog\" to list \"Done\"",
                "id": 1,
                "color": "8daec2",
                "mrkdwn_in": [
                    "text"
                ]
            }
        ],
        "type": "message",
        "subtype": "bot_message",
        "ts": "1439490272.000095"
    },
    {
        "text": "",
        "bot_id": "B0528KAQ5",
        "mrkdwn": true,
        "attachments": [
            {
                "fallback": "Card moved: \"<https:\/\/trello.com\/c\/TkTqPN1w|Overlay text missing from bottom and image not full size>\" from list \"Sprint Backlog\" to list \"Done\"",
                "text": "Card moved: \"<https:\/\/trello.com\/c\/TkTqPN1w|Overlay text missing from bottom and image not full size>\" from list \"Sprint Backlog\" to list \"Done\"",
                "id": 1,
                "color": "8daec2",
                "mrkdwn_in": [
                    "text"
                ]
            }
        ],
        "type": "message",
        "subtype": "bot_message",
        "ts": "1439505455.000096"
    },
    {
        "text": "",
        "bot_id": "B0528KAQ5",
        "mrkdwn": true,
        "attachments": [
            {
                "fallback": "Card moved: \"<https:\/\/trello.com\/c\/ZC2GWQBf|Invisible links on overlay>\" from list \"Sprint Backlog\" to list \"Done\"",
                "text": "Card moved: \"<https:\/\/trello.com\/c\/ZC2GWQBf|Invisible links on overlay>\" from list \"Sprint Backlog\" to list \"Done\"",
                "id": 1,
                "color": "8daec2",
                "mrkdwn_in": [
                    "text"
                ]
            }
        ],
        "type": "message",
        "subtype": "bot_message",
        "ts": "1439505466.000097"
    },
    {
        "text": "",
        "bot_id": "B0528KAQ5",
        "mrkdwn": true,
        "attachments": [
            {
                "fallback": "Card moved: \"<https:\/\/trello.com\/c\/CTNc9iRZ|Icons on mobile Navbar not aligned right>\" from list \"Sprint Backlog\" to list \"Done\"",
                "text": "Card moved: \"<https:\/\/trello.com\/c\/CTNc9iRZ|Icons on mobile Navbar not aligned right>\" from list \"Sprint Backlog\" to list \"Done\"",
                "id": 1,
                "color": "8daec2",
                "mrkdwn_in": [
                    "text"
                ]
            }
        ],
        "type": "message",
        "subtype": "bot_message",
        "ts": "1439505470.000098"
    },
    {
        "text": "",
        "bot_id": "B0528KAQ5",
        "mrkdwn": true,
        "attachments": [
            {
                "fallback": "Card moved: \"<https:\/\/trello.com\/c\/lzqlPubB|Fix landing page on mobile>\" from list \"Sprint Backlog\" to list \"Done\"",
                "text": "Card moved: \"<https:\/\/trello.com\/c\/lzqlPubB|Fix landing page on mobile>\" from list \"Sprint Backlog\" to list \"Done\"",
                "id": 1,
                "color": "8daec2",
                "mrkdwn_in": [
                    "text"
                ]
            }
        ],
        "type": "message",
        "subtype": "bot_message",
        "ts": "1439505474.000099"
    }
]