[
    {
        "text": "",
        "bot_id": "B0528KAQ5",
        "mrkdwn": true,
        "attachments": [
            {
                "fallback": "New card \"<https:\/\/trello.com\/c\/kU78EvIw|Get Code Coverage for repo>\" added to list \"<https:\/\/trello.com\/b\/ktc3yxBd|Actions>\"",
                "text": "New card \"<https:\/\/trello.com\/c\/kU78EvIw|Get Code Coverage for repo>\" added to list \"<https:\/\/trello.com\/b\/ktc3yxBd|Actions>\"",
                "id": 1,
                "color": "8daec2"
            }
        ],
        "type": "message",
        "subtype": "bot_message",
        "ts": "1433608547.000020"
    },
    {
        "text": "",
        "bot_id": "B0528KAQ5",
        "mrkdwn": true,
        "attachments": [
            {
                "fallback": "Card moved: \"<https:\/\/trello.com\/c\/kU78EvIw|Get Code Coverage for repo>\" from list \"Actions\" to list \"Complete\"",
                "text": "Card moved: \"<https:\/\/trello.com\/c\/kU78EvIw|Get Code Coverage for repo>\" from list \"Actions\" to list \"Complete\"",
                "id": 1,
                "color": "8daec2",
                "mrkdwn_in": [
                    "text"
                ]
            }
        ],
        "type": "message",
        "subtype": "bot_message",
        "ts": "1433608550.000021"
    },
    {
        "text": "",
        "bot_id": "B0528KAQ5",
        "mrkdwn": true,
        "attachments": [
            {
                "fallback": "Fully implemeneted, reports being generated on <http:\/\/circleci.com|circleci.com>",
                "text": "Fully implemeneted, reports being generated on <http:\/\/circleci.com|circleci.com>",
                "pretext": "New comment on card \"<https:\/\/trello.com\/c\/kU78EvIw|Get Code Coverage for repo>\" by Neil Grogan",
                "id": 1,
                "color": "8daec2"
            }
        ],
        "type": "message",
        "subtype": "bot_message",
        "ts": "1433608570.000022"
    },
    {
        "text": "",
        "bot_id": "B0528KAQ5",
        "mrkdwn": true,
        "attachments": [
            {
                "fallback": "New card \"<https:\/\/trello.com\/c\/7LF0mjTm|Easy Way to run iPython notebook to do test code we can share (as notebooks)>\" added to list \"<https:\/\/trello.com\/b\/ktc3yxBd|Actions>\"",
                "text": "New card \"<https:\/\/trello.com\/c\/7LF0mjTm|Easy Way to run iPython notebook to do test code we can share (as notebooks)>\" added to list \"<https:\/\/trello.com\/b\/ktc3yxBd|Actions>\"",
                "id": 1,
                "color": "8daec2"
            }
        ],
        "type": "message",
        "subtype": "bot_message",
        "ts": "1433608605.000023"
    },
    {
        "text": "",
        "bot_id": "B0528KAQ5",
        "mrkdwn": true,
        "attachments": [
            {
                "fallback": "Card moved: \"<https:\/\/trello.com\/c\/7LF0mjTm|Easy Way to run iPython notebook to do test code we can share (as notebooks)>\" from list \"Actions\" to list \"Complete\"",
                "text": "Card moved: \"<https:\/\/trello.com\/c\/7LF0mjTm|Easy Way to run iPython notebook to do test code we can share (as notebooks)>\" from list \"Actions\" to list \"Complete\"",
                "id": 1,
                "color": "8daec2",
                "mrkdwn_in": [
                    "text"
                ]
            }
        ],
        "type": "message",
        "subtype": "bot_message",
        "ts": "1433608608.000024"
    },
    {
        "text": "",
        "bot_id": "B0528KAQ5",
        "mrkdwn": true,
        "attachments": [
            {
                "fallback": "Created \/docs folder in blackteam repo, can run ipython server with python 2+3 and any dependencies we need..",
                "text": "Created \/docs folder in blackteam repo, can run ipython server with python 2+3 and any dependencies we need..",
                "pretext": "New comment on card \"<https:\/\/trello.com\/c\/7LF0mjTm|Easy Way to run iPython notebook to do test code we can share (as notebooks)>\" by Neil Grogan",
                "id": 1,
                "color": "8daec2"
            }
        ],
        "type": "message",
        "subtype": "bot_message",
        "ts": "1433608648.000025"
    },
    {
        "text": "",
        "bot_id": "B0528KAQ5",
        "mrkdwn": true,
        "attachments": [
            {
                "fallback": "New card \"<https:\/\/trello.com\/c\/41SpXO7q|Git Branching Strategy>\" added to list \"<https:\/\/trello.com\/b\/ktc3yxBd|Actions>\"",
                "text": "New card \"<https:\/\/trello.com\/c\/41SpXO7q|Git Branching Strategy>\" added to list \"<https:\/\/trello.com\/b\/ktc3yxBd|Actions>\"",
                "id": 1,
                "color": "8daec2"
            }
        ],
        "type": "message",
        "subtype": "bot_message",
        "ts": "1433608674.000026"
    },
    {
        "text": "",
        "bot_id": "B0528KAQ5",
        "mrkdwn": true,
        "attachments": [
            {
                "fallback": "New card \"<https:\/\/trello.com\/c\/jLKNqiSR|Product Versioning Strategy>\" added to list \"<https:\/\/trello.com\/b\/ktc3yxBd|Actions>\"",
                "text": "New card \"<https:\/\/trello.com\/c\/jLKNqiSR|Product Versioning Strategy>\" added to list \"<https:\/\/trello.com\/b\/ktc3yxBd|Actions>\"",
                "id": 1,
                "color": "8daec2"
            }
        ],
        "type": "message",
        "subtype": "bot_message",
        "ts": "1433608697.000027"
    },
    {
        "text": "",
        "bot_id": "B0528KAQ5",
        "mrkdwn": true,
        "attachments": [
            {
                "fallback": "Card moved: \"<https:\/\/trello.com\/c\/jLKNqiSR|Product Versioning Strategy>\" from list \"Actions\" to list \"In Progress\"",
                "text": "Card moved: \"<https:\/\/trello.com\/c\/jLKNqiSR|Product Versioning Strategy>\" from list \"Actions\" to list \"In Progress\"",
                "id": 1,
                "color": "8daec2",
                "mrkdwn_in": [
                    "text"
                ]
            }
        ],
        "type": "message",
        "subtype": "bot_message",
        "ts": "1433608701.000028"
    },
    {
        "text": "",
        "bot_id": "B0528KAQ5",
        "mrkdwn": true,
        "attachments": [
            {
                "fallback": "Card moved: \"<https:\/\/trello.com\/c\/41SpXO7q|Git Branching Strategy>\" from list \"Actions\" to list \"In Progress\"",
                "text": "Card moved: \"<https:\/\/trello.com\/c\/41SpXO7q|Git Branching Strategy>\" from list \"Actions\" to list \"In Progress\"",
                "id": 1,
                "color": "8daec2",
                "mrkdwn_in": [
                    "text"
                ]
            }
        ],
        "type": "message",
        "subtype": "bot_message",
        "ts": "1433608703.000029"
    },
    {
        "text": "",
        "bot_id": "B0528KAQ5",
        "mrkdwn": true,
        "attachments": [
            {
                "fallback": "deploying to UCD server for a while now. Will keep this in progress as we'd like more options, just in case...",
                "text": "deploying to UCD server for a while now. Will keep this in progress as we'd like more options, just in case...",
                "pretext": "New comment on card \"<https:\/\/trello.com\/c\/Id1BmaHw|Investigate Deployment Options>\" by Neil Grogan",
                "id": 1,
                "color": "8daec2"
            }
        ],
        "type": "message",
        "subtype": "bot_message",
        "ts": "1433608745.000030"
    }
]