[
    {
        "text": "",
        "bot_id": "B0528KAQ5",
        "mrkdwn": true,
        "attachments": [
            {
                "fallback": "New card \"<https:\/\/trello.com\/c\/utlTDrwx|Welcome to the CATME system!>\" added to list \"<https:\/\/trello.com\/b\/RUT25DlJ|Sprint Backlog>\"",
                "text": "New card \"<https:\/\/trello.com\/c\/utlTDrwx|Welcome to the CATME system!>\" added to list \"<https:\/\/trello.com\/b\/RUT25DlJ|Sprint Backlog>\"",
                "id": 1,
                "color": "8daec2"
            }
        ],
        "type": "message",
        "subtype": "bot_message",
        "ts": "1435333898.000153"
    },
    {
        "text": "",
        "bot_id": "B0528KAQ5",
        "mrkdwn": true,
        "attachments": [
            {
                "fallback": "400x247px image",
                "image_url": "https:\/\/trello-attachments.s3.amazonaws.com\/558d750929111c7df7507fcf\/400x247\/be0ed422fa12215c4cbed21cef54ca24\/file_not_found.png",
                "image_width": 400,
                "image_height": 247,
                "image_bytes": 1100,
                "pretext": "New attachment added to card \"<https:\/\/trello.com\/c\/utlTDrwx|Welcome to the CATME system!>\"",
                "title": "file_not_found.png",
                "id": 1,
                "title_link": "https:\/\/trello-attachments.s3.amazonaws.com\/558d750929111c7df7507fcf\/400x247\/be0ed422fa12215c4cbed21cef54ca24\/file_not_found.png",
                "color": "8daec2"
            }
        ],
        "type": "message",
        "subtype": "bot_message",
        "ts": "1435333899.000154"
    },
    {
        "text": "",
        "bot_id": "B0528KAQ5",
        "mrkdwn": true,
        "attachments": [
            {
                "fallback": "New card \"<https:\/\/trello.com\/c\/a3ailbWv|COMP47250-2015: CATME Peer Assessment>\" added to list \"<https:\/\/trello.com\/b\/RUT25DlJ|Sprint Backlog>\"",
                "text": "New card \"<https:\/\/trello.com\/c\/a3ailbWv|COMP47250-2015: CATME Peer Assessment>\" added to list \"<https:\/\/trello.com\/b\/RUT25DlJ|Sprint Backlog>\"",
                "id": 1,
                "color": "8daec2"
            }
        ],
        "type": "message",
        "subtype": "bot_message",
        "ts": "1435335848.000155"
    },
    {
        "text": "",
        "bot_id": "B0528KAQ5",
        "mrkdwn": true,
        "attachments": [
            {
                "fallback": "400x247px image",
                "image_url": "https:\/\/trello-attachments.s3.amazonaws.com\/558d7ca8ce563a137bc20ea0\/400x247\/44667e8b04a8ce8bebe8d9597ab27a9b\/file_not_found.png",
                "image_width": 400,
                "image_height": 247,
                "image_bytes": 1100,
                "pretext": "New attachment added to card \"<https:\/\/trello.com\/c\/a3ailbWv|COMP47250-2015: CATME Peer Assessment>\"",
                "title": "file_not_found.png",
                "id": 1,
                "title_link": "https:\/\/trello-attachments.s3.amazonaws.com\/558d7ca8ce563a137bc20ea0\/400x247\/44667e8b04a8ce8bebe8d9597ab27a9b\/file_not_found.png",
                "color": "8daec2"
            }
        ],
        "type": "message",
        "subtype": "bot_message",
        "ts": "1435335850.000156"
    },
    {
        "text": "",
        "bot_id": "B0528KAQ5",
        "mrkdwn": true,
        "attachments": [
            {
                "fallback": "Card moved: \"<https:\/\/trello.com\/c\/a3ailbWv|COMP47250-2015: CATME Peer Assessment>\" from list \"Sprint Backlog\" to list \"In progress\"",
                "text": "Card moved: \"<https:\/\/trello.com\/c\/a3ailbWv|COMP47250-2015: CATME Peer Assessment>\" from list \"Sprint Backlog\" to list \"In progress\"",
                "id": 1,
                "color": "8daec2",
                "mrkdwn_in": [
                    "text"
                ]
            }
        ],
        "type": "message",
        "subtype": "bot_message",
        "ts": "1435338419.000157"
    },
    {
        "text": "",
        "bot_id": "B0528KAQ5",
        "mrkdwn": true,
        "attachments": [
            {
                "fallback": "*Description:* Removed",
                "text": "*Description:* Removed",
                "pretext": "Card updated \"<https:\/\/trello.com\/c\/utlTDrwx|Welcome to the CATME system!>\"",
                "id": 1,
                "color": "8daec2",
                "mrkdwn_in": [
                    "text"
                ]
            }
        ],
        "type": "message",
        "subtype": "bot_message",
        "ts": "1435338439.000158"
    },
    {
        "text": "",
        "bot_id": "B0528KAQ5",
        "mrkdwn": true,
        "attachments": [
            {
                "fallback": "Card renamed from \"Welcome to the CATME system!\" to \"<https:\/\/trello.com\/c\/utlTDrwx|Sign up to CATME>\"",
                "text": "Card renamed from \"Welcome to the CATME system!\" to \"<https:\/\/trello.com\/c\/utlTDrwx|Sign up to CATME>\"",
                "id": 1,
                "color": "8daec2",
                "mrkdwn_in": [
                    "text"
                ]
            }
        ],
        "type": "message",
        "subtype": "bot_message",
        "ts": "1435338453.000159"
    },
    {
        "text": "",
        "bot_id": "B0528KAQ5",
        "mrkdwn": true,
        "attachments": [
            {
                "fallback": "Card moved: \"<https:\/\/trello.com\/c\/utlTDrwx|Sign up to CATME>\" from list \"Sprint Backlog\" to list \"In progress\"",
                "text": "Card moved: \"<https:\/\/trello.com\/c\/utlTDrwx|Sign up to CATME>\" from list \"Sprint Backlog\" to list \"In progress\"",
                "id": 1,
                "color": "8daec2",
                "mrkdwn_in": [
                    "text"
                ]
            }
        ],
        "type": "message",
        "subtype": "bot_message",
        "ts": "1435338459.000160"
    },
    {
        "text": "",
        "bot_id": "B0528KAQ5",
        "mrkdwn": true,
        "attachments": [
            {
                "fallback": "New member <https:\/\/trello.com\/neilgrogan|Neil Grogan> added to card \"<https:\/\/trello.com\/c\/utlTDrwx|Sign up to CATME>\"",
                "text": "New member <https:\/\/trello.com\/neilgrogan|Neil Grogan> added to card \"<https:\/\/trello.com\/c\/utlTDrwx|Sign up to CATME>\"",
                "id": 1,
                "color": "8daec2"
            }
        ],
        "type": "message",
        "subtype": "bot_message",
        "ts": "1435338502.000161"
    },
    {
        "text": "",
        "bot_id": "B0528KAQ5",
        "mrkdwn": true,
        "attachments": [
            {
                "fallback": "New member <https:\/\/trello.com\/garrydavitt|Garry Davitt> added to card \"<https:\/\/trello.com\/c\/utlTDrwx|Sign up to CATME>\"",
                "text": "New member <https:\/\/trello.com\/garrydavitt|Garry Davitt> added to card \"<https:\/\/trello.com\/c\/utlTDrwx|Sign up to CATME>\"",
                "id": 1,
                "color": "8daec2"
            }
        ],
        "type": "message",
        "subtype": "bot_message",
        "ts": "1435338503.000162"
    },
    {
        "text": "",
        "bot_id": "B0528KAQ5",
        "mrkdwn": true,
        "attachments": [
            {
                "fallback": "New member <https:\/\/trello.com\/iberdnikov|iberdnikov> added to card \"<https:\/\/trello.com\/c\/utlTDrwx|Sign up to CATME>\"",
                "text": "New member <https:\/\/trello.com\/iberdnikov|iberdnikov> added to card \"<https:\/\/trello.com\/c\/utlTDrwx|Sign up to CATME>\"",
                "id": 1,
                "color": "8daec2"
            }
        ],
        "type": "message",
        "subtype": "bot_message",
        "ts": "1435338504.000163"
    },
    {
        "text": "",
        "bot_id": "B0528KAQ5",
        "mrkdwn": true,
        "attachments": [
            {
                "fallback": "New member <https:\/\/trello.com\/kevinkennedy24|Kevin Kennedy> added to card \"<https:\/\/trello.com\/c\/utlTDrwx|Sign up to CATME>\"",
                "text": "New member <https:\/\/trello.com\/kevinkennedy24|Kevin Kennedy> added to card \"<https:\/\/trello.com\/c\/utlTDrwx|Sign up to CATME>\"",
                "id": 1,
                "color": "8daec2"
            }
        ],
        "type": "message",
        "subtype": "bot_message",
        "ts": "1435338505.000164"
    },
    {
        "text": "",
        "bot_id": "B0528KAQ5",
        "mrkdwn": true,
        "attachments": [
            {
                "fallback": "New member <https:\/\/trello.com\/larryoshea|Larry O'Shea> added to card \"<https:\/\/trello.com\/c\/utlTDrwx|Sign up to CATME>\"",
                "text": "New member <https:\/\/trello.com\/larryoshea|Larry O'Shea> added to card \"<https:\/\/trello.com\/c\/utlTDrwx|Sign up to CATME>\"",
                "id": 1,
                "color": "8daec2"
            }
        ],
        "type": "message",
        "subtype": "bot_message",
        "ts": "1435338506.000165"
    },
    {
        "text": "",
        "bot_id": "B0528KAQ5",
        "mrkdwn": true,
        "attachments": [
            {
                "fallback": "New member <https:\/\/trello.com\/neilgrogan|Neil Grogan> added to card \"<https:\/\/trello.com\/c\/a3ailbWv|COMP47250-2015: CATME Peer Assessment>\"",
                "text": "New member <https:\/\/trello.com\/neilgrogan|Neil Grogan> added to card \"<https:\/\/trello.com\/c\/a3ailbWv|COMP47250-2015: CATME Peer Assessment>\"",
                "id": 1,
                "color": "8daec2"
            }
        ],
        "type": "message",
        "subtype": "bot_message",
        "ts": "1435338511.000166"
    },
    {
        "text": "",
        "bot_id": "B0528KAQ5",
        "mrkdwn": true,
        "attachments": [
            {
                "fallback": "New member <https:\/\/trello.com\/garrydavitt|Garry Davitt> added to card \"<https:\/\/trello.com\/c\/a3ailbWv|COMP47250-2015: CATME Peer Assessment>\"",
                "text": "New member <https:\/\/trello.com\/garrydavitt|Garry Davitt> added to card \"<https:\/\/trello.com\/c\/a3ailbWv|COMP47250-2015: CATME Peer Assessment>\"",
                "id": 1,
                "color": "8daec2"
            }
        ],
        "type": "message",
        "subtype": "bot_message",
        "ts": "1435338512.000167"
    },
    {
        "text": "",
        "bot_id": "B0528KAQ5",
        "mrkdwn": true,
        "attachments": [
            {
                "fallback": "New member <https:\/\/trello.com\/iberdnikov|iberdnikov> added to card \"<https:\/\/trello.com\/c\/a3ailbWv|COMP47250-2015: CATME Peer Assessment>\"",
                "text": "New member <https:\/\/trello.com\/iberdnikov|iberdnikov> added to card \"<https:\/\/trello.com\/c\/a3ailbWv|COMP47250-2015: CATME Peer Assessment>\"",
                "id": 1,
                "color": "8daec2"
            }
        ],
        "type": "message",
        "subtype": "bot_message",
        "ts": "1435338512.000168"
    },
    {
        "text": "",
        "bot_id": "B0528KAQ5",
        "mrkdwn": true,
        "attachments": [
            {
                "fallback": "New member <https:\/\/trello.com\/kevinkennedy24|Kevin Kennedy> added to card \"<https:\/\/trello.com\/c\/a3ailbWv|COMP47250-2015: CATME Peer Assessment>\"",
                "text": "New member <https:\/\/trello.com\/kevinkennedy24|Kevin Kennedy> added to card \"<https:\/\/trello.com\/c\/a3ailbWv|COMP47250-2015: CATME Peer Assessment>\"",
                "id": 1,
                "color": "8daec2"
            }
        ],
        "type": "message",
        "subtype": "bot_message",
        "ts": "1435338513.000169"
    },
    {
        "text": "",
        "bot_id": "B0528KAQ5",
        "mrkdwn": true,
        "attachments": [
            {
                "fallback": "New member <https:\/\/trello.com\/larryoshea|Larry O'Shea> added to card \"<https:\/\/trello.com\/c\/a3ailbWv|COMP47250-2015: CATME Peer Assessment>\"",
                "text": "New member <https:\/\/trello.com\/larryoshea|Larry O'Shea> added to card \"<https:\/\/trello.com\/c\/a3ailbWv|COMP47250-2015: CATME Peer Assessment>\"",
                "id": 1,
                "color": "8daec2"
            }
        ],
        "type": "message",
        "subtype": "bot_message",
        "ts": "1435338514.000170"
    },
    {
        "text": "",
        "bot_id": "B0528KAQ5",
        "mrkdwn": true,
        "attachments": [
            {
                "fallback": "*Description:* <https:\/\/docs.google.com\/drawings\/d\/1va5Ug_0SgLS47bYyOn2bz7z7NWIS3VRg-8nF5bgNbXw\/edit>",
                "text": "*Description:* <https:\/\/docs.google.com\/drawings\/d\/1va5Ug_0SgLS47bYyOn2bz7z7NWIS3VRg-8nF5bgNbXw\/edit>",
                "pretext": "Card updated \"<https:\/\/trello.com\/c\/WPj4efUV|Update Business Plan>\"",
                "id": 1,
                "color": "8daec2",
                "mrkdwn_in": [
                    "text"
                ]
            }
        ],
        "type": "message",
        "subtype": "bot_message",
        "ts": "1435351916.000171"
    },
    {
        "text": "",
        "bot_id": "B0528KAQ5",
        "mrkdwn": true,
        "attachments": [
            {
                "fallback": "Added link to doc",
                "text": "Added link to doc",
                "pretext": "New comment on card \"<https:\/\/trello.com\/c\/WPj4efUV|Update Business Plan>\" by Neil Grogan",
                "id": 1,
                "color": "8daec2"
            }
        ],
        "type": "message",
        "subtype": "bot_message",
        "ts": "1435351921.000172"
    },
    {
        "text": "",
        "bot_id": "B0528KAQ5",
        "mrkdwn": true,
        "attachments": [
            {
                "fallback": "Card archived: \"<https:\/\/trello.com\/c\/kfSjBqTq|Do Ipython notebooks for RSS feeds general>\"",
                "text": "Card archived: \"<https:\/\/trello.com\/c\/kfSjBqTq|Do Ipython notebooks for RSS feeds general>\"",
                "id": 1,
                "color": "8daec2",
                "mrkdwn_in": [
                    "text"
                ]
            }
        ],
        "type": "message",
        "subtype": "bot_message",
        "ts": "1435352022.000173"
    },
    {
        "text": "",
        "bot_id": "B0528KAQ5",
        "mrkdwn": true,
        "attachments": [
            {
                "fallback": "Card moved: \"User Accounts: Selenium test of user account login\" moved from board \"<https:\/\/trello.com\/b\/RUT25DlJ|Sprint 1 Black Team (Ends 30\/06\/15)>\" to board \"Product Backlog\"",
                "text": "Card moved: \"User Accounts: Selenium test of user account login\" moved from board \"<https:\/\/trello.com\/b\/RUT25DlJ|Sprint 1 Black Team (Ends 30\/06\/15)>\" to board \"Product Backlog\"",
                "id": 1,
                "color": "8daec2"
            }
        ],
        "type": "message",
        "subtype": "bot_message",
        "ts": "1435352040.000174"
    },
    {
        "text": "",
        "bot_id": "B0528KAQ5",
        "mrkdwn": true,
        "attachments": [
            {
                "fallback": "Card moved: \"User Accounts: Selenium test of admin???\" moved from board \"<https:\/\/trello.com\/b\/RUT25DlJ|Sprint 1 Black Team (Ends 30\/06\/15)>\" to board \"Product Backlog\"",
                "text": "Card moved: \"User Accounts: Selenium test of admin???\" moved from board \"<https:\/\/trello.com\/b\/RUT25DlJ|Sprint 1 Black Team (Ends 30\/06\/15)>\" to board \"Product Backlog\"",
                "id": 1,
                "color": "8daec2"
            }
        ],
        "type": "message",
        "subtype": "bot_message",
        "ts": "1435352049.000175"
    },
    {
        "text": "",
        "bot_id": "B0528KAQ5",
        "mrkdwn": true,
        "attachments": [
            {
                "fallback": "Card moved: \"<https:\/\/trello.com\/c\/INi1cOCW|Celery spike - Task Processing (spike)>\" from list \"In progress\" to list \"Live\/Done\"",
                "text": "Card moved: \"<https:\/\/trello.com\/c\/INi1cOCW|Celery spike - Task Processing (spike)>\" from list \"In progress\" to list \"Live\/Done\"",
                "id": 1,
                "color": "8daec2",
                "mrkdwn_in": [
                    "text"
                ]
            }
        ],
        "type": "message",
        "subtype": "bot_message",
        "ts": "1435352067.000176"
    },
    {
        "text": "",
        "bot_id": "B0528KAQ5",
        "mrkdwn": true,
        "attachments": [
            {
                "fallback": "New card \"<https:\/\/trello.com\/c\/0IwfQi5X|Sign up to CATME>\" added to list \"<https:\/\/trello.com\/b\/RUT25DlJ|In progress>\"",
                "text": "New card \"<https:\/\/trello.com\/c\/0IwfQi5X|Sign up to CATME>\" added to list \"<https:\/\/trello.com\/b\/RUT25DlJ|In progress>\"",
                "id": 1,
                "color": "8daec2"
            }
        ],
        "type": "message",
        "subtype": "bot_message",
        "ts": "1435352104.000177"
    },
    {
        "text": "",
        "bot_id": "B0528KAQ5",
        "mrkdwn": true,
        "attachments": [
            {
                "fallback": "New card \"<https:\/\/trello.com\/c\/oFdPH4XH|Sign up to CATME>\" added to list \"<https:\/\/trello.com\/b\/RUT25DlJ|In progress>\"",
                "text": "New card \"<https:\/\/trello.com\/c\/oFdPH4XH|Sign up to CATME>\" added to list \"<https:\/\/trello.com\/b\/RUT25DlJ|In progress>\"",
                "id": 1,
                "color": "8daec2"
            }
        ],
        "type": "message",
        "subtype": "bot_message",
        "ts": "1435352113.000178"
    },
    {
        "text": "",
        "bot_id": "B0528KAQ5",
        "mrkdwn": true,
        "attachments": [
            {
                "fallback": "New card \"<https:\/\/trello.com\/c\/zvaEvHSQ|Sign up to CATME>\" added to list \"<https:\/\/trello.com\/b\/RUT25DlJ|In progress>\"",
                "text": "New card \"<https:\/\/trello.com\/c\/zvaEvHSQ|Sign up to CATME>\" added to list \"<https:\/\/trello.com\/b\/RUT25DlJ|In progress>\"",
                "id": 1,
                "color": "8daec2"
            }
        ],
        "type": "message",
        "subtype": "bot_message",
        "ts": "1435352121.000179"
    },
    {
        "text": "",
        "bot_id": "B0528KAQ5",
        "mrkdwn": true,
        "attachments": [
            {
                "fallback": "New card \"<https:\/\/trello.com\/c\/hIMU2WTk|Sign up to CATME>\" added to list \"<https:\/\/trello.com\/b\/RUT25DlJ|In progress>\"",
                "text": "New card \"<https:\/\/trello.com\/c\/hIMU2WTk|Sign up to CATME>\" added to list \"<https:\/\/trello.com\/b\/RUT25DlJ|In progress>\"",
                "id": 1,
                "color": "8daec2"
            }
        ],
        "type": "message",
        "subtype": "bot_message",
        "ts": "1435352127.000180"
    },
    {
        "text": "",
        "bot_id": "B0528KAQ5",
        "mrkdwn": true,
        "attachments": [
            {
                "fallback": "Card moved: \"<https:\/\/trello.com\/c\/hIMU2WTk|Sign up to CATME>\" from list \"In progress\" to list \"Live\/Done\"",
                "text": "Card moved: \"<https:\/\/trello.com\/c\/hIMU2WTk|Sign up to CATME>\" from list \"In progress\" to list \"Live\/Done\"",
                "id": 1,
                "color": "8daec2",
                "mrkdwn_in": [
                    "text"
                ]
            }
        ],
        "type": "message",
        "subtype": "bot_message",
        "ts": "1435352176.000181"
    },
    {
        "text": "",
        "bot_id": "B0528KAQ5",
        "mrkdwn": true,
        "attachments": [
            {
                "fallback": "New card \"<https:\/\/trello.com\/c\/Rkc5dQIO|COMP47250-2015: CATME Peer Assessment>\" added to list \"<https:\/\/trello.com\/b\/RUT25DlJ|In progress>\"",
                "text": "New card \"<https:\/\/trello.com\/c\/Rkc5dQIO|COMP47250-2015: CATME Peer Assessment>\" added to list \"<https:\/\/trello.com\/b\/RUT25DlJ|In progress>\"",
                "id": 1,
                "color": "8daec2"
            }
        ],
        "type": "message",
        "subtype": "bot_message",
        "ts": "1435352192.000182"
    },
    {
        "text": "",
        "bot_id": "B0528KAQ5",
        "mrkdwn": true,
        "attachments": [
            {
                "fallback": "New card \"<https:\/\/trello.com\/c\/gsXsz2fj|COMP47250-2015: CATME Peer Assessment>\" added to list \"<https:\/\/trello.com\/b\/RUT25DlJ|In progress>\"",
                "text": "New card \"<https:\/\/trello.com\/c\/gsXsz2fj|COMP47250-2015: CATME Peer Assessment>\" added to list \"<https:\/\/trello.com\/b\/RUT25DlJ|In progress>\"",
                "id": 1,
                "color": "8daec2"
            }
        ],
        "type": "message",
        "subtype": "bot_message",
        "ts": "1435352204.000183"
    },
    {
        "text": "",
        "bot_id": "B0528KAQ5",
        "mrkdwn": true,
        "attachments": [
            {
                "fallback": "New card \"<https:\/\/trello.com\/c\/KgMdKTmd|COMP47250-2015: CATME Peer Assessment>\" added to list \"<https:\/\/trello.com\/b\/RUT25DlJ|In progress>\"",
                "text": "New card \"<https:\/\/trello.com\/c\/KgMdKTmd|COMP47250-2015: CATME Peer Assessment>\" added to list \"<https:\/\/trello.com\/b\/RUT25DlJ|In progress>\"",
                "id": 1,
                "color": "8daec2"
            }
        ],
        "type": "message",
        "subtype": "bot_message",
        "ts": "1435352237.000184"
    },
    {
        "text": "",
        "bot_id": "B0528KAQ5",
        "mrkdwn": true,
        "attachments": [
            {
                "fallback": "New card \"<https:\/\/trello.com\/c\/ffofHDHf|COMP47250-2015: CATME Peer Assessment>\" added to list \"<https:\/\/trello.com\/b\/RUT25DlJ|In progress>\"",
                "text": "New card \"<https:\/\/trello.com\/c\/ffofHDHf|COMP47250-2015: CATME Peer Assessment>\" added to list \"<https:\/\/trello.com\/b\/RUT25DlJ|In progress>\"",
                "id": 1,
                "color": "8daec2"
            }
        ],
        "type": "message",
        "subtype": "bot_message",
        "ts": "1435352244.000185"
    },
    {
        "text": "",
        "bot_id": "B0528KAQ5",
        "mrkdwn": true,
        "attachments": [
            {
                "fallback": "New card \"<https:\/\/trello.com\/c\/2glVPOsu|Create 30th June Presentation Template>\" added to list \"<https:\/\/trello.com\/b\/RUT25DlJ|In progress>\"",
                "text": "New card \"<https:\/\/trello.com\/c\/2glVPOsu|Create 30th June Presentation Template>\" added to list \"<https:\/\/trello.com\/b\/RUT25DlJ|In progress>\"",
                "id": 1,
                "color": "8daec2"
            }
        ],
        "type": "message",
        "subtype": "bot_message",
        "ts": "1435352729.000186"
    },
    {
        "text": "",
        "bot_id": "B0528KAQ5",
        "mrkdwn": true,
        "attachments": [
            {
                "fallback": "New member <https:\/\/trello.com\/neilgrogan|Neil Grogan> added to card \"<https:\/\/trello.com\/c\/2glVPOsu|Create 30th June Presentation Template>\"",
                "text": "New member <https:\/\/trello.com\/neilgrogan|Neil Grogan> added to card \"<https:\/\/trello.com\/c\/2glVPOsu|Create 30th June Presentation Template>\"",
                "id": 1,
                "color": "8daec2"
            }
        ],
        "type": "message",
        "subtype": "bot_message",
        "ts": "1435352732.000187"
    },
    {
        "text": "",
        "bot_id": "B0528KAQ5",
        "mrkdwn": true,
        "attachments": [
            {
                "fallback": "Card moved: \"<https:\/\/trello.com\/c\/2glVPOsu|Create 30th June Presentation Template>\" from list \"In progress\" to list \"Live\/Done\"",
                "text": "Card moved: \"<https:\/\/trello.com\/c\/2glVPOsu|Create 30th June Presentation Template>\" from list \"In progress\" to list \"Live\/Done\"",
                "id": 1,
                "color": "8daec2",
                "mrkdwn_in": [
                    "text"
                ]
            }
        ],
        "type": "message",
        "subtype": "bot_message",
        "ts": "1435352736.000188"
    },
    {
        "text": "",
        "bot_id": "B0528KAQ5",
        "mrkdwn": true,
        "attachments": [
            {
                "fallback": "New card \"<https:\/\/trello.com\/c\/zR0frKds|30th June Presentation>\" added to list \"<https:\/\/trello.com\/b\/RUT25DlJ|In progress>\"",
                "text": "New card \"<https:\/\/trello.com\/c\/zR0frKds|30th June Presentation>\" added to list \"<https:\/\/trello.com\/b\/RUT25DlJ|In progress>\"",
                "id": 1,
                "color": "8daec2"
            }
        ],
        "type": "message",
        "subtype": "bot_message",
        "ts": "1435352749.000189"
    },
    {
        "text": "",
        "bot_id": "B0528KAQ5",
        "mrkdwn": true,
        "attachments": [
            {
                "fallback": "New member <https:\/\/trello.com\/garrydavitt|Garry Davitt> added to card \"<https:\/\/trello.com\/c\/zR0frKds|30th June Presentation>\"",
                "text": "New member <https:\/\/trello.com\/garrydavitt|Garry Davitt> added to card \"<https:\/\/trello.com\/c\/zR0frKds|30th June Presentation>\"",
                "id": 1,
                "color": "8daec2"
            }
        ],
        "type": "message",
        "subtype": "bot_message",
        "ts": "1435352754.000190"
    },
    {
        "text": "",
        "bot_id": "B0528KAQ5",
        "mrkdwn": true,
        "attachments": [
            {
                "fallback": "can you sync up with @larryoshea on this?",
                "text": "can you sync up with @larryoshea on this?",
                "pretext": "New comment on card \"<https:\/\/trello.com\/c\/K1JYdKTs|NLP Extract Keywords\/Topics: Manual step to predefine list of keywords (spike)>\" by Neil Grogan",
                "id": 1,
                "color": "8daec2"
            }
        ],
        "type": "message",
        "subtype": "bot_message",
        "ts": "1435352827.000191"
    },
    {
        "text": "",
        "bot_id": "B0528KAQ5",
        "mrkdwn": true,
        "attachments": [
            {
                "fallback": "New checklist \"<https:\/\/trello.com\/c\/zR0frKds|Checklist>\" added to card \"<https:\/\/trello.com\/c\/zR0frKds|30th June Presentation>\"",
                "text": "New checklist \"<https:\/\/trello.com\/c\/zR0frKds|Checklist>\" added to card \"<https:\/\/trello.com\/c\/zR0frKds|30th June Presentation>\"",
                "id": 1,
                "color": "8daec2"
            }
        ],
        "type": "message",
        "subtype": "bot_message",
        "ts": "1435353095.000192"
    },
    {
        "text": "",
        "bot_id": "B0528KAQ5",
        "mrkdwn": true,
        "attachments": [
            {
                "fallback": "New checklist item \"<https:\/\/trello.com\/c\/zR0frKds|Slide on Roadmap (including next steps I guess)>\" added to card \"<https:\/\/trello.com\/c\/zR0frKds|30th June Presentation>\"",
                "text": "New checklist item \"<https:\/\/trello.com\/c\/zR0frKds|Slide on Roadmap (including next steps I guess)>\" added to card \"<https:\/\/trello.com\/c\/zR0frKds|30th June Presentation>\"",
                "id": 1,
                "color": "8daec2"
            }
        ],
        "type": "message",
        "subtype": "bot_message",
        "ts": "1435353127.000193"
    },
    {
        "text": "",
        "bot_id": "B0528KAQ5",
        "mrkdwn": true,
        "attachments": [
            {
                "fallback": "New member <https:\/\/trello.com\/larryoshea|Larry O'Shea> added to card \"<https:\/\/trello.com\/c\/zR0frKds|30th June Presentation>\"",
                "text": "New member <https:\/\/trello.com\/larryoshea|Larry O'Shea> added to card \"<https:\/\/trello.com\/c\/zR0frKds|30th June Presentation>\"",
                "id": 1,
                "color": "8daec2"
            }
        ],
        "type": "message",
        "subtype": "bot_message",
        "ts": "1435353151.000194"
    },
    {
        "text": "",
        "bot_id": "B0528KAQ5",
        "mrkdwn": true,
        "attachments": [
            {
                "fallback": "Card moved: \"Ipython Notebooks: Do Ipython notebooks for Facebook\" moved from board \"<https:\/\/trello.com\/b\/RUT25DlJ|Sprint 1 Black Team (Ends 30\/06\/15)>\" to board \"Product Backlog\"",
                "text": "Card moved: \"Ipython Notebooks: Do Ipython notebooks for Facebook\" moved from board \"<https:\/\/trello.com\/b\/RUT25DlJ|Sprint 1 Black Team (Ends 30\/06\/15)>\" to board \"Product Backlog\"",
                "id": 1,
                "color": "8daec2"
            }
        ],
        "type": "message",
        "subtype": "bot_message",
        "ts": "1435353624.000195"
    },
    {
        "text": "",
        "bot_id": "B0528KAQ5",
        "mrkdwn": true,
        "attachments": [
            {
                "fallback": "Card moved: \"Ipython Notebooks: Do Ipython notebooks for Youtube\" moved from board \"<https:\/\/trello.com\/b\/RUT25DlJ|Sprint 1 Black Team (Ends 30\/06\/15)>\" to board \"Product Backlog\"",
                "text": "Card moved: \"Ipython Notebooks: Do Ipython notebooks for Youtube\" moved from board \"<https:\/\/trello.com\/b\/RUT25DlJ|Sprint 1 Black Team (Ends 30\/06\/15)>\" to board \"Product Backlog\"",
                "id": 1,
                "color": "8daec2"
            }
        ],
        "type": "message",
        "subtype": "bot_message",
        "ts": "1435353637.000196"
    },
    {
        "text": "",
        "bot_id": "B0528KAQ5",
        "mrkdwn": true,
        "attachments": [
            {
                "fallback": "Have been reading up on this and also from looking at the comments below I think we should use Jquery as our javascript library.\n<https:\/\/learn.jquery.com\/>",
                "text": "Have been reading up on this and also from looking at the comments below I think we should use Jquery as our javascript library.\n<https:\/\/learn.jquery.com\/>",
                "pretext": "New comment on card \"<https:\/\/trello.com\/c\/QAcMogbl|UX: Choose JS toolkit (spike)>\" by Garry Davitt",
                "id": 1,
                "color": "8daec2"
            }
        ],
        "type": "message",
        "subtype": "bot_message",
        "ts": "1435354656.000197"
    },
    {
        "text": "",
        "bot_id": "B0528KAQ5",
        "mrkdwn": true,
        "attachments": [
            {
                "fallback": "<http:\/\/www.w3schools.com\/jquery\/jquery_examples.asp>",
                "text": "<http:\/\/www.w3schools.com\/jquery\/jquery_examples.asp>",
                "pretext": "New comment on card \"<https:\/\/trello.com\/c\/QAcMogbl|UX: Choose JS toolkit (spike)>\" by Garry Davitt",
                "id": 1,
                "color": "8daec2"
            }
        ],
        "type": "message",
        "subtype": "bot_message",
        "ts": "1435354862.000198"
    },
    {
        "text": "",
        "bot_id": "B0528KAQ5",
        "mrkdwn": true,
        "attachments": [
            {
                "fallback": "<http:\/\/jqueryui.com\/demos\/>",
                "text": "<http:\/\/jqueryui.com\/demos\/>",
                "pretext": "New comment on card \"<https:\/\/trello.com\/c\/QAcMogbl|UX: Choose JS toolkit (spike)>\" by Garry Davitt",
                "id": 1,
                "color": "8daec2"
            }
        ],
        "type": "message",
        "subtype": "bot_message",
        "ts": "1435354905.000199"
    },
    {
        "text": "",
        "bot_id": "B0528KAQ5",
        "mrkdwn": true,
        "attachments": [
            {
                "fallback": "Think this should be bootstrap will attach sites which I have looked at:\n<http:\/\/www.sitepoint.com\/11-reasons-to-use-twitter-bootstrap\/>",
                "text": "Think this should be bootstrap will attach sites which I have looked at:\n<http:\/\/www.sitepoint.com\/11-reasons-to-use-twitter-bootstrap\/>",
                "pretext": "New comment on card \"<https:\/\/trello.com\/c\/7GeCuL3l|UX: Choose CSS Toolkit (spike)>\" by Garry Davitt",
                "id": 1,
                "color": "8daec2"
            }
        ],
        "type": "message",
        "subtype": "bot_message",
        "ts": "1435355039.000200"
    },
    {
        "text": "",
        "bot_id": "B0528KAQ5",
        "mrkdwn": true,
        "attachments": [
            {
                "fallback": "<https:\/\/bootstrapbay.com\/blog\/reasons-to-use-bootstrap\/>",
                "text": "<https:\/\/bootstrapbay.com\/blog\/reasons-to-use-bootstrap\/>",
                "pretext": "New comment on card \"<https:\/\/trello.com\/c\/7GeCuL3l|UX: Choose CSS Toolkit (spike)>\" by Garry Davitt",
                "id": 1,
                "color": "8daec2"
            }
        ],
        "type": "message",
        "subtype": "bot_message",
        "ts": "1435355080.000201"
    },
    {
        "text": "",
        "bot_id": "B0528KAQ5",
        "mrkdwn": true,
        "attachments": [
            {
                "fallback": "Found some interesting alternatives here:\n<http:\/\/beebom.com\/2015\/01\/best-front-end-frameworks-for-bootstrap-alternative>\nBut still think should go with Bootstrap",
                "text": "Found some interesting alternatives here:\n<http:\/\/beebom.com\/2015\/01\/best-front-end-frameworks-for-bootstrap-alternative>\nBut still think should go with Bootstrap",
                "pretext": "New comment on card \"<https:\/\/trello.com\/c\/7GeCuL3l|UX: Choose CSS Toolkit (spike)>\" by Garry Davitt",
                "id": 1,
                "color": "8daec2"
            }
        ],
        "type": "message",
        "subtype": "bot_message",
        "ts": "1435355184.000202"
    },
    {
        "text": "",
        "bot_id": "B0528KAQ5",
        "mrkdwn": true,
        "attachments": [
            {
                "fallback": "Card moved: \"<https:\/\/trello.com\/c\/7GeCuL3l|UX: Choose CSS Toolkit (spike)>\" from list \"In progress\" to list \"Review\/Testing\"",
                "text": "Card moved: \"<https:\/\/trello.com\/c\/7GeCuL3l|UX: Choose CSS Toolkit (spike)>\" from list \"In progress\" to list \"Review\/Testing\"",
                "id": 1,
                "color": "8daec2",
                "mrkdwn_in": [
                    "text"
                ]
            }
        ],
        "type": "message",
        "subtype": "bot_message",
        "ts": "1435356834.000203"
    },
    {
        "text": "",
        "bot_id": "B0528KAQ5",
        "mrkdwn": true,
        "attachments": [
            {
                "fallback": "Card moved: \"<https:\/\/trello.com\/c\/QAcMogbl|UX: Choose JS toolkit (spike)>\" from list \"In progress\" to list \"Review\/Testing\"",
                "text": "Card moved: \"<https:\/\/trello.com\/c\/QAcMogbl|UX: Choose JS toolkit (spike)>\" from list \"In progress\" to list \"Review\/Testing\"",
                "id": 1,
                "color": "8daec2",
                "mrkdwn_in": [
                    "text"
                ]
            }
        ],
        "type": "message",
        "subtype": "bot_message",
        "ts": "1435356839.000204"
    },
    {
        "text": "",
        "bot_id": "B0528KAQ5",
        "mrkdwn": true,
        "attachments": [
            {
                "fallback": "Sounds good",
                "text": "Sounds good",
                "pretext": "New comment on card \"<https:\/\/trello.com\/c\/7GeCuL3l|UX: Choose CSS Toolkit (spike)>\" by Larry O'Shea",
                "id": 1,
                "color": "8daec2"
            }
        ],
        "type": "message",
        "subtype": "bot_message",
        "ts": "1435357901.000205"
    },
    {
        "text": "",
        "bot_id": "B0528KAQ5",
        "mrkdwn": true,
        "attachments": [
            {
                "fallback": "Would be interested to hear reasons .. Cheers",
                "text": "Would be interested to hear reasons .. Cheers",
                "pretext": "New comment on card \"<https:\/\/trello.com\/c\/QAcMogbl|UX: Choose JS toolkit (spike)>\" by Larry O'Shea",
                "id": 1,
                "color": "8daec2"
            }
        ],
        "type": "message",
        "subtype": "bot_message",
        "ts": "1435358464.000206"
    },
    {
        "text": "",
        "bot_id": "B0528KAQ5",
        "mrkdwn": true,
        "attachments": [
            {
                "fallback": "New checklist \"<https:\/\/trello.com\/c\/a3ailbWv|Checklist>\" added to card \"<https:\/\/trello.com\/c\/a3ailbWv|COMP47250-2015: CATME Peer Assessment>\"",
                "text": "New checklist \"<https:\/\/trello.com\/c\/a3ailbWv|Checklist>\" added to card \"<https:\/\/trello.com\/c\/a3ailbWv|COMP47250-2015: CATME Peer Assessment>\"",
                "id": 1,
                "color": "8daec2"
            }
        ],
        "type": "message",
        "subtype": "bot_message",
        "ts": "1435359134.000207"
    },
    {
        "text": "",
        "bot_id": "B0528KAQ5",
        "mrkdwn": true,
        "attachments": [
            {
                "fallback": "New checklist item \"<https:\/\/trello.com\/c\/a3ailbWv|Larry - Signup and complete Peer Assessment>\" added to card \"<https:\/\/trello.com\/c\/a3ailbWv|COMP47250-2015: CATME Peer Assessment>\"",
                "text": "New checklist item \"<https:\/\/trello.com\/c\/a3ailbWv|Larry - Signup and complete Peer Assessment>\" added to card \"<https:\/\/trello.com\/c\/a3ailbWv|COMP47250-2015: CATME Peer Assessment>\"",
                "id": 1,
                "color": "8daec2"
            }
        ],
        "type": "message",
        "subtype": "bot_message",
        "ts": "1435359151.000208"
    },
    {
        "text": "",
        "bot_id": "B0528KAQ5",
        "mrkdwn": true,
        "attachments": [
            {
                "fallback": "New checklist item \"<https:\/\/trello.com\/c\/a3ailbWv|Igor - Signup and complete Peer Assessment>\" added to card \"<https:\/\/trello.com\/c\/a3ailbWv|COMP47250-2015: CATME Peer Assessment>\"",
                "text": "New checklist item \"<https:\/\/trello.com\/c\/a3ailbWv|Igor - Signup and complete Peer Assessment>\" added to card \"<https:\/\/trello.com\/c\/a3ailbWv|COMP47250-2015: CATME Peer Assessment>\"",
                "id": 1,
                "color": "8daec2"
            }
        ],
        "type": "message",
        "subtype": "bot_message",
        "ts": "1435359170.000209"
    },
    {
        "text": "",
        "bot_id": "B0528KAQ5",
        "mrkdwn": true,
        "attachments": [
            {
                "fallback": "New checklist item \"<https:\/\/trello.com\/c\/a3ailbWv|Kevin - Signup and complete Peer Assessment>\" added to card \"<https:\/\/trello.com\/c\/a3ailbWv|COMP47250-2015: CATME Peer Assessment>\"",
                "text": "New checklist item \"<https:\/\/trello.com\/c\/a3ailbWv|Kevin - Signup and complete Peer Assessment>\" added to card \"<https:\/\/trello.com\/c\/a3ailbWv|COMP47250-2015: CATME Peer Assessment>\"",
                "id": 1,
                "color": "8daec2"
            }
        ],
        "type": "message",
        "subtype": "bot_message",
        "ts": "1435359179.000210"
    },
    {
        "text": "",
        "bot_id": "B0528KAQ5",
        "mrkdwn": true,
        "attachments": [
            {
                "fallback": "New checklist item \"<https:\/\/trello.com\/c\/a3ailbWv|Neil - Signup and complete Peer Assessment>\" added to card \"<https:\/\/trello.com\/c\/a3ailbWv|COMP47250-2015: CATME Peer Assessment>\"",
                "text": "New checklist item \"<https:\/\/trello.com\/c\/a3ailbWv|Neil - Signup and complete Peer Assessment>\" added to card \"<https:\/\/trello.com\/c\/a3ailbWv|COMP47250-2015: CATME Peer Assessment>\"",
                "id": 1,
                "color": "8daec2"
            }
        ],
        "type": "message",
        "subtype": "bot_message",
        "ts": "1435359188.000211"
    },
    {
        "text": "",
        "bot_id": "B0528KAQ5",
        "mrkdwn": true,
        "attachments": [
            {
                "fallback": "New checklist item \"<https:\/\/trello.com\/c\/a3ailbWv|Garry - Signup and complete Peer Assessment>\" added to card \"<https:\/\/trello.com\/c\/a3ailbWv|COMP47250-2015: CATME Peer Assessment>\"",
                "text": "New checklist item \"<https:\/\/trello.com\/c\/a3ailbWv|Garry - Signup and complete Peer Assessment>\" added to card \"<https:\/\/trello.com\/c\/a3ailbWv|COMP47250-2015: CATME Peer Assessment>\"",
                "id": 1,
                "color": "8daec2"
            }
        ],
        "type": "message",
        "subtype": "bot_message",
        "ts": "1435359194.000212"
    },
    {
        "text": "",
        "bot_id": "B0528KAQ5",
        "mrkdwn": true,
        "attachments": [
            {
                "fallback": "Card archived: \"<https:\/\/trello.com\/c\/zvaEvHSQ|Sign up to CATME>\"",
                "text": "Card archived: \"<https:\/\/trello.com\/c\/zvaEvHSQ|Sign up to CATME>\"",
                "id": 1,
                "color": "8daec2",
                "mrkdwn_in": [
                    "text"
                ]
            }
        ],
        "type": "message",
        "subtype": "bot_message",
        "ts": "1435359233.000213"
    },
    {
        "text": "",
        "bot_id": "B0528KAQ5",
        "mrkdwn": true,
        "attachments": [
            {
                "fallback": "Card archived: \"<https:\/\/trello.com\/c\/oFdPH4XH|Sign up to CATME>\"",
                "text": "Card archived: \"<https:\/\/trello.com\/c\/oFdPH4XH|Sign up to CATME>\"",
                "id": 1,
                "color": "8daec2",
                "mrkdwn_in": [
                    "text"
                ]
            }
        ],
        "type": "message",
        "subtype": "bot_message",
        "ts": "1435359242.000214"
    },
    {
        "text": "",
        "bot_id": "B0528KAQ5",
        "mrkdwn": true,
        "attachments": [
            {
                "fallback": "Card archived: \"<https:\/\/trello.com\/c\/0IwfQi5X|Sign up to CATME>\"",
                "text": "Card archived: \"<https:\/\/trello.com\/c\/0IwfQi5X|Sign up to CATME>\"",
                "id": 1,
                "color": "8daec2",
                "mrkdwn_in": [
                    "text"
                ]
            }
        ],
        "type": "message",
        "subtype": "bot_message",
        "ts": "1435359246.000215"
    },
    {
        "text": "",
        "bot_id": "B0528KAQ5",
        "mrkdwn": true,
        "attachments": [
            {
                "fallback": "Card archived: \"<https:\/\/trello.com\/c\/utlTDrwx|Sign up to CATME>\"",
                "text": "Card archived: \"<https:\/\/trello.com\/c\/utlTDrwx|Sign up to CATME>\"",
                "id": 1,
                "color": "8daec2",
                "mrkdwn_in": [
                    "text"
                ]
            }
        ],
        "type": "message",
        "subtype": "bot_message",
        "ts": "1435359253.000216"
    },
    {
        "text": "",
        "bot_id": "B0528KAQ5",
        "mrkdwn": true,
        "attachments": [
            {
                "fallback": "Card archived: \"<https:\/\/trello.com\/c\/ffofHDHf|COMP47250-2015: CATME Peer Assessment>\"",
                "text": "Card archived: \"<https:\/\/trello.com\/c\/ffofHDHf|COMP47250-2015: CATME Peer Assessment>\"",
                "id": 1,
                "color": "8daec2",
                "mrkdwn_in": [
                    "text"
                ]
            }
        ],
        "type": "message",
        "subtype": "bot_message",
        "ts": "1435359255.000217"
    },
    {
        "text": "",
        "bot_id": "B0528KAQ5",
        "mrkdwn": true,
        "attachments": [
            {
                "fallback": "Card archived: \"<https:\/\/trello.com\/c\/KgMdKTmd|COMP47250-2015: CATME Peer Assessment>\"",
                "text": "Card archived: \"<https:\/\/trello.com\/c\/KgMdKTmd|COMP47250-2015: CATME Peer Assessment>\"",
                "id": 1,
                "color": "8daec2",
                "mrkdwn_in": [
                    "text"
                ]
            }
        ],
        "type": "message",
        "subtype": "bot_message",
        "ts": "1435359264.000218"
    },
    {
        "text": "",
        "bot_id": "B0528KAQ5",
        "mrkdwn": true,
        "attachments": [
            {
                "fallback": "Card archived: \"<https:\/\/trello.com\/c\/gsXsz2fj|COMP47250-2015: CATME Peer Assessment>\"",
                "text": "Card archived: \"<https:\/\/trello.com\/c\/gsXsz2fj|COMP47250-2015: CATME Peer Assessment>\"",
                "id": 1,
                "color": "8daec2",
                "mrkdwn_in": [
                    "text"
                ]
            }
        ],
        "type": "message",
        "subtype": "bot_message",
        "ts": "1435359268.000219"
    },
    {
        "text": "",
        "bot_id": "B0528KAQ5",
        "mrkdwn": true,
        "attachments": [
            {
                "fallback": "Card archived: \"<https:\/\/trello.com\/c\/Rkc5dQIO|COMP47250-2015: CATME Peer Assessment>\"",
                "text": "Card archived: \"<https:\/\/trello.com\/c\/Rkc5dQIO|COMP47250-2015: CATME Peer Assessment>\"",
                "id": 1,
                "color": "8daec2",
                "mrkdwn_in": [
                    "text"
                ]
            }
        ],
        "type": "message",
        "subtype": "bot_message",
        "ts": "1435359271.000220"
    }
]