[
    {
        "text": "",
        "bot_id": "B0528KAQ5",
        "mrkdwn": true,
        "attachments": [
            {
                "fallback": "Card moved: \"<https:\/\/trello.com\/c\/CVqScmYl|BUG: articles take a couple seconds to render>\" from list \"Sprint Backlog\" to list \"In Progress\"",
                "text": "Card moved: \"<https:\/\/trello.com\/c\/CVqScmYl|BUG: articles take a couple seconds to render>\" from list \"Sprint Backlog\" to list \"In Progress\"",
                "id": 1,
                "color": "8daec2",
                "mrkdwn_in": [
                    "text"
                ]
            }
        ],
        "type": "message",
        "subtype": "bot_message",
        "ts": "1439030164.000002"
    },
    {
        "text": "",
        "bot_id": "B0528KAQ5",
        "mrkdwn": true,
        "attachments": [
            {
                "fallback": "Card moved: \"<https:\/\/trello.com\/c\/40535YFQ|BUG: user is not seeing new articles the next day>\" from list \"Sprint Backlog\" to list \"In Progress\"",
                "text": "Card moved: \"<https:\/\/trello.com\/c\/40535YFQ|BUG: user is not seeing new articles the next day>\" from list \"Sprint Backlog\" to list \"In Progress\"",
                "id": 1,
                "color": "8daec2",
                "mrkdwn_in": [
                    "text"
                ]
            }
        ],
        "type": "message",
        "subtype": "bot_message",
        "ts": "1439030167.000003"
    },
    {
        "text": "",
        "bot_id": "B0528KAQ5",
        "mrkdwn": true,
        "attachments": [
            {
                "fallback": "Card moved: \"<https:\/\/trello.com\/c\/5AHj8VRp|BUG: Website not displayed correctly on Safari - one vertical stack>\" from list \"Sprint Backlog\" to list \"Blocked\"",
                "text": "Card moved: \"<https:\/\/trello.com\/c\/5AHj8VRp|BUG: Website not displayed correctly on Safari - one vertical stack>\" from list \"Sprint Backlog\" to list \"Blocked\"",
                "id": 1,
                "color": "8daec2",
                "mrkdwn_in": [
                    "text"
                ]
            }
        ],
        "type": "message",
        "subtype": "bot_message",
        "ts": "1439030172.000004"
    },
    {
        "text": "",
        "bot_id": "B0528KAQ5",
        "mrkdwn": true,
        "attachments": [
            {
                "fallback": "Card moved: \"<https:\/\/trello.com\/c\/1LMBsiTW|BUG: Ranking scores are different depending on whether article match by RSS feed or by saving topics.>\" from list \"Sprint Backlog\" to list \"In Progress\"",
                "text": "Card moved: \"<https:\/\/trello.com\/c\/1LMBsiTW|BUG: Ranking scores are different depending on whether article match by RSS feed or by saving topics.>\" from list \"Sprint Backlog\" to list \"In Progress\"",
                "id": 1,
                "color": "8daec2",
                "mrkdwn_in": [
                    "text"
                ]
            }
        ],
        "type": "message",
        "subtype": "bot_message",
        "ts": "1439030175.000005"
    },
    {
        "text": "",
        "bot_id": "B0528KAQ5",
        "mrkdwn": true,
        "attachments": [
            {
                "fallback": "New card \"<https:\/\/trello.com\/c\/wV5RFtQZ|Testing: Do a testing session where we all login at click on Articles to make sure website is responsive>\" added to list \"<https:\/\/trello.com\/b\/m8682AdS|In Progress>\"",
                "text": "New card \"<https:\/\/trello.com\/c\/wV5RFtQZ|Testing: Do a testing session where we all login at click on Articles to make sure website is responsive>\" added to list \"<https:\/\/trello.com\/b\/m8682AdS|In Progress>\"",
                "id": 1,
                "color": "8daec2"
            }
        ],
        "type": "message",
        "subtype": "bot_message",
        "ts": "1439030244.000006"
    },
    {
        "text": "",
        "bot_id": "B0528KAQ5",
        "mrkdwn": true,
        "attachments": [
            {
                "fallback": "Card renamed from \"Testing: Do a testing session where we all login at click on Articles to make sure website is responsive\" to \"<https:\/\/trello.com\/c\/wV5RFtQZ|Testing: Do a testing session where we all login and click on Articles to make sure website is responsive>\"",
                "text": "Card renamed from \"Testing: Do a testing session where we all login at click on Articles to make sure website is responsive\" to \"<https:\/\/trello.com\/c\/wV5RFtQZ|Testing: Do a testing session where we all login and click on Articles to make sure website is responsive>\"",
                "id": 1,
                "color": "8daec2",
                "mrkdwn_in": [
                    "text"
                ]
            }
        ],
        "type": "message",
        "subtype": "bot_message",
        "ts": "1439030264.000007"
    },
    {
        "text": "",
        "bot_id": "B0528KAQ5",
        "mrkdwn": true,
        "attachments": [
            {
                "fallback": "New card \"<https:\/\/trello.com\/c\/fkn5IO31|Change to consider all articles - and ranking by default - and storing 10 then>\" added to list \"<https:\/\/trello.com\/b\/m8682AdS|In Progress>\"",
                "text": "New card \"<https:\/\/trello.com\/c\/fkn5IO31|Change to consider all articles - and ranking by default - and storing 10 then>\" added to list \"<https:\/\/trello.com\/b\/m8682AdS|In Progress>\"",
                "id": 1,
                "color": "8daec2"
            }
        ],
        "type": "message",
        "subtype": "bot_message",
        "ts": "1439033398.000008"
    },
    {
        "text": "",
        "bot_id": "B0528KAQ5",
        "mrkdwn": true,
        "attachments": [
            {
                "fallback": "New member <https:\/\/trello.com\/iberdnikov|iberdnikov> added to card \"<https:\/\/trello.com\/c\/fkn5IO31|Change to consider all articles - and ranking by default - and storing 10 then>\"",
                "text": "New member <https:\/\/trello.com\/iberdnikov|iberdnikov> added to card \"<https:\/\/trello.com\/c\/fkn5IO31|Change to consider all articles - and ranking by default - and storing 10 then>\"",
                "id": 1,
                "color": "8daec2"
            }
        ],
        "type": "message",
        "subtype": "bot_message",
        "ts": "1439033404.000009"
    },
    {
        "text": "",
        "bot_id": "B0528KAQ5",
        "mrkdwn": true,
        "attachments": [
            {
                "fallback": "Card moved: \"<https:\/\/trello.com\/c\/NL5PLNsV|UX: Display preference popup to user after creating a new account>\" from list \"Sprint Backlog\" to list \"In Progress\"",
                "text": "Card moved: \"<https:\/\/trello.com\/c\/NL5PLNsV|UX: Display preference popup to user after creating a new account>\" from list \"Sprint Backlog\" to list \"In Progress\"",
                "id": 1,
                "color": "8daec2",
                "mrkdwn_in": [
                    "text"
                ]
            }
        ],
        "type": "message",
        "subtype": "bot_message",
        "ts": "1439040033.000010"
    },
    {
        "text": "",
        "bot_id": "B0528KAQ5",
        "mrkdwn": true,
        "attachments": [
            {
                "fallback": "New card \"<https:\/\/trello.com\/c\/0hU48ZoE|Bug Preferences cancel not reverting checkboxes>\" added to list \"<https:\/\/trello.com\/b\/m8682AdS|Sprint Backlog>\"",
                "text": "New card \"<https:\/\/trello.com\/c\/0hU48ZoE|Bug Preferences cancel not reverting checkboxes>\" added to list \"<https:\/\/trello.com\/b\/m8682AdS|Sprint Backlog>\"",
                "id": 1,
                "color": "8daec2"
            }
        ],
        "type": "message",
        "subtype": "bot_message",
        "ts": "1439040075.000011"
    },
    {
        "text": "",
        "bot_id": "B0528KAQ5",
        "mrkdwn": true,
        "attachments": [
            {
                "fallback": "*Labels:* Bug",
                "text": "*Labels:* Bug",
                "pretext": "Label \"Bug\" added to card \"<https:\/\/trello.com\/c\/0hU48ZoE|Bug Preferences cancel not reverting checkboxes>\"",
                "id": 1,
                "color": "8daec2",
                "mrkdwn_in": [
                    "text"
                ]
            }
        ],
        "type": "message",
        "subtype": "bot_message",
        "ts": "1439040081.000012"
    },
    {
        "text": "",
        "bot_id": "B0528KAQ5",
        "mrkdwn": true,
        "attachments": [
            {
                "fallback": "New member <https:\/\/trello.com\/garrydavitt|Garry Davitt> added to card \"<https:\/\/trello.com\/c\/0hU48ZoE|Bug Preferences cancel not reverting checkboxes>\"",
                "text": "New member <https:\/\/trello.com\/garrydavitt|Garry Davitt> added to card \"<https:\/\/trello.com\/c\/0hU48ZoE|Bug Preferences cancel not reverting checkboxes>\"",
                "id": 1,
                "color": "8daec2"
            }
        ],
        "type": "message",
        "subtype": "bot_message",
        "ts": "1439040086.000013"
    },
    {
        "text": "",
        "bot_id": "B0528KAQ5",
        "mrkdwn": true,
        "attachments": [
            {
                "fallback": "Card moved: \"<https:\/\/trello.com\/c\/0hU48ZoE|Bug Preferences cancel not reverting checkboxes>\" from list \"Sprint Backlog\" to list \"In Progress\"",
                "text": "Card moved: \"<https:\/\/trello.com\/c\/0hU48ZoE|Bug Preferences cancel not reverting checkboxes>\" from list \"Sprint Backlog\" to list \"In Progress\"",
                "id": 1,
                "color": "8daec2",
                "mrkdwn_in": [
                    "text"
                ]
            }
        ],
        "type": "message",
        "subtype": "bot_message",
        "ts": "1439040099.000014"
    },
    {
        "text": "",
        "bot_id": "B0528KAQ5",
        "mrkdwn": true,
        "attachments": [
            {
                "fallback": "Card moved: \"<https:\/\/trello.com\/c\/NL5PLNsV|UX: Display preference popup to user after creating a new account>\" from list \"In Progress\" to list \"Review\/Testing\"",
                "text": "Card moved: \"<https:\/\/trello.com\/c\/NL5PLNsV|UX: Display preference popup to user after creating a new account>\" from list \"In Progress\" to list \"Review\/Testing\"",
                "id": 1,
                "color": "8daec2",
                "mrkdwn_in": [
                    "text"
                ]
            }
        ],
        "type": "message",
        "subtype": "bot_message",
        "ts": "1439043384.000015"
    },
    {
        "text": "",
        "bot_id": "B0528KAQ5",
        "mrkdwn": true,
        "attachments": [
            {
                "fallback": "Card moved: \"<https:\/\/trello.com\/c\/0hU48ZoE|Bug Preferences cancel not reverting checkboxes>\" from list \"In Progress\" to list \"Review\/Testing\"",
                "text": "Card moved: \"<https:\/\/trello.com\/c\/0hU48ZoE|Bug Preferences cancel not reverting checkboxes>\" from list \"In Progress\" to list \"Review\/Testing\"",
                "id": 1,
                "color": "8daec2",
                "mrkdwn_in": [
                    "text"
                ]
            }
        ],
        "type": "message",
        "subtype": "bot_message",
        "ts": "1439043437.000016"
    },
    {
        "text": "",
        "bot_id": "B0528KAQ5",
        "mrkdwn": true,
        "attachments": [
            {
                "fallback": "New member <https:\/\/trello.com\/larryoshea|Larry O'Shea> added to card \"<https:\/\/trello.com\/c\/li1O8vwe|Connect third column in homepage with latest news feed>\"",
                "text": "New member <https:\/\/trello.com\/larryoshea|Larry O'Shea> added to card \"<https:\/\/trello.com\/c\/li1O8vwe|Connect third column in homepage with latest news feed>\"",
                "id": 1,
                "color": "8daec2"
            }
        ],
        "type": "message",
        "subtype": "bot_message",
        "ts": "1439043487.000017"
    },
    {
        "text": "",
        "bot_id": "B0528KAQ5",
        "mrkdwn": true,
        "attachments": [
            {
                "fallback": "Card moved: \"<https:\/\/trello.com\/c\/li1O8vwe|Connect third column in homepage with latest news feed>\" from list \"Sprint Backlog\" to list \"Done\"",
                "text": "Card moved: \"<https:\/\/trello.com\/c\/li1O8vwe|Connect third column in homepage with latest news feed>\" from list \"Sprint Backlog\" to list \"Done\"",
                "id": 1,
                "color": "8daec2",
                "mrkdwn_in": [
                    "text"
                ]
            }
        ],
        "type": "message",
        "subtype": "bot_message",
        "ts": "1439043510.000018"
    },
    {
        "text": "",
        "bot_id": "B0528KAQ5",
        "mrkdwn": true,
        "attachments": [
            {
                "fallback": "Card renamed from \"UX: Check and alert user if no topic selection is made\" to \"<https:\/\/trello.com\/c\/oy8ZTvpB|UX: Check and alert user if no topic selection is made (If time - not really a priority)>\"",
                "text": "Card renamed from \"UX: Check and alert user if no topic selection is made\" to \"<https:\/\/trello.com\/c\/oy8ZTvpB|UX: Check and alert user if no topic selection is made (If time - not really a priority)>\"",
                "id": 1,
                "color": "8daec2",
                "mrkdwn_in": [
                    "text"
                ]
            }
        ],
        "type": "message",
        "subtype": "bot_message",
        "ts": "1439043555.000019"
    },
    {
        "text": "",
        "bot_id": "B0528KAQ5",
        "mrkdwn": true,
        "attachments": [
            {
                "fallback": "New card \"<https:\/\/trello.com\/c\/vaNIUnlG|Twitter Feeds on UI>\" added to list \"<https:\/\/trello.com\/b\/m8682AdS|Sprint Backlog>\"",
                "text": "New card \"<https:\/\/trello.com\/c\/vaNIUnlG|Twitter Feeds on UI>\" added to list \"<https:\/\/trello.com\/b\/m8682AdS|Sprint Backlog>\"",
                "id": 1,
                "color": "8daec2"
            }
        ],
        "type": "message",
        "subtype": "bot_message",
        "ts": "1439043623.000020"
    },
    {
        "text": "",
        "bot_id": "B0528KAQ5",
        "mrkdwn": true,
        "attachments": [
            {
                "fallback": "*Labels:* UX",
                "text": "*Labels:* UX",
                "pretext": "Label \"UX\" added to card \"<https:\/\/trello.com\/c\/vaNIUnlG|Twitter Feeds on UI>\"",
                "id": 1,
                "color": "8daec2",
                "mrkdwn_in": [
                    "text"
                ]
            }
        ],
        "type": "message",
        "subtype": "bot_message",
        "ts": "1439043629.000021"
    },
    {
        "text": "",
        "bot_id": "B0528KAQ5",
        "mrkdwn": true,
        "attachments": [
            {
                "fallback": "New member <https:\/\/trello.com\/garrydavitt|Garry Davitt> added to card \"<https:\/\/trello.com\/c\/vaNIUnlG|Twitter Feeds on UI>\"",
                "text": "New member <https:\/\/trello.com\/garrydavitt|Garry Davitt> added to card \"<https:\/\/trello.com\/c\/vaNIUnlG|Twitter Feeds on UI>\"",
                "id": 1,
                "color": "8daec2"
            }
        ],
        "type": "message",
        "subtype": "bot_message",
        "ts": "1439043637.000022"
    },
    {
        "text": "",
        "bot_id": "B0528KAQ5",
        "mrkdwn": true,
        "attachments": [
            {
                "fallback": "Card moved: \"<https:\/\/trello.com\/c\/vaNIUnlG|Twitter Feeds on UI>\" from list \"Sprint Backlog\" to list \"Review\/Testing\"",
                "text": "Card moved: \"<https:\/\/trello.com\/c\/vaNIUnlG|Twitter Feeds on UI>\" from list \"Sprint Backlog\" to list \"Review\/Testing\"",
                "id": 1,
                "color": "8daec2",
                "mrkdwn_in": [
                    "text"
                ]
            }
        ],
        "type": "message",
        "subtype": "bot_message",
        "ts": "1439043651.000023"
    },
    {
        "text": "",
        "bot_id": "B0528KAQ5",
        "mrkdwn": true,
        "attachments": [
            {
                "fallback": "Card renamed from \"Twitter Feeds on UI\" to \"<https:\/\/trello.com\/c\/vaNIUnlG|Related Tweets on UI>\"",
                "text": "Card renamed from \"Twitter Feeds on UI\" to \"<https:\/\/trello.com\/c\/vaNIUnlG|Related Tweets on UI>\"",
                "id": 1,
                "color": "8daec2",
                "mrkdwn_in": [
                    "text"
                ]
            }
        ],
        "type": "message",
        "subtype": "bot_message",
        "ts": "1439043667.000024"
    },
    {
        "text": "",
        "bot_id": "B0528KAQ5",
        "mrkdwn": true,
        "attachments": [
            {
                "fallback": "New card \"<https:\/\/trello.com\/c\/WKf25d5a|Changes for Mobile and Chrome>\" added to list \"<https:\/\/trello.com\/b\/m8682AdS|Sprint Backlog>\"",
                "text": "New card \"<https:\/\/trello.com\/c\/WKf25d5a|Changes for Mobile and Chrome>\" added to list \"<https:\/\/trello.com\/b\/m8682AdS|Sprint Backlog>\"",
                "id": 1,
                "color": "8daec2"
            }
        ],
        "type": "message",
        "subtype": "bot_message",
        "ts": "1439043761.000025"
    },
    {
        "text": "",
        "bot_id": "B0528KAQ5",
        "mrkdwn": true,
        "attachments": [
            {
                "fallback": "New member <https:\/\/trello.com\/garrydavitt|Garry Davitt> added to card \"<https:\/\/trello.com\/c\/WKf25d5a|Changes for Mobile and Chrome>\"",
                "text": "New member <https:\/\/trello.com\/garrydavitt|Garry Davitt> added to card \"<https:\/\/trello.com\/c\/WKf25d5a|Changes for Mobile and Chrome>\"",
                "id": 1,
                "color": "8daec2"
            }
        ],
        "type": "message",
        "subtype": "bot_message",
        "ts": "1439043765.000026"
    },
    {
        "text": "",
        "bot_id": "B0528KAQ5",
        "mrkdwn": true,
        "attachments": [
            {
                "fallback": "*Labels:* UX",
                "text": "*Labels:* UX",
                "pretext": "Label \"UX\" added to card \"<https:\/\/trello.com\/c\/WKf25d5a|Changes for Mobile and Chrome>\"",
                "id": 1,
                "color": "8daec2",
                "mrkdwn_in": [
                    "text"
                ]
            }
        ],
        "type": "message",
        "subtype": "bot_message",
        "ts": "1439043784.000027"
    },
    {
        "text": "",
        "bot_id": "B0528KAQ5",
        "mrkdwn": true,
        "attachments": [
            {
                "fallback": "Card moved: \"<https:\/\/trello.com\/c\/WKf25d5a|Changes for Mobile and Chrome>\" from list \"Sprint Backlog\" to list \"Review\/Testing\"",
                "text": "Card moved: \"<https:\/\/trello.com\/c\/WKf25d5a|Changes for Mobile and Chrome>\" from list \"Sprint Backlog\" to list \"Review\/Testing\"",
                "id": 1,
                "color": "8daec2",
                "mrkdwn_in": [
                    "text"
                ]
            }
        ],
        "type": "message",
        "subtype": "bot_message",
        "ts": "1439043793.000028"
    },
    {
        "text": "",
        "bot_id": "B0528KAQ5",
        "mrkdwn": true,
        "attachments": [
            {
                "fallback": "New card \"<https:\/\/trello.com\/c\/NiwpCewa|Update Icon with N icon>\" added to list \"<https:\/\/trello.com\/b\/m8682AdS|Sprint Backlog>\"",
                "text": "New card \"<https:\/\/trello.com\/c\/NiwpCewa|Update Icon with N icon>\" added to list \"<https:\/\/trello.com\/b\/m8682AdS|Sprint Backlog>\"",
                "id": 1,
                "color": "8daec2"
            }
        ],
        "type": "message",
        "subtype": "bot_message",
        "ts": "1439045081.000029"
    },
    {
        "text": "",
        "bot_id": "B0528KAQ5",
        "mrkdwn": true,
        "attachments": [
            {
                "fallback": "*Labels:* UX",
                "text": "*Labels:* UX",
                "pretext": "Label \"UX\" added to card \"<https:\/\/trello.com\/c\/NiwpCewa|Update Icon with N icon>\"",
                "id": 1,
                "color": "8daec2",
                "mrkdwn_in": [
                    "text"
                ]
            }
        ],
        "type": "message",
        "subtype": "bot_message",
        "ts": "1439045086.000030"
    },
    {
        "text": "",
        "bot_id": "B0528KAQ5",
        "mrkdwn": true,
        "attachments": [
            {
                "fallback": "New member <https:\/\/trello.com\/garrydavitt|Garry Davitt> added to card \"<https:\/\/trello.com\/c\/NiwpCewa|Update Icon with N icon>\"",
                "text": "New member <https:\/\/trello.com\/garrydavitt|Garry Davitt> added to card \"<https:\/\/trello.com\/c\/NiwpCewa|Update Icon with N icon>\"",
                "id": 1,
                "color": "8daec2"
            }
        ],
        "type": "message",
        "subtype": "bot_message",
        "ts": "1439045093.000031"
    },
    {
        "text": "",
        "bot_id": "B0528KAQ5",
        "mrkdwn": true,
        "attachments": [
            {
                "fallback": "Card moved: \"<https:\/\/trello.com\/c\/NiwpCewa|Update Icon with N icon>\" from list \"Sprint Backlog\" to list \"In Progress\"",
                "text": "Card moved: \"<https:\/\/trello.com\/c\/NiwpCewa|Update Icon with N icon>\" from list \"Sprint Backlog\" to list \"In Progress\"",
                "id": 1,
                "color": "8daec2",
                "mrkdwn_in": [
                    "text"
                ]
            }
        ],
        "type": "message",
        "subtype": "bot_message",
        "ts": "1439045116.000032"
    },
    {
        "text": "",
        "bot_id": "B0528KAQ5",
        "mrkdwn": true,
        "attachments": [
            {
                "fallback": "New card \"<https:\/\/trello.com\/c\/2Cm5BK6t|Implement a spinner for when article is loading in overlay>\" added to list \"<https:\/\/trello.com\/b\/m8682AdS|Sprint Backlog>\"",
                "text": "New card \"<https:\/\/trello.com\/c\/2Cm5BK6t|Implement a spinner for when article is loading in overlay>\" added to list \"<https:\/\/trello.com\/b\/m8682AdS|Sprint Backlog>\"",
                "id": 1,
                "color": "8daec2"
            }
        ],
        "type": "message",
        "subtype": "bot_message",
        "ts": "1439045281.000033"
    },
    {
        "text": "",
        "bot_id": "B0528KAQ5",
        "mrkdwn": true,
        "attachments": [
            {
                "fallback": "*Labels:* UX",
                "text": "*Labels:* UX",
                "pretext": "Label \"UX\" added to card \"<https:\/\/trello.com\/c\/2Cm5BK6t|Implement a spinner for when article is loading in overlay>\"",
                "id": 1,
                "color": "8daec2",
                "mrkdwn_in": [
                    "text"
                ]
            }
        ],
        "type": "message",
        "subtype": "bot_message",
        "ts": "1439045286.000034"
    },
    {
        "text": "",
        "bot_id": "B0528KAQ5",
        "mrkdwn": true,
        "attachments": [
            {
                "fallback": "New member <https:\/\/trello.com\/garrydavitt|Garry Davitt> added to card \"<https:\/\/trello.com\/c\/2Cm5BK6t|Implement a spinner for when article is loading in overlay>\"",
                "text": "New member <https:\/\/trello.com\/garrydavitt|Garry Davitt> added to card \"<https:\/\/trello.com\/c\/2Cm5BK6t|Implement a spinner for when article is loading in overlay>\"",
                "id": 1,
                "color": "8daec2"
            }
        ],
        "type": "message",
        "subtype": "bot_message",
        "ts": "1439045291.000035"
    },
    {
        "text": "",
        "bot_id": "B0528KAQ5",
        "mrkdwn": true,
        "attachments": [
            {
                "fallback": "New card \"<https:\/\/trello.com\/c\/Sd84roWM|Get links on related tweets>\" added to list \"<https:\/\/trello.com\/b\/m8682AdS|Sprint Backlog>\"",
                "text": "New card \"<https:\/\/trello.com\/c\/Sd84roWM|Get links on related tweets>\" added to list \"<https:\/\/trello.com\/b\/m8682AdS|Sprint Backlog>\"",
                "id": 1,
                "color": "8daec2"
            }
        ],
        "type": "message",
        "subtype": "bot_message",
        "ts": "1439045369.000036"
    },
    {
        "text": "",
        "bot_id": "B0528KAQ5",
        "mrkdwn": true,
        "attachments": [
            {
                "fallback": "*Labels:* UX",
                "text": "*Labels:* UX",
                "pretext": "Label \"UX\" added to card \"<https:\/\/trello.com\/c\/Sd84roWM|Get links on related tweets>\"",
                "id": 1,
                "color": "8daec2",
                "mrkdwn_in": [
                    "text"
                ]
            }
        ],
        "type": "message",
        "subtype": "bot_message",
        "ts": "1439045373.000037"
    },
    {
        "text": "",
        "bot_id": "B0528KAQ5",
        "mrkdwn": true,
        "attachments": [
            {
                "fallback": "New member <https:\/\/trello.com\/garrydavitt|Garry Davitt> added to card \"<https:\/\/trello.com\/c\/Sd84roWM|Get links on related tweets>\"",
                "text": "New member <https:\/\/trello.com\/garrydavitt|Garry Davitt> added to card \"<https:\/\/trello.com\/c\/Sd84roWM|Get links on related tweets>\"",
                "id": 1,
                "color": "8daec2"
            }
        ],
        "type": "message",
        "subtype": "bot_message",
        "ts": "1439045386.000038"
    }
]