[
    {
        "text": "",
        "bot_id": "B0528KAQ5",
        "mrkdwn": true,
        "attachments": [
            {
                "fallback": "Card moved: \"<https:\/\/trello.com\/c\/zv9mzqVr|Strip out distorted facebook and twitter icons from left column>\" from list \"Sprint Backlog\" to list \"Done\"",
                "text": "Card moved: \"<https:\/\/trello.com\/c\/zv9mzqVr|Strip out distorted facebook and twitter icons from left column>\" from list \"Sprint Backlog\" to list \"Done\"",
                "id": 1,
                "color": "8daec2",
                "mrkdwn_in": [
                    "text"
                ]
            }
        ],
        "type": "message",
        "subtype": "bot_message",
        "ts": "1439622315.000128"
    },
    {
        "text": "",
        "bot_id": "B0528KAQ5",
        "mrkdwn": true,
        "attachments": [
            {
                "fallback": "Card moved: \"<https:\/\/trello.com\/c\/85XfifTO|On page refresh scrolling to top - bad UX experience>\" from list \"Sprint Backlog\" to list \"Done\"",
                "text": "Card moved: \"<https:\/\/trello.com\/c\/85XfifTO|On page refresh scrolling to top - bad UX experience>\" from list \"Sprint Backlog\" to list \"Done\"",
                "id": 1,
                "color": "8daec2",
                "mrkdwn_in": [
                    "text"
                ]
            }
        ],
        "type": "message",
        "subtype": "bot_message",
        "ts": "1439622323.000129"
    },
    {
        "text": "",
        "bot_id": "B0528KAQ5",
        "mrkdwn": true,
        "attachments": [
            {
                "fallback": "Card moved: \"<https:\/\/trello.com\/c\/XYTLi7Dk|Page not reloading when clicking on background to close article, works when clicking close button>\" from list \"Sprint Backlog\" to list \"Done\"",
                "text": "Card moved: \"<https:\/\/trello.com\/c\/XYTLi7Dk|Page not reloading when clicking on background to close article, works when clicking close button>\" from list \"Sprint Backlog\" to list \"Done\"",
                "id": 1,
                "color": "8daec2",
                "mrkdwn_in": [
                    "text"
                ]
            }
        ],
        "type": "message",
        "subtype": "bot_message",
        "ts": "1439622330.000130"
    }
]