[
    {
        "text": "",
        "bot_id": "B0528KAQ5",
        "mrkdwn": true,
        "attachments": [
            {
                "fallback": "New card \"<https:\/\/trello.com\/c\/XYTLi7Dk|Page not reloading when clicking on background to close article, works when clicking close button>\" added to list \"<https:\/\/trello.com\/b\/m8682AdS|Sprint Backlog>\"",
                "text": "New card \"<https:\/\/trello.com\/c\/XYTLi7Dk|Page not reloading when clicking on background to close article, works when clicking close button>\" added to list \"<https:\/\/trello.com\/b\/m8682AdS|Sprint Backlog>\"",
                "id": 1,
                "color": "8daec2"
            }
        ],
        "type": "message",
        "subtype": "bot_message",
        "ts": "1439580132.000100"
    },
    {
        "text": "",
        "bot_id": "B0528KAQ5",
        "mrkdwn": true,
        "attachments": [
            {
                "fallback": "New member <https:\/\/trello.com\/iberdnikov|iberdnikov> added to card \"<https:\/\/trello.com\/c\/XYTLi7Dk|Page not reloading when clicking on background to close article, works when clicking close button>\"",
                "text": "New member <https:\/\/trello.com\/iberdnikov|iberdnikov> added to card \"<https:\/\/trello.com\/c\/XYTLi7Dk|Page not reloading when clicking on background to close article, works when clicking close button>\"",
                "id": 1,
                "color": "8daec2"
            }
        ],
        "type": "message",
        "subtype": "bot_message",
        "ts": "1439580137.000101"
    },
    {
        "text": "",
        "bot_id": "B0528KAQ5",
        "mrkdwn": true,
        "attachments": [
            {
                "fallback": "*Labels:* Bug",
                "text": "*Labels:* Bug",
                "pretext": "Label \"Bug\" added to card \"<https:\/\/trello.com\/c\/XYTLi7Dk|Page not reloading when clicking on background to close article, works when clicking close button>\"",
                "id": 1,
                "color": "8daec2",
                "mrkdwn_in": [
                    "text"
                ]
            }
        ],
        "type": "message",
        "subtype": "bot_message",
        "ts": "1439580144.000102"
    },
    {
        "text": "",
        "bot_id": "B0528KAQ5",
        "mrkdwn": true,
        "attachments": [
            {
                "fallback": "New card \"<https:\/\/trello.com\/c\/XQDNCRHC|Some videos are auto playing on entry to site, need to get fix in to stop this>\" added to list \"<https:\/\/trello.com\/b\/m8682AdS|Sprint Backlog>\"",
                "text": "New card \"<https:\/\/trello.com\/c\/XQDNCRHC|Some videos are auto playing on entry to site, need to get fix in to stop this>\" added to list \"<https:\/\/trello.com\/b\/m8682AdS|Sprint Backlog>\"",
                "id": 1,
                "color": "8daec2"
            }
        ],
        "type": "message",
        "subtype": "bot_message",
        "ts": "1439580204.000103"
    },
    {
        "text": "",
        "bot_id": "B0528KAQ5",
        "mrkdwn": true,
        "attachments": [
            {
                "fallback": "*Labels:* Bug",
                "text": "*Labels:* Bug",
                "pretext": "Label \"Bug\" added to card \"<https:\/\/trello.com\/c\/XQDNCRHC|Some videos are auto playing on entry to site, need to get fix in to stop this>\"",
                "id": 1,
                "color": "8daec2",
                "mrkdwn_in": [
                    "text"
                ]
            }
        ],
        "type": "message",
        "subtype": "bot_message",
        "ts": "1439580208.000104"
    },
    {
        "text": "",
        "bot_id": "B0528KAQ5",
        "mrkdwn": true,
        "attachments": [
            {
                "fallback": "New member <https:\/\/trello.com\/garrydavitt|Garry Davitt> added to card \"<https:\/\/trello.com\/c\/XQDNCRHC|Some videos are auto playing on entry to site, need to get fix in to stop this>\"",
                "text": "New member <https:\/\/trello.com\/garrydavitt|Garry Davitt> added to card \"<https:\/\/trello.com\/c\/XQDNCRHC|Some videos are auto playing on entry to site, need to get fix in to stop this>\"",
                "id": 1,
                "color": "8daec2"
            }
        ],
        "type": "message",
        "subtype": "bot_message",
        "ts": "1439580215.000105"
    },
    {
        "text": "",
        "bot_id": "B0528KAQ5",
        "mrkdwn": true,
        "attachments": [
            {
                "fallback": "New card \"<https:\/\/trello.com\/c\/zv9mzqVr|Strip out distorted facebook and twitter icons from left column>\" added to list \"<https:\/\/trello.com\/b\/m8682AdS|Sprint Backlog>\"",
                "text": "New card \"<https:\/\/trello.com\/c\/zv9mzqVr|Strip out distorted facebook and twitter icons from left column>\" added to list \"<https:\/\/trello.com\/b\/m8682AdS|Sprint Backlog>\"",
                "id": 1,
                "color": "8daec2"
            }
        ],
        "type": "message",
        "subtype": "bot_message",
        "ts": "1439580421.000106"
    },
    {
        "text": "",
        "bot_id": "B0528KAQ5",
        "mrkdwn": true,
        "attachments": [
            {
                "fallback": "*Labels:* Bug",
                "text": "*Labels:* Bug",
                "pretext": "Label \"Bug\" added to card \"<https:\/\/trello.com\/c\/zv9mzqVr|Strip out distorted facebook and twitter icons from left column>\"",
                "id": 1,
                "color": "8daec2",
                "mrkdwn_in": [
                    "text"
                ]
            }
        ],
        "type": "message",
        "subtype": "bot_message",
        "ts": "1439580425.000107"
    },
    {
        "text": "",
        "bot_id": "B0528KAQ5",
        "mrkdwn": true,
        "attachments": [
            {
                "fallback": "New member <https:\/\/trello.com\/garrydavitt|Garry Davitt> added to card \"<https:\/\/trello.com\/c\/zv9mzqVr|Strip out distorted facebook and twitter icons from left column>\"",
                "text": "New member <https:\/\/trello.com\/garrydavitt|Garry Davitt> added to card \"<https:\/\/trello.com\/c\/zv9mzqVr|Strip out distorted facebook and twitter icons from left column>\"",
                "id": 1,
                "color": "8daec2"
            }
        ],
        "type": "message",
        "subtype": "bot_message",
        "ts": "1439580433.000108"
    },
    {
        "text": "",
        "bot_id": "B0528KAQ5",
        "mrkdwn": true,
        "attachments": [
            {
                "fallback": "Card moved: \"<https:\/\/trello.com\/c\/TMgo3iSU|Demo Paper: Section 2 First Draft (Technical problem we solve)>\" from list \"In Progress\" to list \"Done\"",
                "text": "Card moved: \"<https:\/\/trello.com\/c\/TMgo3iSU|Demo Paper: Section 2 First Draft (Technical problem we solve)>\" from list \"In Progress\" to list \"Done\"",
                "id": 1,
                "color": "8daec2",
                "mrkdwn_in": [
                    "text"
                ]
            }
        ],
        "type": "message",
        "subtype": "bot_message",
        "ts": "1439580456.000109"
    },
    {
        "text": "",
        "bot_id": "B0528KAQ5",
        "mrkdwn": true,
        "attachments": [
            {
                "fallback": "Card moved: \"<https:\/\/trello.com\/c\/EJn1wuno|Diagram in lieu of Larrys System Diagram>\" from list \"In Progress\" to list \"Done\"",
                "text": "Card moved: \"<https:\/\/trello.com\/c\/EJn1wuno|Diagram in lieu of Larrys System Diagram>\" from list \"In Progress\" to list \"Done\"",
                "id": 1,
                "color": "8daec2",
                "mrkdwn_in": [
                    "text"
                ]
            }
        ],
        "type": "message",
        "subtype": "bot_message",
        "ts": "1439580461.000110"
    },
    {
        "text": "",
        "bot_id": "B0528KAQ5",
        "mrkdwn": true,
        "attachments": [
            {
                "fallback": "Card moved: \"<https:\/\/trello.com\/c\/4C73qdzc|Choose reference style>\" from list \"In Progress\" to list \"Done\"",
                "text": "Card moved: \"<https:\/\/trello.com\/c\/4C73qdzc|Choose reference style>\" from list \"In Progress\" to list \"Done\"",
                "id": 1,
                "color": "8daec2",
                "mrkdwn_in": [
                    "text"
                ]
            }
        ],
        "type": "message",
        "subtype": "bot_message",
        "ts": "1439580464.000111"
    },
    {
        "text": "",
        "bot_id": "B0528KAQ5",
        "mrkdwn": true,
        "attachments": [
            {
                "fallback": "Card moved: \"<https:\/\/trello.com\/c\/i6V8Smpb|Hide section headings, read over doc without section headings>\" from list \"In Progress\" to list \"Done\"",
                "text": "Card moved: \"<https:\/\/trello.com\/c\/i6V8Smpb|Hide section headings, read over doc without section headings>\" from list \"In Progress\" to list \"Done\"",
                "id": 1,
                "color": "8daec2",
                "mrkdwn_in": [
                    "text"
                ]
            }
        ],
        "type": "message",
        "subtype": "bot_message",
        "ts": "1439580468.000112"
    },
    {
        "text": "",
        "bot_id": "B0528KAQ5",
        "mrkdwn": true,
        "attachments": [
            {
                "fallback": "Card moved: \"<https:\/\/trello.com\/c\/Gvuj75If|Update Reflections - working with people>\" from list \"In Progress\" to list \"Done\"",
                "text": "Card moved: \"<https:\/\/trello.com\/c\/Gvuj75If|Update Reflections - working with people>\" from list \"In Progress\" to list \"Done\"",
                "id": 1,
                "color": "8daec2",
                "mrkdwn_in": [
                    "text"
                ]
            }
        ],
        "type": "message",
        "subtype": "bot_message",
        "ts": "1439580474.000113"
    },
    {
        "text": "",
        "bot_id": "B0528KAQ5",
        "mrkdwn": true,
        "attachments": [
            {
                "fallback": "no time for this I think",
                "text": "no time for this I think",
                "pretext": "New comment on card \"<https:\/\/trello.com\/c\/WOYt9YsY|Improve the way articles are shown to users who aren't logged in - use some ranking>\" by Neil Grogan",
                "id": 1,
                "color": "8daec2"
            }
        ],
        "type": "message",
        "subtype": "bot_message",
        "ts": "1439580497.000114"
    },
    {
        "text": "",
        "bot_id": "B0528KAQ5",
        "mrkdwn": true,
        "attachments": [
            {
                "fallback": "Card moved: \"<https:\/\/trello.com\/c\/WOYt9YsY|Improve the way articles are shown to users who aren't logged in - use some ranking>\" from list \"In Progress\" to list \"Done\"",
                "text": "Card moved: \"<https:\/\/trello.com\/c\/WOYt9YsY|Improve the way articles are shown to users who aren't logged in - use some ranking>\" from list \"In Progress\" to list \"Done\"",
                "id": 1,
                "color": "8daec2",
                "mrkdwn_in": [
                    "text"
                ]
            }
        ],
        "type": "message",
        "subtype": "bot_message",
        "ts": "1439580507.000115"
    },
    {
        "text": "",
        "bot_id": "B0528KAQ5",
        "mrkdwn": true,
        "attachments": [
            {
                "fallback": "Card moved: \"<https:\/\/trello.com\/c\/ktCbrOYa|Landing page skip twitter sign in>\" from list \"In Progress\" to list \"Done\"",
                "text": "Card moved: \"<https:\/\/trello.com\/c\/ktCbrOYa|Landing page skip twitter sign in>\" from list \"In Progress\" to list \"Done\"",
                "id": 1,
                "color": "8daec2",
                "mrkdwn_in": [
                    "text"
                ]
            }
        ],
        "type": "message",
        "subtype": "bot_message",
        "ts": "1439580526.000116"
    },
    {
        "text": "",
        "bot_id": "B0528KAQ5",
        "mrkdwn": true,
        "attachments": [
            {
                "fallback": "Card moved: \"<https:\/\/trello.com\/c\/QisSLuEp|Update References - UI Resources>\" from list \"In Progress\" to list \"Done\"",
                "text": "Card moved: \"<https:\/\/trello.com\/c\/QisSLuEp|Update References - UI Resources>\" from list \"In Progress\" to list \"Done\"",
                "id": 1,
                "color": "8daec2",
                "mrkdwn_in": [
                    "text"
                ]
            }
        ],
        "type": "message",
        "subtype": "bot_message",
        "ts": "1439580548.000117"
    },
    {
        "text": "",
        "bot_id": "B0528KAQ5",
        "mrkdwn": true,
        "attachments": [
            {
                "fallback": "Card moved: \"<https:\/\/trello.com\/c\/aYr0tQSN|UX: Elicit user feedback>\" from list \"In Progress\" to list \"Done\"",
                "text": "Card moved: \"<https:\/\/trello.com\/c\/aYr0tQSN|UX: Elicit user feedback>\" from list \"In Progress\" to list \"Done\"",
                "id": 1,
                "color": "8daec2",
                "mrkdwn_in": [
                    "text"
                ]
            }
        ],
        "type": "message",
        "subtype": "bot_message",
        "ts": "1439580554.000118"
    },
    {
        "text": "",
        "bot_id": "B0528KAQ5",
        "mrkdwn": true,
        "attachments": [
            {
                "fallback": "New card \"<https:\/\/trello.com\/c\/2czeQMZP|BUG: Number of personal articles is less than configured. (This is due to excluding latest).>\" added to list \"<https:\/\/trello.com\/b\/m8682AdS|In Progress>\"",
                "text": "New card \"<https:\/\/trello.com\/c\/2czeQMZP|BUG: Number of personal articles is less than configured. (This is due to excluding latest).>\" added to list \"<https:\/\/trello.com\/b\/m8682AdS|In Progress>\"",
                "id": 1,
                "color": "8daec2"
            }
        ],
        "type": "message",
        "subtype": "bot_message",
        "ts": "1439594932.000119"
    },
    {
        "text": "",
        "bot_id": "B0528KAQ5",
        "mrkdwn": true,
        "attachments": [
            {
                "fallback": "*Labels:* Bug",
                "text": "*Labels:* Bug",
                "pretext": "Label \"Bug\" added to card \"<https:\/\/trello.com\/c\/2czeQMZP|BUG: Number of personal articles is less than configured. (This is due to excluding latest).>\"",
                "id": 1,
                "color": "8daec2",
                "mrkdwn_in": [
                    "text"
                ]
            }
        ],
        "type": "message",
        "subtype": "bot_message",
        "ts": "1439594937.000120"
    },
    {
        "text": "",
        "bot_id": "B0528KAQ5",
        "mrkdwn": true,
        "attachments": [
            {
                "fallback": "New member <https:\/\/trello.com\/larryoshea|Larry O'Shea> added to card \"<https:\/\/trello.com\/c\/2czeQMZP|BUG: Number of personal articles is less than configured. (This is due to excluding latest).>\"",
                "text": "New member <https:\/\/trello.com\/larryoshea|Larry O'Shea> added to card \"<https:\/\/trello.com\/c\/2czeQMZP|BUG: Number of personal articles is less than configured. (This is due to excluding latest).>\"",
                "id": 1,
                "color": "8daec2"
            }
        ],
        "type": "message",
        "subtype": "bot_message",
        "ts": "1439594947.000121"
    },
    {
        "text": "",
        "bot_id": "B0528KAQ5",
        "mrkdwn": true,
        "attachments": [
            {
                "fallback": "Card moved: \"<https:\/\/trello.com\/c\/wV5RFtQZ|Testing: Do a testing session where we all login and click on Articles to make sure website is responsive>\" from list \"In Progress\" to list \"Done\"",
                "text": "Card moved: \"<https:\/\/trello.com\/c\/wV5RFtQZ|Testing: Do a testing session where we all login and click on Articles to make sure website is responsive>\" from list \"In Progress\" to list \"Done\"",
                "id": 1,
                "color": "8daec2",
                "mrkdwn_in": [
                    "text"
                ]
            }
        ],
        "type": "message",
        "subtype": "bot_message",
        "ts": "1439594957.000122"
    },
    {
        "text": "",
        "bot_id": "B0528KAQ5",
        "mrkdwn": true,
        "attachments": [
            {
                "fallback": "Card moved: \"<https:\/\/trello.com\/c\/fkn5IO31|Change to consider all articles - and ranking by default - and storing 10 then>\" from list \"In Progress\" to list \"Review\/Testing\"",
                "text": "Card moved: \"<https:\/\/trello.com\/c\/fkn5IO31|Change to consider all articles - and ranking by default - and storing 10 then>\" from list \"In Progress\" to list \"Review\/Testing\"",
                "id": 1,
                "color": "8daec2",
                "mrkdwn_in": [
                    "text"
                ]
            }
        ],
        "type": "message",
        "subtype": "bot_message",
        "ts": "1439594981.000123"
    },
    {
        "text": "",
        "bot_id": "B0528KAQ5",
        "mrkdwn": true,
        "attachments": [
            {
                "fallback": "Card moved: \"<https:\/\/trello.com\/c\/iZC8WM0x|Review KW extraction to see how it could be improved>\" from list \"In Progress\" to list \"Done\"",
                "text": "Card moved: \"<https:\/\/trello.com\/c\/iZC8WM0x|Review KW extraction to see how it could be improved>\" from list \"In Progress\" to list \"Done\"",
                "id": 1,
                "color": "8daec2",
                "mrkdwn_in": [
                    "text"
                ]
            }
        ],
        "type": "message",
        "subtype": "bot_message",
        "ts": "1439595001.000124"
    },
    {
        "text": "",
        "bot_id": "B0528KAQ5",
        "mrkdwn": true,
        "attachments": [
            {
                "fallback": "New card \"<https:\/\/trello.com\/c\/85XfifTO|On page refresh scrolling to top - bad UX experience>\" added to list \"<https:\/\/trello.com\/b\/m8682AdS|Sprint Backlog>\"",
                "text": "New card \"<https:\/\/trello.com\/c\/85XfifTO|On page refresh scrolling to top - bad UX experience>\" added to list \"<https:\/\/trello.com\/b\/m8682AdS|Sprint Backlog>\"",
                "id": 1,
                "color": "8daec2"
            }
        ],
        "type": "message",
        "subtype": "bot_message",
        "ts": "1439620997.000125"
    },
    {
        "text": "",
        "bot_id": "B0528KAQ5",
        "mrkdwn": true,
        "attachments": [
            {
                "fallback": "New member <https:\/\/trello.com\/garrydavitt|Garry Davitt> added to card \"<https:\/\/trello.com\/c\/85XfifTO|On page refresh scrolling to top - bad UX experience>\"",
                "text": "New member <https:\/\/trello.com\/garrydavitt|Garry Davitt> added to card \"<https:\/\/trello.com\/c\/85XfifTO|On page refresh scrolling to top - bad UX experience>\"",
                "id": 1,
                "color": "8daec2"
            }
        ],
        "type": "message",
        "subtype": "bot_message",
        "ts": "1439621002.000126"
    },
    {
        "text": "",
        "bot_id": "B0528KAQ5",
        "mrkdwn": true,
        "attachments": [
            {
                "fallback": "*Labels:* Bug",
                "text": "*Labels:* Bug",
                "pretext": "Label \"Bug\" added to card \"<https:\/\/trello.com\/c\/85XfifTO|On page refresh scrolling to top - bad UX experience>\"",
                "id": 1,
                "color": "8daec2",
                "mrkdwn_in": [
                    "text"
                ]
            }
        ],
        "type": "message",
        "subtype": "bot_message",
        "ts": "1439621007.000127"
    }
]