[
    {
        "text": "",
        "bot_id": "B0528KAQ5",
        "mrkdwn": true,
        "attachments": [
            {
                "fallback": "Card moved: \"<https:\/\/trello.com\/c\/xu9gt0zo|User Accounts: Add login button>\" from list \"In progress\" to list \"Review\/Testing\"",
                "text": "Card moved: \"<https:\/\/trello.com\/c\/xu9gt0zo|User Accounts: Add login button>\" from list \"In progress\" to list \"Review\/Testing\"",
                "id": 1,
                "color": "8daec2",
                "mrkdwn_in": [
                    "text"
                ]
            }
        ],
        "type": "message",
        "subtype": "bot_message",
        "ts": "1434881687.000034"
    },
    {
        "text": "",
        "bot_id": "B0528KAQ5",
        "mrkdwn": true,
        "attachments": [
            {
                "fallback": "Card moved: \"<https:\/\/trello.com\/c\/i1yfgkIn|User Accounts: Create Django admin interface>\" from list \"In progress\" to list \"Review\/Testing\"",
                "text": "Card moved: \"<https:\/\/trello.com\/c\/i1yfgkIn|User Accounts: Create Django admin interface>\" from list \"In progress\" to list \"Review\/Testing\"",
                "id": 1,
                "color": "8daec2",
                "mrkdwn_in": [
                    "text"
                ]
            }
        ],
        "type": "message",
        "subtype": "bot_message",
        "ts": "1434881690.000035"
    },
    {
        "text": "",
        "bot_id": "B0528KAQ5",
        "mrkdwn": true,
        "attachments": [
            {
                "fallback": "Card moved: \"<https:\/\/trello.com\/c\/AzGQZyGc|User Accounts: Store user credentials in DB>\" from list \"In progress\" to list \"Review\/Testing\"",
                "text": "Card moved: \"<https:\/\/trello.com\/c\/AzGQZyGc|User Accounts: Store user credentials in DB>\" from list \"In progress\" to list \"Review\/Testing\"",
                "id": 1,
                "color": "8daec2",
                "mrkdwn_in": [
                    "text"
                ]
            }
        ],
        "type": "message",
        "subtype": "bot_message",
        "ts": "1434881693.000036"
    },
    {
        "text": "",
        "bot_id": "B0528KAQ5",
        "mrkdwn": true,
        "attachments": [
            {
                "fallback": "Card moved: \"<https:\/\/trello.com\/c\/9Rd91hgQ|User Accounts: Allow editing of users from Django admin>\" from list \"In progress\" to list \"Review\/Testing\"",
                "text": "Card moved: \"<https:\/\/trello.com\/c\/9Rd91hgQ|User Accounts: Allow editing of users from Django admin>\" from list \"In progress\" to list \"Review\/Testing\"",
                "id": 1,
                "color": "8daec2",
                "mrkdwn_in": [
                    "text"
                ]
            }
        ],
        "type": "message",
        "subtype": "bot_message",
        "ts": "1434881698.000037"
    },
    {
        "text": "",
        "bot_id": "B0528KAQ5",
        "mrkdwn": true,
        "attachments": [
            {
                "fallback": "Card moved: \"<https:\/\/trello.com\/c\/Jwj524ox|User Accounts: Create User Model in Django (store only twitter cred)>\" from list \"In progress\" to list \"Review\/Testing\"",
                "text": "Card moved: \"<https:\/\/trello.com\/c\/Jwj524ox|User Accounts: Create User Model in Django (store only twitter cred)>\" from list \"In progress\" to list \"Review\/Testing\"",
                "id": 1,
                "color": "8daec2",
                "mrkdwn_in": [
                    "text"
                ]
            }
        ],
        "type": "message",
        "subtype": "bot_message",
        "ts": "1434881707.000038"
    },
    {
        "text": "",
        "bot_id": "B0528KAQ5",
        "mrkdwn": true,
        "attachments": [
            {
                "fallback": "New member <https:\/\/trello.com\/larryoshea|Larry O'Shea> added to card \"<https:\/\/trello.com\/c\/8Za815pc|NLP Extract Keywords\/topics Do NLP on articles and extract keywords - iPython Notebook?>\"",
                "text": "New member <https:\/\/trello.com\/larryoshea|Larry O'Shea> added to card \"<https:\/\/trello.com\/c\/8Za815pc|NLP Extract Keywords\/topics Do NLP on articles and extract keywords - iPython Notebook?>\"",
                "id": 1,
                "color": "8daec2"
            }
        ],
        "type": "message",
        "subtype": "bot_message",
        "ts": "1434885264.000039"
    },
    {
        "text": "",
        "bot_id": "B0528KAQ5",
        "mrkdwn": true,
        "attachments": [
            {
                "fallback": "Card moved: \"<https:\/\/trello.com\/c\/8Za815pc|NLP Extract Keywords\/topics Do NLP on articles and extract keywords - iPython Notebook?>\" from list \"Sprint Backlog\" to list \"In progress\"",
                "text": "Card moved: \"<https:\/\/trello.com\/c\/8Za815pc|NLP Extract Keywords\/topics Do NLP on articles and extract keywords - iPython Notebook?>\" from list \"Sprint Backlog\" to list \"In progress\"",
                "id": 1,
                "color": "8daec2",
                "mrkdwn_in": [
                    "text"
                ]
            }
        ],
        "type": "message",
        "subtype": "bot_message",
        "ts": "1434885288.000040"
    },
    {
        "text": "",
        "bot_id": "B0528KAQ5",
        "mrkdwn": true,
        "attachments": [
            {
                "fallback": "Card moved: \"<https:\/\/trello.com\/c\/INi1cOCW|Celery spike - Task Processing (spike)>\" from list \"Blocked\" to list \"In progress\"",
                "text": "Card moved: \"<https:\/\/trello.com\/c\/INi1cOCW|Celery spike - Task Processing (spike)>\" from list \"Blocked\" to list \"In progress\"",
                "id": 1,
                "color": "8daec2",
                "mrkdwn_in": [
                    "text"
                ]
            }
        ],
        "type": "message",
        "subtype": "bot_message",
        "ts": "1434891964.000041"
    },
    {
        "text": "",
        "bot_id": "B0528KAQ5",
        "mrkdwn": true,
        "attachments": [
            {
                "fallback": "@iberdnikov : checkout feature\/celery branch, we've got tasks working. Can you investigate how we'll process RSS with celery?",
                "text": "@iberdnikov : checkout feature\/celery branch, we've got tasks working. Can you investigate how we'll process RSS with celery?",
                "pretext": "New comment on card \"<https:\/\/trello.com\/c\/V42z1rFq|Analysis Review: RSS Feed processing architecture>\" by Neil Grogan",
                "id": 1,
                "color": "8daec2"
            }
        ],
        "type": "message",
        "subtype": "bot_message",
        "ts": "1434893113.000042"
    },
    {
        "text": "",
        "bot_id": "B0528KAQ5",
        "mrkdwn": true,
        "attachments": [
            {
                "fallback": "New card \"<https:\/\/trello.com\/c\/rUl7HeqT|If you login from 2 browsers you get 2 duplicate entries in the User Profile table>\" added to list \"<https:\/\/trello.com\/b\/RUT25DlJ|BUGS>\"",
                "text": "New card \"<https:\/\/trello.com\/c\/rUl7HeqT|If you login from 2 browsers you get 2 duplicate entries in the User Profile table>\" added to list \"<https:\/\/trello.com\/b\/RUT25DlJ|BUGS>\"",
                "id": 1,
                "color": "8daec2"
            }
        ],
        "type": "message",
        "subtype": "bot_message",
        "ts": "1434907950.000043"
    },
    {
        "text": "",
        "bot_id": "B0528KAQ5",
        "mrkdwn": true,
        "attachments": [
            {
                "fallback": "New member <https:\/\/trello.com\/larryoshea|Larry O'Shea> added to card \"<https:\/\/trello.com\/c\/rUl7HeqT|If you login from 2 browsers you get 2 duplicate entries in the User Profile table>\"",
                "text": "New member <https:\/\/trello.com\/larryoshea|Larry O'Shea> added to card \"<https:\/\/trello.com\/c\/rUl7HeqT|If you login from 2 browsers you get 2 duplicate entries in the User Profile table>\"",
                "id": 1,
                "color": "8daec2"
            }
        ],
        "type": "message",
        "subtype": "bot_message",
        "ts": "1434907959.000044"
    },
    {
        "text": "",
        "bot_id": "B0528KAQ5",
        "mrkdwn": true,
        "attachments": [
            {
                "fallback": "Card moved: \"<https:\/\/trello.com\/c\/yQGzzxVv|User Accounts: Get tokens from twitter (Authenticate Twitter user)>\" from list \"Review\/Testing\" to list \"Live\/Done\"",
                "text": "Card moved: \"<https:\/\/trello.com\/c\/yQGzzxVv|User Accounts: Get tokens from twitter (Authenticate Twitter user)>\" from list \"Review\/Testing\" to list \"Live\/Done\"",
                "id": 1,
                "color": "8daec2",
                "mrkdwn_in": [
                    "text"
                ]
            }
        ],
        "type": "message",
        "subtype": "bot_message",
        "ts": "1434914900.000045"
    },
    {
        "text": "",
        "bot_id": "B0528KAQ5",
        "mrkdwn": true,
        "attachments": [
            {
                "fallback": "Card moved: \"<https:\/\/trello.com\/c\/xu9gt0zo|User Accounts: Add login button>\" from list \"Review\/Testing\" to list \"Live\/Done\"",
                "text": "Card moved: \"<https:\/\/trello.com\/c\/xu9gt0zo|User Accounts: Add login button>\" from list \"Review\/Testing\" to list \"Live\/Done\"",
                "id": 1,
                "color": "8daec2",
                "mrkdwn_in": [
                    "text"
                ]
            }
        ],
        "type": "message",
        "subtype": "bot_message",
        "ts": "1434914903.000046"
    },
    {
        "text": "",
        "bot_id": "B0528KAQ5",
        "mrkdwn": true,
        "attachments": [
            {
                "fallback": "Card moved: \"<https:\/\/trello.com\/c\/i1yfgkIn|User Accounts: Create Django admin interface>\" from list \"Review\/Testing\" to list \"Live\/Done\"",
                "text": "Card moved: \"<https:\/\/trello.com\/c\/i1yfgkIn|User Accounts: Create Django admin interface>\" from list \"Review\/Testing\" to list \"Live\/Done\"",
                "id": 1,
                "color": "8daec2",
                "mrkdwn_in": [
                    "text"
                ]
            }
        ],
        "type": "message",
        "subtype": "bot_message",
        "ts": "1434914905.000047"
    },
    {
        "text": "",
        "bot_id": "B0528KAQ5",
        "mrkdwn": true,
        "attachments": [
            {
                "fallback": "Card moved: \"<https:\/\/trello.com\/c\/AzGQZyGc|User Accounts: Store user credentials in DB>\" from list \"Review\/Testing\" to list \"Live\/Done\"",
                "text": "Card moved: \"<https:\/\/trello.com\/c\/AzGQZyGc|User Accounts: Store user credentials in DB>\" from list \"Review\/Testing\" to list \"Live\/Done\"",
                "id": 1,
                "color": "8daec2",
                "mrkdwn_in": [
                    "text"
                ]
            }
        ],
        "type": "message",
        "subtype": "bot_message",
        "ts": "1434914907.000048"
    },
    {
        "text": "",
        "bot_id": "B0528KAQ5",
        "mrkdwn": true,
        "attachments": [
            {
                "fallback": "Card moved: \"<https:\/\/trello.com\/c\/9Rd91hgQ|User Accounts: Allow editing of users from Django admin>\" from list \"Review\/Testing\" to list \"Live\/Done\"",
                "text": "Card moved: \"<https:\/\/trello.com\/c\/9Rd91hgQ|User Accounts: Allow editing of users from Django admin>\" from list \"Review\/Testing\" to list \"Live\/Done\"",
                "id": 1,
                "color": "8daec2",
                "mrkdwn_in": [
                    "text"
                ]
            }
        ],
        "type": "message",
        "subtype": "bot_message",
        "ts": "1434914909.000049"
    },
    {
        "text": "",
        "bot_id": "B0528KAQ5",
        "mrkdwn": true,
        "attachments": [
            {
                "fallback": "Card moved: \"<https:\/\/trello.com\/c\/Jwj524ox|User Accounts: Create User Model in Django (store only twitter cred)>\" from list \"Review\/Testing\" to list \"Live\/Done\"",
                "text": "Card moved: \"<https:\/\/trello.com\/c\/Jwj524ox|User Accounts: Create User Model in Django (store only twitter cred)>\" from list \"Review\/Testing\" to list \"Live\/Done\"",
                "id": 1,
                "color": "8daec2",
                "mrkdwn_in": [
                    "text"
                ]
            }
        ],
        "type": "message",
        "subtype": "bot_message",
        "ts": "1434914911.000050"
    },
    {
        "text": "",
        "bot_id": "B0528KAQ5",
        "mrkdwn": true,
        "attachments": [
            {
                "fallback": "Card renamed from \"If you login from 2 browsers you get 2 duplicate entries in the User Profile table\" to \"<https:\/\/trello.com\/c\/rUl7HeqT|BUG: If you login from 2 browsers you get 2 duplicate entries in the User Profile table>\"",
                "text": "Card renamed from \"If you login from 2 browsers you get 2 duplicate entries in the User Profile table\" to \"<https:\/\/trello.com\/c\/rUl7HeqT|BUG: If you login from 2 browsers you get 2 duplicate entries in the User Profile table>\"",
                "id": 1,
                "color": "8daec2",
                "mrkdwn_in": [
                    "text"
                ]
            }
        ],
        "type": "message",
        "subtype": "bot_message",
        "ts": "1434918510.000051"
    },
    {
        "text": "",
        "bot_id": "B0528KAQ5",
        "mrkdwn": true,
        "attachments": [
            {
                "fallback": "Card moved: \"<https:\/\/trello.com\/c\/rUl7HeqT|BUG: If you login from 2 browsers you get 2 duplicate entries in the User Profile table>\" from list \"BUGS\" to list \"Sprint Backlog\"",
                "text": "Card moved: \"<https:\/\/trello.com\/c\/rUl7HeqT|BUG: If you login from 2 browsers you get 2 duplicate entries in the User Profile table>\" from list \"BUGS\" to list \"Sprint Backlog\"",
                "id": 1,
                "color": "8daec2",
                "mrkdwn_in": [
                    "text"
                ]
            }
        ],
        "type": "message",
        "subtype": "bot_message",
        "ts": "1434918513.000052"
    },
    {
        "text": "",
        "bot_id": "B0528KAQ5",
        "mrkdwn": true,
        "attachments": [
            {
                "fallback": "*Labels:* Bug",
                "text": "*Labels:* Bug",
                "pretext": "Label \"Bug\" added to card \"<https:\/\/trello.com\/c\/rUl7HeqT|BUG: If you login from 2 browsers you get 2 duplicate entries in the User Profile table>\"",
                "id": 1,
                "color": "8daec2",
                "mrkdwn_in": [
                    "text"
                ]
            }
        ],
        "type": "message",
        "subtype": "bot_message",
        "ts": "1434918525.000053"
    },
    {
        "text": "",
        "bot_id": "B0528KAQ5",
        "mrkdwn": true,
        "attachments": [
            {
                "fallback": "Card moved: \"<https:\/\/trello.com\/c\/JPRSlc3K|Investigate Basecamp>\" moved to board \"<https:\/\/trello.com\/b\/RUT25DlJ|Sprint 1 Black Team (Ends 30\/06\/15)>\" from board \"MSc Project\"",
                "text": "Card moved: \"<https:\/\/trello.com\/c\/JPRSlc3K|Investigate Basecamp>\" moved to board \"<https:\/\/trello.com\/b\/RUT25DlJ|Sprint 1 Black Team (Ends 30\/06\/15)>\" from board \"MSc Project\"",
                "id": 1,
                "color": "8daec2"
            }
        ],
        "type": "message",
        "subtype": "bot_message",
        "ts": "1434918590.000054"
    },
    {
        "text": "",
        "bot_id": "B0528KAQ5",
        "mrkdwn": true,
        "attachments": [
            {
                "fallback": "Card moved: \"<https:\/\/trello.com\/c\/L7XhzkBD|Research Reddit API>\" moved to board \"<https:\/\/trello.com\/b\/RUT25DlJ|Sprint 1 Black Team (Ends 30\/06\/15)>\" from board \"MSc Project\"",
                "text": "Card moved: \"<https:\/\/trello.com\/c\/L7XhzkBD|Research Reddit API>\" moved to board \"<https:\/\/trello.com\/b\/RUT25DlJ|Sprint 1 Black Team (Ends 30\/06\/15)>\" from board \"MSc Project\"",
                "id": 1,
                "color": "8daec2"
            }
        ],
        "type": "message",
        "subtype": "bot_message",
        "ts": "1434918605.000055"
    },
    {
        "text": "",
        "bot_id": "B0528KAQ5",
        "mrkdwn": true,
        "attachments": [
            {
                "fallback": "Card moved: \"<https:\/\/trello.com\/c\/41SpXO7q|Git Branching Strategy>\" moved to board \"<https:\/\/trello.com\/b\/RUT25DlJ|Sprint 1 Black Team (Ends 30\/06\/15)>\" from board \"MSc Project\"",
                "text": "Card moved: \"<https:\/\/trello.com\/c\/41SpXO7q|Git Branching Strategy>\" moved to board \"<https:\/\/trello.com\/b\/RUT25DlJ|Sprint 1 Black Team (Ends 30\/06\/15)>\" from board \"MSc Project\"",
                "id": 1,
                "color": "8daec2"
            }
        ],
        "type": "message",
        "subtype": "bot_message",
        "ts": "1434918641.000056"
    },
    {
        "text": "",
        "bot_id": "B0528KAQ5",
        "mrkdwn": true,
        "attachments": [
            {
                "fallback": "Card moved: \"<https:\/\/trello.com\/c\/jLKNqiSR|Product Versioning Strategy>\" moved to board \"<https:\/\/trello.com\/b\/RUT25DlJ|Sprint 1 Black Team (Ends 30\/06\/15)>\" from board \"MSc Project\"",
                "text": "Card moved: \"<https:\/\/trello.com\/c\/jLKNqiSR|Product Versioning Strategy>\" moved to board \"<https:\/\/trello.com\/b\/RUT25DlJ|Sprint 1 Black Team (Ends 30\/06\/15)>\" from board \"MSc Project\"",
                "id": 1,
                "color": "8daec2"
            }
        ],
        "type": "message",
        "subtype": "bot_message",
        "ts": "1434918651.000057"
    },
    {
        "text": "",
        "bot_id": "B0528KAQ5",
        "mrkdwn": true,
        "attachments": [
            {
                "fallback": "Card moved: \"<https:\/\/trello.com\/c\/Id1BmaHw|Investigate Deployment Options>\" moved to board \"<https:\/\/trello.com\/b\/RUT25DlJ|Sprint 1 Black Team (Ends 30\/06\/15)>\" from board \"MSc Project\"",
                "text": "Card moved: \"<https:\/\/trello.com\/c\/Id1BmaHw|Investigate Deployment Options>\" moved to board \"<https:\/\/trello.com\/b\/RUT25DlJ|Sprint 1 Black Team (Ends 30\/06\/15)>\" from board \"MSc Project\"",
                "id": 1,
                "color": "8daec2"
            }
        ],
        "type": "message",
        "subtype": "bot_message",
        "ts": "1434918668.000058"
    },
    {
        "text": "",
        "bot_id": "B0528KAQ5",
        "mrkdwn": true,
        "attachments": [
            {
                "fallback": "Card moved: \"<https:\/\/trello.com\/c\/Rkz8C3wI|UI prototype>\" moved to board \"<https:\/\/trello.com\/b\/RUT25DlJ|Sprint 1 Black Team (Ends 30\/06\/15)>\" from board \"MSc Project\"",
                "text": "Card moved: \"<https:\/\/trello.com\/c\/Rkz8C3wI|UI prototype>\" moved to board \"<https:\/\/trello.com\/b\/RUT25DlJ|Sprint 1 Black Team (Ends 30\/06\/15)>\" from board \"MSc Project\"",
                "id": 1,
                "color": "8daec2"
            }
        ],
        "type": "message",
        "subtype": "bot_message",
        "ts": "1434918681.000059"
    },
    {
        "text": "",
        "bot_id": "B0528KAQ5",
        "mrkdwn": true,
        "attachments": [
            {
                "fallback": "Card moved: \"<https:\/\/trello.com\/c\/ApfmT4z3|Research Twitter API>\" moved to board \"<https:\/\/trello.com\/b\/RUT25DlJ|Sprint 1 Black Team (Ends 30\/06\/15)>\" from board \"MSc Project\"",
                "text": "Card moved: \"<https:\/\/trello.com\/c\/ApfmT4z3|Research Twitter API>\" moved to board \"<https:\/\/trello.com\/b\/RUT25DlJ|Sprint 1 Black Team (Ends 30\/06\/15)>\" from board \"MSc Project\"",
                "id": 1,
                "color": "8daec2"
            }
        ],
        "type": "message",
        "subtype": "bot_message",
        "ts": "1434918694.000060"
    },
    {
        "text": "",
        "bot_id": "B0528KAQ5",
        "mrkdwn": true,
        "attachments": [
            {
                "fallback": "Card moved: \"<https:\/\/trello.com\/c\/7LF0mjTm|Easy Way to run iPython notebook to do test code we can share (as notebooks)>\" moved to board \"<https:\/\/trello.com\/b\/RUT25DlJ|Sprint 1 Black Team (Ends 30\/06\/15)>\" from board \"MSc Project\"",
                "text": "Card moved: \"<https:\/\/trello.com\/c\/7LF0mjTm|Easy Way to run iPython notebook to do test code we can share (as notebooks)>\" moved to board \"<https:\/\/trello.com\/b\/RUT25DlJ|Sprint 1 Black Team (Ends 30\/06\/15)>\" from board \"MSc Project\"",
                "id": 1,
                "color": "8daec2"
            }
        ],
        "type": "message",
        "subtype": "bot_message",
        "ts": "1434918718.000061"
    },
    {
        "text": "",
        "bot_id": "B0528KAQ5",
        "mrkdwn": true,
        "attachments": [
            {
                "fallback": "Card moved: \"<https:\/\/trello.com\/c\/zLluVSH6|Checklist for Tuesday 2nd June>\" moved to board \"<https:\/\/trello.com\/b\/RUT25DlJ|Sprint 1 Black Team (Ends 30\/06\/15)>\" from board \"MSc Project\"",
                "text": "Card moved: \"<https:\/\/trello.com\/c\/zLluVSH6|Checklist for Tuesday 2nd June>\" moved to board \"<https:\/\/trello.com\/b\/RUT25DlJ|Sprint 1 Black Team (Ends 30\/06\/15)>\" from board \"MSc Project\"",
                "id": 1,
                "color": "8daec2"
            }
        ],
        "type": "message",
        "subtype": "bot_message",
        "ts": "1434918727.000062"
    },
    {
        "text": "",
        "bot_id": "B0528KAQ5",
        "mrkdwn": true,
        "attachments": [
            {
                "fallback": "Card moved: \"<https:\/\/trello.com\/c\/l0GLHUxr|Create Business Model Template>\" moved to board \"<https:\/\/trello.com\/b\/RUT25DlJ|Sprint 1 Black Team (Ends 30\/06\/15)>\" from board \"MSc Project\"",
                "text": "Card moved: \"<https:\/\/trello.com\/c\/l0GLHUxr|Create Business Model Template>\" moved to board \"<https:\/\/trello.com\/b\/RUT25DlJ|Sprint 1 Black Team (Ends 30\/06\/15)>\" from board \"MSc Project\"",
                "id": 1,
                "color": "8daec2"
            }
        ],
        "type": "message",
        "subtype": "bot_message",
        "ts": "1434918741.000063"
    },
    {
        "text": "",
        "bot_id": "B0528KAQ5",
        "mrkdwn": true,
        "attachments": [
            {
                "fallback": "Card moved: \"<https:\/\/trello.com\/c\/XWbCwUa0|Get up and running with UCD github>\" moved to board \"<https:\/\/trello.com\/b\/RUT25DlJ|Sprint 1 Black Team (Ends 30\/06\/15)>\" from board \"MSc Project\"",
                "text": "Card moved: \"<https:\/\/trello.com\/c\/XWbCwUa0|Get up and running with UCD github>\" moved to board \"<https:\/\/trello.com\/b\/RUT25DlJ|Sprint 1 Black Team (Ends 30\/06\/15)>\" from board \"MSc Project\"",
                "id": 1,
                "color": "8daec2"
            }
        ],
        "type": "message",
        "subtype": "bot_message",
        "ts": "1434918751.000064"
    },
    {
        "text": "",
        "bot_id": "B0528KAQ5",
        "mrkdwn": true,
        "attachments": [
            {
                "fallback": "Card moved: \"<https:\/\/trello.com\/c\/99nqonvU|Project Meeting - Thursday 28th May>\" moved to board \"<https:\/\/trello.com\/b\/RUT25DlJ|Sprint 1 Black Team (Ends 30\/06\/15)>\" from board \"MSc Project\"",
                "text": "Card moved: \"<https:\/\/trello.com\/c\/99nqonvU|Project Meeting - Thursday 28th May>\" moved to board \"<https:\/\/trello.com\/b\/RUT25DlJ|Sprint 1 Black Team (Ends 30\/06\/15)>\" from board \"MSc Project\"",
                "id": 1,
                "color": "8daec2"
            }
        ],
        "type": "message",
        "subtype": "bot_message",
        "ts": "1434918766.000065"
    },
    {
        "text": "",
        "bot_id": "B0528KAQ5",
        "mrkdwn": true,
        "attachments": [
            {
                "fallback": "Card moved: \"<https:\/\/trello.com\/c\/SPNI38hf|Finalize 3 Topics>\" moved to board \"<https:\/\/trello.com\/b\/RUT25DlJ|Sprint 1 Black Team (Ends 30\/06\/15)>\" from board \"MSc Project\"",
                "text": "Card moved: \"<https:\/\/trello.com\/c\/SPNI38hf|Finalize 3 Topics>\" moved to board \"<https:\/\/trello.com\/b\/RUT25DlJ|Sprint 1 Black Team (Ends 30\/06\/15)>\" from board \"MSc Project\"",
                "id": 1,
                "color": "8daec2"
            }
        ],
        "type": "message",
        "subtype": "bot_message",
        "ts": "1434918779.000066"
    },
    {
        "text": "",
        "bot_id": "B0528KAQ5",
        "mrkdwn": true,
        "attachments": [
            {
                "fallback": "Card moved: \"<https:\/\/trello.com\/c\/nXmTXZwg|submit shortlist of topics to GI by Monday>\" moved to board \"<https:\/\/trello.com\/b\/RUT25DlJ|Sprint 1 Black Team (Ends 30\/06\/15)>\" from board \"MSc Project\"",
                "text": "Card moved: \"<https:\/\/trello.com\/c\/nXmTXZwg|submit shortlist of topics to GI by Monday>\" moved to board \"<https:\/\/trello.com\/b\/RUT25DlJ|Sprint 1 Black Team (Ends 30\/06\/15)>\" from board \"MSc Project\"",
                "id": 1,
                "color": "8daec2"
            }
        ],
        "type": "message",
        "subtype": "bot_message",
        "ts": "1434918789.000067"
    },
    {
        "text": "",
        "bot_id": "B0528KAQ5",
        "mrkdwn": true,
        "attachments": [
            {
                "fallback": "Card moved: \"<https:\/\/trello.com\/c\/SSXuQOlY|Get everyone to join Trello>\" moved to board \"<https:\/\/trello.com\/b\/RUT25DlJ|Sprint 1 Black Team (Ends 30\/06\/15)>\" from board \"MSc Project\"",
                "text": "Card moved: \"<https:\/\/trello.com\/c\/SSXuQOlY|Get everyone to join Trello>\" moved to board \"<https:\/\/trello.com\/b\/RUT25DlJ|Sprint 1 Black Team (Ends 30\/06\/15)>\" from board \"MSc Project\"",
                "id": 1,
                "color": "8daec2"
            }
        ],
        "type": "message",
        "subtype": "bot_message",
        "ts": "1434918797.000068"
    },
    {
        "text": "",
        "bot_id": "B0528KAQ5",
        "mrkdwn": true,
        "attachments": [
            {
                "fallback": "Card moved: \"<https:\/\/trello.com\/c\/FknbyhQw|Investigate Jenkins>\" moved to board \"<https:\/\/trello.com\/b\/RUT25DlJ|Sprint 1 Black Team (Ends 30\/06\/15)>\" from board \"MSc Project\"",
                "text": "Card moved: \"<https:\/\/trello.com\/c\/FknbyhQw|Investigate Jenkins>\" moved to board \"<https:\/\/trello.com\/b\/RUT25DlJ|Sprint 1 Black Team (Ends 30\/06\/15)>\" from board \"MSc Project\"",
                "id": 1,
                "color": "8daec2"
            }
        ],
        "type": "message",
        "subtype": "bot_message",
        "ts": "1434918805.000069"
    },
    {
        "text": "",
        "bot_id": "B0528KAQ5",
        "mrkdwn": true,
        "attachments": [
            {
                "fallback": "Card moved: \"<https:\/\/trello.com\/c\/rNCcIrkJ|Follow up about UCD VM>\" moved to board \"<https:\/\/trello.com\/b\/RUT25DlJ|Sprint 1 Black Team (Ends 30\/06\/15)>\" from board \"MSc Project\"",
                "text": "Card moved: \"<https:\/\/trello.com\/c\/rNCcIrkJ|Follow up about UCD VM>\" moved to board \"<https:\/\/trello.com\/b\/RUT25DlJ|Sprint 1 Black Team (Ends 30\/06\/15)>\" from board \"MSc Project\"",
                "id": 1,
                "color": "8daec2"
            }
        ],
        "type": "message",
        "subtype": "bot_message",
        "ts": "1434918824.000070"
    },
    {
        "text": "",
        "bot_id": "B0528KAQ5",
        "mrkdwn": true,
        "attachments": [
            {
                "fallback": "Card moved: \"<https:\/\/trello.com\/c\/kU78EvIw|Get Code Coverage for repo>\" moved to board \"<https:\/\/trello.com\/b\/RUT25DlJ|Sprint 1 Black Team (Ends 30\/06\/15)>\" from board \"MSc Project\"",
                "text": "Card moved: \"<https:\/\/trello.com\/c\/kU78EvIw|Get Code Coverage for repo>\" moved to board \"<https:\/\/trello.com\/b\/RUT25DlJ|Sprint 1 Black Team (Ends 30\/06\/15)>\" from board \"MSc Project\"",
                "id": 1,
                "color": "8daec2"
            }
        ],
        "type": "message",
        "subtype": "bot_message",
        "ts": "1434918833.000071"
    },
    {
        "text": "",
        "bot_id": "B0528KAQ5",
        "mrkdwn": true,
        "attachments": [
            {
                "fallback": "Card moved: \"<https:\/\/trello.com\/c\/i5kdO6RY|Investigate OpenShift>\" moved to board \"<https:\/\/trello.com\/b\/RUT25DlJ|Sprint 1 Black Team (Ends 30\/06\/15)>\" from board \"MSc Project\"",
                "text": "Card moved: \"<https:\/\/trello.com\/c\/i5kdO6RY|Investigate OpenShift>\" moved to board \"<https:\/\/trello.com\/b\/RUT25DlJ|Sprint 1 Black Team (Ends 30\/06\/15)>\" from board \"MSc Project\"",
                "id": 1,
                "color": "8daec2"
            }
        ],
        "type": "message",
        "subtype": "bot_message",
        "ts": "1434918842.000072"
    },
    {
        "text": "",
        "bot_id": "B0528KAQ5",
        "mrkdwn": true,
        "attachments": [
            {
                "fallback": "Card moved: \"<https:\/\/trello.com\/c\/FROHcqdQ|Use Twitter and Facebook>\" moved to board \"<https:\/\/trello.com\/b\/RUT25DlJ|Sprint 1 Black Team (Ends 30\/06\/15)>\" from board \"MSc Project\"",
                "text": "Card moved: \"<https:\/\/trello.com\/c\/FROHcqdQ|Use Twitter and Facebook>\" moved to board \"<https:\/\/trello.com\/b\/RUT25DlJ|Sprint 1 Black Team (Ends 30\/06\/15)>\" from board \"MSc Project\"",
                "id": 1,
                "color": "8daec2"
            }
        ],
        "type": "message",
        "subtype": "bot_message",
        "ts": "1434918850.000073"
    },
    {
        "text": "",
        "bot_id": "B0528KAQ5",
        "mrkdwn": true,
        "attachments": [
            {
                "fallback": "New member <https:\/\/trello.com\/neilgrogan|Neil Grogan> added to card \"<https:\/\/trello.com\/c\/kU78EvIw|Get Code Coverage for repo>\"",
                "text": "New member <https:\/\/trello.com\/neilgrogan|Neil Grogan> added to card \"<https:\/\/trello.com\/c\/kU78EvIw|Get Code Coverage for repo>\"",
                "id": 1,
                "color": "8daec2"
            }
        ],
        "type": "message",
        "subtype": "bot_message",
        "ts": "1434918947.000074"
    },
    {
        "text": "",
        "bot_id": "B0528KAQ5",
        "mrkdwn": true,
        "attachments": [
            {
                "fallback": "Card moved: \"<https:\/\/trello.com\/c\/USpRohPe|Store Keywords: Create a model for keywords>\" from list \"In progress\" to list \"Sprint Backlog\"",
                "text": "Card moved: \"<https:\/\/trello.com\/c\/USpRohPe|Store Keywords: Create a model for keywords>\" from list \"In progress\" to list \"Sprint Backlog\"",
                "id": 1,
                "color": "8daec2",
                "mrkdwn_in": [
                    "text"
                ]
            }
        ],
        "type": "message",
        "subtype": "bot_message",
        "ts": "1434920029.000075"
    },
    {
        "text": "",
        "bot_id": "B0528KAQ5",
        "mrkdwn": true,
        "attachments": [
            {
                "fallback": "Card moved: \"<https:\/\/trello.com\/c\/z21WUMQv|Store Keywords: Store keywords in database>\" from list \"In progress\" to list \"Sprint Backlog\"",
                "text": "Card moved: \"<https:\/\/trello.com\/c\/z21WUMQv|Store Keywords: Store keywords in database>\" from list \"In progress\" to list \"Sprint Backlog\"",
                "id": 1,
                "color": "8daec2",
                "mrkdwn_in": [
                    "text"
                ]
            }
        ],
        "type": "message",
        "subtype": "bot_message",
        "ts": "1434920031.000076"
    },
    {
        "text": "",
        "bot_id": "B0528KAQ5",
        "mrkdwn": true,
        "attachments": [
            {
                "fallback": "New member <https:\/\/trello.com\/larryoshea|Larry O'Shea> added to card \"<https:\/\/trello.com\/c\/USpRohPe|Store Keywords: Create a model for keywords>\"",
                "text": "New member <https:\/\/trello.com\/larryoshea|Larry O'Shea> added to card \"<https:\/\/trello.com\/c\/USpRohPe|Store Keywords: Create a model for keywords>\"",
                "id": 1,
                "color": "8daec2"
            }
        ],
        "type": "message",
        "subtype": "bot_message",
        "ts": "1434920036.000077"
    },
    {
        "text": "",
        "bot_id": "B0528KAQ5",
        "mrkdwn": true,
        "attachments": [
            {
                "fallback": "New member <https:\/\/trello.com\/larryoshea|Larry O'Shea> added to card \"<https:\/\/trello.com\/c\/z21WUMQv|Store Keywords: Store keywords in database>\"",
                "text": "New member <https:\/\/trello.com\/larryoshea|Larry O'Shea> added to card \"<https:\/\/trello.com\/c\/z21WUMQv|Store Keywords: Store keywords in database>\"",
                "id": 1,
                "color": "8daec2"
            }
        ],
        "type": "message",
        "subtype": "bot_message",
        "ts": "1434920053.000078"
    },
    {
        "text": "",
        "bot_id": "B0528KAQ5",
        "mrkdwn": true,
        "attachments": [
            {
                "fallback": "Card moved: \"<https:\/\/trello.com\/c\/z21WUMQv|Store Keywords: Store keywords in database>\" from list \"Sprint Backlog\" to list \"In progress\"",
                "text": "Card moved: \"<https:\/\/trello.com\/c\/z21WUMQv|Store Keywords: Store keywords in database>\" from list \"Sprint Backlog\" to list \"In progress\"",
                "id": 1,
                "color": "8daec2",
                "mrkdwn_in": [
                    "text"
                ]
            }
        ],
        "type": "message",
        "subtype": "bot_message",
        "ts": "1434921661.000079"
    },
    {
        "text": "",
        "bot_id": "B0528KAQ5",
        "mrkdwn": true,
        "attachments": [
            {
                "fallback": "Card moved: \"<https:\/\/trello.com\/c\/USpRohPe|Store Keywords: Create a model for keywords>\" from list \"Sprint Backlog\" to list \"In progress\"",
                "text": "Card moved: \"<https:\/\/trello.com\/c\/USpRohPe|Store Keywords: Create a model for keywords>\" from list \"Sprint Backlog\" to list \"In progress\"",
                "id": 1,
                "color": "8daec2",
                "mrkdwn_in": [
                    "text"
                ]
            }
        ],
        "type": "message",
        "subtype": "bot_message",
        "ts": "1434921666.000080"
    }
]