[
    {
        "text": "",
        "bot_id": "B0528KAQ5",
        "mrkdwn": true,
        "attachments": [
            {
                "fallback": "New card \"<https:\/\/trello.com\/c\/ateUalVI|Record minutes of Sunday meeting this week>\" added to list \"<https:\/\/trello.com\/b\/RUT25DlJ|Sprint Backlog>\"",
                "text": "New card \"<https:\/\/trello.com\/c\/ateUalVI|Record minutes of Sunday meeting this week>\" added to list \"<https:\/\/trello.com\/b\/RUT25DlJ|Sprint Backlog>\"",
                "id": 1,
                "color": "8daec2"
            }
        ],
        "type": "message",
        "subtype": "bot_message",
        "ts": "1436130165.000321"
    }
]