[
    {
        "user": "U050DA5Q1",
        "type": "message",
        "subtype": "channel_join",
        "text": "<@U050DA5Q1|larry> has joined the channel",
        "ts": "1439684623.000002"
    },
    {
        "user": "U04UVKDC1",
        "inviter": "U050DA5Q1",
        "type": "message",
        "subtype": "channel_join",
        "text": "<@U04UVKDC1|garryd> has joined the channel",
        "ts": "1439684687.000003"
    },
    {
        "user": "U04U63G46",
        "inviter": "U050DA5Q1",
        "type": "message",
        "subtype": "channel_join",
        "text": "<@U04U63G46|igor.berdnikov> has joined the channel",
        "ts": "1439684687.000004"
    },
    {
        "user": "U04U6FCFE",
        "inviter": "U050DA5Q1",
        "type": "message",
        "subtype": "channel_join",
        "text": "<@U04U6FCFE|kevink> has joined the channel",
        "ts": "1439684688.000005"
    },
    {
        "user": "U04UQLQPP",
        "inviter": "U050DA5Q1",
        "type": "message",
        "subtype": "channel_join",
        "text": "<@U04UQLQPP|neilgrogan> has joined the channel",
        "ts": "1439684688.000006"
    }
]