[
    {
        "type": "message",
        "user": "U050DA5Q1",
        "text": "<@U04U6FCFE>: let me know when you can update slides ... I'm working on diagram to explain personalisation",
        "ts": "1439719942.000007"
    },
    {
        "type": "message",
        "user": "U04U6FCFE",
        "text": "I'll update now if that suits you? <@U050DA5Q1>",
        "ts": "1439719973.000008"
    },
    {
        "type": "message",
        "user": "U050DA5Q1",
        "text": "yes perfect",
        "ts": "1439719982.000009"
    },
    {
        "type": "message",
        "user": "U050DA5Q1",
        "text": "we  can do run though later .. 12 too early for me ..",
        "ts": "1439720014.000010"
    },
    {
        "type": "message",
        "user": "U04U6FCFE",
        "text": "sure. i was thinking of asking the same thing.",
        "ts": "1439720064.000011"
    },
    {
        "type": "message",
        "user": "U04U6FCFE",
        "text": "when would suit you?",
        "ts": "1439720070.000012"
    },
    {
        "type": "message",
        "user": "U050DA5Q1",
        "text": "i suppose after lunch like 2 or 3 ..",
        "ts": "1439720258.000013"
    },
    {
        "type": "message",
        "user": "U050DA5Q1",
        "text": "whenever suits you too",
        "ts": "1439720275.000014"
    },
    {
        "type": "message",
        "user": "U04U6FCFE",
        "text": "3 sounds good.",
        "ts": "1439720343.000015"
    },
    {
        "type": "message",
        "user": "U050DA5Q1",
        "text": "cool",
        "ts": "1439720697.000016"
    },
    {
        "type": "message",
        "user": "U050DA5Q1",
        "text": "Final presentation marking - we should use their description when reviewing the demo to see if all boxes ticked - I've pasted to google docs here <https:\/\/docs.google.com\/document\/d\/1XOl_apGikhZvSG5ZxrkR_zgh46HL2XjrPtcq6ulpe-s\/edit#>",
        "ts": "1439725061.000017"
    },
    {
        "type": "message",
        "subtype": "file_share",
        "text": "<@U050DA5Q1|larry> shared a file: <https:\/\/ucdproj.slack.com\/files\/larry\/F095K3URE\/presentationmarking|Presentation Marking>",
        "file": {
            "id": "F095K3URE",
            "created": 1439725062,
            "timestamp": 1439725062,
            "name": "PresentationMarking",
            "title": "Presentation Marking",
            "mimetype": "application\/vnd.google-apps.document",
            "filetype": "gdoc",
            "pretty_type": "GDocs Document",
            "user": "U050DA5Q1",
            "editable": false,
            "size": 2501,
            "mode": "external",
            "is_external": true,
            "external_type": "gdrive",
            "is_public": true,
            "public_url_shared": false,
            "display_as_bot": false,
            "username": "",
            "url": "https:\/\/docs.google.com\/document\/d\/1XOl_apGikhZvSG5ZxrkR_zgh46HL2XjrPtcq6ulpe-s\/edit?usp=drivesdk",
            "url_private": "https:\/\/docs.google.com\/document\/d\/1XOl_apGikhZvSG5ZxrkR_zgh46HL2XjrPtcq6ulpe-s\/edit?usp=drivesdk",
            "thumb_64": "https:\/\/slack.global.ssl.fastly.net\/66f9\/img\/files\/gdraw_64.png",
            "thumb_360": "https:\/\/slack.global.ssl.fastly.net\/272a\/img\/files\/gdoc_360.png",
            "thumb_360_w": 360,
            "thumb_360_h": 167,
            "permalink": "https:\/\/ucdproj.slack.com\/files\/larry\/F095K3URE\/presentationmarking",
            "channels": [
                "C095CL4NL"
            ],
            "groups": [],
            "ims": [],
            "comments_count": 0
        },
        "user": "U050DA5Q1",
        "upload": false,
        "display_as_bot": false,
        "username": "<@U050DA5Q1|larry>",
        "bot_id": null,
        "ts": "1439725062.000018"
    },
    {
        "type": "message",
        "user": "U050DA5Q1",
        "text": "EG For Design top marks to go \" Clear description of a design vision tied to a planned user experience.\" We just need to make sure we give them that .. same for others",
        "ts": "1439725258.000019"
    },
    {
        "type": "message",
        "user": "U050DA5Q1",
        "text": "Anyone got any thoughts on Reflections - section a bit weak - for good marks we need - \"Strong, honest critical reflection on the successes and failures of the project, with evidence of learning.\"",
        "ts": "1439744232.000020"
    },
    {
        "type": "message",
        "user": "U04U6FCFE",
        "text": "<!channel>: I've added a pdf with a few wordclould images based on text from survey results.  let me know what you think.",
        "ts": "1439767580.000021"
    },
    {
        "type": "message",
        "user": "U050DA5Q1",
        "text": "Cheers Kevin I like the last one .. I think would make an interesting slide",
        "ts": "1439767859.000022"
    },
    {
        "type": "message",
        "user": "U050DA5Q1",
        "text": "we'll see how it looks tomorrow",
        "ts": "1439767884.000023"
    },
    {
        "type": "message",
        "user": "U04UVKDC1",
        "text": "Changes made from UI survey\n-Popup with preference instead of seperate page\n-Overlay instead of popup for article content\n-Added thumbnail images to personal news column\n-Made website mobile friendly (for personal news )\n-Added more white space between items and at sides of screen\n-Added more feeds with images (Colour)\n-Landing page\n-Icon redesigned\n-Twitter widget added with relevant tweets\/tweets from article source. User can add tweets through this if already signed in.",
        "edited": {
            "user": "U04UVKDC1",
            "ts": "1439792323.000000"
        },
        "ts": "1439792294.000024"
    }
]