[
    {
        "type": "message",
        "user": "U050DA5Q1",
        "text": "Interesting - don't remember Users saying please add a Twitter widget ! Overlay I'm already going to say was designed from the start. Thanks for the list i'll cut it down a bit for slides",
        "ts": "1439799984.000027"
    },
    {
        "type": "message",
        "user": "U050DA5Q1",
        "text": "Its a good list very useful",
        "ts": "1439800056.000028"
    },
    {
        "type": "message",
        "user": "U04UVKDC1",
        "text": "Okay ",
        "ts": "1439800735.000029"
    },
    {
        "type": "message",
        "user": "U04UVKDC1",
        "text": "<@U050DA5Q1>: <@U04U6FCFE>  Do ye want to do a final run through presentation tonight over hangout",
        "ts": "1439806122.000030"
    },
    {
        "type": "message",
        "user": "U04UVKDC1",
        "text": "<@U050DA5Q1>:  see Brians mail re contingency , I will bring  my laptop  - it runs fine locally - no twitter issues, he suggested a video  as well.",
        "ts": "1439808864.000031"
    },
    {
        "type": "message",
        "user": "U04UQLQPP",
        "text": "<@U04UVKDC1>: think final run through will be good",
        "ts": "1439816406.000032"
    },
    {
        "type": "message",
        "user": "U04UQLQPP",
        "text": "<@U04UVKDC1>: I\u2019ll have mine too, will deploy to non-ucd server also and add to something like <http:\/\/demo.newsfast.me|demo.newsfast.me>",
        "ts": "1439816440.000033"
    },
    {
        "type": "message",
        "user": "U04UQLQPP",
        "text": "no need for video",
        "ts": "1439816449.000034"
    },
    {
        "type": "message",
        "user": "U050DA5Q1",
        "text": "yeah actually i figured out that my twitter login fail was due to needing to delete vm on virtual box so i'll have that ready tomorrow",
        "ts": "1439816527.000035"
    },
    {
        "type": "message",
        "user": "U04UQLQPP",
        "text": "Garry is calling over tonight, we\u2019re gonna run through docs",
        "ts": "1439816615.000036"
    },
    {
        "type": "message",
        "user": "U04UQLQPP",
        "text": "will try get ye on hangouts with @kavink",
        "ts": "1439816628.000037"
    },
    {
        "type": "message",
        "user": "U04UQLQPP",
        "text": "<@U04U6FCFE>:",
        "ts": "1439816632.000038"
    },
    {
        "type": "message",
        "user": "U050DA5Q1",
        "text": "So demo at 6pm - OK ?",
        "ts": "1439818194.000039"
    },
    {
        "type": "message",
        "user": "U04UQLQPP",
        "text": "later I think",
        "ts": "1439818282.000040"
    },
    {
        "type": "message",
        "user": "U04UQLQPP",
        "text": "Garry is planning to be here at my apt 5.46\/6",
        "ts": "1439818294.000041"
    },
    {
        "type": "message",
        "user": "U050DA5Q1",
        "text": "We're working all day ... we want to get a rest",
        "ts": "1439818300.000042"
    },
    {
        "type": "message",
        "user": "U04UQLQPP",
        "text": "so prob 7",
        "ts": "1439818300.000043"
    },
    {
        "type": "message",
        "user": "U050DA5Q1",
        "text": "If Garry is there at 6 lets do at 6",
        "ts": "1439818315.000044"
    },
    {
        "type": "message",
        "user": "U04UQLQPP",
        "text": "right so",
        "ts": "1439818330.000045"
    },
    {
        "type": "message",
        "user": "U050DA5Q1",
        "text": "Cool cheers",
        "ts": "1439818336.000046"
    },
    {
        "type": "message",
        "user": "U04U6FCFE",
        "text": ":thumbsup:",
        "ts": "1439818345.000047"
    },
    {
        "type": "message",
        "user": "U050DA5Q1",
        "text": "<@U04UQLQPP>: in the system diagram FE - K would like the User box bigger",
        "ts": "1439822575.000048"
    },
    {
        "type": "message",
        "user": "U04UQLQPP",
        "text": "FE -K ?",
        "ts": "1439822614.000049"
    },
    {
        "type": "message",
        "user": "U04U6FCFE",
        "text": "front end diagram , (K)evin would like the user box to be bigger",
        "ts": "1439822654.000050"
    },
    {
        "type": "message",
        "user": "U04U6FCFE",
        "text": "we weren't tryng to say FECK",
        "ts": "1439822683.000051"
    },
    {
        "type": "message",
        "user": "U050DA5Q1",
        "text": "20 mins Demo",
        "ts": "1439823406.000052"
    },
    {
        "type": "message",
        "user": "U04U6FCFE",
        "text": ":cry:",
        "ts": "1439823497.000053"
    },
    {
        "type": "message",
        "user": "U050DA5Q1",
        "text": "Just did a run though with Kevin - 20 mins and 1 sec - Nailed it ! Seems good will run through at 6",
        "ts": "1439824970.000054"
    },
    {
        "type": "message",
        "user": "U04UQLQPP",
        "text": "great :simple_smile:",
        "ts": "1439824981.000055"
    },
    {
        "type": "message",
        "user": "U050DA5Q1",
        "text": "Actually didn't cut much - just said less - which we think made it clearer",
        "ts": "1439825020.000056"
    },
    {
        "type": "message",
        "user": "U050DA5Q1",
        "text": "let me know when ready",
        "ts": "1439831004.000057"
    },
    {
        "type": "message",
        "user": "U050DA5Q1",
        "text": "cream crackered",
        "ts": "1439831019.000058"
    },
    {
        "type": "message",
        "user": "U04UQLQPP",
        "text": "he isn\u2019t here yet",
        "ts": "1439831246.000059"
    },
    {
        "type": "message",
        "user": "U04U6FCFE",
        "text": "hope he hasn't stood you up.",
        "ts": "1439831308.000060"
    },
    {
        "type": "message",
        "user": "U04UQLQPP",
        "text": "don\u2019t :gun:  the messenger",
        "ts": "1439831322.000061"
    },
    {
        "type": "message",
        "user": "U050DA5Q1",
        "text": "nice icon",
        "ts": "1439831340.000062"
    },
    {
        "type": "message",
        "user": "U04UQLQPP",
        "text": "I don\u2019t know \u00af\\_(\u30c4)_\/\u00af",
        "ts": "1439831340.000063"
    },
    {
        "type": "message",
        "user": "U04UQLQPP",
        "text": ":thumbsup::skin-tone-6:",
        "ts": "1439831389.000064"
    },
    {
        "type": "message",
        "user": "U050DA5Q1",
        "text": "Neill do you want to start hangout we can chat while waiting",
        "ts": "1439831627.000065"
    },
    {
        "type": "message",
        "user": "U050DA5Q1",
        "text": "<@U04U6FCFE>: I think we should start",
        "ts": "1439832094.000066"
    },
    {
        "type": "message",
        "user": "U04UQLQPP",
        "text": "Start now",
        "ts": "1439832141.000067"
    },
    {
        "type": "message",
        "user": "U050DA5Q1",
        "text": "can you do hangout pls",
        "ts": "1439832150.000068"
    },
    {
        "type": "message",
        "user": "U04UQLQPP",
        "text": "Send on link",
        "ts": "1439832158.000069"
    },
    {
        "text": "<@U04U6FCFE|kevink> has started a Google+ Hangout for this channel. <https:\/\/plus.google.com\/hangouts\/_\/gymmxjblghrhcltpahtt3xvmtua|Click here to join>.",
        "username": "hangouts",
        "bot_id": "B04U323V2",
        "type": "message",
        "subtype": "bot_message",
        "ts": "1439832174.000070"
    },
    {
        "type": "message",
        "user": "U050DA5Q1",
        "text": "<http:\/\/slides.com\/larryo-shea\/deck-4-5-6-8\/live#\/>",
        "attachments": [
            {
                "text": "Slides",
                "fallback": "Slides",
                "from_url": "http:\/\/slides.com\/larryo-shea\/deck-4-5-6-8\/live#\/",
                "id": 1
            }
        ],
        "ts": "1439832183.000071"
    }
]