[
    {
        "text": "*<https:\/\/www.getfranke.com\/zoacbi3g4utwx1h7mqesvw\/messages\/F072J91S7|News Fast Feedback>*\n_<mailto:garry.davitt@ericsson.com|Garry Davitt> to <mailto:ucdproj.general@getfranke.com|ucdproj.general@getfranke.com>_\n\n  <https:\/\/www.getfranke.com\/zoacbi3g4utwx1h7mqesvw\/messages\/F072J91S7|view full email>",
        "username": "Franke",
        "icons": {
            "image_48": "https:\/\/s3-us-west-2.amazonaws.com\/slack-files2\/bot_icons\/2015-06-28\/6957994643_48.png"
        },
        "mrkdwn": true,
        "type": "message",
        "subtype": "bot_message",
        "ts": "1435739560.402796"
    }
]