[
    {
        "text": "*<https:\/\/www.getfranke.com\/zoacbi3g4utwx1h7mqesvw\/messages\/F08DVT63C|Offer for free link exchange>*\n_<mailto:cynthia@socialmasterseo.net|Cynthia Nelson> to <mailto:ucdproj.feedback@getfranke.com|ucdproj.feedback@getfranke.com>_\n\nHi,  My name is Cynthia,  I would like to suggest a \u2026<https:\/\/www.getfranke.com\/zoacbi3g4utwx1h7mqesvw\/messages\/F08DVT63C|view full email>",
        "username": "Franke",
        "icons": {
            "image_48": "https:\/\/s3-us-west-2.amazonaws.com\/slack-files2\/bot_icons\/2015-07-31\/8472097857_48.png"
        },
        "mrkdwn": true,
        "type": "message",
        "subtype": "bot_message",
        "ts": "1438335399.000002"
    }
]