[
    {
        "type": "message",
        "user": "U04UQLQPP",
        "text": "<https:\/\/realpython.com\/blog\/python\/asynchronous-tasks-with-django-and-celery\/>",
        "attachments": [
            {
                "text": "This tutorial shows how to integrate Celery and Django and create Periodic Tasks",
                "fallback": "This tutorial shows how to integrate Celery and Django and create Periodic Tasks",
                "from_url": "https:\/\/realpython.com\/blog\/python\/asynchronous-tasks-with-django-and-celery\/",
                "id": 1
            }
        ],
        "ts": "1437329114.000002"
    }
]