[
    {
        "type": "message",
        "user": "U04UQLQPP",
        "text": "<http:\/\/www.eweek.com\/enterprise-apps\/docker-rivals-join-together-in-open-container-effort.html>",
        "attachments": [
            {
                "title": "Docker Rivals Join Together in Open Container Effort",
                "title_link": "http:\/\/www.eweek.com\/enterprise-apps\/docker-rivals-join-together-in-open-container-effort.html",
                "text": "The Linux Foundation is now home to new Open Container Project, bringing Docker, CoreOS and others together to advance open-source containers for all.",
                "fallback": "Docker Rivals Join Together in Open Container Effort",
                "thumb_url": "http:\/\/www.eweek.com\/imagesvr_ce\/9139\/290_DockerFacts.jpg",
                "from_url": "http:\/\/www.eweek.com\/enterprise-apps\/docker-rivals-join-together-in-open-container-effort.html",
                "thumb_width": 290,
                "thumb_height": 195,
                "id": 1
            }
        ],
        "ts": "1435139481.000006"
    }
]