[
    {
        "user": "U04UQLQPP",
        "type": "message",
        "subtype": "channel_join",
        "text": "<@U04UQLQPP|neilgrogan> has joined the channel",
        "ts": "1432054463.000000"
    },
    {
        "user": "U04U63G46",
        "type": "message",
        "subtype": "channel_join",
        "text": "<@U04U63G46|igor.berdnikov> has joined the channel",
        "ts": "1432066047.000002"
    },
    {
        "user": "U04U6FCFE",
        "type": "message",
        "subtype": "channel_join",
        "text": "<@U04U6FCFE|kevink> has joined the channel",
        "ts": "1432067590.000003"
    },
    {
        "user": "U04UVKDC1",
        "type": "message",
        "subtype": "channel_join",
        "text": "<@U04UVKDC1|garryd> has joined the channel",
        "ts": "1432072750.000000"
    }
]