[
    {
        "type": "message",
        "user": "U04UQLQPP",
        "text": "<https:\/\/www.youtube.com\/watch?v=FqhZZNUyVFM>",
        "attachments": [
            {
                "service_name": "YouTube",
                "service_url": "http:\/\/www.youtube.com\/",
                "title": "JS WAT Talk reup",
                "title_link": "https:\/\/www.youtube.com\/watch?v=FqhZZNUyVFM",
                "author_name": "QVear",
                "author_link": "http:\/\/www.youtube.com\/user\/QVear",
                "thumb_url": "https:\/\/i.ytimg.com\/vi\/FqhZZNUyVFM\/hqdefault.jpg",
                "thumb_width": 480,
                "thumb_height": 360,
                "fallback": "YouTube Video: JS WAT Talk reup",
                "video_html": "<iframe width=\"400\" height=\"300\" src=\"https:\/\/www.youtube.com\/embed\/FqhZZNUyVFM?feature=oembed\" frameborder=\"0\" allowfullscreen><\/iframe>",
                "video_html_width": 400,
                "video_html_height": 300,
                "from_url": "https:\/\/www.youtube.com\/watch?v=FqhZZNUyVFM",
                "id": 1
            }
        ],
        "ts": "1434138968.000003"
    }
]