[
    {
        "type": "message",
        "user": "U050DA5Q1",
        "text": "<@U04U63G46>: I will also add some score for articles - not sure what yet,but some way of comparing articles. It might be length or number keywords \/ length. So way of saying this article is more interesting that this article.",
        "ts": "1436203247.000138"
    },
    {
        "type": "message",
        "user": "U04U63G46",
        "text": "Ok",
        "ts": "1436213764.000139"
    },
    {
        "type": "message",
        "user": "U050DA5Q1",
        "text": "We can discuss better tomorrow - it would be just one of many inputs into the ranking system",
        "ts": "1436215756.000140"
    },
    {
        "type": "message",
        "user": "U04U6FCFE",
        "text": "I'm looking at our test survey. I think we need more business type question on the viability of the website.",
        "ts": "1436216021.000141"
    },
    {
        "type": "message",
        "user": "U04UQLQPP",
        "text": "I discussed this with Larry earlier",
        "ts": "1436216069.000142"
    },
    {
        "type": "message",
        "user": "U04UQLQPP",
        "text": "probably 3 things to focus on:",
        "ts": "1436216078.000143"
    },
    {
        "type": "message",
        "user": "U04UQLQPP",
        "text": "* Sponsored Stories",
        "ts": "1436216087.000144"
    },
    {
        "type": "message",
        "user": "U04UQLQPP",
        "text": "* Job board for Tech jobs",
        "ts": "1436216100.000145"
    },
    {
        "type": "message",
        "user": "U04UQLQPP",
        "text": "* Conferences coming up (affiliate)",
        "ts": "1436216112.000146"
    },
    {
        "type": "message",
        "user": "U04UQLQPP",
        "text": "It seems to be successful for <http:\/\/techmeme.com|techmeme.com>",
        "ts": "1436216140.000147"
    },
    {
        "type": "message",
        "user": "U04UQLQPP",
        "text": "although we won\u2019t mention that!",
        "ts": "1436216152.000148"
    },
    {
        "type": "message",
        "user": "U04U6FCFE",
        "text": "sound.",
        "ts": "1436216577.000149"
    },
    {
        "type": "message",
        "user": "U04UVKDC1",
        "text": "Have been looking at the UI\/topics and trying to come up with a decent solution for displaying and organizing, I am trying to build a solution based on a Modified Pre -order Tree Traversal , so we can have groups of topics such Tech Companies -&gt;Google, Apple etc, Gadgets -&gt;wearables, iPhone etc. It is taking me longer to finish this solution but it will be a lot better than a flat solution and more configurable from a user perspective. And thus Lecturers might give our team a better mark. Will just add settings for now to view topics only.",
        "ts": "1436230103.000150"
    }
]