[
    {
        "type": "message",
        "user": "U04UQLQPP",
        "text": "the idea in my head was: metadata in postgres, full article text in redis",
        "ts": "1435219322.000078"
    },
    {
        "type": "message",
        "user": "U04UQLQPP",
        "text": "sent Garry on the template",
        "ts": "1435259418.000079"
    },
    {
        "type": "message",
        "user": "U04UQLQPP",
        "text": "for 30th",
        "ts": "1435259427.000080"
    },
    {
        "type": "message",
        "user": "U04UVKDC1",
        "text": "Working on presentation tonight, last night was trying to finish notebooks and  got this error Runtime error opening 'C:\\Users\\egaydat\\VirtualBox VMs\\ubuntu\\ubuntu.vbox' for reading: -102(File not found.).\nF:\\tinderbox\\win-4.3\\src\\VBox\\Main\\src-server\\MachineImpl.cpp[731] (long __cdecl Machine::registeredInit(void)).\nResult Code: \nE_FAIL (0x80004005)\nComponent: \nMachine\nInterface: \nIMachine {480cf695-2d8d-4256-9c7c-cce4184fa048}\nand it says VM inaccessible.\nOnce presentation is done tomorrow I will setup VM again and start UI stories. I have weekend and Monday off so should get a good bit done on that, will put notebook stuff onhold and I will get back to it next week.",
        "edited": {
            "user": "U04UVKDC1",
            "ts": "1435264536.000000"
        },
        "ts": "1435264292.000081"
    }
]