[
    {
        "type": "message",
        "user": "U04UQLQPP",
        "text": "I did the hacker news notebook, I can tackle other notebooks tonight if people want. My main aim is to help Kevin, Larry, Igor merge in changes and see it on a server, re: rss &amp; user accounts over next few days, and then move on to article storage as garry comes free",
        "ts": "1434614830.000013"
    },
    {
        "type": "message",
        "user": "U050DA5Q1",
        "text": "Great pls take my notebook then if you have time thanks",
        "ts": "1434614965.000014"
    },
    {
        "type": "message",
        "user": "U050DA5Q1",
        "text": "i think it was reddit\/yelp",
        "ts": "1434615030.000015"
    },
    {
        "type": "message",
        "user": "U050DA5Q1",
        "text": "if you think we won't use it then leave it though",
        "ts": "1434615057.000016"
    },
    {
        "type": "message",
        "user": "U04UQLQPP",
        "text": "will do",
        "ts": "1434615071.000017"
    },
    {
        "type": "message",
        "user": "U04UVKDC1",
        "text": "Did not get review of links finished last night so had to finish this evening, will  go back to notebooks after meeting tonight. Think we need more stories for UI and UI infastructure - will explain in meeting",
        "ts": "1434656103.000018"
    },
    {
        "type": "message",
        "user": "U050DA5Q1",
        "text": "The UI stuff was great tonight cheers Garry",
        "ts": "1434665726.000019"
    }
]