[
    {
        "type": "message",
        "user": "U050DA5Q1",
        "text": "was a bit optimistic thinking i'd finish yesterday, storing keywords in redis now, should be able to push this later when i add getting keywords from article. I will add postgres store option too which will be configurable",
        "ts": "1436010349.000104"
    },
    {
        "type": "message",
        "user": "U050DA5Q1",
        "text": "i'm going to make it quite configurable EG on admin gui you can select between extract from title or whole article",
        "ts": "1436010683.000105"
    },
    {
        "type": "message",
        "user": "U04UQLQPP",
        "text": "Great Larry",
        "ts": "1436010689.000106"
    },
    {
        "type": "message",
        "user": "U04UQLQPP",
        "text": "I finished off topics, sent on some ideas to Garry for styling ",
        "ts": "1436010716.000107"
    },
    {
        "type": "message",
        "user": "U050DA5Q1",
        "text": "Cool",
        "ts": "1436010740.000108"
    },
    {
        "type": "message",
        "user": "U04UQLQPP",
        "text": "Will sync up tomorrow evening with you Larry, try see if we can improve end to end ",
        "ts": "1436010759.000109"
    },
    {
        "type": "message",
        "user": "U04UQLQPP",
        "text": "I need to migrate tasks to celery, been reading up on this ",
        "ts": "1436010780.000110"
    },
    {
        "type": "message",
        "user": "U04UQLQPP",
        "text": "That's what I hope to be doing for next few days ",
        "ts": "1436010797.000111"
    },
    {
        "type": "message",
        "user": "U050DA5Q1",
        "text": "what does migrate tasks mean",
        "ts": "1436010805.000112"
    },
    {
        "type": "message",
        "user": "U04UQLQPP",
        "text": "Ones we do in run-docker",
        "ts": "1436010821.000113"
    },
    {
        "type": "message",
        "user": "U04UQLQPP",
        "text": "To internal celery tasks ",
        "ts": "1436010828.000114"
    },
    {
        "type": "message",
        "user": "U04UQLQPP",
        "text": "Also improve that ",
        "ts": "1436010841.000115"
    },
    {
        "type": "message",
        "user": "U050DA5Q1",
        "text": "whats wrong with how it works now",
        "ts": "1436010852.000116"
    },
    {
        "type": "message",
        "user": "U050DA5Q1",
        "text": "just posted to dev - added schedule for keyword extraction. Added field to Article to mark when keyword extracted. Extract keywords from all article and store in redis (per article id). added view to admin so you can see all keywords by going to admin\/keywords",
        "ts": "1436027295.000117"
    },
    {
        "type": "message",
        "user": "U050DA5Q1",
        "text": "Note am not filtering keywords so currently all nouns stored. Added function to get keywords given article id. Now need to get all articles given a keyword",
        "ts": "1436027360.000118"
    },
    {
        "type": "message",
        "user": "U04UVKDC1",
        "text": "having a bad day between vm crashing and slow vm, ploughing on but very slowly due to environment , will check with Igor if his setup is same in meeting later.",
        "ts": "1436027482.000119"
    },
    {
        "type": "message",
        "user": "U050DA5Q1",
        "text": "Bummer thats a pain",
        "ts": "1436027526.000120"
    }
]