[
    {
        "type": "message",
        "user": "U04UVKDC1",
        "text": "made changes for columns, ui pref and layout and started to add overlay, deployed it to <http:\/\/newsfast.me|newsfast.me> for some reason NOT FINISHED should use <http:\/\/beta.newsfast.me|beta.newsfast.me> I think for now for evaluations?",
        "ts": "1438242877.000017"
    },
    {
        "type": "message",
        "user": "U050DA5Q1",
        "text": "what does not finished mean ?",
        "ts": "1438254555.000018"
    },
    {
        "type": "message",
        "user": "U050DA5Q1",
        "text": "oh you mean its not working 100% on <http:\/\/newsfast.me|newsfast.me> so use beta for evaluations ? OK that makes sense cheers - I will ask for some at lunchtime on beta",
        "ts": "1438254635.000019"
    }
]