[
    {
        "type": "message",
        "user": "U050DA5Q1",
        "text": "<@U04U63G46>: can you update us on the fix - articles not loaded when save settings",
        "ts": "1438778752.000035"
    },
    {
        "type": "message",
        "user": "U050DA5Q1",
        "text": "we need this fix today really",
        "ts": "1438778768.000036"
    },
    {
        "type": "message",
        "user": "U04U6FCFE",
        "text": "submitted test results to john for the burgo team.  tried to be constructive....",
        "ts": "1438809199.000037"
    },
    {
        "type": "message",
        "user": "U04U6FCFE",
        "text": "and no news from brian as yet re business doc etc.....i have to prepare for an interview for tomorrow morning so i won't be able to do any more today.",
        "ts": "1438809292.000038"
    },
    {
        "type": "message",
        "user": "U04UVKDC1",
        "text": "looked in to getting the twitter widget to take keywords",
        "ts": "1438815497.000039"
    },
    {
        "type": "message",
        "user": "U04UVKDC1",
        "text": "unfortunately its looks like it is not possible",
        "ts": "1438815531.000040"
    },
    {
        "type": "message",
        "user": "U04UVKDC1",
        "text": "we could try taking related tweets from our server code and styling them",
        "ts": "1438815663.000041"
    },
    {
        "type": "message",
        "user": "U04UVKDC1",
        "text": "let me know what ye think?",
        "ts": "1438815703.000042"
    },
    {
        "type": "message",
        "user": "U050DA5Q1",
        "text": "I'd say leave it out and concentrate on core",
        "ts": "1438816223.000043"
    }
]