[
    {
        "type": "message",
        "user": "U050DA5Q1",
        "text": "Added some fixes to develop - it was basically broken as the home.html was missing the instructions for news articles and twitter button:\n- fixed the duplicate twitter in db\n- reverted home.html to master version with minor change (@garry can you check and merge your new stuff back in, I imagine it was a merge issue)\n- change to rss processing to check if rss article has necessary attributes - this was causing the worker to exit processing as some articles didn't have all expected attributes.So Scheduler and worker look to be running fine now for RSS processing (@igor pls double check this)",
        "ts": "1435923601.000101"
    },
    {
        "type": "message",
        "user": "U050DA5Q1",
        "text": "did release - there was a lot merged to master  - will double check it later",
        "ts": "1435925312.000102"
    },
    {
        "type": "message",
        "user": "U050DA5Q1",
        "text": "merged release is up on both VMs now .. the master VM came up automatically, i had to manually run the run docker on the dev VM for some reason. You might think it looks a bit crap now .. thats because the apple dev feed is shown first and doesn't have much info (what was on master and dev VMs was a quite old release hardcoded to techradar RSS with some UI on top). So under the hood there is a lot more there now. I don't know if there is a problem showing images  - will need to check that",
        "ts": "1435928534.000103"
    }
]