[
    {
        "type": "message",
        "user": "U050DA5Q1",
        "text": "update - celery scheduler is close - i can see it being scheduled and accepted by work - then error:\nworker_1   | [2015-06-28 13:03:56,389: DEBUG\/MainProcess] TaskPool: Apply &lt;function _fast_trace_task at 0x7f0fa5ae5598&gt; (args:('docker_django.apps.newsfast.tasks.process_rss_feeds', '4d4138c3-cc73-4616-b7ac-2ac552ee2adb', [], {}, {'errbacks': None, 'is_eager': False, 'eta': None, 'args': [], 'callbacks': None, 'delivery_info': {'routing_key': 'celery', 'priority': 0, 'exchange': 'celery', 'redelivered': None}, 'group': None, 'taskset': None, 'task': 'docker_django.apps.newsfast.tasks.process_rss_feeds', 'headers': {}, 'retries': 0, 'id': '4d4138c3-cc73-4616-b7ac-2ac552ee2adb', 'correlation_id': '4d4138c3-cc73-4616-b7ac-2ac552ee2adb', 'timelimit': (None, None), 'utc': True, 'kwargs': {}, 'hostname': 'celery@272cc00a65b5', 'expires': None, 'reply_to': '501cb73c-bb54-37bb-a7d1-6801c49e6feb', 'chord': None}) kwargs:{})\nworker_1   | [2015-06-28 13:03:56,393: DEBUG\/MainProcess] Task accepted: docker_django.apps.newsfast.tasks.process_rss_feeds[4d4138c3-cc73-4616-b7ac-2ac552ee2adb] pid:11\nworker_1   | [2015-06-28 13:03:56,400: ERROR\/MainProcess] Task docker_django.apps.newsfast.tasks.process_rss_feeds[4d4138c3-cc73-4616-b7ac-2ac552ee2adb] raised unexpected: TypeError(\"wrapper() missing 1 required positional argument: 'job_id'\",)",
        "ts": "1435496920.000089"
    },
    {
        "type": "message",
        "user": "U050DA5Q1",
        "text": "going for food now back around 3ish",
        "ts": "1435496939.000090"
    },
    {
        "type": "message",
        "user": "U04UQLQPP",
        "text": "cool <@U050DA5Q1> thanks for this, good work",
        "ts": "1435498935.000091"
    },
    {
        "type": "message",
        "user": "U050DA5Q1",
        "text": "Scheduler is working now ... i need to clean it up then will add to dev",
        "ts": "1435505285.000092"
    },
    {
        "type": "message",
        "user": "U04UVKDC1",
        "text": "good stuff <@U050DA5Q1> sounds good, I have been at UI  stuff today and should have something  for others to take a look at later tonight or in the morning - just to get homepage looking a bit like mock one is my aim for now.  Not used of doing UI stuff but its growing on me..",
        "ts": "1435506754.000093"
    },
    {
        "type": "message",
        "user": "U050DA5Q1",
        "text": "great stuff",
        "ts": "1435506813.000094"
    },
    {
        "type": "message",
        "user": "U050DA5Q1",
        "text": "<@U04U63G46>: I've added the scheduler now to dev - it is running the task every minute. Scheduler is a new container similar to Worker but with different celery command. IF you look at tasks.py I've remove the while loop. Can you check tasks.py please. I've also uncommented in views   where it deletes all from DB if there are feeds (as it meant page only populated once). Pls check what is the right thing to do there.",
        "ts": "1435514405.000095"
    },
    {
        "type": "message",
        "user": "U050DA5Q1",
        "text": "So its working ok - when you run it use docker-compose logs - you will see errors when it runs again. Can you check those pls. Example here:\nworker_1    | [2015-06-28 17:41:23,097: ERROR\/MainProcess] Task docker_django.apps.newsfast.tasks.process_rss_feeds[c38d1123-cfe0-4718-8840-c600a8394b70] raised unexpected: AttributeError(\"object has no attribute 'id'\",)\nworker_1    | Traceback (most recent call last):\nworker_1    |   File \"\/usr\/local\/lib\/python3.4\/site-packages\/celery\/app\/trace.py\", line 240, in trace_task\nworker_1    |     R = retval = fun(*args, **kwargs)\nworker_1    |   File \"\/usr\/local\/lib\/python3.4\/site-packages\/celery\/app\/trace.py\", line 438, in __protected_call__\nworker_1    |     return self.run(*args, **kwargs)\nworker_1    |   File \"\/usr\/src\/app\/docker_django\/apps\/newsfast\/tasks.py\", line 36, in process_rss_feeds\nworker_1    |     item.article_id = entry.id\nworker_1    |   File \"\/usr\/local\/lib\/python3.4\/site-packages\/feedparser.py\", line 401, in __getattr__\nworker_1    |     raise AttributeError(\"object has no attribute '%s'\" % key)\nworker_1    | AttributeError: object has no attribute 'id'",
        "ts": "1435514483.000096"
    },
    {
        "type": "message",
        "user": "U050DA5Q1",
        "text": "I'll switch back to keyword extract now",
        "ts": "1435515289.000097"
    },
    {
        "type": "message",
        "user": "U04U6FCFE",
        "text": "finished SWOT yesterday. spent a bit of time on business side and set-up a few stories for next sprint re branding and marketing. In the process of making changes to model to include user preferences (friends - who our cust follows) . I've n early flight tomorrow so i won't include the python code today, just in case there are any issues.",
        "ts": "1435520536.000098"
    },
    {
        "type": "message",
        "user": "U04U6FCFE",
        "text": "Big thanks to <@U04UQLQPP> for helping me with my latest mac and other issues",
        "ts": "1435520593.000099"
    },
    {
        "type": "message",
        "user": "U050DA5Q1",
        "text": "Cheers <@U04U6FCFE>",
        "ts": "1435521277.000100"
    }
]