[
    {
        "type": "message",
        "user": "U050DA5Q1",
        "text": "<@U04U63G46>: <@U04UVKDC1> Nice job on fixes for all Topics being deleted and also not having to reload page after selecting topics \u2026 latest Dev working well now. Getting better each time i download which is great",
        "ts": "1437830056.000009"
    },
    {
        "type": "message",
        "user": "U050DA5Q1",
        "text": "And just noticed the highlighting when you mouse over the article  - cool",
        "ts": "1437833627.000010"
    },
    {
        "type": "message",
        "user": "U050DA5Q1",
        "text": "Get this weird popup when i click on article",
        "ts": "1437833738.000011"
    },
    {
        "type": "message",
        "subtype": "file_share",
        "text": "<@U050DA5Q1|larry> uploaded a file: <https:\/\/ucdproj.slack.com\/files\/larry\/F085TH5MJ\/screen_shot_2015-07-25_at_15.14.58.png|Screen Shot 2015-07-25 at 15.14.58.png>",
        "file": {
            "id": "F085TH5MJ",
            "created": 1437833753,
            "timestamp": 1437833753,
            "name": "Screen Shot 2015-07-25 at 15.14.58.png",
            "title": "Screen Shot 2015-07-25 at 15.14.58.png",
            "mimetype": "image\/png",
            "filetype": "png",
            "pretty_type": "PNG",
            "user": "U050DA5Q1",
            "editable": false,
            "size": 27186,
            "mode": "hosted",
            "is_external": false,
            "external_type": "",
            "is_public": true,
            "public_url_shared": false,
            "display_as_bot": false,
            "username": "",
            "url": "https:\/\/slack-files.com\/files-pub\/T04UQLQPK-F085TH5MJ-4d6806a7bf\/screen_shot_2015-07-25_at_15.14.58.png",
            "url_download": "https:\/\/slack-files.com\/files-pub\/T04UQLQPK-F085TH5MJ-4d6806a7bf\/download\/screen_shot_2015-07-25_at_15.14.58.png",
            "url_private": "https:\/\/files.slack.com\/files-pri\/T04UQLQPK-F085TH5MJ\/screen_shot_2015-07-25_at_15.14.58.png",
            "url_private_download": "https:\/\/files.slack.com\/files-pri\/T04UQLQPK-F085TH5MJ\/download\/screen_shot_2015-07-25_at_15.14.58.png",
            "thumb_64": "https:\/\/slack-files.com\/files-tmb\/T04UQLQPK-F085TH5MJ-c633631a6c\/screen_shot_2015-07-25_at_15.14.58_64.png",
            "thumb_80": "https:\/\/slack-files.com\/files-tmb\/T04UQLQPK-F085TH5MJ-c633631a6c\/screen_shot_2015-07-25_at_15.14.58_80.png",
            "thumb_360": "https:\/\/slack-files.com\/files-tmb\/T04UQLQPK-F085TH5MJ-c633631a6c\/screen_shot_2015-07-25_at_15.14.58_360.png",
            "thumb_360_w": 360,
            "thumb_360_h": 125,
            "thumb_480": "https:\/\/slack-files.com\/files-tmb\/T04UQLQPK-F085TH5MJ-c633631a6c\/screen_shot_2015-07-25_at_15.14.58_480.png",
            "thumb_480_w": 480,
            "thumb_480_h": 167,
            "thumb_160": "https:\/\/slack-files.com\/files-tmb\/T04UQLQPK-F085TH5MJ-c633631a6c\/screen_shot_2015-07-25_at_15.14.58_160.png",
            "image_exif_rotation": 1,
            "permalink": "https:\/\/ucdproj.slack.com\/files\/larry\/F085TH5MJ\/screen_shot_2015-07-25_at_15.14.58.png",
            "permalink_public": "https:\/\/slack-files.com\/T04UQLQPK-F085TH5MJ-4d6806a7bf",
            "channels": [
                "C06DFM9A7"
            ],
            "groups": [],
            "ims": [],
            "comments_count": 0
        },
        "user": "U050DA5Q1",
        "upload": true,
        "display_as_bot": false,
        "username": "<@U050DA5Q1|larry>",
        "bot_id": null,
        "ts": "1437833756.000012"
    },
    {
        "type": "message",
        "user": "U04UVKDC1",
        "text": "Hi Larry, Yes article will go in to that, its just showing keywords at the minute.",
        "ts": "1437833832.000013"
    },
    {
        "type": "message",
        "user": "U050DA5Q1",
        "text": "Cool looking good",
        "ts": "1437833862.000014"
    },
    {
        "type": "message",
        "user": "U050DA5Q1",
        "text": "Added simple fn to get tweets related to article - tested the basics locally but let me know when it is being used properly - as its not tested like i normally would. Its simple anyway",
        "ts": "1437840293.000015"
    }
]