[
    {
        "type": "message",
        "user": "U050DA5Q1",
        "text": "LOS: good progress with Authenticating Twitter user - User gets sent to twitter page to authenticate and then back to us. The steps are shown here: <https:\/\/dev.twitter.com\/web\/sign-in\/implementing> \nI just need to do step 3 - get access token. FYI I'm not writing this from scratch, following this blog which is spot on so far. <http:\/\/chriskief.com\/2012\/12\/22\/django-register-with-oauth-twitter\/>",
        "attachments": [
            {
                "service_name": "Twitter Developers",
                "title": "Implementing Sign in with Twitter",
                "title_link": "https:\/\/dev.twitter.com\/web\/sign-in\/implementing",
                "text": "The browser and mobile web implementations of Sign in with Twitter are based off of OAuth. This page demonstrates the requests needed to obtain an access token for the sign in flow.",
                "fallback": "Twitter Developers: Implementing Sign in with Twitter",
                "thumb_url": "https:\/\/pbs.twimg.com\/profile_images\/2284174872\/7df3h38zabcvjylnyfe3.png",
                "from_url": "https:\/\/dev.twitter.com\/web\/sign-in\/implementing",
                "thumb_width": 500,
                "thumb_height": 500,
                "id": 1
            },
            {
                "service_name": "Ramblings on startups, NYC, advertising and hacking (mostly Python)",
                "service_url": "http:\/\/chriskief.com",
                "title": "Django Register with Oauth \u2013\u00a0Twitter",
                "title_link": "http:\/\/chriskief.com\/2012\/12\/22\/django-register-with-oauth-twitter\/",
                "author_name": "Chris Kief",
                "author_link": "https:\/\/chriskief.com\/author\/chriskief\/",
                "thumb_url": "https:\/\/i1.wp.com\/chriskief.files.wordpress.com\/2012\/12\/screen-shot-2012-12-22-at-5-25-22-pm.jpg?fit=200%2C150",
                "thumb_width": 197,
                "thumb_height": 150,
                "text": "Before we begin, read the overview \/ disclaimer. Now for Twitter\u2026\nFor this tutorial you\u2019ll need to install Tweepy.\nFirst off, ensure that you have registered your application with Twitter and have created the following in your settings file:\n\n1) Create the redirect URL\nThe first step in the oauth handshake is to redirect to Twitter with the oauth token (generated when the request token is fetched below):\n\n2) Redirect to provider\u2019s site\nThis url can now be used to redirect to Twitter (i.e. HttpResponseRedirect(url)):\n\n3) Handle the response (approved or denied)\nOnce the user makes their choice to approve or deny, Twitter will redirect back to your redirect_url. You will need to verify the user approved the application:\n\nIf any of the above tests fail, we can safely assume the user either arrived at this page directly (i.e. by typing in the URL) or they denied the application. Either way we don\u2019t want to proceed and should redirect them to the start of the registration flow (i.e. HttpResponseRedirect(reverse('register'))).\n4 &amp; 5) Get an access token and the user\u2019s profile\nAt this point the user has authorized your application but you don\u2019t have actual access to their data yet. To get that you\u2019ll need to request an access token. Notice that we\u2019re saving the access token to the user\u2019s session as we don\u2019t want to request it more than once during the registration flow.\nOnce you have the access token, you can then make the request for the user\u2019s profile data:\n\nOne thing to notice is that a custom parser is being used to get the raw json data coming from Twitter. Here\u2019s what that parser looks like:\n\nThat\u2019s it! You can now use the user\u2019s profile information to pre-fill a registration form, perhaps skipping over fields where you already have a required value such as an email address or first and last name. Just be sure to save their Twitter ID along with their profile so you can use it validate them in the future. You should also save the access token key and secret so that you can make future requests to the API for this user. Note that Twitter does not currently expire access tokens like other providers.\nIn a future post I\u2019ll be looking at how to detect an already registered user as well as provide a login with this provider button.",
                "fallback": "Ramblings on startups, NYC, advertising and hacking (mostly Python) Link: Django Register with Oauth \u2013&nbsp;Twitter",
                "from_url": "http:\/\/chriskief.com\/2012\/12\/22\/django-register-with-oauth-twitter\/",
                "id": 2
            }
        ],
        "ts": "1434578951.000008"
    },
    {
        "type": "message",
        "user": "U050DA5Q1",
        "text": "Should be just couple more hours to finish this .. the other User Account stories should be easier as nothing to get blocked on as such",
        "ts": "1434579015.000010"
    },
    {
        "type": "message",
        "user": "U04UVKDC1",
        "text": "Going through articles on UX in moodle today  and taking out most relevant parts to show team tomorrow night, will finish this tonight and get back to youtube and facebook API notebooks  later tonight\/tomorrow.",
        "edited": {
            "user": "U04UVKDC1",
            "ts": "1434583663.000000"
        },
        "ts": "1434583638.000011"
    }
]