[
    {
        "type": "message",
        "user": "U050DA5Q1",
        "text": "Twitter sign in not working for me on latest dev - no obvious reason i can see - i\u2019ll reboot later and try again",
        "ts": "1437595223.000002"
    },
    {
        "type": "message",
        "user": "U050DA5Q1",
        "text": "Twitter sign in working again .. strange",
        "ts": "1437596807.000003"
    },
    {
        "type": "message",
        "user": "U050DA5Q1",
        "text": "seems like UserArticles not being saved in latest Dev - once I've finished Docs i'll do a full testing and bug fixing day maybe Sunday",
        "ts": "1437597174.000004"
    }
]