[
    {
        "type": "message",
        "user": "U050DA5Q1",
        "text": "<!channel>: i've been diverted to work stuff today(get time back Monday) and have to go out tonight. Anyway pls post to standup today and tomorrow - extra important with Tuesday",
        "ts": "1435420319.000083"
    },
    {
        "type": "message",
        "user": "U050DA5Q1",
        "text": "I'll sync up with Garry in the morning - just did the roadmap slide - will try igor.berdnikov  changes and i should be checking in my stories tomorrow",
        "ts": "1435420364.000084"
    },
    {
        "type": "message",
        "user": "U04UVKDC1",
        "text": "Finalizing presentation today and adding in info from Kevin and Larry. Also  looked at spikes  for UX, hopefully will start implementation for putting them in place stories tonight\/tommorow. Have local vm setup again.",
        "ts": "1435423626.000085"
    },
    {
        "type": "message",
        "user": "U050DA5Q1",
        "text": "<@U04UVKDC1>: cheers - i'm still planning to give you slide for next steps\/challenges but shout if you don't need it",
        "ts": "1435423691.000086"
    },
    {
        "type": "message",
        "user": "U04UVKDC1",
        "text": "<@U050DA5Q1>:  You can leave if not started, I can do it, thanks for other one.",
        "ts": "1435423831.000087"
    },
    {
        "type": "message",
        "user": "U050DA5Q1",
        "text": "<@U04UVKDC1>: ok grand not started, i'll sync up tomorrow to see if you need help",
        "ts": "1435423865.000088"
    }
]