[
    {
        "type": "message",
        "user": "U050DA5Q1",
        "text": "Going back to work on presentation now",
        "ts": "1439122239.000002"
    },
    {
        "type": "message",
        "user": "U050DA5Q1",
        "text": ":cl:",
        "ts": "1439125432.000003"
    },
    {
        "type": "message",
        "user": "U050DA5Q1",
        "text": "ignore",
        "ts": "1439125453.000004"
    },
    {
        "type": "message",
        "user": "U04UQLQPP",
        "text": "Can delete messages also",
        "ts": "1439139811.000005"
    },
    {
        "type": "message",
        "user": "U04UVKDC1",
        "text": "Have been doing ui related tweet stuff and ui improvements and bugs",
        "ts": "1439139837.000006"
    },
    {
        "type": "message",
        "user": "U050DA5Q1",
        "text": "Cool i've been working on slides and demo (and tweet stuff for short while)",
        "ts": "1439140034.000007"
    },
    {
        "type": "message",
        "user": "U050DA5Q1",
        "text": "<@U04UQLQPP>: do we need to make releases now regularly",
        "ts": "1439141842.000008"
    },
    {
        "type": "message",
        "user": "U04UQLQPP",
        "text": "it\u2019s up to what people think I guess",
        "ts": "1439150277.000009"
    }
]