[
    {
        "type": "message",
        "user": "U04UVKDC1",
        "text": "Made changes last night to UI overlay style and put fix in for images and div which need testing\/tweaking. Igor has sent back topicname from server and we can put this in to the widget as username and put the twitter widget back in to overlay which will look good. Think if everyone can do some testing today and do not send out survey until tomorrow when site has dynamic twitter widget (using the topic name as the username). We want to get best possible feedback - so no point rushing to send it.",
        "ts": "1439276853.000010"
    },
    {
        "type": "message",
        "user": "U050DA5Q1",
        "text": "Its not about getting the best possible feedback - whats the point in that. Its really about getting feedback and being able to make changes\/fixes based on what customers think. Also I can do survey to smaller group again tomorrow.",
        "ts": "1439278406.000011"
    },
    {
        "type": "message",
        "user": "U050DA5Q1",
        "text": "Garry what will the Widget show exactly - I thought this wouldn't work ?",
        "ts": "1439278577.000012"
    },
    {
        "type": "message",
        "user": "U04U63G46",
        "text": "It will show tweets related to selected topic in the article",
        "ts": "1439278706.000013"
    },
    {
        "type": "message",
        "user": "U050DA5Q1",
        "text": "Note: If twitter is included we still need to show to useful - so they can tell us if it's useful or not",
        "ts": "1439287940.000014"
    },
    {
        "type": "message",
        "user": "U050DA5Q1",
        "text": "show to users",
        "ts": "1439287946.000015"
    },
    {
        "type": "message",
        "user": "U04U6FCFE",
        "text": "<!channel> i;ve added a doc in project folder with my notes on the team presentations today. its imaginatively called 'Kevins notes on team presentations 11\/8\/15'",
        "ts": "1439314607.000016"
    },
    {
        "type": "message",
        "user": "U050DA5Q1",
        "text": "I'ved fixed issue where for Users not logged into, Articles weren't displayed by ranking - so should look much better now for users not logged in",
        "ts": "1439340604.000017"
    },
    {
        "type": "message",
        "user": "U04UVKDC1",
        "text": "good stuff",
        "ts": "1439340625.000018"
    },
    {
        "type": "message",
        "user": "U050DA5Q1",
        "text": "cheers time for bed ?",
        "ts": "1439340759.000019"
    },
    {
        "type": "message",
        "user": "U04UVKDC1",
        "text": "ya I need some sleep, good night.",
        "ts": "1439340819.000020"
    },
    {
        "type": "message",
        "user": "U050DA5Q1",
        "text": "me too night night",
        "ts": "1439340838.000021"
    },
    {
        "type": "message",
        "user": "U04UVKDC1",
        "text": "latest dev deployed to <http:\/\/newsfast.me|newsfast.me> contains some ui tweaks and link to survey and email at bottom of page. Still more tweaks to do on UI tomorrow.",
        "ts": "1439342860.000022"
    }
]