[
    {
        "type": "message",
        "user": "U04UQLQPP",
        "text": "I\u2019ve implemented user topics as free form field, just to test",
        "ts": "1436554984.000153"
    },
    {
        "type": "message",
        "user": "U04UQLQPP",
        "text": "user will be redirected to page to fill out if they have none, othewise will see main page if we have topics",
        "ts": "1436555010.000154"
    },
    {
        "type": "message",
        "user": "U04UQLQPP",
        "text": "so from user side, it\u2019s done for code, only need UI",
        "ts": "1436555155.000155"
    }
]