[
    {
        "type": "message",
        "user": "U050DA5Q1",
        "text": "FYI added protection so duplicates in Articles should be impossible (url field in models now unique, and just handle the possible integrity error when saving). It was very unlikely before but should be impossible now",
        "ts": "1438609248.000026"
    },
    {
        "type": "message",
        "user": "U050DA5Q1",
        "text": "Hi I've removed 4 Rss feeds after going though all of them. One has lots of porn etc references motherboard.vice or something, apple developer one just had no up to date info and just a couple words, one of them duplicated another (hence one reason why you might have seen dups - titles were the exact same). If you see more dodgy stuff let me know",
        "ts": "1438635487.000027"
    }
]