[
    {
        "type": "message",
        "user": "U050DA5Q1",
        "text": "FYI I'll be working on Demo paper and Slides today and tomorrow .. I should be able to make progress (for some reason didn't fancy doing it at the weekend).",
        "ts": "1438675519.000028"
    },
    {
        "type": "message",
        "user": "U050DA5Q1",
        "text": "Will start on user slides first i have some ideas on it finally",
        "ts": "1438689174.000029"
    },
    {
        "type": "message",
        "user": "U04UVKDC1",
        "text": "I am fixing issues Larry mentioned and will work on integrating the twitter widget properly later tonight and tomorrow. I will hook up with Neil to discuss landing page before Thursday.",
        "ts": "1438712100.000030"
    },
    {
        "type": "message",
        "user": "U050DA5Q1",
        "text": "Great stuff",
        "ts": "1438712152.000031"
    },
    {
        "type": "message",
        "user": "U050DA5Q1",
        "text": "As soon as Twitter widget integrated we'll ask users via Survey if they find it useful",
        "ts": "1438712188.000032"
    },
    {
        "type": "message",
        "user": "U050DA5Q1",
        "text": "Anyone have survey link so I can give to people ?",
        "ts": "1438712220.000033"
    },
    {
        "type": "message",
        "user": "U04UVKDC1",
        "text": "Okay, no sorry don't have link.",
        "ts": "1438712319.000034"
    }
]