[
    {
        "type": "message",
        "user": "U050DA5Q1",
        "text": "I've added the Tech section and most of Reflections to the Demo paper (i had to guess what the group would say so take a look if you can) - pls add google doc comments and we can change and move around etc",
        "ts": "1437762114.000007"
    },
    {
        "type": "message",
        "user": "U04UVKDC1",
        "text": "Added initial popup for article detail when you click on article in homepage",
        "ts": "1437788928.000008"
    }
]