[
    {
        "type": "message",
        "user": "U04UQLQPP",
        "text": "working on second server we got today",
        "ts": "1435136065.000045"
    },
    {
        "type": "message",
        "subtype": "file_share",
        "text": "<@U04U63G46|igor.berdnikov> uploaded a file: <https:\/\/ucdproj.slack.com\/files\/igor.berdnikov\/F06Q0N64W\/rss_feed_process_sketch.pdf|RSS_Feed_Process_sketch.pdf> and commented: hi, currently implementing the details of RSS Feed process described in the RSS Feed Process sketch.pdf file",
        "file": {
            "id": "F06Q0N64W",
            "created": 1435177970,
            "timestamp": 1435177970,
            "name": "RSS_Feed_Process_sketch.pdf",
            "title": "RSS_Feed_Process_sketch.pdf",
            "mimetype": "application\/pdf",
            "filetype": "pdf",
            "pretty_type": "PDF",
            "user": "U04U63G46",
            "editable": false,
            "size": 1926196,
            "mode": "hosted",
            "is_external": false,
            "external_type": "",
            "is_public": true,
            "public_url_shared": false,
            "display_as_bot": false,
            "username": "",
            "url": "https:\/\/slack-files.com\/files-pub\/T04UQLQPK-F06Q0N64W-e831f46cde\/rss_feed_process_sketch.pdf",
            "url_download": "https:\/\/slack-files.com\/files-pub\/T04UQLQPK-F06Q0N64W-e831f46cde\/download\/rss_feed_process_sketch.pdf",
            "url_private": "https:\/\/files.slack.com\/files-pri\/T04UQLQPK-F06Q0N64W\/rss_feed_process_sketch.pdf",
            "url_private_download": "https:\/\/files.slack.com\/files-pri\/T04UQLQPK-F06Q0N64W\/download\/rss_feed_process_sketch.pdf",
            "permalink": "https:\/\/ucdproj.slack.com\/files\/igor.berdnikov\/F06Q0N64W\/rss_feed_process_sketch.pdf",
            "permalink_public": "https:\/\/slack-files.com\/T04UQLQPK-F06Q0N64W-e831f46cde",
            "channels": [
                "C06DFM9A7"
            ],
            "groups": [],
            "ims": [],
            "comments_count": 1,
            "initial_comment": {
                "id": "Fc06Q0P5HR",
                "created": 1435177971,
                "timestamp": 1435177971,
                "user": "U04U63G46",
                "comment": "hi, currently implementing the details of RSS Feed process described in the RSS Feed Process sketch.pdf file"
            }
        },
        "user": "U04U63G46",
        "upload": true,
        "display_as_bot": false,
        "username": "<@U04U63G46|igor.berdnikov>",
        "bot_id": null,
        "ts": "1435177971.000046"
    },
    {
        "type": "message",
        "user": "U050DA5Q1",
        "text": "<@U04U63G46>: I'm going the NLP extracting keyworks from RSS feeds and store in redis (I'll have an article id as key and list of article keywords). In the diagram there should be line i think from RSS feed list to NLP analysis. My stuff is really easy .. i just need a couple of free hours. With the choice of redis\/db i don't think you can go wrong really, it should be easy to switch from using one to the other if needed",
        "ts": "1435182480.000047"
    },
    {
        "type": "message",
        "user": "U04U63G46",
        "text": "Hi, in my opinion, it's will be better if we will go to use table with the stored articles instead of accessing them directly from RSS feeds\n\n",
        "ts": "1435182852.000048"
    },
    {
        "type": "message",
        "user": "U04U63G46",
        "text": "It's will be called Article table,which you can access to do NLP analysis",
        "ts": "1435182972.000049"
    },
    {
        "type": "message",
        "user": "U050DA5Q1",
        "text": "I see that - at the moment how i'm doing it is fine as i don't have an alternative, i can switch to reading from store when available - won't be a problem.",
        "ts": "1435183100.000050"
    },
    {
        "type": "message",
        "user": "U04U63G46",
        "text": "Yeah, make sense",
        "ts": "1435183198.000051"
    },
    {
        "type": "message",
        "user": "U050DA5Q1",
        "text": "You prefer article store to be DB over Redis right ? Just curious about reasons .. (I don't think either choice is wrong . just curious)",
        "ts": "1435183215.000052"
    },
    {
        "type": "message",
        "user": "U050DA5Q1",
        "text": "And again switching from one to the other will be easy",
        "ts": "1435183403.000053"
    },
    {
        "type": "message",
        "user": "U04U63G46",
        "text": "in my opinion, the main reason is to be dependant on the third party without any needs, it's bad decision, ",
        "ts": "1435183523.000054"
    },
    {
        "type": "message",
        "user": "U050DA5Q1",
        "text": "i don't get it sorry",
        "ts": "1435183783.000055"
    },
    {
        "type": "message",
        "user": "U050DA5Q1",
        "text": "Oh I get it now.",
        "ts": "1435183895.000056"
    },
    {
        "type": "message",
        "user": "U050DA5Q1",
        "text": "There could easily be needs - like the obvious one being that reading\/writing to Redis should be faster than Postgres. I take the point that you don't want 10 different DBs for no reason ... I would take the view that we have these services available .. pick the right one for the job. I'm not arguing one way or the other - just saying there are valid reason for Redis. You could argue that we should store all non Django data in Redis - for quick non critical store.",
        "ts": "1435184156.000057"
    },
    {
        "type": "message",
        "user": "U04U63G46",
        "text": "Yeah, sounds good, I am not against Redis",
        "ts": "1435184556.000058"
    },
    {
        "type": "message",
        "user": "U050DA5Q1",
        "text": "Sure cool. Nice thing about our framework is it should be just a matter of switching from a postgres store function to redis store function. Will be interesting to get to performance stage. Just thinking about it, without docker we wouldn't have this luxury ... I'd love to know how much time other groups spend on system setup .. I imagine it could be a lot",
        "ts": "1435184834.000059"
    },
    {
        "type": "message",
        "user": "U050DA5Q1",
        "text": "All this chatting <@U04U63G46>  you need a lie down :simple_smile:",
        "ts": "1435184878.000060"
    },
    {
        "type": "message",
        "user": "U04U63G46",
        "text": ":) thinking about Redis, how Article will be stored other there as plain text or we can create fields like in the table",
        "ts": "1435185010.000061"
    },
    {
        "type": "message",
        "user": "U04U63G46",
        "text": "Or we can store as object and get it back as object",
        "ts": "1435185066.000062"
    },
    {
        "type": "message",
        "user": "U050DA5Q1",
        "text": "And I'm not against postgres either !",
        "ts": "1435185077.000063"
    },
    {
        "type": "message",
        "user": "U050DA5Q1",
        "text": "not sure .. needs a bit of thinking",
        "ts": "1435185149.000064"
    },
    {
        "type": "message",
        "user": "U050DA5Q1",
        "text": "the keywords i extract is probably perfect for redis .. key being article id and list of values which are the extracted keywords",
        "ts": "1435185288.000065"
    },
    {
        "type": "message",
        "user": "U050DA5Q1",
        "text": "not sure what exactly the key should be .. thinking",
        "ts": "1435185427.000066"
    },
    {
        "type": "message",
        "user": "U04U63G46",
        "text": "Yeah, sounds good, one question, how it will be robust, if we going need article for more deeper analysis",
        "ts": "1435185520.000067"
    },
    {
        "type": "message",
        "user": "U050DA5Q1",
        "text": "Note that Garry\/Neil have store to decide if article stored in Redis or Postgres",
        "ts": "1435185656.000068"
    },
    {
        "type": "message",
        "user": "U04U63G46",
        "text": "Can we get title date other fields quickly, can we sort by similar titles or filter by keywords in the summary of the article",
        "ts": "1435185657.000069"
    },
    {
        "type": "message",
        "user": "U04U63G46",
        "text": "Ok",
        "ts": "1435185752.000070"
    },
    {
        "type": "message",
        "user": "U050DA5Q1",
        "text": "Good thoughts you had there - and there are good reasons why you would want to store in postgres. For me it doesn't matter i'm just producing keywords from the article",
        "ts": "1435185947.000071"
    },
    {
        "type": "message",
        "user": "U050DA5Q1",
        "text": "You should probably sync up with Garry and Neil - I notice they also have stories for storing articles in db - sounds like there is overlap or common area with that",
        "ts": "1435186086.000072"
    },
    {
        "type": "message",
        "user": "U050DA5Q1",
        "text": "sort by title and filter by keywords is interesting  ...",
        "ts": "1435186144.000073"
    },
    {
        "type": "message",
        "user": "U050DA5Q1",
        "text": "filter by keywords sounds like useful feature for the user",
        "ts": "1435186184.000074"
    },
    {
        "type": "message",
        "user": "U04U63G46",
        "text": ":) thanks, we have to talk about it in the next scrum meeting, to make decision what we going to use and when\n",
        "ts": "1435186305.000075"
    },
    {
        "type": "message",
        "user": "U050DA5Q1",
        "text": "Its good if three of you can think of usecases that the storage needs to support ... and we could even store in both",
        "ts": "1435186339.000076"
    },
    {
        "type": "message",
        "user": "U050DA5Q1",
        "text": "cheers",
        "ts": "1435186346.000077"
    }
]