[
    {
        "type": "message",
        "user": "U050DA5Q1",
        "text": "we seem to be seeing less articles with images - i'll check this out at lunchtime - FYI I did remove 4 feeds but i did test that first and that change improved things when i tested",
        "ts": "1439367255.000023"
    },
    {
        "type": "message",
        "user": "U04UVKDC1",
        "text": "I will check UI code this evening",
        "ts": "1439368354.000024"
    },
    {
        "type": "message",
        "user": "U050DA5Q1",
        "text": "no worries ..  the dust should settle today and we'll just be looking at bugs - no new Dev. Igors suggestion was good that we get any changes (lets after today) to be approved by the group",
        "ts": "1439368835.000025"
    },
    {
        "type": "message",
        "user": "U04UVKDC1",
        "text": "think really we should not allow users to skip the sign in",
        "ts": "1439397631.000026"
    },
    {
        "type": "message",
        "user": "U04UQLQPP",
        "text": "I see says the blind man! :wink:",
        "ts": "1439397794.000027"
    },
    {
        "type": "message",
        "user": "U04UQLQPP",
        "text": "Me too, we can remove it if all in agreement?",
        "ts": "1439397805.000028"
    },
    {
        "type": "message",
        "user": "U04UVKDC1",
        "text": "yes users wont sign unless you make them",
        "ts": "1439397845.000029"
    },
    {
        "type": "message",
        "user": "U04UQLQPP",
        "text": "sent on survey now",
        "ts": "1439398103.000030"
    },
    {
        "type": "message",
        "user": "U04UQLQPP",
        "text": "hopefully get a few more heads responding",
        "ts": "1439398114.000031"
    },
    {
        "type": "message",
        "user": "U04U63G46",
        "text": "No, I am against that, we couldn't punish people, if they don't have twitter I'd, we can do it, if only twitter going to pay for that :)",
        "ts": "1439398171.000032"
    },
    {
        "type": "message",
        "user": "U04UVKDC1",
        "text": "but site is useless if you dont sign in",
        "ts": "1439398232.000033"
    },
    {
        "type": "message",
        "user": "U04UQLQPP",
        "text": "I agree with Garry igor.berdnikov",
        "ts": "1439398256.000034"
    },
    {
        "type": "message",
        "user": "U050DA5Q1",
        "text": "Not true - the point is you could skip sign in - see what it is - then sign in later",
        "ts": "1439398276.000035"
    },
    {
        "type": "message",
        "user": "U050DA5Q1",
        "text": "sorry but strong - just my opinion",
        "ts": "1439398289.000036"
    },
    {
        "type": "message",
        "user": "U050DA5Q1",
        "text": "bit strong",
        "ts": "1439398295.000037"
    },
    {
        "type": "message",
        "user": "U050DA5Q1",
        "text": "can't even type",
        "ts": "1439398300.000038"
    },
    {
        "type": "message",
        "user": "U050DA5Q1",
        "text": "I wouldn't fight to the death over it - but skipping sign in to see what you get is a fairly well known thing",
        "ts": "1439398345.000039"
    },
    {
        "type": "message",
        "user": "U04UQLQPP",
        "text": "<http:\/\/i.giphy.com\/TTOp75MLMzGEw.gif>",
        "attachments": [
            {
                "fallback": "400x210px image",
                "image_url": "http:\/\/i.giphy.com\/TTOp75MLMzGEw.gif",
                "image_width": 400,
                "image_height": 210,
                "image_bytes": 504484,
                "from_url": "http:\/\/i.giphy.com\/TTOp75MLMzGEw.gif",
                "id": 1
            }
        ],
        "ts": "1439398356.000040"
    },
    {
        "type": "message",
        "user": "U050DA5Q1",
        "text": "The landing page idea is great anyway",
        "ts": "1439398413.000042"
    },
    {
        "type": "message",
        "user": "U04UVKDC1",
        "text": "not really known thing for this type of site",
        "ts": "1439398417.000043"
    },
    {
        "type": "message",
        "user": "U04UVKDC1",
        "text": "fully agree",
        "ts": "1439398422.000044"
    },
    {
        "type": "message",
        "user": "U050DA5Q1",
        "text": "lets go find examples to suit our opinion !",
        "ts": "1439398443.000045"
    },
    {
        "type": "message",
        "user": "U04UVKDC1",
        "text": "is it feedly <@U04UQLQPP>",
        "ts": "1439398458.000046"
    },
    {
        "type": "message",
        "user": "U050DA5Q1",
        "text": "lets ask users",
        "ts": "1439398462.000047"
    },
    {
        "type": "message",
        "user": "U050DA5Q1",
        "text": "always the answer",
        "ts": "1439398468.000048"
    },
    {
        "type": "message",
        "user": "U04UQLQPP",
        "text": "feedly makes people sign in",
        "ts": "1439398476.000049"
    },
    {
        "type": "message",
        "user": "U04UQLQPP",
        "text": "also a news aggregator",
        "ts": "1439398480.000050"
    },
    {
        "type": "message",
        "user": "U04U63G46",
        "text": "At least we giving choice to users use it useless or do singing",
        "ts": "1439398494.000051"
    },
    {
        "type": "message",
        "user": "U04UQLQPP",
        "text": "newsblur is also and doesn't but it's a demo site",
        "ts": "1439398496.000052"
    },
    {
        "type": "message",
        "user": "U050DA5Q1",
        "text": "Its a useful thing i think - skip to see what it looks like then sign in later",
        "ts": "1439398530.000053"
    },
    {
        "type": "message",
        "user": "U050DA5Q1",
        "text": "More importantly any thoughts on the articles not having photos Garry",
        "ts": "1439398649.000054"
    },
    {
        "type": "message",
        "user": "U04UVKDC1",
        "text": "looking in to it now",
        "ts": "1439398672.000055"
    },
    {
        "type": "message",
        "user": "U050DA5Q1",
        "text": "i'm just home now i'll look too",
        "ts": "1439398679.000056"
    },
    {
        "type": "message",
        "user": "U050DA5Q1",
        "text": "Hey Garry yeah if you go to top articles (NO CAPS !!!! joke) and look at in in Admin, it looks like they are missing images - and there is even gap where image should be",
        "ts": "1439400341.000057"
    },
    {
        "type": "message",
        "user": "U050DA5Q1",
        "text": "EG Google may be in for a trademark battle with BMW over Alphabet name - in Admin has &lt;img src='<http:\/\/www.androidcentral.com\/sites\/androidcentral.com\/files\/styles\/large_wm_brw\/public\/article_images\/2015\/08\/alphabet.jpg>?",
        "attachments": [
            {
                "fallback": "800x600px image",
                "image_url": "http:\/\/www.androidcentral.com\/sites\/androidcentral.com\/files\/styles\/large_wm_brw\/public\/article_images\/2015\/08\/alphabet.jpg",
                "image_width": 800,
                "image_height": 600,
                "image_bytes": 216185,
                "from_url": "http:\/\/www.androidcentral.com\/sites\/androidcentral.com\/files\/styles\/large_wm_brw\/public\/article_images\/2015\/08\/alphabet.jpg",
                "id": 1
            }
        ],
        "ts": "1439400400.000058"
    },
    {
        "type": "message",
        "user": "U04UVKDC1",
        "text": "So issue is on server",
        "ts": "1439400401.000059"
    },
    {
        "type": "message",
        "user": "U04UVKDC1",
        "text": "oh sorry okay",
        "ts": "1439400420.000060"
    },
    {
        "type": "message",
        "user": "U04UVKDC1",
        "text": "on client",
        "ts": "1439400423.000061"
    },
    {
        "type": "message",
        "user": "U050DA5Q1",
        "text": "You're the expert dude",
        "ts": "1439400436.000062"
    },
    {
        "type": "message",
        "user": "U050DA5Q1",
        "text": "that's an easy was to check - you can put article title into search on admin GUI",
        "ts": "1439400485.000063"
    },
    {
        "type": "message",
        "user": "U050DA5Q1",
        "text": "i don't know anything really about how the image is displayed",
        "ts": "1439400514.000064"
    },
    {
        "type": "message",
        "user": "U04UVKDC1",
        "text": "okay grand I will look at it",
        "ts": "1439400531.000065"
    },
    {
        "type": "message",
        "user": "U050DA5Q1",
        "text": "if you want me to check something let me know",
        "ts": "1439400532.000066"
    },
    {
        "type": "message",
        "user": "U04UVKDC1",
        "text": "twitter widget is working now",
        "ts": "1439400543.000067"
    },
    {
        "type": "message",
        "user": "U050DA5Q1",
        "text": "Are you at peace ?",
        "ts": "1439400569.000068"
    },
    {
        "type": "message",
        "user": "U050DA5Q1",
        "text": ":simple_smile:",
        "ts": "1439400574.000069"
    },
    {
        "type": "message",
        "user": "U04UVKDC1",
        "text": "yes",
        "ts": "1439400587.000070"
    },
    {
        "type": "message",
        "user": "U050DA5Q1",
        "text": "Lets do survey as agreed then - i'll ask the 5 in work if they find it useful or interesting",
        "ts": "1439400630.000071"
    },
    {
        "type": "message",
        "user": "U050DA5Q1",
        "text": "once its up",
        "ts": "1439400637.000072"
    },
    {
        "type": "message",
        "user": "U050DA5Q1",
        "text": "if you can do same",
        "ts": "1439400643.000073"
    },
    {
        "type": "message",
        "user": "U050DA5Q1",
        "text": "Amazing job (if it works which I'm sure it will)",
        "ts": "1439400702.000074"
    },
    {
        "type": "message",
        "user": "U04UVKDC1",
        "text": "Its actually really relevant",
        "ts": "1439400724.000075"
    },
    {
        "type": "message",
        "user": "U050DA5Q1",
        "text": "I love the word actually",
        "ts": "1439400738.000076"
    },
    {
        "type": "message",
        "user": "U04UVKDC1",
        "text": "username",
        "ts": "1439400743.000077"
    },
    {
        "type": "message",
        "user": "U050DA5Q1",
        "text": "you'll never look at a website the same again Garry !",
        "ts": "1439400772.000078"
    },
    {
        "type": "message",
        "user": "U050DA5Q1",
        "text": "We can ask Kevin update survey about twitter widget - remove one maybe on landing page - all good feedback. Did you find the Twitter information useful or interesting ?",
        "ts": "1439400876.000079"
    },
    {
        "type": "message",
        "user": "U050DA5Q1",
        "text": "Great stuff Garry",
        "ts": "1439400909.000081"
    }
]