[
    {
        "type": "message",
        "user": "U050DA5Q1",
        "text": "will check it in shortly ..",
        "ts": "1436689831.000158"
    },
    {
        "type": "message",
        "user": "U050DA5Q1",
        "text": "checked in now - post some info later and work on some improvements today. <@U04U63G46> if you need to sync up with me and <@U04UQLQPP> let us know cheers",
        "ts": "1436695604.000159"
    },
    {
        "type": "message",
        "user": "U050DA5Q1",
        "text": "currently the filtering is done when article inserted - so if a new user signs in then he won\u2019t see the old articles - so i need to add some kind of \u201ccallback\u201d that fires when topics are inserted for a user - if anyone know how to do this let me know",
        "ts": "1436696657.000160"
    },
    {
        "type": "message",
        "user": "U050DA5Q1",
        "text": "Sounds like signals is the way to do it <https:\/\/docs.djangoproject.com\/en\/1.8\/topics\/signals\/>",
        "ts": "1436696809.000161"
    },
    {
        "type": "message",
        "user": "U050DA5Q1",
        "text": "<http:\/\/paltman.com\/using-signals-your-django-app\/> Sounds like the ideal is to kick off a celery job whenever the user selected topics is updated",
        "attachments": [
            {
                "title": "Using Signals in your Django App",
                "title_link": "http:\/\/paltman.com\/using-signals-your-django-app\/",
                "text": "Yesterday, I posted a fairly popular post (for my blog anyway) dealing with how I write reusable Django apps. There were a couple of comments on Hacker News asking for some more details about some of thing suggestions mentioned in my post. Therefore, I'd like to start by digging into the use of signals to provide better site level integration.",
                "fallback": "Using Signals in your Django App",
                "thumb_url": "http:\/\/paltman.com\/site_media\/static\/shiftingbits\/img\/paltman.png",
                "from_url": "http:\/\/paltman.com\/using-signals-your-django-app\/",
                "thumb_width": 200,
                "thumb_height": 200,
                "id": 1
            }
        ],
        "ts": "1436696952.000162"
    },
    {
        "type": "message",
        "user": "U050DA5Q1",
        "text": "although an easier easier way to do just kick off celery job from where user topics are saved",
        "ts": "1436698261.000164"
    },
    {
        "type": "message",
        "user": "U050DA5Q1",
        "text": "That worked - the simpler way of kicking of celery job - its in dev now",
        "ts": "1436704501.000165"
    },
    {
        "type": "message",
        "user": "U04UVKDC1",
        "text": "cool Larry, good stuff - I am still working away at UI, plan is still to have topics\/preferences page in a decent state by Demo Tuesday.",
        "ts": "1436704719.000166"
    },
    {
        "type": "message",
        "user": "U050DA5Q1",
        "text": "cool cheers",
        "ts": "1436704732.000167"
    },
    {
        "type": "message",
        "user": "U050DA5Q1",
        "text": "moved filter to be inline - as it was backed up behind the process rss feeds (which takes 10mins to run), Inline works well now. Will post info later but filtering is working ok now, usable",
        "ts": "1436712879.000168"
    }
]