[
    {
        "type": "message",
        "user": "U04UVKDC1",
        "text": "put some more changes on <http:\/\/newsfast.me|newsfast.me> -overlay relates to article -initial twitter widget -thumbnail on article title -some fixes -still alot more fixes to go in",
        "ts": "1438332791.000020"
    },
    {
        "type": "message",
        "user": "U050DA5Q1",
        "text": "Just FYI to avoid duplication. I\u2019m looking at issue that when you unselect all topics - not saved to db. Problem is in views we don\u2019t receive checkboxes in request - if we did we could handle it. Also will add the change to not show same article in latest and your articles. Also adding config option to db for number of user articles stored  per lookup - used to be unlimited, was recently hardcoded to 10. Making it configurable means we can play around with it.",
        "ts": "1438345345.000021"
    },
    {
        "type": "message",
        "user": "U050DA5Q1",
        "text": "Hi, just pushed a change to: exclude latest articles from the personal list. I've made some of the hardcoded choice configurable on admin GUI (called SystemConfig). So the three things are number of UserArticles to store (default to 10 but we can change now, number of Latest to display (default increased from 10 to 20), and number of personal articles to display (default 10). So we can play with these easily.",
        "ts": "1438357161.000022"
    },
    {
        "type": "message",
        "user": "U050DA5Q1",
        "text": "2 issues i need to talk to <@U04UVKDC1> about are unselect all topics and saving, and also reloading home page (currently writes topics again)",
        "ts": "1438357305.000023"
    }
]