[
    {
        "type": "message",
        "user": "U04UQLQPP",
        "text": "OK, still to finish Yelp notebook, will help Larry today\/over weekend and try read up on Methodology and get up to date with celery",
        "ts": "1434704296.000020"
    },
    {
        "type": "message",
        "user": "U050DA5Q1",
        "text": "I've done the authenticating twitter user - its on develop now. Its uses a library called authomatic <http:\/\/peterhudec.github.io\/authomatic\/index.html> Once authorized the access credentials are stored in the session.  You can test the login by going to IP\/login\nI've included a simple example of how to get twitter info then using tweepy. If you go to IP\/followers it dumps your followers info on screen. The followers example is here\nThe \/login will change to a button, i'll leave the \/followers as an example for the moment",
        "attachments": [
            {
                "title": "Authomatic",
                "title_link": "http:\/\/peterhudec.github.io\/authomatic\/index.html",
                "text": "Simple yet powerful authorization \/ authentication client library for Python WEB applications.",
                "fallback": "Authomatic",
                "from_url": "http:\/\/peterhudec.github.io\/authomatic\/index.html",
                "id": 1
            }
        ],
        "ts": "1434754904.000021"
    }
]