[
    {
        "type": "message",
        "user": "U050DA5Q1",
        "text": "i've added my stuff to dev now. I'll post more info on how its stored in redis later. You can now get list of articles give keyword and vice versa.\n<@U04U63G46>: there are 2 functions in db_utils.py to get list of articles from keywork:\ndef get_articles_from_keyword_title(keyword)\ndef get_articles_from_keyword_body(keyword)",
        "ts": "1436101275.000121"
    },
    {
        "type": "message",
        "user": "U050DA5Q1",
        "text": "One that gets articles based on extracting from title and one that gets articles based on extracting from body",
        "ts": "1436101314.000122"
    },
    {
        "type": "message",
        "user": "U050DA5Q1",
        "text": "<@U04U63G46>: so can you finish this as discussed to use this and display on web based on users choice",
        "ts": "1436101530.000123"
    },
    {
        "type": "message",
        "user": "U050DA5Q1",
        "text": "<@U04U63G46>: FYI can you post some info on what you're working on - it was to do with sessions (you know django has good build in support for sessions i presume)",
        "ts": "1436101614.000124"
    },
    {
        "type": "message",
        "user": "U050DA5Q1",
        "text": "We should have this all working on web page before Tuesday",
        "ts": "1436101636.000125"
    },
    {
        "type": "message",
        "user": "U050DA5Q1",
        "text": "I'm off to kids birthday now ...",
        "ts": "1436101778.000126"
    },
    {
        "type": "message",
        "user": "U04U63G46",
        "text": "OK, will have a look",
        "ts": "1436102696.000127"
    },
    {
        "type": "message",
        "user": "U050DA5Q1",
        "text": "Any Qs post on slack - you should just be able to use the function like get_articles_from_keyword_title('apple').",
        "ts": "1436102822.000128"
    },
    {
        "type": "message",
        "user": "U050DA5Q1",
        "text": "note keyword extract is run every 5 mins - you can speed this up in settings.py. FYI what you might find useful for testing is to only have 1 RSS feed to start with",
        "ts": "1436102971.000129"
    },
    {
        "type": "message",
        "user": "U04U63G46",
        "text": "Ok",
        "ts": "1436103115.000130"
    },
    {
        "type": "message",
        "user": "U050DA5Q1",
        "text": "Note you can run this to check if redis populated:\nfrom redis import Redis\n\nredis = Redis(host='192.168.99.101', port=6379)\n\ndef get_articles_from_keyword_title(keyword):\n    keyword = 'kw:title:' + keyword\n    articles = redis.smembers(keyword)\n    return articles\n\nprint(get_articles_from_keyword_title('apple'))",
        "ts": "1436103146.000131"
    },
    {
        "type": "message",
        "user": "U050DA5Q1",
        "text": "should get this:\n{b'63', b'139', b'594', b'67', b'114', b'185', b'85', b'585', b'93', b'121', b'83', b'418', b'113', b'484', b'50', b'130', b'769', b'119', b'57', b'65', b'452', b'570', b'190', b'686', b'1124', b'101', b'112', b'82', b'600', b'244', b'136', b'108', b'109', b'127', b'674', b'553', b'707', b'117', b'591', b'72', b'78', b'106', b'182', b'205', b'70', b'123', b'79', b'907', b'75', b'66', b'118', b'627', b'558', b'378', b'1132', b'102', b'99', b'132', b'95', b'598', b'879', b'64', b'584', b'681', b'1279', b'193', b'137', b'538', b'363', b'81', b'196', b'340', b'206', b'502', b'671', b'15', b'76', b'426', b'69', b'138', b'88', b'80', b'1186', b'98', b'191', b'865', b'74', b'771', b'7', b'128', b'505', b'1261', b'756', b'14', b'192', b'200', b'751', b'500', b'593', b'1311', b'87', b'96', b'750', b'758', b'107', b'120', b'160', b'92', b'194', b'543', b'134', b'435', b'327', b'68', b'592', b'968', b'772', b'1274', b'84', b'73', b'403', b'504', b'601', b'1285', b'131', b'124', b'111', b'431', b'554', b'140', b'94', b'115', b'62', b'624', b'995', b'332', b'43', b'501', b'233', b'39', b'110', b'129', b'965'}",
        "ts": "1436103170.000132"
    },
    {
        "type": "message",
        "user": "U050DA5Q1",
        "text": "Just change IP above it should work - if empty you will get set()",
        "ts": "1436103205.000133"
    },
    {
        "type": "message",
        "user": "U050DA5Q1",
        "text": "You will need to wait 5 mins for it to be populated if you don't change default",
        "ts": "1436103229.000134"
    },
    {
        "type": "message",
        "user": "U050DA5Q1",
        "text": "Am going to add the Guardian tech keyword list to admin gui",
        "ts": "1436118153.000135"
    },
    {
        "type": "message",
        "user": "U050DA5Q1",
        "text": "On Dev now",
        "ts": "1436119846.000136"
    },
    {
        "type": "message",
        "user": "U050DA5Q1",
        "text": "adding some info on how we use redis to wiki",
        "ts": "1436121912.000137"
    }
]