[
    {
        "type": "message",
        "user": "U050DA5Q1",
        "text": "Just looking at the keyword extract + store now. Am going to use redis - this will be useful learning anyway. Looks like there is a lot more to redis than i thought <http:\/\/www.slideshare.net\/dvirsky\/kicking-ass-with-redis>\nI'm going to keep it simple but it does have a lot more tools than I thought. Note that redis data can be stored on disk .. so it's more than just a memory cache",
        "attachments": [
            {
                "service_name": "SlideShare",
                "service_url": "http:\/\/www.slideshare.net",
                "title": "Kicking ass with redis",
                "title_link": "http:\/\/www.slideshare.net\/dvirsky\/kicking-ass-with-redis",
                "author_name": "Dvir Volk",
                "author_link": "http:\/\/www.slideshare.net\/dvirsky",
                "thumb_width": 170,
                "thumb_height": 128,
                "text": "Kicking ass with redis  from Dvir Volk",
                "fallback": "SlideShare Link: Kicking ass with redis",
                "from_url": "http:\/\/www.slideshare.net\/dvirsky\/kicking-ass-with-redis",
                "id": 1
            }
        ],
        "ts": "1435001892.000024"
    },
    {
        "type": "message",
        "user": "U04UVKDC1",
        "text": "Yesterday put some more UI stories  in backlog with Neil  and had a look at some UI frameworks.  Got stuck a bit with libraries for notebooks at the weekend and did not get as much time as I would have liked at project.  I am off tomorrow so hopefully take some UI  stories are these are high priority.",
        "ts": "1435036746.000026"
    }
]