[
    {
        "type": "message",
        "user": "U050DA5Q1",
        "text": "<@U04U63G46>: I\u2019m getting exception from the new training set count:",
        "ts": "1437141315.000171"
    },
    {
        "type": "message",
        "subtype": "file_share",
        "text": "<@U050DA5Q1|larry> uploaded a file: <https:\/\/ucdproj.slack.com\/files\/larry\/F07QESA2J\/-.txt|Untitled>",
        "file": {
            "id": "F07QESA2J",
            "created": 1437141330,
            "timestamp": 1437141330,
            "name": "-.txt",
            "title": "Untitled",
            "mimetype": "text\/plain",
            "filetype": "text",
            "pretty_type": "Plain Text",
            "user": "U050DA5Q1",
            "editable": true,
            "size": 2576,
            "mode": "snippet",
            "is_external": false,
            "external_type": "",
            "is_public": true,
            "public_url_shared": false,
            "display_as_bot": false,
            "username": "",
            "url": "https:\/\/slack-files.com\/files-pub\/T04UQLQPK-F07QESA2J-1d1f0fbe34\/-.txt",
            "url_download": "https:\/\/slack-files.com\/files-pub\/T04UQLQPK-F07QESA2J-1d1f0fbe34\/download\/-.txt",
            "url_private": "https:\/\/files.slack.com\/files-pri\/T04UQLQPK-F07QESA2J\/-.txt",
            "url_private_download": "https:\/\/files.slack.com\/files-pri\/T04UQLQPK-F07QESA2J\/download\/-.txt",
            "permalink": "https:\/\/ucdproj.slack.com\/files\/larry\/F07QESA2J\/-.txt",
            "permalink_public": "https:\/\/slack-files.com\/T04UQLQPK-F07QESA2J-1d1f0fbe34",
            "edit_link": "https:\/\/ucdproj.slack.com\/files\/larry\/F07QESA2J\/-.txt\/edit",
            "preview": "^[[35mworker_1    | ^[[0mTraceback (most recent call last):\n^[[35mworker_1    | ^[[0m  File \"\/usr\/src\/app\/static\/docker_django\/apps\/newsfast\/tasks.py\", line 81, in process_rss_feeds\n^[[35mworker_1    | ^[[0m    ranking = get_article_ranking(article_id, user_id, matched_keywords)\n^[[35mworker_1    | ^[[0m  File \"\/usr\/src\/app\/static\/docker_django\/apps\/newsfast\/tasks.py\", line 195, in get_article_ranking\n^[[35mworker_1    | ^[[0m    if training_set.count() > 0:\n^[[35mworker_1    | ^[[0m  File \"\/usr\/local\/lib\/python3.4\/dist-packages\/django\/db\/models\/query.py\", line 318, in count\n^[[35mworker_1    | ^[[0m    return self.query.get_count(using=self.db)\n^[[35mworker_1    | ^[[0m  File \"\/usr\/local\/lib\/python3.4\/dist-packages\/django\/db\/models\/sql\/query.py\", line 464, in get_count\n^[[35mworker_1    | ^[[0m    number = obj.get_aggregation(using, ['__count'])['__count']\n^[[35mworker_1    | ^[[0m  File \"\/usr\/local\/lib\/python3.4\/dist-packages\/django\/db\/models\/sql\/query.py\", line 428, in get_aggregation",
            "preview_highlight": "<div class=\"sssh-code\"><div class=\"sssh-line\"><pre>^[[35mworker_1    | ^[[0mTraceback (most recent call last):\r<\/pre><\/div>\n<div class=\"sssh-line\"><pre>^[[35mworker_1    | ^[[0m  File &quot;\/usr\/src\/app\/static\/docker_django\/apps\/newsfast\/tasks.py&quot;, line 81, in process_rss_feeds\r<\/pre><\/div>\n<div class=\"sssh-line\"><pre>^[[35mworker_1    | ^[[0m    ranking = get_article_ranking(article_id, user_id, matched_keywords)\r<\/pre><\/div>\n<div class=\"sssh-line\"><pre>^[[35mworker_1    | ^[[0m  File &quot;\/usr\/src\/app\/static\/docker_django\/apps\/newsfast\/tasks.py&quot;, line 195, in get_article_ranking\r<\/pre><\/div>\n<div class=\"sssh-line\"><pre>^[[35mworker_1    | ^[[0m    if training_set.count() &gt; 0:\r<\/pre><\/div>\n<div class=\"sssh-line\"><pre>^[[35mworker_1    | ^[[0m  File &quot;\/usr\/local\/lib\/python3.4\/dist-packages\/django\/db\/models\/query.py&quot;, line 318, in count\r<\/pre><\/div>\n<div class=\"sssh-line\"><pre>^[[35mworker_1    | ^[[0m    return self.query.get_count(using=self.db)\r<\/pre><\/div>\n<div class=\"sssh-line\"><pre>^[[35mworker_1    | ^[[0m  File &quot;\/usr\/local\/lib\/python3.4\/dist-packages\/django\/db\/models\/sql\/query.py&quot;, line 464, in get_count\r<\/pre><\/div>\n<div class=\"sssh-line\"><pre>^[[35mworker_1    | ^[[0m    number = obj.get_aggregation(using, ['__count'])['__count']\r<\/pre><\/div>\n<div class=\"sssh-line\"><pre>^[[35mworker_1    | ^[[0m  File &quot;\/usr\/local\/lib\/python3.4\/dist-packages\/django\/db\/models\/sql\/query.py&quot;, line 428, in get_aggregation\r<\/pre><\/div>\n<\/div>",
            "lines": 26,
            "lines_more": 16,
            "channels": [
                "C06DFM9A7"
            ],
            "groups": [],
            "ims": [],
            "comments_count": 0
        },
        "user": "U050DA5Q1",
        "upload": true,
        "display_as_bot": false,
        "username": "<@U050DA5Q1|larry>",
        "bot_id": null,
        "ts": "1437141330.000172"
    },
    {
        "type": "message",
        "user": "U050DA5Q1",
        "text": "Sorry - I\u2019ve put a try except around it - with except doing the old ranking - so UserArticles are now populated again - the issue seems to be with the seperator. This link seemed useful <https:\/\/gist.github.com\/ludoo\/ca6ed07e5c8017272701> \nI tried this though didn\u2019t work. The models does seem like its missing 'separator = self.extra.get('separator\u2019)\u2019 If you take a look cheers",
        "ts": "1437141497.000173"
    },
    {
        "type": "message",
        "user": "U050DA5Q1",
        "text": "FYI if you think its problematic putting into postgres let me know, it may well be easier in redis, i don\u2019t mind where it goes though",
        "ts": "1437141583.000174"
    },
    {
        "type": "message",
        "user": "U050DA5Q1",
        "text": "Just pushed to Dev - some small changes: minor fix for UserTopics in Admin, wrapped the training count in try\/except so UserArticles being stored again, minor change to views so user logged in but no articles gets articles (this can be improved will add Trello). This weekend I have an invasion of nephew\/nieces so won\u2019t have as much time as normal - will be available in the evenings",
        "ts": "1437144509.000175"
    },
    {
        "type": "message",
        "user": "U04UVKDC1",
        "text": "working on getting the checkbox list in to jquery pop up, it working, need to connect in to database",
        "ts": "1437144550.000176"
    },
    {
        "type": "message",
        "user": "U050DA5Q1",
        "text": "Great give me a shout if you need hand with DB. Great you\u2019re using jquery. Have to clean house now before invasion",
        "ts": "1437144650.000177"
    },
    {
        "type": "message",
        "user": "U04UVKDC1",
        "text": "okay thanks",
        "ts": "1437144763.000178"
    },
    {
        "type": "message",
        "user": "U050DA5Q1",
        "text": "<@U04UVKDC1>: what i find useful when debugging EG to see what is being passed to views from clicking is add print statement to code like:\nlogger.error(\u201cXXX printing data: %s\u201d % the_data_structure) - you will see the line then if you do docker-compose logs | grep XXX (and take out the logging.error when finished)",
        "ts": "1437145685.000179"
    }
]