[
    {
        "type": "message",
        "user": "U04U63G46",
        "text": "Fixed Save topics and show articles, haven't properly tested yet, will push updates after work today, please be careful with updates until then",
        "ts": "1438932264.000045"
    },
    {
        "type": "message",
        "user": "U050DA5Q1",
        "text": "Working on slides now - using <http:\/\/slides.com|slides.com> - its the only way to go I think if we want to make slides that look good *quickly*. (I know i was supposed to use google slides but I want it to look really good). I found this link very useful <http:\/\/www.slideshare.net\/damonnofar\/8-tips-for-slideshare?from_action=save>",
        "attachments": [
            {
                "service_name": "SlideShare",
                "service_url": "http:\/\/www.slideshare.net",
                "title": "8 Tips for an Awesome Powerpoint Presentation",
                "title_link": "http:\/\/www.slideshare.net\/damonnofar\/8-tips-for-slideshare?from_action=save",
                "author_name": "Damon Nofar",
                "author_link": "http:\/\/www.slideshare.net\/damonnofar",
                "thumb_width": 170,
                "thumb_height": 128,
                "text": "8 Tips for an Awesome Powerpoint Presentation  from Damon Nofar",
                "fallback": "SlideShare Link: 8 Tips for an Awesome Powerpoint Presentation",
                "from_url": "http:\/\/www.slideshare.net\/damonnofar\/8-tips-for-slideshare?from_action=save",
                "id": 1
            }
        ],
        "ts": "1438948117.000046"
    },
    {
        "type": "message",
        "user": "U050DA5Q1",
        "text": "<!channel>: going to ask Brian if we can get feedback on the submission docs on Tuesday - any comments ?",
        "ts": "1438950416.000048"
    },
    {
        "type": "message",
        "user": "U050DA5Q1",
        "text": "I should have a first attempt on the settings, system and design slides for tomorrow. Maybe instead of sharing it today I'll present to you tomorrow to see what the first reaction is",
        "ts": "1438965766.000002"
    }
]