[
    {
        "type": "message",
        "user": "U04UQLQPP",
        "text": "<@U04U6FCFE> &amp; <@U04U63G46> any status?",
        "ts": "1435047342.000027"
    },
    {
        "type": "message",
        "user": "U04UQLQPP",
        "text": "I was working on UX Storie with Garry, will help choose frameworks in any way <@U04UVKDC1> requires",
        "ts": "1435047394.000028"
    },
    {
        "type": "message",
        "user": "U04U6FCFE",
        "text": "I was doing a quick review of larrys code last night to see how best to integrate my changes with his.  I'll discuss it with him tonight if he's free. I'm going to split user preference story into something like, friends, followers, and tweet comments(what they are talking about).  Should get them closed out and stored in the DB over the next few days.",
        "ts": "1435059373.000029"
    },
    {
        "type": "message",
        "user": "U050DA5Q1",
        "text": "<@U04U6FCFE>:  for tech keywords we can use this as a starter <http:\/\/www.theguardian.com\/technology\/list\/alltechnologykeywords>",
        "ts": "1435059672.000030"
    },
    {
        "type": "message",
        "user": "U04U6FCFE",
        "text": "<@U050DA5Q1>: looks good. Think we can go ahead and load it to DB. we can user admin to drop anything off it.",
        "ts": "1435059869.000031"
    },
    {
        "type": "message",
        "user": "U04U6FCFE",
        "text": "<@U050DA5Q1>: sorry just wondering should it be a ref file instead? Either would work. What do you think?",
        "ts": "1435060286.000032"
    },
    {
        "type": "message",
        "user": "U050DA5Q1",
        "text": "anyone connected ?",
        "ts": "1435060774.000033"
    },
    {
        "type": "message",
        "user": "U050DA5Q1",
        "text": "I'm having trouble",
        "ts": "1435060780.000034"
    },
    {
        "type": "message",
        "user": "U04U6FCFE",
        "text": "try it now. igor an i managed to get in",
        "ts": "1435060890.000035"
    },
    {
        "type": "message",
        "user": "U04UQLQPP",
        "text": "7",
        "ts": "1435064772.000036"
    },
    {
        "type": "message",
        "user": "U050DA5Q1",
        "text": "<@U04U6FCFE>: sorry didn't get what you meant by ref file",
        "ts": "1435096763.000037"
    },
    {
        "type": "message",
        "user": "U04U6FCFE",
        "text": "just we could store the keywords in a reference \/ regular text file or we could store in database. if its in a file we should be able to use it directly similar to concept behind stopwords or sentiment analysis from brians presentaion at the start of june.",
        "ts": "1435096963.000038"
    },
    {
        "type": "message",
        "user": "U050DA5Q1",
        "text": "i guess whats nice about DB is that Admin can edit and manually add remove words",
        "ts": "1435097145.000039"
    },
    {
        "type": "message",
        "user": "U050DA5Q1",
        "text": "and the DB can be read easily so thats not a problem",
        "ts": "1435097349.000040"
    },
    {
        "type": "message",
        "user": "U04U6FCFE",
        "text": "prob much of amuchness. would be easy enough to edit text file but i you prefer db then i say go with it.",
        "ts": "1435099441.000041"
    },
    {
        "type": "message",
        "user": "U04UQLQPP",
        "text": "<@U04U6FCFE>: for feeds I did CSV and imported it",
        "ts": "1435099967.000042"
    },
    {
        "type": "message",
        "user": "U04UQLQPP",
        "text": "<@U04U6FCFE>: could have a look at that ",
        "ts": "1435099983.000043"
    },
    {
        "type": "message",
        "user": "U04U6FCFE",
        "text": ":thumbsup:",
        "ts": "1435100251.000044"
    }
]