[
    {
        "text": "",
        "bot_id": "B052T590M",
        "attachments": [
            {
                "fallback": "[blackteam:develop] <https:\/\/github.com\/dueyfinster\/blackteam\/commit\/e2364f1b0a9d9f64fbdc5fa3e636d9633a4cf02c|1 new commit> by GarryDavitt",
                "text": "<https:\/\/github.com\/dueyfinster\/blackteam\/commit\/e2364f1b0a9d9f64fbdc5fa3e636d9633a4cf02c|e2364f1>: styling remove text at top - add twitter widget - relate overlay article to actual article -some fixes -still not not finished version for items added - GarryDavitt",
                "pretext": "[blackteam:develop] 1 new commit by GarryDavitt:",
                "id": 1,
                "color": "4183C4",
                "mrkdwn_in": [
                    "text",
                    "pretext"
                ]
            }
        ],
        "type": "message",
        "subtype": "bot_message",
        "ts": "1438331444.000096"
    },
    {
        "text": "",
        "bot_id": "B056P06D5",
        "attachments": [
            {
                "fallback": "Success:  GarryDavitt's build (<https:\/\/circleci.com\/gh\/dueyfinster\/blackteam\/314|#314>; push in <https:\/\/circleci.com\/gh\/dueyfinster\/blackteam|dueyfinster\/blackteam> (<https:\/\/circleci.com\/gh\/dueyfinster\/blackteam\/tree\/develop|develop>)\n - styling remove text at top - add twitter widget - relate overlay article to actu (<https:\/\/github.com\/dueyfinster\/blackteam\/commit\/e2364f1b0a9d9f64fbdc5fa3e636d9633a4cf02c|e2364f1> by GarryDavitt)\n",
                "text": "Success:  GarryDavitt's build (<https:\/\/circleci.com\/gh\/dueyfinster\/blackteam\/314|#314>; push in <https:\/\/circleci.com\/gh\/dueyfinster\/blackteam|dueyfinster\/blackteam> (<https:\/\/circleci.com\/gh\/dueyfinster\/blackteam\/tree\/develop|develop>)\n - styling remove text at top - add twitter widget - relate overlay article to actu (<https:\/\/github.com\/dueyfinster\/blackteam\/commit\/e2364f1b0a9d9f64fbdc5fa3e636d9633a4cf02c|e2364f1> by GarryDavitt)\n",
                "id": 1,
                "color": "41aa58"
            }
        ],
        "type": "message",
        "subtype": "bot_message",
        "ts": "1438331522.000097"
    },
    {
        "text": "",
        "bot_id": "B0506GF16",
        "attachments": [
            {
                "fallback": "Build <https:\/\/magnum.travis-ci.com\/dueyfinster\/blackteam\/builds\/14151813|#237> (<https:\/\/github.com\/dueyfinster\/blackteam\/compare\/6f934d96950e...e2364f1b0a9d|e2364f1>) of dueyfinster\/blackteam@develop by GarryDavitt passed in 4 min 17 sec",
                "text": "Build <https:\/\/magnum.travis-ci.com\/dueyfinster\/blackteam\/builds\/14151813|#237> (<https:\/\/github.com\/dueyfinster\/blackteam\/compare\/6f934d96950e...e2364f1b0a9d|e2364f1>) of dueyfinster\/blackteam@develop by GarryDavitt passed in 4 min 17 sec",
                "id": 1,
                "color": "36a64f"
            }
        ],
        "type": "message",
        "subtype": "bot_message",
        "ts": "1438331725.000098"
    },
    {
        "text": "",
        "bot_id": "B052T590M",
        "attachments": [
            {
                "fallback": "[blackteam:develop] <https:\/\/github.com\/dueyfinster\/blackteam\/commit\/331751033182ebb24ca4be627e5b71bb4f30d17b|1 new commit> by OLarry",
                "text": "<https:\/\/github.com\/dueyfinster\/blackteam\/commit\/331751033182ebb24ca4be627e5b71bb4f30d17b|3317510>: Exclude Latest articles from personal list. Add to Model SystemConfig for num_articles to store, number to display on latest, number to display on personal - OLarry",
                "pretext": "[blackteam:develop] 1 new commit by OLarry:",
                "id": 1,
                "color": "4183C4",
                "mrkdwn_in": [
                    "text",
                    "pretext"
                ]
            }
        ],
        "type": "message",
        "subtype": "bot_message",
        "ts": "1438356947.000099"
    },
    {
        "text": "",
        "bot_id": "B056P06D5",
        "attachments": [
            {
                "fallback": "Success:  OLarry's build (<https:\/\/circleci.com\/gh\/dueyfinster\/blackteam\/315|#315>; push in <https:\/\/circleci.com\/gh\/dueyfinster\/blackteam|dueyfinster\/blackteam> (<https:\/\/circleci.com\/gh\/dueyfinster\/blackteam\/tree\/develop|develop>)\n - Exclude Latest articles from personal list. Add to Model SystemConfig for num_ar (<https:\/\/github.com\/dueyfinster\/blackteam\/commit\/331751033182ebb24ca4be627e5b71bb4f30d17b|3317510> by OLarry)\n",
                "text": "Success:  OLarry's build (<https:\/\/circleci.com\/gh\/dueyfinster\/blackteam\/315|#315>; push in <https:\/\/circleci.com\/gh\/dueyfinster\/blackteam|dueyfinster\/blackteam> (<https:\/\/circleci.com\/gh\/dueyfinster\/blackteam\/tree\/develop|develop>)\n - Exclude Latest articles from personal list. Add to Model SystemConfig for num_ar (<https:\/\/github.com\/dueyfinster\/blackteam\/commit\/331751033182ebb24ca4be627e5b71bb4f30d17b|3317510> by OLarry)\n",
                "id": 1,
                "color": "41aa58"
            }
        ],
        "type": "message",
        "subtype": "bot_message",
        "ts": "1438357024.000100"
    },
    {
        "text": "",
        "bot_id": "B0506GF16",
        "attachments": [
            {
                "fallback": "Build <https:\/\/magnum.travis-ci.com\/dueyfinster\/blackteam\/builds\/14165151|#238> (<https:\/\/github.com\/dueyfinster\/blackteam\/compare\/e2364f1b0a9d...331751033182|3317510>) of dueyfinster\/blackteam@develop by OLarry passed in 4 min 35 sec",
                "text": "Build <https:\/\/magnum.travis-ci.com\/dueyfinster\/blackteam\/builds\/14165151|#238> (<https:\/\/github.com\/dueyfinster\/blackteam\/compare\/e2364f1b0a9d...331751033182|3317510>) of dueyfinster\/blackteam@develop by OLarry passed in 4 min 35 sec",
                "id": 1,
                "color": "36a64f"
            }
        ],
        "type": "message",
        "subtype": "bot_message",
        "ts": "1438357246.000101"
    },
    {
        "text": "",
        "bot_id": "B052T590M",
        "attachments": [
            {
                "fallback": "[blackteam:develop] <https:\/\/github.com\/dueyfinster\/blackteam\/commit\/c2e4ca17bb65ee610117848c5e8b744e766cfa56|1 new commit> by Neil Grogan",
                "text": "<https:\/\/github.com\/dueyfinster\/blackteam\/commit\/c2e4ca17bb65ee610117848c5e8b744e766cfa56|c2e4ca1>: Sponsor Images and Job Favicons Added - Neil Grogan",
                "pretext": "[blackteam:develop] 1 new commit by Neil Grogan:",
                "id": 1,
                "color": "4183C4",
                "mrkdwn_in": [
                    "text",
                    "pretext"
                ]
            }
        ],
        "type": "message",
        "subtype": "bot_message",
        "ts": "1438380140.000102"
    },
    {
        "text": "",
        "bot_id": "B056P06D5",
        "attachments": [
            {
                "fallback": "Success:  dueyfinster's build (<https:\/\/circleci.com\/gh\/dueyfinster\/blackteam\/316|#316>; push in <https:\/\/circleci.com\/gh\/dueyfinster\/blackteam|dueyfinster\/blackteam> (<https:\/\/circleci.com\/gh\/dueyfinster\/blackteam\/tree\/develop|develop>)\n - Sponsor Images and Job Favicons Added (<https:\/\/github.com\/dueyfinster\/blackteam\/commit\/c2e4ca17bb65ee610117848c5e8b744e766cfa56|c2e4ca1> by dueyfinster)\n",
                "text": "Success:  dueyfinster's build (<https:\/\/circleci.com\/gh\/dueyfinster\/blackteam\/316|#316>; push in <https:\/\/circleci.com\/gh\/dueyfinster\/blackteam|dueyfinster\/blackteam> (<https:\/\/circleci.com\/gh\/dueyfinster\/blackteam\/tree\/develop|develop>)\n - Sponsor Images and Job Favicons Added (<https:\/\/github.com\/dueyfinster\/blackteam\/commit\/c2e4ca17bb65ee610117848c5e8b744e766cfa56|c2e4ca1> by dueyfinster)\n",
                "id": 1,
                "color": "41aa58"
            }
        ],
        "type": "message",
        "subtype": "bot_message",
        "ts": "1438380218.000103"
    },
    {
        "text": "",
        "bot_id": "B0506GF16",
        "attachments": [
            {
                "fallback": "Build <https:\/\/magnum.travis-ci.com\/dueyfinster\/blackteam\/builds\/14178624|#239> (<https:\/\/github.com\/dueyfinster\/blackteam\/compare\/331751033182...c2e4ca17bb65|c2e4ca1>) of dueyfinster\/blackteam@develop by Neil Grogan passed in 4 min 15 sec",
                "text": "Build <https:\/\/magnum.travis-ci.com\/dueyfinster\/blackteam\/builds\/14178624|#239> (<https:\/\/github.com\/dueyfinster\/blackteam\/compare\/331751033182...c2e4ca17bb65|c2e4ca1>) of dueyfinster\/blackteam@develop by Neil Grogan passed in 4 min 15 sec",
                "id": 1,
                "color": "36a64f"
            }
        ],
        "type": "message",
        "subtype": "bot_message",
        "ts": "1438380421.000104"
    }
]