[
    {
        "text": "",
        "bot_id": "B052T590M",
        "attachments": [
            {
                "fallback": "[blackteam:develop] <https:\/\/github.com\/dueyfinster\/blackteam\/commit\/69a39b6f8573a0b17eb84146e98bb5cf1150c0df|1 new commit> by GarryDavitt",
                "text": "<https:\/\/github.com\/dueyfinster\/blackteam\/commit\/69a39b6f8573a0b17eb84146e98bb5cf1150c0df|69a39b6>: revert icon and homepage and changes to navbar for mobile - GarryDavitt",
                "pretext": "[blackteam:develop] 1 new commit by GarryDavitt:",
                "id": 1,
                "color": "4183C4",
                "mrkdwn_in": [
                    "text",
                    "pretext"
                ]
            }
        ],
        "type": "message",
        "subtype": "bot_message",
        "ts": "1439535853.000110"
    },
    {
        "text": "",
        "bot_id": "B056P06D5",
        "attachments": [
            {
                "fallback": "Success:  GarryDavitt's build (<https:\/\/circleci.com\/gh\/dueyfinster\/blackteam\/416|#416>; push in <https:\/\/circleci.com\/gh\/dueyfinster\/blackteam|dueyfinster\/blackteam> (<https:\/\/circleci.com\/gh\/dueyfinster\/blackteam\/tree\/develop|develop>)\n - revert icon and homepage and changes to navbar for mobile (<https:\/\/github.com\/dueyfinster\/blackteam\/commit\/69a39b6f8573a0b17eb84146e98bb5cf1150c0df|69a39b6> by GarryDavitt)\n",
                "text": "Success:  GarryDavitt's build (<https:\/\/circleci.com\/gh\/dueyfinster\/blackteam\/416|#416>; push in <https:\/\/circleci.com\/gh\/dueyfinster\/blackteam|dueyfinster\/blackteam> (<https:\/\/circleci.com\/gh\/dueyfinster\/blackteam\/tree\/develop|develop>)\n - revert icon and homepage and changes to navbar for mobile (<https:\/\/github.com\/dueyfinster\/blackteam\/commit\/69a39b6f8573a0b17eb84146e98bb5cf1150c0df|69a39b6> by GarryDavitt)\n",
                "id": 1,
                "color": "41aa58"
            }
        ],
        "type": "message",
        "subtype": "bot_message",
        "ts": "1439535916.000111"
    },
    {
        "text": "",
        "bot_id": "B0506GF16",
        "attachments": [
            {
                "fallback": "Build <https:\/\/magnum.travis-ci.com\/dueyfinster\/blackteam\/builds\/14571878|#339> (<https:\/\/github.com\/dueyfinster\/blackteam\/compare\/208ef5913cee...69a39b6f8573|69a39b6>) of dueyfinster\/blackteam@develop by GarryDavitt passed in 4 min 3 sec",
                "text": "Build <https:\/\/magnum.travis-ci.com\/dueyfinster\/blackteam\/builds\/14571878|#339> (<https:\/\/github.com\/dueyfinster\/blackteam\/compare\/208ef5913cee...69a39b6f8573|69a39b6>) of dueyfinster\/blackteam@develop by GarryDavitt passed in 4 min 3 sec",
                "id": 1,
                "color": "36a64f"
            }
        ],
        "type": "message",
        "subtype": "bot_message",
        "ts": "1439536106.000112"
    }
]