[
    {
        "type": "message",
        "subtype": "file_share",
        "text": "<@U04UQLQPP|neilgrogan> uploaded a file: <https:\/\/ucdproj.slack.com\/files\/neilgrogan\/F052GDCTZ\/id_ucd|id_ucd>",
        "file": {
            "id": "F052GDCTZ",
            "created": 1432675366,
            "timestamp": 1432675366,
            "name": "id_ucd",
            "title": "id_ucd",
            "mimetype": "text\/plain",
            "filetype": "text",
            "pretty_type": "Plain Text",
            "user": "U04UQLQPP",
            "editable": true,
            "size": 3247,
            "mode": "snippet",
            "is_external": false,
            "external_type": "",
            "is_public": true,
            "public_url_shared": false,
            "display_as_bot": false,
            "username": "",
            "url": "https:\/\/slack-files.com\/files-pub\/T04UQLQPK-F052GDCTZ-9fa02abbf0\/id_ucd",
            "url_download": "https:\/\/slack-files.com\/files-pub\/T04UQLQPK-F052GDCTZ-9fa02abbf0\/download\/id_ucd",
            "url_private": "https:\/\/files.slack.com\/files-pri\/T04UQLQPK-F052GDCTZ\/id_ucd",
            "url_private_download": "https:\/\/files.slack.com\/files-pri\/T04UQLQPK-F052GDCTZ\/download\/id_ucd",
            "permalink": "https:\/\/ucdproj.slack.com\/files\/neilgrogan\/F052GDCTZ\/id_ucd",
            "permalink_public": "https:\/\/slack-files.com\/T04UQLQPK-F052GDCTZ-9fa02abbf0",
            "edit_link": "https:\/\/ucdproj.slack.com\/files\/neilgrogan\/F052GDCTZ\/id_ucd\/edit",
            "preview": "-----BEGIN RSA PRIVATE KEY-----\nMIIJKgIBAAKCAgEAyN1dW9jgQgFK\/oDsssVyf4rwCBuZMWDsraCxto053stbhxg\/\nQTdmkqMmQFA\/SytkrlspBqaP5RHXru2wbSF9qgtWwc4I11Y0lSQ+DqDEoYlgAuFo\n7Ru3lF4pyFV+pWr3qpsElNWGf\/Ap4xqf9yuz2ffAfXR1P1z+SfM5VnmcMoOVfKRJ\ndCRCHawQ9LVkz5+387Y+WUWySAuRgB80255oQkYAo2RX44AABYTyoaHvmbl4PSvX\n050G61WjhUDgsKDKmaFMGCgxdTa4vTJDRXoGGW6xAh0XmWg\/Q\/M6mdls7rbFt039\nR2SoTYrLatZI6ICRwsgCjO+rcGh95Y7LkSuFRmCKZVc7s2sSP7JN365ZDvDueRpt\nSjL3t1Z+PSm5jX3+Wj\/Oe2FsFtyxFxvrHIGEyO+eFRTJxSisZMFrYzcAfwP6CZXE\nhefZFjNeclpfSSKgwCTnRGNplOmYCfWgORy\/04yULL9xk4+\/fPbtYlBg5G3owrlZ\nsGiyRSmVNC+KSEnu4TVsnXYMUrKDzJVDKdXS\/44TkXGL9dbANMclePJZRURNH1iE",
            "preview_highlight": "<div class=\"sssh-code\"><div class=\"sssh-line\"><pre>-----BEGIN RSA PRIVATE KEY-----<\/pre><\/div>\n<div class=\"sssh-line\"><pre>MIIJKgIBAAKCAgEAyN1dW9jgQgFK\/oDsssVyf4rwCBuZMWDsraCxto053stbhxg\/<\/pre><\/div>\n<div class=\"sssh-line\"><pre>QTdmkqMmQFA\/SytkrlspBqaP5RHXru2wbSF9qgtWwc4I11Y0lSQ+DqDEoYlgAuFo<\/pre><\/div>\n<div class=\"sssh-line\"><pre>7Ru3lF4pyFV+pWr3qpsElNWGf\/Ap4xqf9yuz2ffAfXR1P1z+SfM5VnmcMoOVfKRJ<\/pre><\/div>\n<div class=\"sssh-line\"><pre>dCRCHawQ9LVkz5+387Y+WUWySAuRgB80255oQkYAo2RX44AABYTyoaHvmbl4PSvX<\/pre><\/div>\n<div class=\"sssh-line\"><pre>050G61WjhUDgsKDKmaFMGCgxdTa4vTJDRXoGGW6xAh0XmWg\/Q\/M6mdls7rbFt039<\/pre><\/div>\n<div class=\"sssh-line\"><pre>R2SoTYrLatZI6ICRwsgCjO+rcGh95Y7LkSuFRmCKZVc7s2sSP7JN365ZDvDueRpt<\/pre><\/div>\n<div class=\"sssh-line\"><pre>SjL3t1Z+PSm5jX3+Wj\/Oe2FsFtyxFxvrHIGEyO+eFRTJxSisZMFrYzcAfwP6CZXE<\/pre><\/div>\n<div class=\"sssh-line\"><pre>hefZFjNeclpfSSKgwCTnRGNplOmYCfWgORy\/04yULL9xk4+\/fPbtYlBg5G3owrlZ<\/pre><\/div>\n<div class=\"sssh-line\"><pre>sGiyRSmVNC+KSEnu4TVsnXYMUrKDzJVDKdXS\/44TkXGL9dbANMclePJZRURNH1iE<\/pre><\/div>\n<\/div>",
            "lines": 52,
            "lines_more": 42,
            "channels": [
                "C050U8RFT"
            ],
            "groups": [],
            "ims": [],
            "comments_count": 0
        },
        "user": "U04UQLQPP",
        "upload": true,
        "display_as_bot": false,
        "username": "<@U04UQLQPP|neilgrogan>",
        "bot_id": null,
        "ts": "1432675366.000002"
    },
    {
        "type": "message",
        "subtype": "file_share",
        "text": "<@U04UQLQPP|neilgrogan> uploaded a file: <https:\/\/ucdproj.slack.com\/files\/neilgrogan\/F051UPBRC\/id_ucd.pub|id_ucd.pub>",
        "file": {
            "id": "F051UPBRC",
            "created": 1432675366,
            "timestamp": 1432675366,
            "name": "id_ucd.pub",
            "title": "id_ucd.pub",
            "mimetype": "text\/plain",
            "filetype": "text",
            "pretty_type": "Plain Text",
            "user": "U04UQLQPP",
            "editable": true,
            "size": 752,
            "mode": "snippet",
            "is_external": false,
            "external_type": "",
            "is_public": true,
            "public_url_shared": false,
            "display_as_bot": false,
            "username": "",
            "url": "https:\/\/slack-files.com\/files-pub\/T04UQLQPK-F051UPBRC-1a88b4e929\/id_ucd.pub",
            "url_download": "https:\/\/slack-files.com\/files-pub\/T04UQLQPK-F051UPBRC-1a88b4e929\/download\/id_ucd.pub",
            "url_private": "https:\/\/files.slack.com\/files-pri\/T04UQLQPK-F051UPBRC\/id_ucd.pub",
            "url_private_download": "https:\/\/files.slack.com\/files-pri\/T04UQLQPK-F051UPBRC\/download\/id_ucd.pub",
            "permalink": "https:\/\/ucdproj.slack.com\/files\/neilgrogan\/F051UPBRC\/id_ucd.pub",
            "permalink_public": "https:\/\/slack-files.com\/T04UQLQPK-F051UPBRC-1a88b4e929",
            "edit_link": "https:\/\/ucdproj.slack.com\/files\/neilgrogan\/F051UPBRC\/id_ucd.pub\/edit",
            "preview": "ssh-rsa AAAAB3NzaC1yc2EAAAADAQABAAACAQDI3V1b2OBCAUr+gOyyxXJ\/ivAIG5kxYOytoLG2jTney1uHGD9BN2aSoyZAUD9LK2SuWykGpo\/lEdeu7bBtIX2qC1bBzgjXVjSVJD4OoMShiWAC4WjtG7eUXinIVX6laveqmwSU1YZ\/8CnjGp\/3K7PZ98B9dHU\/XP5J8zlWeZwyg5V8pEl0JEIdrBD0tWTPn7fztj5ZRbJIC5GAHzTbnmhCRgCjZFfjgAAFhPKhoe+ZuXg9K9fTnQbrVaOFQOCwoMqZoUwYKDF1Nri9MkNFegYZbrECHReZaD9D8zqZ2WzutsW3Tf1HZKhNistq1kjogJHCyAKM76twaH3ljsuRK4VGYIplVzuzaxI\/sk3frlkO8O55Gm1KMve3Vn49KbmNff5aP857YWwW3LEXG+scgYTI754VFMnFKKxkwWtjNwB\/A\/oJlcSF59kWM15yWl9JIqDAJOdEY2mU6ZgJ9aA5HL\/TjJQsv3GTj7989u1iUGDkbejCuVmwaLJFKZU0L4pISe7hNWyddgxSsoPMlUMp1dL\/jhORcYv11sA0xyV48llFRE0fWIS\/AbnHaoUw8zJ7lnI7\/rDvukDWLn9p6Ta4agjOZ85wqsuTnuWmmsmVXIQ0slVAqVnXCt2I+ie1rpT4nPozBhXw+mXrZp7IMH6250r8KEXdyQTXTRFv5cykE\/6jCw== neil.grogan@ucdconnect.ie\n\n",
            "preview_highlight": "<div class=\"sssh-code\"><div class=\"sssh-line\"><pre>ssh-rsa AAAAB3NzaC1yc2EAAAADAQABAAACAQDI3V1b2OBCAUr+gOyyxXJ\/ivAIG5kxYOytoLG2jTney1uHGD9BN2aSoyZAUD9LK2SuWykGpo\/lEdeu7bBtIX2qC1bBzgjXVjSVJD4OoMShiWAC4WjtG7eUXinIVX6laveqmwSU1YZ\/8CnjGp\/3K7PZ98B9dHU\/XP5J8zlWeZwyg5V8pEl0JEIdrBD0tWTPn7fztj5ZRbJIC5GAHzTbnmhCRgCjZFfjgAAFhPKhoe+ZuXg9K9fTnQbrVaOFQOCwoMqZoUwYKDF1Nri9MkNFegYZbrECHReZaD9D8zqZ2WzutsW3Tf1HZKhNistq1kjogJHCyAKM76twaH3ljsuRK4VGYIplVzuzaxI\/sk3frlkO8O55Gm1KMve3Vn49KbmNff5aP857YWwW3LEXG+scgYTI754VFMnFKKxkwWtjNwB\/A\/oJlcSF59kWM15yWl9JIqDAJOdEY2mU6ZgJ9aA5HL\/TjJQsv3GTj7989u1iUGDkbejCuVmwaLJFKZU0L4pISe7hNWyddgxSsoPMlUMp1dL\/jhORcYv11sA0xyV48llFRE0fWIS\/AbnHaoUw8zJ7lnI7\/rDvukDWLn9p6Ta4agjOZ85wqsuTnuWmmsmVXIQ0slVAqVnXCt2I+ie1rpT4nPozBhXw+mXrZp7IMH6250r8KEXdyQTXTRFv5cykE\/6jCw== neil.grogan@ucdconnect.ie<\/pre><\/div>\n<div class=\"sssh-line\"><pre><\/pre><\/div>\n<div class=\"sssh-line\"><pre><\/pre><\/div>\n<\/div>",
            "lines": 3,
            "lines_more": 0,
            "channels": [
                "C050U8RFT"
            ],
            "groups": [],
            "ims": [],
            "comments_count": 0
        },
        "user": "U04UQLQPP",
        "upload": true,
        "display_as_bot": false,
        "username": "<@U04UQLQPP|neilgrogan>",
        "bot_id": null,
        "ts": "1432675366.000003"
    },
    {
        "user": "U04UVKDC1",
        "type": "message",
        "subtype": "channel_join",
        "text": "<@U04UVKDC1|garryd> has joined the channel",
        "ts": "1432678923.000004"
    },
    {
        "type": "message",
        "subtype": "file_share",
        "text": "<@U04UVKDC1|garryd> uploaded a file: <https:\/\/ucdproj.slack.com\/files\/garryd\/F051VV3DE\/software_testing.pdf|software_testing.pdf>",
        "file": {
            "id": "F051VV3DE",
            "created": 1432680508,
            "timestamp": 1432680508,
            "name": "software_testing.pdf",
            "title": "software_testing.pdf",
            "mimetype": "application\/pdf",
            "filetype": "pdf",
            "pretty_type": "PDF",
            "user": "U04UVKDC1",
            "editable": false,
            "size": 553408,
            "mode": "hosted",
            "is_external": false,
            "external_type": "",
            "is_public": true,
            "public_url_shared": false,
            "display_as_bot": false,
            "username": "",
            "url": "https:\/\/slack-files.com\/files-pub\/T04UQLQPK-F051VV3DE-e4345525f5\/software_testing.pdf",
            "url_download": "https:\/\/slack-files.com\/files-pub\/T04UQLQPK-F051VV3DE-e4345525f5\/download\/software_testing.pdf",
            "url_private": "https:\/\/files.slack.com\/files-pri\/T04UQLQPK-F051VV3DE\/software_testing.pdf",
            "url_private_download": "https:\/\/files.slack.com\/files-pri\/T04UQLQPK-F051VV3DE\/download\/software_testing.pdf",
            "permalink": "https:\/\/ucdproj.slack.com\/files\/garryd\/F051VV3DE\/software_testing.pdf",
            "permalink_public": "https:\/\/slack-files.com\/T04UQLQPK-F051VV3DE-e4345525f5",
            "channels": [
                "C050U8RFT"
            ],
            "groups": [],
            "ims": [],
            "comments_count": 0
        },
        "user": "U04UVKDC1",
        "upload": true,
        "display_as_bot": false,
        "username": "<@U04UVKDC1|garryd>",
        "bot_id": null,
        "ts": "1432680509.000005"
    },
    {
        "type": "message",
        "subtype": "file_share",
        "text": "<@U04UVKDC1|garryd> uploaded a file: <https:\/\/ucdproj.slack.com\/files\/garryd\/F051VV7R0\/intro.pdf|Intro.pdf>",
        "file": {
            "id": "F051VV7R0",
            "created": 1432680524,
            "timestamp": 1432680524,
            "name": "Intro.pdf",
            "title": "Intro.pdf",
            "mimetype": "application\/pdf",
            "filetype": "pdf",
            "pretty_type": "PDF",
            "user": "U04UVKDC1",
            "editable": false,
            "size": 563051,
            "mode": "hosted",
            "is_external": false,
            "external_type": "",
            "is_public": true,
            "public_url_shared": false,
            "display_as_bot": false,
            "username": "",
            "url": "https:\/\/slack-files.com\/files-pub\/T04UQLQPK-F051VV7R0-bde481106c\/intro.pdf",
            "url_download": "https:\/\/slack-files.com\/files-pub\/T04UQLQPK-F051VV7R0-bde481106c\/download\/intro.pdf",
            "url_private": "https:\/\/files.slack.com\/files-pri\/T04UQLQPK-F051VV7R0\/intro.pdf",
            "url_private_download": "https:\/\/files.slack.com\/files-pri\/T04UQLQPK-F051VV7R0\/download\/intro.pdf",
            "permalink": "https:\/\/ucdproj.slack.com\/files\/garryd\/F051VV7R0\/intro.pdf",
            "permalink_public": "https:\/\/slack-files.com\/T04UQLQPK-F051VV7R0-bde481106c",
            "channels": [
                "C050U8RFT"
            ],
            "groups": [],
            "ims": [],
            "comments_count": 1
        },
        "user": "U04UVKDC1",
        "upload": true,
        "display_as_bot": false,
        "username": "<@U04UVKDC1|garryd>",
        "bot_id": null,
        "ts": "1432680525.000006"
    },
    {
        "type": "message",
        "subtype": "file_share",
        "text": "<@U04UVKDC1|garryd> uploaded a file: <https:\/\/ucdproj.slack.com\/files\/garryd\/F051W027J\/scaling.pdf|scaling.pdf>",
        "file": {
            "id": "F051W027J",
            "created": 1432680556,
            "timestamp": 1432680556,
            "name": "scaling.pdf",
            "title": "scaling.pdf",
            "mimetype": "application\/pdf",
            "filetype": "pdf",
            "pretty_type": "PDF",
            "user": "U04UVKDC1",
            "editable": false,
            "size": 1173190,
            "mode": "hosted",
            "is_external": false,
            "external_type": "",
            "is_public": true,
            "public_url_shared": false,
            "display_as_bot": false,
            "username": "",
            "url": "https:\/\/slack-files.com\/files-pub\/T04UQLQPK-F051W027J-7117893577\/scaling.pdf",
            "url_download": "https:\/\/slack-files.com\/files-pub\/T04UQLQPK-F051W027J-7117893577\/download\/scaling.pdf",
            "url_private": "https:\/\/files.slack.com\/files-pri\/T04UQLQPK-F051W027J\/scaling.pdf",
            "url_private_download": "https:\/\/files.slack.com\/files-pri\/T04UQLQPK-F051W027J\/download\/scaling.pdf",
            "permalink": "https:\/\/ucdproj.slack.com\/files\/garryd\/F051W027J\/scaling.pdf",
            "permalink_public": "https:\/\/slack-files.com\/T04UQLQPK-F051W027J-7117893577",
            "channels": [
                "C050U8RFT"
            ],
            "groups": [],
            "ims": [],
            "comments_count": 0
        },
        "user": "U04UVKDC1",
        "upload": true,
        "display_as_bot": false,
        "username": "<@U04UVKDC1|garryd>",
        "bot_id": null,
        "ts": "1432680557.000007"
    },
    {
        "type": "message",
        "subtype": "file_share",
        "text": "<@U04UVKDC1|garryd> uploaded a file: <https:\/\/ucdproj.slack.com\/files\/garryd\/F052HKLRM\/software_configuration.pdf|software_configuration.pdf>",
        "file": {
            "id": "F052HKLRM",
            "created": 1432680568,
            "timestamp": 1432680568,
            "name": "software_configuration.pdf",
            "title": "software_configuration.pdf",
            "mimetype": "application\/pdf",
            "filetype": "pdf",
            "pretty_type": "PDF",
            "user": "U04UVKDC1",
            "editable": false,
            "size": 406407,
            "mode": "hosted",
            "is_external": false,
            "external_type": "",
            "is_public": true,
            "public_url_shared": false,
            "display_as_bot": false,
            "username": "",
            "url": "https:\/\/slack-files.com\/files-pub\/T04UQLQPK-F052HKLRM-84771db9d9\/software_configuration.pdf",
            "url_download": "https:\/\/slack-files.com\/files-pub\/T04UQLQPK-F052HKLRM-84771db9d9\/download\/software_configuration.pdf",
            "url_private": "https:\/\/files.slack.com\/files-pri\/T04UQLQPK-F052HKLRM\/software_configuration.pdf",
            "url_private_download": "https:\/\/files.slack.com\/files-pri\/T04UQLQPK-F052HKLRM\/download\/software_configuration.pdf",
            "permalink": "https:\/\/ucdproj.slack.com\/files\/garryd\/F052HKLRM\/software_configuration.pdf",
            "permalink_public": "https:\/\/slack-files.com\/T04UQLQPK-F052HKLRM-84771db9d9",
            "channels": [
                "C050U8RFT"
            ],
            "groups": [],
            "ims": [],
            "comments_count": 0
        },
        "user": "U04UVKDC1",
        "upload": true,
        "display_as_bot": false,
        "username": "<@U04UVKDC1|garryd>",
        "bot_id": null,
        "ts": "1432680569.000008"
    },
    {
        "type": "message",
        "subtype": "file_share",
        "text": "<@U04UVKDC1|garryd> uploaded a file: <https:\/\/ucdproj.slack.com\/files\/garryd\/F051W0ATN\/software_monitoring.pdf|software_monitoring.pdf>",
        "file": {
            "id": "F051W0ATN",
            "created": 1432680587,
            "timestamp": 1432680587,
            "name": "software_monitoring.pdf",
            "title": "software_monitoring.pdf",
            "mimetype": "application\/pdf",
            "filetype": "pdf",
            "pretty_type": "PDF",
            "user": "U04UVKDC1",
            "editable": false,
            "size": 688643,
            "mode": "hosted",
            "is_external": false,
            "external_type": "",
            "is_public": true,
            "public_url_shared": false,
            "display_as_bot": false,
            "username": "",
            "url": "https:\/\/slack-files.com\/files-pub\/T04UQLQPK-F051W0ATN-58c69d8140\/software_monitoring.pdf",
            "url_download": "https:\/\/slack-files.com\/files-pub\/T04UQLQPK-F051W0ATN-58c69d8140\/download\/software_monitoring.pdf",
            "url_private": "https:\/\/files.slack.com\/files-pri\/T04UQLQPK-F051W0ATN\/software_monitoring.pdf",
            "url_private_download": "https:\/\/files.slack.com\/files-pri\/T04UQLQPK-F051W0ATN\/download\/software_monitoring.pdf",
            "permalink": "https:\/\/ucdproj.slack.com\/files\/garryd\/F051W0ATN\/software_monitoring.pdf",
            "permalink_public": "https:\/\/slack-files.com\/T04UQLQPK-F051W0ATN-58c69d8140",
            "channels": [
                "C050U8RFT"
            ],
            "groups": [],
            "ims": [],
            "comments_count": 0
        },
        "user": "U04UVKDC1",
        "upload": true,
        "display_as_bot": false,
        "username": "<@U04UVKDC1|garryd>",
        "bot_id": null,
        "ts": "1432680589.000009"
    },
    {
        "type": "message",
        "subtype": "file_comment",
        "text": "<@U04UVKDC1|garryd> commented on <@U04UVKDC1|garryd>'s file <https:\/\/ucdproj.slack.com\/files\/garryd\/F051VV7R0\/intro.pdf|Intro.pdf>: Intro to Managing software in production module, covers reliability and release engineering as well.",
        "file": {
            "id": "F051VV7R0",
            "created": 1432680524,
            "timestamp": 1432680524,
            "name": "Intro.pdf",
            "title": "Intro.pdf",
            "mimetype": "application\/pdf",
            "filetype": "pdf",
            "pretty_type": "PDF",
            "user": "U04UVKDC1",
            "editable": false,
            "size": 563051,
            "mode": "hosted",
            "is_external": false,
            "external_type": "",
            "is_public": true,
            "public_url_shared": false,
            "display_as_bot": false,
            "username": "",
            "url": "https:\/\/slack-files.com\/files-pub\/T04UQLQPK-F051VV7R0-bde481106c\/intro.pdf",
            "url_download": "https:\/\/slack-files.com\/files-pub\/T04UQLQPK-F051VV7R0-bde481106c\/download\/intro.pdf",
            "url_private": "https:\/\/files.slack.com\/files-pri\/T04UQLQPK-F051VV7R0\/intro.pdf",
            "url_private_download": "https:\/\/files.slack.com\/files-pri\/T04UQLQPK-F051VV7R0\/download\/intro.pdf",
            "permalink": "https:\/\/ucdproj.slack.com\/files\/garryd\/F051VV7R0\/intro.pdf",
            "permalink_public": "https:\/\/slack-files.com\/T04UQLQPK-F051VV7R0-bde481106c",
            "channels": [
                "C050U8RFT"
            ],
            "groups": [],
            "ims": [],
            "comments_count": 1
        },
        "comment": {
            "id": "Fc052HQ0AV",
            "created": 1432681255,
            "timestamp": 1432681255,
            "user": "U04UVKDC1",
            "comment": "Intro to Managing software in production module, covers reliability and release engineering as well."
        },
        "ts": "1432681255.000010"
    }
]