[
    {
        "text": "",
        "bot_id": "B052T590M",
        "attachments": [
            {
                "fallback": "[blackteam:develop] <https:\/\/github.com\/dueyfinster\/blackteam\/commit\/4bf5e91|1 new commit> by Neil Grogan",
                "text": "<https:\/\/github.com\/dueyfinster\/blackteam\/commit\/4bf5e91|4bf5e91>: Added flake8 (with django's rules)  and cleaned up errors - Neil Grogan",
                "pretext": "[blackteam:develop] 1 new commit by Neil Grogan:",
                "id": 1,
                "color": "4183C4",
                "mrkdwn_in": [
                    "text",
                    "pretext"
                ]
            }
        ],
        "type": "message",
        "subtype": "bot_message",
        "ts": "1436613258.000220"
    },
    {
        "text": "",
        "bot_id": "B056P06D5",
        "attachments": [
            {
                "fallback": "Success:  dueyfinster's build (<https:\/\/circleci.com\/gh\/dueyfinster\/blackteam\/246|#246>; push in <https:\/\/circleci.com\/gh\/dueyfinster\/blackteam|dueyfinster\/blackteam> (<https:\/\/circleci.com\/gh\/dueyfinster\/blackteam\/tree\/develop|develop>)\n - Added flake8 (with django's rules)  and cleaned up errors (<https:\/\/github.com\/dueyfinster\/blackteam\/commit\/4bf5e91178c6750b45138f5671173fd4a27f4449|4bf5e91> by Neil Grogan)\n",
                "text": "Success:  dueyfinster's build (<https:\/\/circleci.com\/gh\/dueyfinster\/blackteam\/246|#246>; push in <https:\/\/circleci.com\/gh\/dueyfinster\/blackteam|dueyfinster\/blackteam> (<https:\/\/circleci.com\/gh\/dueyfinster\/blackteam\/tree\/develop|develop>)\n - Added flake8 (with django's rules)  and cleaned up errors (<https:\/\/github.com\/dueyfinster\/blackteam\/commit\/4bf5e91178c6750b45138f5671173fd4a27f4449|4bf5e91> by Neil Grogan)\n",
                "id": 1,
                "color": "41aa58"
            }
        ],
        "type": "message",
        "subtype": "bot_message",
        "ts": "1436613450.000221"
    },
    {
        "text": "",
        "bot_id": "B0506GF16",
        "attachments": [
            {
                "fallback": "Build <https:\/\/magnum.travis-ci.com\/dueyfinster\/blackteam\/builds\/13546501|#170> (<https:\/\/github.com\/dueyfinster\/blackteam\/compare\/77ba3b07d6a8...4bf5e91178c6|4bf5e91>) of dueyfinster\/blackteam@develop by Neil Grogan passed in 3 min 44 sec",
                "text": "Build <https:\/\/magnum.travis-ci.com\/dueyfinster\/blackteam\/builds\/13546501|#170> (<https:\/\/github.com\/dueyfinster\/blackteam\/compare\/77ba3b07d6a8...4bf5e91178c6|4bf5e91>) of dueyfinster\/blackteam@develop by Neil Grogan passed in 3 min 44 sec",
                "id": 1,
                "color": "36a64f"
            }
        ],
        "type": "message",
        "subtype": "bot_message",
        "ts": "1436613491.000222"
    },
    {
        "text": "",
        "bot_id": "B052T590M",
        "attachments": [
            {
                "fallback": "[blackteam:develop] <https:\/\/github.com\/dueyfinster\/blackteam\/commit\/56508a4|1 new commit> by Neil Grogan",
                "text": "<https:\/\/github.com\/dueyfinster\/blackteam\/commit\/56508a4|56508a4>: Showing articles for current user on homepage - Neil Grogan",
                "pretext": "[blackteam:develop] 1 new commit by Neil Grogan:",
                "id": 1,
                "color": "4183C4",
                "mrkdwn_in": [
                    "text",
                    "pretext"
                ]
            }
        ],
        "type": "message",
        "subtype": "bot_message",
        "ts": "1436623541.000223"
    },
    {
        "text": "",
        "bot_id": "B056P06D5",
        "attachments": [
            {
                "fallback": "Success:  dueyfinster's build (<https:\/\/circleci.com\/gh\/dueyfinster\/blackteam\/247|#247>; push in <https:\/\/circleci.com\/gh\/dueyfinster\/blackteam|dueyfinster\/blackteam> (<https:\/\/circleci.com\/gh\/dueyfinster\/blackteam\/tree\/develop|develop>)\n - Showing articles for current user on homepage (<https:\/\/github.com\/dueyfinster\/blackteam\/commit\/56508a49a1cd8309fad283f982eee43a97b86357|56508a4> by Neil Grogan)\n",
                "text": "Success:  dueyfinster's build (<https:\/\/circleci.com\/gh\/dueyfinster\/blackteam\/247|#247>; push in <https:\/\/circleci.com\/gh\/dueyfinster\/blackteam|dueyfinster\/blackteam> (<https:\/\/circleci.com\/gh\/dueyfinster\/blackteam\/tree\/develop|develop>)\n - Showing articles for current user on homepage (<https:\/\/github.com\/dueyfinster\/blackteam\/commit\/56508a49a1cd8309fad283f982eee43a97b86357|56508a4> by Neil Grogan)\n",
                "id": 1,
                "color": "41aa58"
            }
        ],
        "type": "message",
        "subtype": "bot_message",
        "ts": "1436623717.000224"
    },
    {
        "text": "",
        "bot_id": "B0506GF16",
        "attachments": [
            {
                "fallback": "Build <https:\/\/magnum.travis-ci.com\/dueyfinster\/blackteam\/builds\/13546920|#171> (<https:\/\/github.com\/dueyfinster\/blackteam\/compare\/4bf5e91178c6...56508a49a1cd|56508a4>) of dueyfinster\/blackteam@develop by Neil Grogan passed in 3 min 40 sec",
                "text": "Build <https:\/\/magnum.travis-ci.com\/dueyfinster\/blackteam\/builds\/13546920|#171> (<https:\/\/github.com\/dueyfinster\/blackteam\/compare\/4bf5e91178c6...56508a49a1cd|56508a4>) of dueyfinster\/blackteam@develop by Neil Grogan passed in 3 min 40 sec",
                "id": 1,
                "color": "36a64f"
            }
        ],
        "type": "message",
        "subtype": "bot_message",
        "ts": "1436623769.000225"
    },
    {
        "text": "",
        "bot_id": "B052T590M",
        "attachments": [
            {
                "fallback": "[blackteam:develop] <https:\/\/github.com\/dueyfinster\/blackteam\/commit\/af7c863|1 new commit> by OLarry",
                "text": "<https:\/\/github.com\/dueyfinster\/blackteam\/commit\/af7c863|af7c863>: Making twitter id foreign key in UserTopics and UserArticles tables - OLarry",
                "pretext": "[blackteam:develop] 1 new commit by OLarry:",
                "id": 1,
                "color": "4183C4",
                "mrkdwn_in": [
                    "text",
                    "pretext"
                ]
            }
        ],
        "type": "message",
        "subtype": "bot_message",
        "ts": "1436629387.000226"
    },
    {
        "text": "",
        "bot_id": "B056P06D5",
        "attachments": [
            {
                "fallback": "Failed:  OLarry's build (<https:\/\/circleci.com\/gh\/dueyfinster\/blackteam\/248|#248>; push in <https:\/\/circleci.com\/gh\/dueyfinster\/blackteam|dueyfinster\/blackteam> (<https:\/\/circleci.com\/gh\/dueyfinster\/blackteam\/tree\/develop|develop>)\n - Making twitter id foreign key in UserTopics and UserArticles tables (<https:\/\/github.com\/dueyfinster\/blackteam\/commit\/af7c863e37660aeeb3a9261926410d8667ed98c4|af7c863> by OLarry)\n",
                "text": "Failed:  OLarry's build (<https:\/\/circleci.com\/gh\/dueyfinster\/blackteam\/248|#248>; push in <https:\/\/circleci.com\/gh\/dueyfinster\/blackteam|dueyfinster\/blackteam> (<https:\/\/circleci.com\/gh\/dueyfinster\/blackteam\/tree\/develop|develop>)\n - Making twitter id foreign key in UserTopics and UserArticles tables (<https:\/\/github.com\/dueyfinster\/blackteam\/commit\/af7c863e37660aeeb3a9261926410d8667ed98c4|af7c863> by OLarry)\n",
                "id": 1,
                "color": "d10c20"
            }
        ],
        "type": "message",
        "subtype": "bot_message",
        "ts": "1436629469.000227"
    },
    {
        "text": "",
        "bot_id": "B0506GF16",
        "attachments": [
            {
                "fallback": "Build <https:\/\/magnum.travis-ci.com\/dueyfinster\/blackteam\/builds\/13547259|#172> (<https:\/\/github.com\/dueyfinster\/blackteam\/compare\/56508a49a1cd...af7c863e3766|af7c863>) of dueyfinster\/blackteam@develop by OLarry failed in 4 min 42 sec",
                "text": "Build <https:\/\/magnum.travis-ci.com\/dueyfinster\/blackteam\/builds\/13547259|#172> (<https:\/\/github.com\/dueyfinster\/blackteam\/compare\/56508a49a1cd...af7c863e3766|af7c863>) of dueyfinster\/blackteam@develop by OLarry failed in 4 min 42 sec",
                "id": 1,
                "color": "d00000"
            }
        ],
        "type": "message",
        "subtype": "bot_message",
        "ts": "1436629677.000228"
    }
]