[
    {
        "user": "U04U6FCFE",
        "inviter": "U04UQLQPP",
        "type": "message",
        "subtype": "channel_join",
        "text": "<@U04U6FCFE|kevink> has joined the channel",
        "ts": "1433602978.000068"
    },
    {
        "text": "",
        "bot_id": "B052T590M",
        "attachments": [
            {
                "fallback": "[blackteam:develop] <https:\/\/github.com\/dueyfinster\/blackteam\/commit\/d5b8c75|1 new commit> by Neil Grogan",
                "text": "<https:\/\/github.com\/dueyfinster\/blackteam\/commit\/d5b8c75|d5b8c75>: Added ipython docker container - Neil Grogan",
                "pretext": "[blackteam:develop] 1 new commit by Neil Grogan:",
                "id": 1,
                "color": "4183C4",
                "mrkdwn_in": [
                    "text",
                    "pretext"
                ]
            }
        ],
        "type": "message",
        "subtype": "bot_message",
        "ts": "1433604820.000069"
    },
    {
        "text": "",
        "bot_id": "B0506GF16",
        "attachments": [
            {
                "fallback": "Build <http:\/\/magnum.travis-ci.com\/dueyfinster\/blackteam\/builds\/12545489|#45> (<https:\/\/github.com\/dueyfinster\/blackteam\/compare\/bcb39395473a...d5b8c75b0d84|d5b8c75>) of dueyfinster\/blackteam@develop by Neil Grogan passed in 1 min 21 sec",
                "text": "Build <http:\/\/magnum.travis-ci.com\/dueyfinster\/blackteam\/builds\/12545489|#45> (<https:\/\/github.com\/dueyfinster\/blackteam\/compare\/bcb39395473a...d5b8c75b0d84|d5b8c75>) of dueyfinster\/blackteam@develop by Neil Grogan passed in 1 min 21 sec",
                "id": 1,
                "color": "36a64f"
            }
        ],
        "type": "message",
        "subtype": "bot_message",
        "ts": "1433604990.000070"
    },
    {
        "text": "",
        "bot_id": "B056P06D5",
        "attachments": [
            {
                "fallback": "Failed:  dueyfinster's build (<https:\/\/circleci.com\/gh\/dueyfinster\/blackteam\/39|#39>; push in <https:\/\/circleci.com\/gh\/dueyfinster\/blackteam|dueyfinster\/blackteam> (<https:\/\/circleci.com\/gh\/dueyfinster\/blackteam\/tree\/develop|develop>)\n - Added ipython docker container (<https:\/\/github.com\/dueyfinster\/blackteam\/commit\/d5b8c75b0d842331a5a8076d1b5d8efe6d5c67b6|d5b8c75> by Neil Grogan)\n",
                "text": "Failed:  dueyfinster's build (<https:\/\/circleci.com\/gh\/dueyfinster\/blackteam\/39|#39>; push in <https:\/\/circleci.com\/gh\/dueyfinster\/blackteam|dueyfinster\/blackteam> (<https:\/\/circleci.com\/gh\/dueyfinster\/blackteam\/tree\/develop|develop>)\n - Added ipython docker container (<https:\/\/github.com\/dueyfinster\/blackteam\/commit\/d5b8c75b0d842331a5a8076d1b5d8efe6d5c67b6|d5b8c75> by Neil Grogan)\n",
                "id": 1,
                "color": "d10c20"
            }
        ],
        "type": "message",
        "subtype": "bot_message",
        "ts": "1433605236.000071"
    },
    {
        "text": "",
        "bot_id": "B052T590M",
        "attachments": [
            {
                "fallback": "[blackteam:develop] <https:\/\/github.com\/dueyfinster\/blackteam\/commit\/ae458f8|1 new commit> by Neil Grogan",
                "text": "<https:\/\/github.com\/dueyfinster\/blackteam\/commit\/ae458f8|ae458f8>: Added some tests to check coverage - Neil Grogan",
                "pretext": "[blackteam:develop] 1 new commit by Neil Grogan:",
                "id": 1,
                "color": "4183C4",
                "mrkdwn_in": [
                    "text",
                    "pretext"
                ]
            }
        ],
        "type": "message",
        "subtype": "bot_message",
        "ts": "1433606805.000072"
    },
    {
        "text": "",
        "bot_id": "B0506GF16",
        "attachments": [
            {
                "fallback": "Build <http:\/\/magnum.travis-ci.com\/dueyfinster\/blackteam\/builds\/12545565|#46> (<https:\/\/github.com\/dueyfinster\/blackteam\/compare\/d5b8c75b0d84...ae458f884649|ae458f8>) of dueyfinster\/blackteam@develop by Neil Grogan passed in 1 min 3 sec",
                "text": "Build <http:\/\/magnum.travis-ci.com\/dueyfinster\/blackteam\/builds\/12545565|#46> (<https:\/\/github.com\/dueyfinster\/blackteam\/compare\/d5b8c75b0d84...ae458f884649|ae458f8>) of dueyfinster\/blackteam@develop by Neil Grogan passed in 1 min 3 sec",
                "id": 1,
                "color": "36a64f"
            }
        ],
        "type": "message",
        "subtype": "bot_message",
        "ts": "1433606957.000073"
    },
    {
        "text": "",
        "bot_id": "B056P06D5",
        "attachments": [
            {
                "fallback": "Failed:  dueyfinster's build (<https:\/\/circleci.com\/gh\/dueyfinster\/blackteam\/40|#40>; push in <https:\/\/circleci.com\/gh\/dueyfinster\/blackteam|dueyfinster\/blackteam> (<https:\/\/circleci.com\/gh\/dueyfinster\/blackteam\/tree\/develop|develop>)\n - Added some tests to check coverage (<https:\/\/github.com\/dueyfinster\/blackteam\/commit\/ae458f884649eae3ef0a7da2e5298e4c9a8c1329|ae458f8> by Neil Grogan)\n",
                "text": "Failed:  dueyfinster's build (<https:\/\/circleci.com\/gh\/dueyfinster\/blackteam\/40|#40>; push in <https:\/\/circleci.com\/gh\/dueyfinster\/blackteam|dueyfinster\/blackteam> (<https:\/\/circleci.com\/gh\/dueyfinster\/blackteam\/tree\/develop|develop>)\n - Added some tests to check coverage (<https:\/\/github.com\/dueyfinster\/blackteam\/commit\/ae458f884649eae3ef0a7da2e5298e4c9a8c1329|ae458f8> by Neil Grogan)\n",
                "id": 1,
                "color": "d10c20"
            }
        ],
        "type": "message",
        "subtype": "bot_message",
        "ts": "1433607204.000074"
    },
    {
        "text": "",
        "bot_id": "B052T590M",
        "attachments": [
            {
                "fallback": "[blackteam:develop] <https:\/\/github.com\/dueyfinster\/blackteam\/compare\/ae458f884649...c4b05679ee2c|2 new commits> by Neil Grogan",
                "text": "<https:\/\/github.com\/dueyfinster\/blackteam\/commit\/6ca430e|6ca430e>: Updated circle yml to add coverage - Neil Grogan\n <https:\/\/github.com\/dueyfinster\/blackteam\/commit\/c4b0567|c4b0567>: Updated gitignore to ignore coverage and auto gen files - Neil Grogan",
                "pretext": "[blackteam:develop] <https:\/\/github.com\/dueyfinster\/blackteam\/compare\/ae458f884649...c4b05679ee2c|2 new commits> by Neil Grogan:",
                "id": 1,
                "color": "4183C4",
                "mrkdwn_in": [
                    "text",
                    "pretext"
                ]
            }
        ],
        "type": "message",
        "subtype": "bot_message",
        "ts": "1433607768.000075"
    },
    {
        "text": "",
        "bot_id": "B0506GF16",
        "attachments": [
            {
                "fallback": "Build <http:\/\/magnum.travis-ci.com\/dueyfinster\/blackteam\/builds\/12545611|#47> (<https:\/\/github.com\/dueyfinster\/blackteam\/compare\/ae458f884649...c4b05679ee2c|c4b0567>) of dueyfinster\/blackteam@develop by Neil Grogan passed in 1 min 5 sec",
                "text": "Build <http:\/\/magnum.travis-ci.com\/dueyfinster\/blackteam\/builds\/12545611|#47> (<https:\/\/github.com\/dueyfinster\/blackteam\/compare\/ae458f884649...c4b05679ee2c|c4b0567>) of dueyfinster\/blackteam@develop by Neil Grogan passed in 1 min 5 sec",
                "id": 1,
                "color": "36a64f"
            }
        ],
        "type": "message",
        "subtype": "bot_message",
        "ts": "1433607926.000076"
    },
    {
        "text": "",
        "bot_id": "B056P06D5",
        "attachments": [
            {
                "fallback": "Fixed:  dueyfinster's build (<https:\/\/circleci.com\/gh\/dueyfinster\/blackteam\/41|#41>; push in <https:\/\/circleci.com\/gh\/dueyfinster\/blackteam|dueyfinster\/blackteam> (<https:\/\/circleci.com\/gh\/dueyfinster\/blackteam\/tree\/develop|develop>)\n - Updated gitignore to ignore coverage and auto gen files (<https:\/\/github.com\/dueyfinster\/blackteam\/commit\/c4b05679ee2c0a328c15e78714cbc960b9340662|c4b0567> by Neil Grogan) and <https:\/\/github.com\/dueyfinster\/blackteam\/compare\/ae458f884649...c4b05679ee2c|1 more>\n",
                "text": "Fixed:  dueyfinster's build (<https:\/\/circleci.com\/gh\/dueyfinster\/blackteam\/41|#41>; push in <https:\/\/circleci.com\/gh\/dueyfinster\/blackteam|dueyfinster\/blackteam> (<https:\/\/circleci.com\/gh\/dueyfinster\/blackteam\/tree\/develop|develop>)\n - Updated gitignore to ignore coverage and auto gen files (<https:\/\/github.com\/dueyfinster\/blackteam\/commit\/c4b05679ee2c0a328c15e78714cbc960b9340662|c4b0567> by Neil Grogan) and <https:\/\/github.com\/dueyfinster\/blackteam\/compare\/ae458f884649...c4b05679ee2c|1 more>\n",
                "id": 1,
                "color": "41aa58"
            }
        ],
        "type": "message",
        "subtype": "bot_message",
        "ts": "1433608098.000077"
    },
    {
        "type": "message",
        "user": "U04UQLQPP",
        "text": "Have code coverage reports being generated: <https:\/\/circle-artifacts.com\/gh\/dueyfinster\/blackteam\/41\/artifacts\/0\/tmp\/circle-artifacts.93wXDcM\/index.html>",
        "ts": "1433608189.000078"
    },
    {
        "text": "",
        "bot_id": "B052T590M",
        "attachments": [
            {
                "fallback": "[blackteam:master] <https:\/\/github.com\/dueyfinster\/blackteam\/compare\/bb5a06ab2dbc...c4b05679ee2c|10 new commits> by Neil Grogan",
                "text": "<https:\/\/github.com\/dueyfinster\/blackteam\/commit\/c280d71|c280d71>: Updated README, will add deployment branch - Neil Grogan\n <https:\/\/github.com\/dueyfinster\/blackteam\/commit\/b30c5fe|b30c5fe>: Added coverage to circleci - Neil Grogan\n <https:\/\/github.com\/dueyfinster\/blackteam\/commit\/1a8f344|1a8f344>: Added docker build to circle.yml test section - Neil Grogan\n <https:\/\/github.com\/dueyfinster\/blackteam\/commit\/f307cbd|f307cbd>: Fixed directory issue with circle yml - Neil Grogan\n <https:\/\/github.com\/dueyfinster\/blackteam\/commit\/df4c8cb|df4c8cb>: Added back installing python deps to circle.yml - Neil Grogan\n <https:\/\/github.com\/dueyfinster\/blackteam\/commit\/bcb3939|bcb3939>: Moved shutting off postgres \/redis until after unit tests - Neil Grogan\n <https:\/\/github.com\/dueyfinster\/blackteam\/commit\/d5b8c75|d5b8c75>: Added ipython docker container - Neil Grogan\n <https:\/\/github.com\/dueyfinster\/blackteam\/commit\/ae458f8|ae458f8>: Added some tests to check coverage - Neil Grogan\n <https:\/\/github.com\/dueyfinster\/blackteam\/commit\/6ca430e|6ca430e>: Updated circle yml to add coverage - Neil Grogan\n <https:\/\/github.com\/dueyfinster\/blackteam\/commit\/c4b0567|c4b0567>: Updated gitignore to ignore coverage and auto gen files - Neil Grogan",
                "pretext": "[blackteam:master] <https:\/\/github.com\/dueyfinster\/blackteam\/compare\/bb5a06ab2dbc...c4b05679ee2c|10 new commits> by Neil Grogan:",
                "id": 1,
                "color": "4183C4",
                "mrkdwn_in": [
                    "text",
                    "pretext"
                ]
            }
        ],
        "type": "message",
        "subtype": "bot_message",
        "ts": "1433608300.000079"
    },
    {
        "text": "",
        "bot_id": "B0506GF16",
        "attachments": [
            {
                "fallback": "Build <http:\/\/magnum.travis-ci.com\/dueyfinster\/blackteam\/builds\/12545635|#48> (<https:\/\/github.com\/dueyfinster\/blackteam\/compare\/bb5a06ab2dbc...c4b05679ee2c|c4b0567>) of dueyfinster\/blackteam@master by Neil Grogan passed in 1 min 3 sec",
                "text": "Build <http:\/\/magnum.travis-ci.com\/dueyfinster\/blackteam\/builds\/12545635|#48> (<https:\/\/github.com\/dueyfinster\/blackteam\/compare\/bb5a06ab2dbc...c4b05679ee2c|c4b0567>) of dueyfinster\/blackteam@master by Neil Grogan passed in 1 min 3 sec",
                "id": 1,
                "color": "36a64f"
            }
        ],
        "type": "message",
        "subtype": "bot_message",
        "ts": "1433608438.000080"
    },
    {
        "text": "",
        "bot_id": "B056P06D5",
        "attachments": [
            {
                "fallback": "Success:  dueyfinster's build (<https:\/\/circleci.com\/gh\/dueyfinster\/blackteam\/42|#42>; push in <https:\/\/circleci.com\/gh\/dueyfinster\/blackteam|dueyfinster\/blackteam> (<https:\/\/circleci.com\/gh\/dueyfinster\/blackteam\/tree\/master|master>)\n - Updated gitignore to ignore coverage and auto gen files (<https:\/\/github.com\/dueyfinster\/blackteam\/commit\/c4b05679ee2c0a328c15e78714cbc960b9340662|c4b0567> by Neil Grogan) and <https:\/\/github.com\/dueyfinster\/blackteam\/compare\/bb5a06ab2dbc...c4b05679ee2c|9 more>\n",
                "text": "Success:  dueyfinster's build (<https:\/\/circleci.com\/gh\/dueyfinster\/blackteam\/42|#42>; push in <https:\/\/circleci.com\/gh\/dueyfinster\/blackteam|dueyfinster\/blackteam> (<https:\/\/circleci.com\/gh\/dueyfinster\/blackteam\/tree\/master|master>)\n - Updated gitignore to ignore coverage and auto gen files (<https:\/\/github.com\/dueyfinster\/blackteam\/commit\/c4b05679ee2c0a328c15e78714cbc960b9340662|c4b0567> by Neil Grogan) and <https:\/\/github.com\/dueyfinster\/blackteam\/compare\/bb5a06ab2dbc...c4b05679ee2c|9 more>\n",
                "id": 1,
                "color": "41aa58"
            }
        ],
        "type": "message",
        "subtype": "bot_message",
        "ts": "1433608669.000081"
    },
    {
        "text": "",
        "bot_id": "B052T590M",
        "attachments": [
            {
                "fallback": "[blackteam:master] <https:\/\/github.com\/dueyfinster\/blackteam\/commit\/3ee4fb9|1 new commit> by Neil Grogan",
                "text": "<https:\/\/github.com\/dueyfinster\/blackteam\/commit\/3ee4fb9|3ee4fb9>: Updated circleci to try deployment - Neil Grogan",
                "pretext": "[blackteam:master] 1 new commit by Neil Grogan:",
                "id": 1,
                "color": "4183C4",
                "mrkdwn_in": [
                    "text",
                    "pretext"
                ]
            }
        ],
        "type": "message",
        "subtype": "bot_message",
        "ts": "1433609986.000082"
    },
    {
        "text": "",
        "bot_id": "B0506GF16",
        "attachments": [
            {
                "fallback": "Build <http:\/\/magnum.travis-ci.com\/dueyfinster\/blackteam\/builds\/12545724|#49> (<https:\/\/github.com\/dueyfinster\/blackteam\/compare\/c4b05679ee2c...3ee4fb93e2f9|3ee4fb9>) of dueyfinster\/blackteam@master by Neil Grogan passed in 1 min 3 sec",
                "text": "Build <http:\/\/magnum.travis-ci.com\/dueyfinster\/blackteam\/builds\/12545724|#49> (<https:\/\/github.com\/dueyfinster\/blackteam\/compare\/c4b05679ee2c...3ee4fb93e2f9|3ee4fb9>) of dueyfinster\/blackteam@master by Neil Grogan passed in 1 min 3 sec",
                "id": 1,
                "color": "36a64f"
            }
        ],
        "type": "message",
        "subtype": "bot_message",
        "ts": "1433610151.000083"
    },
    {
        "text": "",
        "bot_id": "B056P06D5",
        "attachments": [
            {
                "fallback": "Failed:  dueyfinster's build (<https:\/\/circleci.com\/gh\/dueyfinster\/blackteam\/43|#43>; push in <https:\/\/circleci.com\/gh\/dueyfinster\/blackteam|dueyfinster\/blackteam> (<https:\/\/circleci.com\/gh\/dueyfinster\/blackteam\/tree\/master|master>)\n - Updated circleci to try deployment (<https:\/\/github.com\/dueyfinster\/blackteam\/commit\/3ee4fb93e2f9c6ca124e6335fba999e8160b34a7|3ee4fb9> by Neil Grogan)\n",
                "text": "Failed:  dueyfinster's build (<https:\/\/circleci.com\/gh\/dueyfinster\/blackteam\/43|#43>; push in <https:\/\/circleci.com\/gh\/dueyfinster\/blackteam|dueyfinster\/blackteam> (<https:\/\/circleci.com\/gh\/dueyfinster\/blackteam\/tree\/master|master>)\n - Updated circleci to try deployment (<https:\/\/github.com\/dueyfinster\/blackteam\/commit\/3ee4fb93e2f9c6ca124e6335fba999e8160b34a7|3ee4fb9> by Neil Grogan)\n",
                "id": 1,
                "color": "d10c20"
            }
        ],
        "type": "message",
        "subtype": "bot_message",
        "ts": "1433610303.000084"
    },
    {
        "text": "",
        "bot_id": "B052T590M",
        "attachments": [
            {
                "fallback": "[blackteam:master] <https:\/\/github.com\/dueyfinster\/blackteam\/commit\/62a7268|1 new commit> by Neil Grogan",
                "text": "<https:\/\/github.com\/dueyfinster\/blackteam\/commit\/62a7268|62a7268>: Forgot to add deployment scripts - Neil Grogan",
                "pretext": "[blackteam:master] 1 new commit by Neil Grogan:",
                "id": 1,
                "color": "4183C4",
                "mrkdwn_in": [
                    "text",
                    "pretext"
                ]
            }
        ],
        "type": "message",
        "subtype": "bot_message",
        "ts": "1433612836.000085"
    },
    {
        "text": "",
        "bot_id": "B0506GF16",
        "attachments": [
            {
                "fallback": "Build <http:\/\/magnum.travis-ci.com\/dueyfinster\/blackteam\/builds\/12545902|#50> (<https:\/\/github.com\/dueyfinster\/blackteam\/compare\/3ee4fb93e2f9...62a7268380dd|62a7268>) of dueyfinster\/blackteam@master by Neil Grogan passed in 1 min 2 sec",
                "text": "Build <http:\/\/magnum.travis-ci.com\/dueyfinster\/blackteam\/builds\/12545902|#50> (<https:\/\/github.com\/dueyfinster\/blackteam\/compare\/3ee4fb93e2f9...62a7268380dd|62a7268>) of dueyfinster\/blackteam@master by Neil Grogan passed in 1 min 2 sec",
                "id": 1,
                "color": "36a64f"
            }
        ],
        "type": "message",
        "subtype": "bot_message",
        "ts": "1433612981.000086"
    },
    {
        "text": "",
        "bot_id": "B056P06D5",
        "attachments": [
            {
                "fallback": "Failed:  dueyfinster's build (<https:\/\/circleci.com\/gh\/dueyfinster\/blackteam\/44|#44>; push in <https:\/\/circleci.com\/gh\/dueyfinster\/blackteam|dueyfinster\/blackteam> (<https:\/\/circleci.com\/gh\/dueyfinster\/blackteam\/tree\/master|master>)\n - Forgot to add deployment scripts (<https:\/\/github.com\/dueyfinster\/blackteam\/commit\/62a7268380dd9c30c13f192db1d3bc047bed7ef9|62a7268> by Neil Grogan)\n",
                "text": "Failed:  dueyfinster's build (<https:\/\/circleci.com\/gh\/dueyfinster\/blackteam\/44|#44>; push in <https:\/\/circleci.com\/gh\/dueyfinster\/blackteam|dueyfinster\/blackteam> (<https:\/\/circleci.com\/gh\/dueyfinster\/blackteam\/tree\/master|master>)\n - Forgot to add deployment scripts (<https:\/\/github.com\/dueyfinster\/blackteam\/commit\/62a7268380dd9c30c13f192db1d3bc047bed7ef9|62a7268> by Neil Grogan)\n",
                "id": 1,
                "color": "d10c20"
            }
        ],
        "type": "message",
        "subtype": "bot_message",
        "ts": "1433613161.000087"
    },
    {
        "text": "",
        "bot_id": "B052T590M",
        "attachments": [
            {
                "fallback": "[blackteam:master] <https:\/\/github.com\/dueyfinster\/blackteam\/commit\/284b8c7|1 new commit> by Neil Grogan",
                "text": "<https:\/\/github.com\/dueyfinster\/blackteam\/commit\/284b8c7|284b8c7>: Updated staging deploy script so ssh key will have right perms - Neil Grogan",
                "pretext": "[blackteam:master] 1 new commit by Neil Grogan:",
                "id": 1,
                "color": "4183C4",
                "mrkdwn_in": [
                    "text",
                    "pretext"
                ]
            }
        ],
        "type": "message",
        "subtype": "bot_message",
        "ts": "1433613227.000088"
    },
    {
        "text": "",
        "bot_id": "B0506GF16",
        "attachments": [
            {
                "fallback": "Build <http:\/\/magnum.travis-ci.com\/dueyfinster\/blackteam\/builds\/12545925|#51> (<https:\/\/github.com\/dueyfinster\/blackteam\/compare\/62a7268380dd...284b8c79d4c3|284b8c7>) of dueyfinster\/blackteam@master by Neil Grogan passed in 1 min 5 sec",
                "text": "Build <http:\/\/magnum.travis-ci.com\/dueyfinster\/blackteam\/builds\/12545925|#51> (<https:\/\/github.com\/dueyfinster\/blackteam\/compare\/62a7268380dd...284b8c79d4c3|284b8c7>) of dueyfinster\/blackteam@master by Neil Grogan passed in 1 min 5 sec",
                "id": 1,
                "color": "36a64f"
            }
        ],
        "type": "message",
        "subtype": "bot_message",
        "ts": "1433613376.000089"
    },
    {
        "text": "",
        "bot_id": "B052T590M",
        "attachments": [
            {
                "fallback": "[blackteam:master] <https:\/\/github.com\/dueyfinster\/blackteam\/commit\/0a13f68|1 new commit> by Neil Grogan",
                "text": "<https:\/\/github.com\/dueyfinster\/blackteam\/commit\/0a13f68|0a13f68>: Updated deploy staging script - Neil Grogan",
                "pretext": "[blackteam:master] 1 new commit by Neil Grogan:",
                "id": 1,
                "color": "4183C4",
                "mrkdwn_in": [
                    "text",
                    "pretext"
                ]
            }
        ],
        "type": "message",
        "subtype": "bot_message",
        "ts": "1433614220.000090"
    },
    {
        "text": "",
        "bot_id": "B0506GF16",
        "attachments": [
            {
                "fallback": "Build <http:\/\/magnum.travis-ci.com\/dueyfinster\/blackteam\/builds\/12545974|#52> (<https:\/\/github.com\/dueyfinster\/blackteam\/compare\/284b8c79d4c3...0a13f68d260c|0a13f68>) of dueyfinster\/blackteam@master by Neil Grogan passed in 1 min 6 sec",
                "text": "Build <http:\/\/magnum.travis-ci.com\/dueyfinster\/blackteam\/builds\/12545974|#52> (<https:\/\/github.com\/dueyfinster\/blackteam\/compare\/284b8c79d4c3...0a13f68d260c|0a13f68>) of dueyfinster\/blackteam@master by Neil Grogan passed in 1 min 6 sec",
                "id": 1,
                "color": "36a64f"
            }
        ],
        "type": "message",
        "subtype": "bot_message",
        "ts": "1433614397.000091"
    },
    {
        "text": "",
        "bot_id": "B056P06D5",
        "attachments": [
            {
                "fallback": "Failed:  dueyfinster's build (<https:\/\/circleci.com\/gh\/dueyfinster\/blackteam\/46|#46>; push in <https:\/\/circleci.com\/gh\/dueyfinster\/blackteam|dueyfinster\/blackteam> (<https:\/\/circleci.com\/gh\/dueyfinster\/blackteam\/tree\/master|master>)\n - Updated deploy staging script (<https:\/\/github.com\/dueyfinster\/blackteam\/commit\/0a13f68d260cf0f0e3c9c373cd02adfd12615448|0a13f68> by Neil Grogan)\n",
                "text": "Failed:  dueyfinster's build (<https:\/\/circleci.com\/gh\/dueyfinster\/blackteam\/46|#46>; push in <https:\/\/circleci.com\/gh\/dueyfinster\/blackteam|dueyfinster\/blackteam> (<https:\/\/circleci.com\/gh\/dueyfinster\/blackteam\/tree\/master|master>)\n - Updated deploy staging script (<https:\/\/github.com\/dueyfinster\/blackteam\/commit\/0a13f68d260cf0f0e3c9c373cd02adfd12615448|0a13f68> by Neil Grogan)\n",
                "id": 1,
                "color": "d10c20"
            }
        ],
        "type": "message",
        "subtype": "bot_message",
        "ts": "1433614803.000092"
    },
    {
        "text": "",
        "bot_id": "B056P06D5",
        "attachments": [
            {
                "fallback": "Failed:  dueyfinster's build (<https:\/\/circleci.com\/gh\/dueyfinster\/blackteam\/48|#48>; retry by dueyfinster in <https:\/\/circleci.com\/gh\/dueyfinster\/blackteam|dueyfinster\/blackteam> (<https:\/\/circleci.com\/gh\/dueyfinster\/blackteam\/tree\/master|master>)\n - Updated deploy staging script (<https:\/\/github.com\/dueyfinster\/blackteam\/commit\/0a13f68d260cf0f0e3c9c373cd02adfd12615448|0a13f68> by Neil Grogan)\n",
                "text": "Failed:  dueyfinster's build (<https:\/\/circleci.com\/gh\/dueyfinster\/blackteam\/48|#48>; retry by dueyfinster in <https:\/\/circleci.com\/gh\/dueyfinster\/blackteam|dueyfinster\/blackteam> (<https:\/\/circleci.com\/gh\/dueyfinster\/blackteam\/tree\/master|master>)\n - Updated deploy staging script (<https:\/\/github.com\/dueyfinster\/blackteam\/commit\/0a13f68d260cf0f0e3c9c373cd02adfd12615448|0a13f68> by Neil Grogan)\n",
                "id": 1,
                "color": "d10c20"
            }
        ],
        "type": "message",
        "subtype": "bot_message",
        "ts": "1433618599.000093"
    },
    {
        "text": "",
        "bot_id": "B052T590M",
        "attachments": [
            {
                "fallback": "[blackteam:master] <https:\/\/github.com\/dueyfinster\/blackteam\/commit\/2c0c49c|1 new commit> by Neil Grogan",
                "text": "<https:\/\/github.com\/dueyfinster\/blackteam\/commit\/2c0c49c|2c0c49c>: Fixed env file - Neil Grogan",
                "pretext": "[blackteam:master] 1 new commit by Neil Grogan:",
                "id": 1,
                "color": "4183C4",
                "mrkdwn_in": [
                    "text",
                    "pretext"
                ]
            }
        ],
        "type": "message",
        "subtype": "bot_message",
        "ts": "1433618773.000094"
    },
    {
        "text": "",
        "bot_id": "B0506GF16",
        "attachments": [
            {
                "fallback": "Build <http:\/\/magnum.travis-ci.com\/dueyfinster\/blackteam\/builds\/12546234|#53> (<https:\/\/github.com\/dueyfinster\/blackteam\/compare\/0a13f68d260c...2c0c49cafb90|2c0c49c>) of dueyfinster\/blackteam@master by Neil Grogan passed in 0 min 42 sec",
                "text": "Build <http:\/\/magnum.travis-ci.com\/dueyfinster\/blackteam\/builds\/12546234|#53> (<https:\/\/github.com\/dueyfinster\/blackteam\/compare\/0a13f68d260c...2c0c49cafb90|2c0c49c>) of dueyfinster\/blackteam@master by Neil Grogan passed in 0 min 42 sec",
                "id": 1,
                "color": "36a64f"
            }
        ],
        "type": "message",
        "subtype": "bot_message",
        "ts": "1433619127.000095"
    },
    {
        "text": "",
        "bot_id": "B056P06D5",
        "attachments": [
            {
                "fallback": "Fixed:  dueyfinster's build (<https:\/\/circleci.com\/gh\/dueyfinster\/blackteam\/49|#49>; push in <https:\/\/circleci.com\/gh\/dueyfinster\/blackteam|dueyfinster\/blackteam> (<https:\/\/circleci.com\/gh\/dueyfinster\/blackteam\/tree\/master|master>)\n - Fixed env file (<https:\/\/github.com\/dueyfinster\/blackteam\/commit\/2c0c49cafb90e4604ccecd73881c035aa2f79107|2c0c49c> by Neil Grogan)\n",
                "text": "Fixed:  dueyfinster's build (<https:\/\/circleci.com\/gh\/dueyfinster\/blackteam\/49|#49>; push in <https:\/\/circleci.com\/gh\/dueyfinster\/blackteam|dueyfinster\/blackteam> (<https:\/\/circleci.com\/gh\/dueyfinster\/blackteam\/tree\/master|master>)\n - Fixed env file (<https:\/\/github.com\/dueyfinster\/blackteam\/commit\/2c0c49cafb90e4604ccecd73881c035aa2f79107|2c0c49c> by Neil Grogan)\n",
                "id": 1,
                "color": "41aa58"
            }
        ],
        "type": "message",
        "subtype": "bot_message",
        "ts": "1433619163.000096"
    },
    {
        "text": "",
        "bot_id": "B052T590M",
        "attachments": [
            {
                "fallback": "[blackteam:master] <https:\/\/github.com\/dueyfinster\/blackteam\/commit\/2a9eebd|1 new commit> by Neil Grogan",
                "text": "<https:\/\/github.com\/dueyfinster\/blackteam\/commit\/2a9eebd|2a9eebd>: Added selenium to requirements - Neil Grogan",
                "pretext": "[blackteam:master] 1 new commit by Neil Grogan:",
                "id": 1,
                "color": "4183C4",
                "mrkdwn_in": [
                    "text",
                    "pretext"
                ]
            }
        ],
        "type": "message",
        "subtype": "bot_message",
        "ts": "1433620766.000097"
    },
    {
        "text": "",
        "bot_id": "B0506GF16",
        "attachments": [
            {
                "fallback": "Build <http:\/\/magnum.travis-ci.com\/dueyfinster\/blackteam\/builds\/12546351|#54> (<https:\/\/github.com\/dueyfinster\/blackteam\/compare\/2c0c49cafb90...2a9eebde0ddb|2a9eebd>) of dueyfinster\/blackteam@master by Neil Grogan passed in 0 min 44 sec",
                "text": "Build <http:\/\/magnum.travis-ci.com\/dueyfinster\/blackteam\/builds\/12546351|#54> (<https:\/\/github.com\/dueyfinster\/blackteam\/compare\/2c0c49cafb90...2a9eebde0ddb|2a9eebd>) of dueyfinster\/blackteam@master by Neil Grogan passed in 0 min 44 sec",
                "id": 1,
                "color": "36a64f"
            }
        ],
        "type": "message",
        "subtype": "bot_message",
        "ts": "1433620913.000098"
    },
    {
        "text": "",
        "bot_id": "B056P06D5",
        "attachments": [
            {
                "fallback": "Success:  dueyfinster's build (<https:\/\/circleci.com\/gh\/dueyfinster\/blackteam\/50|#50>; push in <https:\/\/circleci.com\/gh\/dueyfinster\/blackteam|dueyfinster\/blackteam> (<https:\/\/circleci.com\/gh\/dueyfinster\/blackteam\/tree\/master|master>)\n - Added selenium to requirements (<https:\/\/github.com\/dueyfinster\/blackteam\/commit\/2a9eebde0ddbf11f7f261d42de864c09120bf9d9|2a9eebd> by Neil Grogan)\n",
                "text": "Success:  dueyfinster's build (<https:\/\/circleci.com\/gh\/dueyfinster\/blackteam\/50|#50>; push in <https:\/\/circleci.com\/gh\/dueyfinster\/blackteam|dueyfinster\/blackteam> (<https:\/\/circleci.com\/gh\/dueyfinster\/blackteam\/tree\/master|master>)\n - Added selenium to requirements (<https:\/\/github.com\/dueyfinster\/blackteam\/commit\/2a9eebde0ddbf11f7f261d42de864c09120bf9d9|2a9eebd> by Neil Grogan)\n",
                "id": 1,
                "color": "41aa58"
            }
        ],
        "type": "message",
        "subtype": "bot_message",
        "ts": "1433621283.000099"
    }
]