[
    {
        "text": "",
        "bot_id": "B052T590M",
        "attachments": [
            {
                "fallback": "[blackteam:develop] <https:\/\/github.com\/dueyfinster\/blackteam\/commit\/c2c7795b2ec36f5a13f3caba625025791a7c6a92|1 new commit> by Neil Grogan",
                "text": "<https:\/\/github.com\/dueyfinster\/blackteam\/commit\/c2c7795b2ec36f5a13f3caba625025791a7c6a92|c2c7795>: added what is newsfast to landing - still to update with images - Neil Grogan",
                "pretext": "[blackteam:develop] 1 new commit by Neil Grogan:",
                "id": 1,
                "color": "4183C4",
                "mrkdwn_in": [
                    "text",
                    "pretext"
                ]
            }
        ],
        "type": "message",
        "subtype": "bot_message",
        "ts": "1439323054.000041"
    },
    {
        "text": "",
        "bot_id": "B056P06D5",
        "attachments": [
            {
                "fallback": "Success:  dueyfinster's build (<https:\/\/circleci.com\/gh\/dueyfinster\/blackteam\/393|#393>; push in <https:\/\/circleci.com\/gh\/dueyfinster\/blackteam|dueyfinster\/blackteam> (<https:\/\/circleci.com\/gh\/dueyfinster\/blackteam\/tree\/develop|develop>)\n - added what is newsfast to landing - still to update with images (<https:\/\/github.com\/dueyfinster\/blackteam\/commit\/c2c7795b2ec36f5a13f3caba625025791a7c6a92|c2c7795> by dueyfinster)\n",
                "text": "Success:  dueyfinster's build (<https:\/\/circleci.com\/gh\/dueyfinster\/blackteam\/393|#393>; push in <https:\/\/circleci.com\/gh\/dueyfinster\/blackteam|dueyfinster\/blackteam> (<https:\/\/circleci.com\/gh\/dueyfinster\/blackteam\/tree\/develop|develop>)\n - added what is newsfast to landing - still to update with images (<https:\/\/github.com\/dueyfinster\/blackteam\/commit\/c2c7795b2ec36f5a13f3caba625025791a7c6a92|c2c7795> by dueyfinster)\n",
                "id": 1,
                "color": "41aa58"
            }
        ],
        "type": "message",
        "subtype": "bot_message",
        "ts": "1439323119.000042"
    },
    {
        "text": "",
        "bot_id": "B0506GF16",
        "attachments": [
            {
                "fallback": "Build <https:\/\/magnum.travis-ci.com\/dueyfinster\/blackteam\/builds\/14472304|#316> (<https:\/\/github.com\/dueyfinster\/blackteam\/compare\/ed28f14b6996...c2c7795b2ec3|c2c7795>) of dueyfinster\/blackteam@develop by Neil Grogan passed in 4 min 27 sec",
                "text": "Build <https:\/\/magnum.travis-ci.com\/dueyfinster\/blackteam\/builds\/14472304|#316> (<https:\/\/github.com\/dueyfinster\/blackteam\/compare\/ed28f14b6996...c2c7795b2ec3|c2c7795>) of dueyfinster\/blackteam@develop by Neil Grogan passed in 4 min 27 sec",
                "id": 1,
                "color": "36a64f"
            }
        ],
        "type": "message",
        "subtype": "bot_message",
        "ts": "1439323335.000043"
    },
    {
        "text": "",
        "bot_id": "B052T590M",
        "attachments": [
            {
                "fallback": "[blackteam:develop] <https:\/\/github.com\/dueyfinster\/blackteam\/commit\/02f48cfeccaf76f42d1de070b5b685dab6ba2c72|1 new commit> by Neil Grogan",
                "text": "<https:\/\/github.com\/dueyfinster\/blackteam\/commit\/02f48cfeccaf76f42d1de070b5b685dab6ba2c72|02f48cf>: Updated what is newsfast image on landing page - Neil Grogan",
                "pretext": "[blackteam:develop] 1 new commit by Neil Grogan:",
                "id": 1,
                "color": "4183C4",
                "mrkdwn_in": [
                    "text",
                    "pretext"
                ]
            }
        ],
        "type": "message",
        "subtype": "bot_message",
        "ts": "1439324021.000044"
    },
    {
        "text": "",
        "bot_id": "B056P06D5",
        "attachments": [
            {
                "fallback": "Success:  dueyfinster's build (<https:\/\/circleci.com\/gh\/dueyfinster\/blackteam\/394|#394>; push in <https:\/\/circleci.com\/gh\/dueyfinster\/blackteam|dueyfinster\/blackteam> (<https:\/\/circleci.com\/gh\/dueyfinster\/blackteam\/tree\/develop|develop>)\n - Updated what is newsfast image on landing page (<https:\/\/github.com\/dueyfinster\/blackteam\/commit\/02f48cfeccaf76f42d1de070b5b685dab6ba2c72|02f48cf> by dueyfinster)\n",
                "text": "Success:  dueyfinster's build (<https:\/\/circleci.com\/gh\/dueyfinster\/blackteam\/394|#394>; push in <https:\/\/circleci.com\/gh\/dueyfinster\/blackteam|dueyfinster\/blackteam> (<https:\/\/circleci.com\/gh\/dueyfinster\/blackteam\/tree\/develop|develop>)\n - Updated what is newsfast image on landing page (<https:\/\/github.com\/dueyfinster\/blackteam\/commit\/02f48cfeccaf76f42d1de070b5b685dab6ba2c72|02f48cf> by dueyfinster)\n",
                "id": 1,
                "color": "41aa58"
            }
        ],
        "type": "message",
        "subtype": "bot_message",
        "ts": "1439324085.000045"
    },
    {
        "text": "",
        "bot_id": "B0506GF16",
        "attachments": [
            {
                "fallback": "Build <https:\/\/magnum.travis-ci.com\/dueyfinster\/blackteam\/builds\/14472972|#317> (<https:\/\/github.com\/dueyfinster\/blackteam\/compare\/c2c7795b2ec3...02f48cfeccaf|02f48cf>) of dueyfinster\/blackteam@develop by Neil Grogan passed in 4 min 47 sec",
                "text": "Build <https:\/\/magnum.travis-ci.com\/dueyfinster\/blackteam\/builds\/14472972|#317> (<https:\/\/github.com\/dueyfinster\/blackteam\/compare\/c2c7795b2ec3...02f48cfeccaf|02f48cf>) of dueyfinster\/blackteam@develop by Neil Grogan passed in 4 min 47 sec",
                "id": 1,
                "color": "36a64f"
            }
        ],
        "type": "message",
        "subtype": "bot_message",
        "ts": "1439324326.000046"
    },
    {
        "text": "",
        "bot_id": "B052T590M",
        "attachments": [
            {
                "fallback": "[blackteam:develop] <https:\/\/github.com\/dueyfinster\/blackteam\/commit\/338b8d0c9349ba0e88c81b514898a87060461789|1 new commit> by Neil Grogan",
                "text": "<https:\/\/github.com\/dueyfinster\/blackteam\/commit\/338b8d0c9349ba0e88c81b514898a87060461789|338b8d0>: Added newsfast N logo to landing page - Neil Grogan",
                "pretext": "[blackteam:develop] 1 new commit by Neil Grogan:",
                "id": 1,
                "color": "4183C4",
                "mrkdwn_in": [
                    "text",
                    "pretext"
                ]
            }
        ],
        "type": "message",
        "subtype": "bot_message",
        "ts": "1439324491.000047"
    },
    {
        "text": "",
        "bot_id": "B056P06D5",
        "attachments": [
            {
                "fallback": "Success:  dueyfinster's build (<https:\/\/circleci.com\/gh\/dueyfinster\/blackteam\/395|#395>; push in <https:\/\/circleci.com\/gh\/dueyfinster\/blackteam|dueyfinster\/blackteam> (<https:\/\/circleci.com\/gh\/dueyfinster\/blackteam\/tree\/develop|develop>)\n - Added newsfast N logo to landing page (<https:\/\/github.com\/dueyfinster\/blackteam\/commit\/338b8d0c9349ba0e88c81b514898a87060461789|338b8d0> by dueyfinster)\n",
                "text": "Success:  dueyfinster's build (<https:\/\/circleci.com\/gh\/dueyfinster\/blackteam\/395|#395>; push in <https:\/\/circleci.com\/gh\/dueyfinster\/blackteam|dueyfinster\/blackteam> (<https:\/\/circleci.com\/gh\/dueyfinster\/blackteam\/tree\/develop|develop>)\n - Added newsfast N logo to landing page (<https:\/\/github.com\/dueyfinster\/blackteam\/commit\/338b8d0c9349ba0e88c81b514898a87060461789|338b8d0> by dueyfinster)\n",
                "id": 1,
                "color": "41aa58"
            }
        ],
        "type": "message",
        "subtype": "bot_message",
        "ts": "1439324557.000048"
    },
    {
        "text": "",
        "bot_id": "B0506GF16",
        "attachments": [
            {
                "fallback": "Build <https:\/\/magnum.travis-ci.com\/dueyfinster\/blackteam\/builds\/14473279|#318> (<https:\/\/github.com\/dueyfinster\/blackteam\/compare\/02f48cfeccaf...338b8d0c9349|338b8d0>) of dueyfinster\/blackteam@develop by Neil Grogan passed in 4 min 20 sec",
                "text": "Build <https:\/\/magnum.travis-ci.com\/dueyfinster\/blackteam\/builds\/14473279|#318> (<https:\/\/github.com\/dueyfinster\/blackteam\/compare\/02f48cfeccaf...338b8d0c9349|338b8d0>) of dueyfinster\/blackteam@develop by Neil Grogan passed in 4 min 20 sec",
                "id": 1,
                "color": "36a64f"
            }
        ],
        "type": "message",
        "subtype": "bot_message",
        "ts": "1439324772.000049"
    },
    {
        "text": "",
        "bot_id": "B052T590M",
        "attachments": [
            {
                "fallback": "[blackteam:develop] <https:\/\/github.com\/dueyfinster\/blackteam\/commit\/3d08d1b4af58c4bd86aacf515c624ca709b67523|1 new commit> by Neil Grogan",
                "text": "<https:\/\/github.com\/dueyfinster\/blackteam\/commit\/3d08d1b4af58c4bd86aacf515c624ca709b67523|3d08d1b>: Added skip sign in on landing page - Neil Grogan",
                "pretext": "[blackteam:develop] 1 new commit by Neil Grogan:",
                "id": 1,
                "color": "4183C4",
                "mrkdwn_in": [
                    "text",
                    "pretext"
                ]
            }
        ],
        "type": "message",
        "subtype": "bot_message",
        "ts": "1439328206.000050"
    },
    {
        "text": "",
        "bot_id": "B056P06D5",
        "attachments": [
            {
                "fallback": "Success:  dueyfinster's build (<https:\/\/circleci.com\/gh\/dueyfinster\/blackteam\/396|#396>; push in <https:\/\/circleci.com\/gh\/dueyfinster\/blackteam|dueyfinster\/blackteam> (<https:\/\/circleci.com\/gh\/dueyfinster\/blackteam\/tree\/develop|develop>)\n - Added skip sign in on landing page (<https:\/\/github.com\/dueyfinster\/blackteam\/commit\/3d08d1b4af58c4bd86aacf515c624ca709b67523|3d08d1b> by dueyfinster)\n",
                "text": "Success:  dueyfinster's build (<https:\/\/circleci.com\/gh\/dueyfinster\/blackteam\/396|#396>; push in <https:\/\/circleci.com\/gh\/dueyfinster\/blackteam|dueyfinster\/blackteam> (<https:\/\/circleci.com\/gh\/dueyfinster\/blackteam\/tree\/develop|develop>)\n - Added skip sign in on landing page (<https:\/\/github.com\/dueyfinster\/blackteam\/commit\/3d08d1b4af58c4bd86aacf515c624ca709b67523|3d08d1b> by dueyfinster)\n",
                "id": 1,
                "color": "41aa58"
            }
        ],
        "type": "message",
        "subtype": "bot_message",
        "ts": "1439328272.000051"
    },
    {
        "text": "",
        "bot_id": "B0506GF16",
        "attachments": [
            {
                "fallback": "Build <https:\/\/magnum.travis-ci.com\/dueyfinster\/blackteam\/builds\/14475907|#319> (<https:\/\/github.com\/dueyfinster\/blackteam\/compare\/338b8d0c9349...3d08d1b4af58|3d08d1b>) of dueyfinster\/blackteam@develop by Neil Grogan passed in 4 min 39 sec",
                "text": "Build <https:\/\/magnum.travis-ci.com\/dueyfinster\/blackteam\/builds\/14475907|#319> (<https:\/\/github.com\/dueyfinster\/blackteam\/compare\/338b8d0c9349...3d08d1b4af58|3d08d1b>) of dueyfinster\/blackteam@develop by Neil Grogan passed in 4 min 39 sec",
                "id": 1,
                "color": "36a64f"
            }
        ],
        "type": "message",
        "subtype": "bot_message",
        "ts": "1439328497.000052"
    },
    {
        "text": "",
        "bot_id": "B052T590M",
        "attachments": [
            {
                "fallback": "[blackteam:develop] <https:\/\/github.com\/dueyfinster\/blackteam\/commit\/bab08653b8652436bafdfa5e9b01aecbd7c29d5c|1 new commit> by GarryDavitt",
                "text": "<https:\/\/github.com\/dueyfinster\/blackteam\/commit\/bab08653b8652436bafdfa5e9b01aecbd7c29d5c|bab0865>: icon to png for browser compatibility issues - GarryDavitt",
                "pretext": "[blackteam:develop] 1 new commit by GarryDavitt:",
                "id": 1,
                "color": "4183C4",
                "mrkdwn_in": [
                    "text",
                    "pretext"
                ]
            }
        ],
        "type": "message",
        "subtype": "bot_message",
        "ts": "1439330704.000053"
    },
    {
        "text": "",
        "bot_id": "B056P06D5",
        "attachments": [
            {
                "fallback": "Success:  GarryDavitt's build (<https:\/\/circleci.com\/gh\/dueyfinster\/blackteam\/397|#397>; push in <https:\/\/circleci.com\/gh\/dueyfinster\/blackteam|dueyfinster\/blackteam> (<https:\/\/circleci.com\/gh\/dueyfinster\/blackteam\/tree\/develop|develop>)\n - icon to png for browser compatibility issues (<https:\/\/github.com\/dueyfinster\/blackteam\/commit\/bab08653b8652436bafdfa5e9b01aecbd7c29d5c|bab0865> by GarryDavitt)\n",
                "text": "Success:  GarryDavitt's build (<https:\/\/circleci.com\/gh\/dueyfinster\/blackteam\/397|#397>; push in <https:\/\/circleci.com\/gh\/dueyfinster\/blackteam|dueyfinster\/blackteam> (<https:\/\/circleci.com\/gh\/dueyfinster\/blackteam\/tree\/develop|develop>)\n - icon to png for browser compatibility issues (<https:\/\/github.com\/dueyfinster\/blackteam\/commit\/bab08653b8652436bafdfa5e9b01aecbd7c29d5c|bab0865> by GarryDavitt)\n",
                "id": 1,
                "color": "41aa58"
            }
        ],
        "type": "message",
        "subtype": "bot_message",
        "ts": "1439330787.000054"
    },
    {
        "text": "",
        "bot_id": "B0506GF16",
        "attachments": [
            {
                "fallback": "Build <https:\/\/magnum.travis-ci.com\/dueyfinster\/blackteam\/builds\/14477554|#320> (<https:\/\/github.com\/dueyfinster\/blackteam\/compare\/3d08d1b4af58...bab08653b865|bab0865>) of dueyfinster\/blackteam@develop by GarryDavitt passed in 4 min 47 sec",
                "text": "Build <https:\/\/magnum.travis-ci.com\/dueyfinster\/blackteam\/builds\/14477554|#320> (<https:\/\/github.com\/dueyfinster\/blackteam\/compare\/3d08d1b4af58...bab08653b865|bab0865>) of dueyfinster\/blackteam@develop by GarryDavitt passed in 4 min 47 sec",
                "id": 1,
                "color": "36a64f"
            }
        ],
        "type": "message",
        "subtype": "bot_message",
        "ts": "1439331007.000055"
    },
    {
        "text": "",
        "bot_id": "B052T590M",
        "attachments": [
            {
                "fallback": "[blackteam:develop] <https:\/\/github.com\/dueyfinster\/blackteam\/commit\/29ac3470b5168c5bc05b99e6c34e297974e61df3|1 new commit> by OLarry",
                "text": "<https:\/\/github.com\/dueyfinster\/blackteam\/commit\/29ac3470b5168c5bc05b99e6c34e297974e61df3|29ac347>: Delete bad RSS feeds - OLarry",
                "pretext": "[blackteam:develop] 1 new commit by OLarry:",
                "id": 1,
                "color": "4183C4",
                "mrkdwn_in": [
                    "text",
                    "pretext"
                ]
            }
        ],
        "type": "message",
        "subtype": "bot_message",
        "ts": "1439332321.000056"
    },
    {
        "text": "",
        "bot_id": "B056P06D5",
        "attachments": [
            {
                "fallback": "Success:  OLarry's build (<https:\/\/circleci.com\/gh\/dueyfinster\/blackteam\/398|#398>; push in <https:\/\/circleci.com\/gh\/dueyfinster\/blackteam|dueyfinster\/blackteam> (<https:\/\/circleci.com\/gh\/dueyfinster\/blackteam\/tree\/develop|develop>)\n - Delete bad RSS feeds (<https:\/\/github.com\/dueyfinster\/blackteam\/commit\/29ac3470b5168c5bc05b99e6c34e297974e61df3|29ac347> by OLarry)\n",
                "text": "Success:  OLarry's build (<https:\/\/circleci.com\/gh\/dueyfinster\/blackteam\/398|#398>; push in <https:\/\/circleci.com\/gh\/dueyfinster\/blackteam|dueyfinster\/blackteam> (<https:\/\/circleci.com\/gh\/dueyfinster\/blackteam\/tree\/develop|develop>)\n - Delete bad RSS feeds (<https:\/\/github.com\/dueyfinster\/blackteam\/commit\/29ac3470b5168c5bc05b99e6c34e297974e61df3|29ac347> by OLarry)\n",
                "id": 1,
                "color": "41aa58"
            }
        ],
        "type": "message",
        "subtype": "bot_message",
        "ts": "1439332388.000057"
    },
    {
        "text": "",
        "bot_id": "B0506GF16",
        "attachments": [
            {
                "fallback": "Build <https:\/\/magnum.travis-ci.com\/dueyfinster\/blackteam\/builds\/14478472|#321> (<https:\/\/github.com\/dueyfinster\/blackteam\/compare\/bab08653b865...29ac3470b516|29ac347>) of dueyfinster\/blackteam@develop by OLarry passed in 5 min 47 sec",
                "text": "Build <https:\/\/magnum.travis-ci.com\/dueyfinster\/blackteam\/builds\/14478472|#321> (<https:\/\/github.com\/dueyfinster\/blackteam\/compare\/bab08653b865...29ac3470b516|29ac347>) of dueyfinster\/blackteam@develop by OLarry passed in 5 min 47 sec",
                "id": 1,
                "color": "36a64f"
            }
        ],
        "type": "message",
        "subtype": "bot_message",
        "ts": "1439332690.000058"
    },
    {
        "text": "",
        "bot_id": "B052T590M",
        "attachments": [
            {
                "fallback": "[blackteam:develop] <https:\/\/github.com\/dueyfinster\/blackteam\/compare\/29ac3470b516...16c6135b9769|2 new commits> by iberdnikov",
                "text": "<https:\/\/github.com\/dueyfinster\/blackteam\/commit\/e51da2ddb5d9877bbc6db45d214a057a4811aa69|e51da2d>: Twitter widget in Response - iberdnikov\n <https:\/\/github.com\/dueyfinster\/blackteam\/commit\/16c6135b9769cb5d7f57ec5fa281fb73d01bc7fa|16c6135>: Merge branch 'develop' of <https:\/\/github.com\/dueyfinster\/blackteam> into develop - iberdnikov",
                "pretext": "[blackteam:develop] <https:\/\/github.com\/dueyfinster\/blackteam\/compare\/29ac3470b516...16c6135b9769|2 new commits> by iberdnikov:",
                "id": 1,
                "color": "4183C4",
                "mrkdwn_in": [
                    "text",
                    "pretext"
                ]
            }
        ],
        "type": "message",
        "subtype": "bot_message",
        "ts": "1439335797.000059"
    },
    {
        "text": "",
        "bot_id": "B056P06D5",
        "attachments": [
            {
                "fallback": "Success:  iberdnikov's build (<https:\/\/circleci.com\/gh\/dueyfinster\/blackteam\/399|#399>; push in <https:\/\/circleci.com\/gh\/dueyfinster\/blackteam|dueyfinster\/blackteam> (<https:\/\/circleci.com\/gh\/dueyfinster\/blackteam\/tree\/develop|develop>)\n - Merge branch 'develop' of <https:\/\/github.com\/dueyfinster\/blackteam> into develop (<https:\/\/github.com\/dueyfinster\/blackteam\/commit\/16c6135b9769cb5d7f57ec5fa281fb73d01bc7fa|16c6135> by iberdnikov) and <https:\/\/github.com\/dueyfinster\/blackteam\/compare\/29ac3470b516...16c6135b9769|1 more>\n",
                "text": "Success:  iberdnikov's build (<https:\/\/circleci.com\/gh\/dueyfinster\/blackteam\/399|#399>; push in <https:\/\/circleci.com\/gh\/dueyfinster\/blackteam|dueyfinster\/blackteam> (<https:\/\/circleci.com\/gh\/dueyfinster\/blackteam\/tree\/develop|develop>)\n - Merge branch 'develop' of <https:\/\/github.com\/dueyfinster\/blackteam> into develop (<https:\/\/github.com\/dueyfinster\/blackteam\/commit\/16c6135b9769cb5d7f57ec5fa281fb73d01bc7fa|16c6135> by iberdnikov) and <https:\/\/github.com\/dueyfinster\/blackteam\/compare\/29ac3470b516...16c6135b9769|1 more>\n",
                "id": 1,
                "color": "41aa58"
            }
        ],
        "type": "message",
        "subtype": "bot_message",
        "ts": "1439335862.000060"
    },
    {
        "text": "",
        "bot_id": "B0506GF16",
        "attachments": [
            {
                "fallback": "Build <https:\/\/magnum.travis-ci.com\/dueyfinster\/blackteam\/builds\/14480097|#322> (<https:\/\/github.com\/dueyfinster\/blackteam\/compare\/29ac3470b516...16c6135b9769|16c6135>) of dueyfinster\/blackteam@develop by iberdnikov passed in 4 min 10 sec",
                "text": "Build <https:\/\/magnum.travis-ci.com\/dueyfinster\/blackteam\/builds\/14480097|#322> (<https:\/\/github.com\/dueyfinster\/blackteam\/compare\/29ac3470b516...16c6135b9769|16c6135>) of dueyfinster\/blackteam@develop by iberdnikov passed in 4 min 10 sec",
                "id": 1,
                "color": "36a64f"
            }
        ],
        "type": "message",
        "subtype": "bot_message",
        "ts": "1439336057.000061"
    },
    {
        "text": "",
        "bot_id": "B052T590M",
        "attachments": [
            {
                "fallback": "[blackteam:develop] <https:\/\/github.com\/dueyfinster\/blackteam\/commit\/a8aadb6dd86e9755ac0f678dba948515686f5291|1 new commit> by GarryDavitt",
                "text": "<https:\/\/github.com\/dueyfinster\/blackteam\/commit\/a8aadb6dd86e9755ac0f678dba948515686f5291|a8aadb6>: adding survey link and email to bottom of page - GarryDavitt",
                "pretext": "[blackteam:develop] 1 new commit by GarryDavitt:",
                "id": 1,
                "color": "4183C4",
                "mrkdwn_in": [
                    "text",
                    "pretext"
                ]
            }
        ],
        "type": "message",
        "subtype": "bot_message",
        "ts": "1439339853.000062"
    },
    {
        "text": "",
        "bot_id": "B056P06D5",
        "attachments": [
            {
                "fallback": "Success:  GarryDavitt's build (<https:\/\/circleci.com\/gh\/dueyfinster\/blackteam\/400|#400>; push in <https:\/\/circleci.com\/gh\/dueyfinster\/blackteam|dueyfinster\/blackteam> (<https:\/\/circleci.com\/gh\/dueyfinster\/blackteam\/tree\/develop|develop>)\n - adding survey link and email to bottom of page (<https:\/\/github.com\/dueyfinster\/blackteam\/commit\/a8aadb6dd86e9755ac0f678dba948515686f5291|a8aadb6> by GarryDavitt)\n",
                "text": "Success:  GarryDavitt's build (<https:\/\/circleci.com\/gh\/dueyfinster\/blackteam\/400|#400>; push in <https:\/\/circleci.com\/gh\/dueyfinster\/blackteam|dueyfinster\/blackteam> (<https:\/\/circleci.com\/gh\/dueyfinster\/blackteam\/tree\/develop|develop>)\n - adding survey link and email to bottom of page (<https:\/\/github.com\/dueyfinster\/blackteam\/commit\/a8aadb6dd86e9755ac0f678dba948515686f5291|a8aadb6> by GarryDavitt)\n",
                "id": 1,
                "color": "41aa58"
            }
        ],
        "type": "message",
        "subtype": "bot_message",
        "ts": "1439339919.000063"
    },
    {
        "text": "",
        "bot_id": "B0506GF16",
        "attachments": [
            {
                "fallback": "Build <https:\/\/magnum.travis-ci.com\/dueyfinster\/blackteam\/builds\/14481710|#323> (<https:\/\/github.com\/dueyfinster\/blackteam\/compare\/16c6135b9769...a8aadb6dd86e|a8aadb6>) of dueyfinster\/blackteam@develop by GarryDavitt passed in 3 min 51 sec",
                "text": "Build <https:\/\/magnum.travis-ci.com\/dueyfinster\/blackteam\/builds\/14481710|#323> (<https:\/\/github.com\/dueyfinster\/blackteam\/compare\/16c6135b9769...a8aadb6dd86e|a8aadb6>) of dueyfinster\/blackteam@develop by GarryDavitt passed in 3 min 51 sec",
                "id": 1,
                "color": "36a64f"
            }
        ],
        "type": "message",
        "subtype": "bot_message",
        "ts": "1439340093.000064"
    },
    {
        "text": "",
        "bot_id": "B052T590M",
        "attachments": [
            {
                "fallback": "[blackteam:develop] <https:\/\/github.com\/dueyfinster\/blackteam\/commit\/f6f0fd465f58469e02070c30592d5a031f2ac007|1 new commit> by GarryDavitt",
                "text": "<https:\/\/github.com\/dueyfinster\/blackteam\/commit\/f6f0fd465f58469e02070c30592d5a031f2ac007|f6f0fd4>: adding survey link and email to bottom of page -correction - GarryDavitt",
                "pretext": "[blackteam:develop] 1 new commit by GarryDavitt:",
                "id": 1,
                "color": "4183C4",
                "mrkdwn_in": [
                    "text",
                    "pretext"
                ]
            }
        ],
        "type": "message",
        "subtype": "bot_message",
        "ts": "1439340237.000065"
    },
    {
        "text": "",
        "bot_id": "B056P06D5",
        "attachments": [
            {
                "fallback": "Success:  GarryDavitt's build (<https:\/\/circleci.com\/gh\/dueyfinster\/blackteam\/401|#401>; push in <https:\/\/circleci.com\/gh\/dueyfinster\/blackteam|dueyfinster\/blackteam> (<https:\/\/circleci.com\/gh\/dueyfinster\/blackteam\/tree\/develop|develop>)\n - adding survey link and email to bottom of page -correction (<https:\/\/github.com\/dueyfinster\/blackteam\/commit\/f6f0fd465f58469e02070c30592d5a031f2ac007|f6f0fd4> by GarryDavitt)\n",
                "text": "Success:  GarryDavitt's build (<https:\/\/circleci.com\/gh\/dueyfinster\/blackteam\/401|#401>; push in <https:\/\/circleci.com\/gh\/dueyfinster\/blackteam|dueyfinster\/blackteam> (<https:\/\/circleci.com\/gh\/dueyfinster\/blackteam\/tree\/develop|develop>)\n - adding survey link and email to bottom of page -correction (<https:\/\/github.com\/dueyfinster\/blackteam\/commit\/f6f0fd465f58469e02070c30592d5a031f2ac007|f6f0fd4> by GarryDavitt)\n",
                "id": 1,
                "color": "41aa58"
            }
        ],
        "type": "message",
        "subtype": "bot_message",
        "ts": "1439340306.000066"
    },
    {
        "text": "",
        "bot_id": "B052T590M",
        "attachments": [
            {
                "fallback": "[blackteam:develop] <https:\/\/github.com\/dueyfinster\/blackteam\/compare\/f6f0fd465f58...0937483d0cde|2 new commits> by OLarry",
                "text": "<https:\/\/github.com\/dueyfinster\/blackteam\/commit\/b5d875e0593f3037bb7a908f04487b692a379a02|b5d875e>: Fix bug where User not logged in, articles not ranked properly - OLarry\n <https:\/\/github.com\/dueyfinster\/blackteam\/commit\/0937483d0cdeb4d546d5628f68bcdd71dfc986de|0937483>: Fix for articles - OLarry",
                "pretext": "[blackteam:develop] <https:\/\/github.com\/dueyfinster\/blackteam\/compare\/f6f0fd465f58...0937483d0cde|2 new commits> by OLarry:",
                "id": 1,
                "color": "4183C4",
                "mrkdwn_in": [
                    "text",
                    "pretext"
                ]
            }
        ],
        "type": "message",
        "subtype": "bot_message",
        "ts": "1439340426.000067"
    },
    {
        "text": "",
        "bot_id": "B0506GF16",
        "attachments": [
            {
                "fallback": "Build <https:\/\/magnum.travis-ci.com\/dueyfinster\/blackteam\/builds\/14481820|#324> (<https:\/\/github.com\/dueyfinster\/blackteam\/compare\/a8aadb6dd86e...f6f0fd465f58|f6f0fd4>) of dueyfinster\/blackteam@develop by GarryDavitt passed in 3 min 48 sec",
                "text": "Build <https:\/\/magnum.travis-ci.com\/dueyfinster\/blackteam\/builds\/14481820|#324> (<https:\/\/github.com\/dueyfinster\/blackteam\/compare\/a8aadb6dd86e...f6f0fd465f58|f6f0fd4>) of dueyfinster\/blackteam@develop by GarryDavitt passed in 3 min 48 sec",
                "id": 1,
                "color": "36a64f"
            }
        ],
        "type": "message",
        "subtype": "bot_message",
        "ts": "1439340474.000068"
    },
    {
        "text": "",
        "bot_id": "B056P06D5",
        "attachments": [
            {
                "fallback": "Success:  OLarry's build (<https:\/\/circleci.com\/gh\/dueyfinster\/blackteam\/402|#402>; push in <https:\/\/circleci.com\/gh\/dueyfinster\/blackteam|dueyfinster\/blackteam> (<https:\/\/circleci.com\/gh\/dueyfinster\/blackteam\/tree\/develop|develop>)\n - Fix for articles (<https:\/\/github.com\/dueyfinster\/blackteam\/commit\/0937483d0cdeb4d546d5628f68bcdd71dfc986de|0937483> by OLarry) and <https:\/\/github.com\/dueyfinster\/blackteam\/compare\/f6f0fd465f58...0937483d0cde|1 more>\n",
                "text": "Success:  OLarry's build (<https:\/\/circleci.com\/gh\/dueyfinster\/blackteam\/402|#402>; push in <https:\/\/circleci.com\/gh\/dueyfinster\/blackteam|dueyfinster\/blackteam> (<https:\/\/circleci.com\/gh\/dueyfinster\/blackteam\/tree\/develop|develop>)\n - Fix for articles (<https:\/\/github.com\/dueyfinster\/blackteam\/commit\/0937483d0cdeb4d546d5628f68bcdd71dfc986de|0937483> by OLarry) and <https:\/\/github.com\/dueyfinster\/blackteam\/compare\/f6f0fd465f58...0937483d0cde|1 more>\n",
                "id": 1,
                "color": "41aa58"
            }
        ],
        "type": "message",
        "subtype": "bot_message",
        "ts": "1439340495.000069"
    },
    {
        "text": "",
        "bot_id": "B0506GF16",
        "attachments": [
            {
                "fallback": "Build <https:\/\/magnum.travis-ci.com\/dueyfinster\/blackteam\/builds\/14481888|#325> (<https:\/\/github.com\/dueyfinster\/blackteam\/compare\/f6f0fd465f58...0937483d0cde|0937483>) of dueyfinster\/blackteam@develop by OLarry passed in 5 min 11 sec",
                "text": "Build <https:\/\/magnum.travis-ci.com\/dueyfinster\/blackteam\/builds\/14481888|#325> (<https:\/\/github.com\/dueyfinster\/blackteam\/compare\/f6f0fd465f58...0937483d0cde|0937483>) of dueyfinster\/blackteam@develop by OLarry passed in 5 min 11 sec",
                "id": 1,
                "color": "36a64f"
            }
        ],
        "type": "message",
        "subtype": "bot_message",
        "ts": "1439340791.000070"
    },
    {
        "text": "",
        "bot_id": "B052T590M",
        "attachments": [
            {
                "fallback": "[blackteam:develop] <https:\/\/github.com\/dueyfinster\/blackteam\/commit\/4444a3dafb48c9069ac76eff5b6a1bd0cbe56efa|1 new commit> by GarryDavitt",
                "text": "<https:\/\/github.com\/dueyfinster\/blackteam\/commit\/4444a3dafb48c9069ac76eff5b6a1bd0cbe56efa|4444a3d>: positioning close button on overlay better - GarryDavitt",
                "pretext": "[blackteam:develop] 1 new commit by GarryDavitt:",
                "id": 1,
                "color": "4183C4",
                "mrkdwn_in": [
                    "text",
                    "pretext"
                ]
            }
        ],
        "type": "message",
        "subtype": "bot_message",
        "ts": "1439360078.000071"
    },
    {
        "text": "",
        "bot_id": "B056P06D5",
        "attachments": [
            {
                "fallback": "Success:  GarryDavitt's build (<https:\/\/circleci.com\/gh\/dueyfinster\/blackteam\/403|#403>; push in <https:\/\/circleci.com\/gh\/dueyfinster\/blackteam|dueyfinster\/blackteam> (<https:\/\/circleci.com\/gh\/dueyfinster\/blackteam\/tree\/develop|develop>)\n - positioning close button on overlay better (<https:\/\/github.com\/dueyfinster\/blackteam\/commit\/4444a3dafb48c9069ac76eff5b6a1bd0cbe56efa|4444a3d> by GarryDavitt)\n",
                "text": "Success:  GarryDavitt's build (<https:\/\/circleci.com\/gh\/dueyfinster\/blackteam\/403|#403>; push in <https:\/\/circleci.com\/gh\/dueyfinster\/blackteam|dueyfinster\/blackteam> (<https:\/\/circleci.com\/gh\/dueyfinster\/blackteam\/tree\/develop|develop>)\n - positioning close button on overlay better (<https:\/\/github.com\/dueyfinster\/blackteam\/commit\/4444a3dafb48c9069ac76eff5b6a1bd0cbe56efa|4444a3d> by GarryDavitt)\n",
                "id": 1,
                "color": "41aa58"
            }
        ],
        "type": "message",
        "subtype": "bot_message",
        "ts": "1439360148.000072"
    },
    {
        "text": "",
        "bot_id": "B0506GF16",
        "attachments": [
            {
                "fallback": "Build <https:\/\/magnum.travis-ci.com\/dueyfinster\/blackteam\/builds\/14486555|#326> (<https:\/\/github.com\/dueyfinster\/blackteam\/compare\/0937483d0cde...4444a3dafb48|4444a3d>) of dueyfinster\/blackteam@develop by GarryDavitt passed in 3 min 54 sec",
                "text": "Build <https:\/\/magnum.travis-ci.com\/dueyfinster\/blackteam\/builds\/14486555|#326> (<https:\/\/github.com\/dueyfinster\/blackteam\/compare\/0937483d0cde...4444a3dafb48|4444a3d>) of dueyfinster\/blackteam@develop by GarryDavitt passed in 3 min 54 sec",
                "id": 1,
                "color": "36a64f"
            }
        ],
        "type": "message",
        "subtype": "bot_message",
        "ts": "1439360321.000073"
    }
]