[
    {
        "text": "",
        "bot_id": "B052T590M",
        "attachments": [
            {
                "fallback": "[blackteam:develop] <https:\/\/github.com\/dueyfinster\/blackteam\/commit\/75b760f83a93d990a5461933d431920ec073d043|1 new commit> by GarryDavitt",
                "text": "<https:\/\/github.com\/dueyfinster\/blackteam\/commit\/75b760f83a93d990a5461933d431920ec073d043|75b760f>: adding icon and some style changes - GarryDavitt",
                "pretext": "[blackteam:develop] 1 new commit by GarryDavitt:",
                "id": 1,
                "color": "4183C4",
                "mrkdwn_in": [
                    "text",
                    "pretext"
                ]
            }
        ],
        "type": "message",
        "subtype": "bot_message",
        "ts": "1439190173.000017"
    },
    {
        "text": "",
        "bot_id": "B056P06D5",
        "attachments": [
            {
                "fallback": "Success:  GarryDavitt's build (<https:\/\/circleci.com\/gh\/dueyfinster\/blackteam\/385|#385>; push in <https:\/\/circleci.com\/gh\/dueyfinster\/blackteam|dueyfinster\/blackteam> (<https:\/\/circleci.com\/gh\/dueyfinster\/blackteam\/tree\/develop|develop>)\n - adding icon and some style changes (<https:\/\/github.com\/dueyfinster\/blackteam\/commit\/75b760f83a93d990a5461933d431920ec073d043|75b760f> by GarryDavitt)\n",
                "text": "Success:  GarryDavitt's build (<https:\/\/circleci.com\/gh\/dueyfinster\/blackteam\/385|#385>; push in <https:\/\/circleci.com\/gh\/dueyfinster\/blackteam|dueyfinster\/blackteam> (<https:\/\/circleci.com\/gh\/dueyfinster\/blackteam\/tree\/develop|develop>)\n - adding icon and some style changes (<https:\/\/github.com\/dueyfinster\/blackteam\/commit\/75b760f83a93d990a5461933d431920ec073d043|75b760f> by GarryDavitt)\n",
                "id": 1,
                "color": "41aa58"
            }
        ],
        "type": "message",
        "subtype": "bot_message",
        "ts": "1439190247.000018"
    },
    {
        "text": "",
        "bot_id": "B0506GF16",
        "attachments": [
            {
                "fallback": "Build <https:\/\/magnum.travis-ci.com\/dueyfinster\/blackteam\/builds\/14403769|#308> (<https:\/\/github.com\/dueyfinster\/blackteam\/compare\/14b06e952f76...75b760f83a93|75b760f>) of dueyfinster\/blackteam@develop by GarryDavitt passed in 4 min 25 sec",
                "text": "Build <https:\/\/magnum.travis-ci.com\/dueyfinster\/blackteam\/builds\/14403769|#308> (<https:\/\/github.com\/dueyfinster\/blackteam\/compare\/14b06e952f76...75b760f83a93|75b760f>) of dueyfinster\/blackteam@develop by GarryDavitt passed in 4 min 25 sec",
                "id": 1,
                "color": "36a64f"
            }
        ],
        "type": "message",
        "subtype": "bot_message",
        "ts": "1439190446.000019"
    },
    {
        "text": "",
        "bot_id": "B052T590M",
        "attachments": [
            {
                "fallback": "[blackteam:develop] <https:\/\/github.com\/dueyfinster\/blackteam\/commit\/aa1d5ac87b2f2b2225c2c39bdd99664554afb616|1 new commit> by GarryDavitt",
                "text": "<https:\/\/github.com\/dueyfinster\/blackteam\/commit\/aa1d5ac87b2f2b2225c2c39bdd99664554afb616|aa1d5ac>: making the ewsfast part of icon for display reasons - GarryDavitt",
                "pretext": "[blackteam:develop] 1 new commit by GarryDavitt:",
                "id": 1,
                "color": "4183C4",
                "mrkdwn_in": [
                    "text",
                    "pretext"
                ]
            }
        ],
        "type": "message",
        "subtype": "bot_message",
        "ts": "1439230224.000020"
    },
    {
        "text": "",
        "bot_id": "B056P06D5",
        "attachments": [
            {
                "fallback": "Success:  GarryDavitt's build (<https:\/\/circleci.com\/gh\/dueyfinster\/blackteam\/386|#386>; push in <https:\/\/circleci.com\/gh\/dueyfinster\/blackteam|dueyfinster\/blackteam> (<https:\/\/circleci.com\/gh\/dueyfinster\/blackteam\/tree\/develop|develop>)\n - making the ewsfast part of icon for display reasons (<https:\/\/github.com\/dueyfinster\/blackteam\/commit\/aa1d5ac87b2f2b2225c2c39bdd99664554afb616|aa1d5ac> by GarryDavitt)\n",
                "text": "Success:  GarryDavitt's build (<https:\/\/circleci.com\/gh\/dueyfinster\/blackteam\/386|#386>; push in <https:\/\/circleci.com\/gh\/dueyfinster\/blackteam|dueyfinster\/blackteam> (<https:\/\/circleci.com\/gh\/dueyfinster\/blackteam\/tree\/develop|develop>)\n - making the ewsfast part of icon for display reasons (<https:\/\/github.com\/dueyfinster\/blackteam\/commit\/aa1d5ac87b2f2b2225c2c39bdd99664554afb616|aa1d5ac> by GarryDavitt)\n",
                "id": 1,
                "color": "41aa58"
            }
        ],
        "type": "message",
        "subtype": "bot_message",
        "ts": "1439230299.000021"
    },
    {
        "text": "",
        "bot_id": "B0506GF16",
        "attachments": [
            {
                "fallback": "Build <https:\/\/magnum.travis-ci.com\/dueyfinster\/blackteam\/builds\/14425232|#309> (<https:\/\/github.com\/dueyfinster\/blackteam\/compare\/75b760f83a93...aa1d5ac87b2f|aa1d5ac>) of dueyfinster\/blackteam@develop by GarryDavitt passed in 6 min 2 sec",
                "text": "Build <https:\/\/magnum.travis-ci.com\/dueyfinster\/blackteam\/builds\/14425232|#309> (<https:\/\/github.com\/dueyfinster\/blackteam\/compare\/75b760f83a93...aa1d5ac87b2f|aa1d5ac>) of dueyfinster\/blackteam@develop by GarryDavitt passed in 6 min 2 sec",
                "id": 1,
                "color": "36a64f"
            }
        ],
        "type": "message",
        "subtype": "bot_message",
        "ts": "1439230601.000022"
    },
    {
        "text": "",
        "bot_id": "B052T590M",
        "attachments": [
            {
                "fallback": "[blackteam:develop] <https:\/\/github.com\/dueyfinster\/blackteam\/commit\/4a829157aee70bb4f75ee7fe14236c6f8c18a4bd|1 new commit> by GarryDavitt",
                "text": "<https:\/\/github.com\/dueyfinster\/blackteam\/commit\/4a829157aee70bb4f75ee7fe14236c6f8c18a4bd|4a82915>: switching sponsor posts with latest news and renaming - GarryDavitt",
                "pretext": "[blackteam:develop] 1 new commit by GarryDavitt:",
                "id": 1,
                "color": "4183C4",
                "mrkdwn_in": [
                    "text",
                    "pretext"
                ]
            }
        ],
        "type": "message",
        "subtype": "bot_message",
        "ts": "1439231971.000023"
    },
    {
        "text": "",
        "bot_id": "B056P06D5",
        "attachments": [
            {
                "fallback": "Success:  GarryDavitt's build (<https:\/\/circleci.com\/gh\/dueyfinster\/blackteam\/387|#387>; push in <https:\/\/circleci.com\/gh\/dueyfinster\/blackteam|dueyfinster\/blackteam> (<https:\/\/circleci.com\/gh\/dueyfinster\/blackteam\/tree\/develop|develop>)\n - switching sponsor posts with latest news and renaming (<https:\/\/github.com\/dueyfinster\/blackteam\/commit\/4a829157aee70bb4f75ee7fe14236c6f8c18a4bd|4a82915> by GarryDavitt)\n",
                "text": "Success:  GarryDavitt's build (<https:\/\/circleci.com\/gh\/dueyfinster\/blackteam\/387|#387>; push in <https:\/\/circleci.com\/gh\/dueyfinster\/blackteam|dueyfinster\/blackteam> (<https:\/\/circleci.com\/gh\/dueyfinster\/blackteam\/tree\/develop|develop>)\n - switching sponsor posts with latest news and renaming (<https:\/\/github.com\/dueyfinster\/blackteam\/commit\/4a829157aee70bb4f75ee7fe14236c6f8c18a4bd|4a82915> by GarryDavitt)\n",
                "id": 1,
                "color": "41aa58"
            }
        ],
        "type": "message",
        "subtype": "bot_message",
        "ts": "1439232046.000024"
    },
    {
        "text": "",
        "bot_id": "B0506GF16",
        "attachments": [
            {
                "fallback": "Build <https:\/\/magnum.travis-ci.com\/dueyfinster\/blackteam\/builds\/14426436|#310> (<https:\/\/github.com\/dueyfinster\/blackteam\/compare\/aa1d5ac87b2f...4a829157aee7|4a82915>) of dueyfinster\/blackteam@develop by GarryDavitt passed in 4 min 35 sec",
                "text": "Build <https:\/\/magnum.travis-ci.com\/dueyfinster\/blackteam\/builds\/14426436|#310> (<https:\/\/github.com\/dueyfinster\/blackteam\/compare\/aa1d5ac87b2f...4a829157aee7|4a82915>) of dueyfinster\/blackteam@develop by GarryDavitt passed in 4 min 35 sec",
                "id": 1,
                "color": "36a64f"
            }
        ],
        "type": "message",
        "subtype": "bot_message",
        "ts": "1439232255.000025"
    },
    {
        "text": "",
        "bot_id": "B052T590M",
        "attachments": [
            {
                "fallback": "[blackteam:develop] <https:\/\/github.com\/dueyfinster\/blackteam\/commit\/4e1df4301ddbca879b7d825a10bfca3d10b12d2c|1 new commit> by GarryDavitt",
                "text": "<https:\/\/github.com\/dueyfinster\/blackteam\/commit\/4e1df4301ddbca879b7d825a10bfca3d10b12d2c|4e1df43>: navbar to black - GarryDavitt",
                "pretext": "[blackteam:develop] 1 new commit by GarryDavitt:",
                "id": 1,
                "color": "4183C4",
                "mrkdwn_in": [
                    "text",
                    "pretext"
                ]
            }
        ],
        "type": "message",
        "subtype": "bot_message",
        "ts": "1439232264.000026"
    },
    {
        "text": "",
        "bot_id": "B056P06D5",
        "attachments": [
            {
                "fallback": "Success:  GarryDavitt's build (<https:\/\/circleci.com\/gh\/dueyfinster\/blackteam\/388|#388>; push in <https:\/\/circleci.com\/gh\/dueyfinster\/blackteam|dueyfinster\/blackteam> (<https:\/\/circleci.com\/gh\/dueyfinster\/blackteam\/tree\/develop|develop>)\n - navbar to black (<https:\/\/github.com\/dueyfinster\/blackteam\/commit\/4e1df4301ddbca879b7d825a10bfca3d10b12d2c|4e1df43> by GarryDavitt)\n",
                "text": "Success:  GarryDavitt's build (<https:\/\/circleci.com\/gh\/dueyfinster\/blackteam\/388|#388>; push in <https:\/\/circleci.com\/gh\/dueyfinster\/blackteam|dueyfinster\/blackteam> (<https:\/\/circleci.com\/gh\/dueyfinster\/blackteam\/tree\/develop|develop>)\n - navbar to black (<https:\/\/github.com\/dueyfinster\/blackteam\/commit\/4e1df4301ddbca879b7d825a10bfca3d10b12d2c|4e1df43> by GarryDavitt)\n",
                "id": 1,
                "color": "41aa58"
            }
        ],
        "type": "message",
        "subtype": "bot_message",
        "ts": "1439232331.000027"
    },
    {
        "text": "",
        "bot_id": "B0506GF16",
        "attachments": [
            {
                "fallback": "Build <https:\/\/magnum.travis-ci.com\/dueyfinster\/blackteam\/builds\/14426644|#311> (<https:\/\/github.com\/dueyfinster\/blackteam\/compare\/4a829157aee7...4e1df4301ddb|4e1df43>) of dueyfinster\/blackteam@develop by GarryDavitt passed in 4 min 14 sec",
                "text": "Build <https:\/\/magnum.travis-ci.com\/dueyfinster\/blackteam\/builds\/14426644|#311> (<https:\/\/github.com\/dueyfinster\/blackteam\/compare\/4a829157aee7...4e1df4301ddb|4e1df43>) of dueyfinster\/blackteam@develop by GarryDavitt passed in 4 min 14 sec",
                "id": 1,
                "color": "36a64f"
            }
        ],
        "type": "message",
        "subtype": "bot_message",
        "ts": "1439232594.000028"
    },
    {
        "text": "",
        "bot_id": "B052T590M",
        "attachments": [
            {
                "fallback": "[blackteam:develop] <https:\/\/github.com\/dueyfinster\/blackteam\/commit\/248d7ba575d08b1752ac554c93d93fa3589c5dcc|1 new commit> by iberdnikov",
                "text": "<https:\/\/github.com\/dueyfinster\/blackteam\/commit\/248d7ba575d08b1752ac554c93d93fa3589c5dcc|248d7ba>: For twitter added functionality - iberdnikov",
                "pretext": "[blackteam:develop] 1 new commit by iberdnikov:",
                "id": 1,
                "color": "4183C4",
                "mrkdwn_in": [
                    "text",
                    "pretext"
                ]
            }
        ],
        "type": "message",
        "subtype": "bot_message",
        "ts": "1439244160.000029"
    },
    {
        "text": "",
        "bot_id": "B056P06D5",
        "attachments": [
            {
                "fallback": "Success:  iberdnikov's build (<https:\/\/circleci.com\/gh\/dueyfinster\/blackteam\/389|#389>; push in <https:\/\/circleci.com\/gh\/dueyfinster\/blackteam|dueyfinster\/blackteam> (<https:\/\/circleci.com\/gh\/dueyfinster\/blackteam\/tree\/develop|develop>)\n - For twitter added functionality (<https:\/\/github.com\/dueyfinster\/blackteam\/commit\/248d7ba575d08b1752ac554c93d93fa3589c5dcc|248d7ba> by iberdnikov)\n",
                "text": "Success:  iberdnikov's build (<https:\/\/circleci.com\/gh\/dueyfinster\/blackteam\/389|#389>; push in <https:\/\/circleci.com\/gh\/dueyfinster\/blackteam|dueyfinster\/blackteam> (<https:\/\/circleci.com\/gh\/dueyfinster\/blackteam\/tree\/develop|develop>)\n - For twitter added functionality (<https:\/\/github.com\/dueyfinster\/blackteam\/commit\/248d7ba575d08b1752ac554c93d93fa3589c5dcc|248d7ba> by iberdnikov)\n",
                "id": 1,
                "color": "41aa58"
            }
        ],
        "type": "message",
        "subtype": "bot_message",
        "ts": "1439244234.000030"
    },
    {
        "text": "",
        "bot_id": "B0506GF16",
        "attachments": [
            {
                "fallback": "Build <https:\/\/magnum.travis-ci.com\/dueyfinster\/blackteam\/builds\/14434518|#312> (<https:\/\/github.com\/dueyfinster\/blackteam\/compare\/4e1df4301ddb...248d7ba575d0|248d7ba>) of dueyfinster\/blackteam@develop by iberdnikov passed in 3 min 50 sec",
                "text": "Build <https:\/\/magnum.travis-ci.com\/dueyfinster\/blackteam\/builds\/14434518|#312> (<https:\/\/github.com\/dueyfinster\/blackteam\/compare\/4e1df4301ddb...248d7ba575d0|248d7ba>) of dueyfinster\/blackteam@develop by iberdnikov passed in 3 min 50 sec",
                "id": 1,
                "color": "36a64f"
            }
        ],
        "type": "message",
        "subtype": "bot_message",
        "ts": "1439244400.000031"
    },
    {
        "text": "",
        "bot_id": "B052T590M",
        "attachments": [
            {
                "fallback": "[blackteam:develop] <https:\/\/github.com\/dueyfinster\/blackteam\/commit\/0b63ea04d94dbf87ec285382d047b68d62a55ed0|1 new commit> by GarryDavitt",
                "text": "<https:\/\/github.com\/dueyfinster\/blackteam\/commit\/0b63ea04d94dbf87ec285382d047b68d62a55ed0|0b63ea0>: changes to overlay - GarryDavitt",
                "pretext": "[blackteam:develop] 1 new commit by GarryDavitt:",
                "id": 1,
                "color": "4183C4",
                "mrkdwn_in": [
                    "text",
                    "pretext"
                ]
            }
        ],
        "type": "message",
        "subtype": "bot_message",
        "ts": "1439250659.000032"
    },
    {
        "text": "",
        "bot_id": "B056P06D5",
        "attachments": [
            {
                "fallback": "Success:  GarryDavitt's build (<https:\/\/circleci.com\/gh\/dueyfinster\/blackteam\/390|#390>; push in <https:\/\/circleci.com\/gh\/dueyfinster\/blackteam|dueyfinster\/blackteam> (<https:\/\/circleci.com\/gh\/dueyfinster\/blackteam\/tree\/develop|develop>)\n - changes to overlay (<https:\/\/github.com\/dueyfinster\/blackteam\/commit\/0b63ea04d94dbf87ec285382d047b68d62a55ed0|0b63ea0> by GarryDavitt)\n",
                "text": "Success:  GarryDavitt's build (<https:\/\/circleci.com\/gh\/dueyfinster\/blackteam\/390|#390>; push in <https:\/\/circleci.com\/gh\/dueyfinster\/blackteam|dueyfinster\/blackteam> (<https:\/\/circleci.com\/gh\/dueyfinster\/blackteam\/tree\/develop|develop>)\n - changes to overlay (<https:\/\/github.com\/dueyfinster\/blackteam\/commit\/0b63ea04d94dbf87ec285382d047b68d62a55ed0|0b63ea0> by GarryDavitt)\n",
                "id": 1,
                "color": "41aa58"
            }
        ],
        "type": "message",
        "subtype": "bot_message",
        "ts": "1439250726.000033"
    },
    {
        "text": "",
        "bot_id": "B052T590M",
        "attachments": [
            {
                "fallback": "[blackteam:develop] <https:\/\/github.com\/dueyfinster\/blackteam\/commit\/59a3d4f52828928a5b57f06b9932999deb2066fb|1 new commit> by GarryDavitt",
                "text": "<https:\/\/github.com\/dueyfinster\/blackteam\/commit\/59a3d4f52828928a5b57f06b9932999deb2066fb|59a3d4f>: changes to overlay - GarryDavitt",
                "pretext": "[blackteam:develop] 1 new commit by GarryDavitt:",
                "id": 1,
                "color": "4183C4",
                "mrkdwn_in": [
                    "text",
                    "pretext"
                ]
            }
        ],
        "type": "message",
        "subtype": "bot_message",
        "ts": "1439250772.000034"
    },
    {
        "text": "",
        "bot_id": "B056P06D5",
        "attachments": [
            {
                "fallback": "Success:  GarryDavitt's build (<https:\/\/circleci.com\/gh\/dueyfinster\/blackteam\/391|#391>; push in <https:\/\/circleci.com\/gh\/dueyfinster\/blackteam|dueyfinster\/blackteam> (<https:\/\/circleci.com\/gh\/dueyfinster\/blackteam\/tree\/develop|develop>)\n - changes to overlay (<https:\/\/github.com\/dueyfinster\/blackteam\/commit\/59a3d4f52828928a5b57f06b9932999deb2066fb|59a3d4f> by GarryDavitt)\n",
                "text": "Success:  GarryDavitt's build (<https:\/\/circleci.com\/gh\/dueyfinster\/blackteam\/391|#391>; push in <https:\/\/circleci.com\/gh\/dueyfinster\/blackteam|dueyfinster\/blackteam> (<https:\/\/circleci.com\/gh\/dueyfinster\/blackteam\/tree\/develop|develop>)\n - changes to overlay (<https:\/\/github.com\/dueyfinster\/blackteam\/commit\/59a3d4f52828928a5b57f06b9932999deb2066fb|59a3d4f> by GarryDavitt)\n",
                "id": 1,
                "color": "41aa58"
            }
        ],
        "type": "message",
        "subtype": "bot_message",
        "ts": "1439250837.000035"
    },
    {
        "text": "",
        "bot_id": "B0506GF16",
        "attachments": [
            {
                "fallback": "Build <https:\/\/magnum.travis-ci.com\/dueyfinster\/blackteam\/builds\/14437733|#313> (<https:\/\/github.com\/dueyfinster\/blackteam\/compare\/248d7ba575d0...0b63ea04d94d|0b63ea0>) of dueyfinster\/blackteam@develop by GarryDavitt passed in 3 min 49 sec",
                "text": "Build <https:\/\/magnum.travis-ci.com\/dueyfinster\/blackteam\/builds\/14437733|#313> (<https:\/\/github.com\/dueyfinster\/blackteam\/compare\/248d7ba575d0...0b63ea04d94d|0b63ea0>) of dueyfinster\/blackteam@develop by GarryDavitt passed in 3 min 49 sec",
                "id": 1,
                "color": "36a64f"
            }
        ],
        "type": "message",
        "subtype": "bot_message",
        "ts": "1439250895.000036"
    },
    {
        "text": "",
        "bot_id": "B0506GF16",
        "attachments": [
            {
                "fallback": "Build <https:\/\/magnum.travis-ci.com\/dueyfinster\/blackteam\/builds\/14437766|#314> (<https:\/\/github.com\/dueyfinster\/blackteam\/compare\/0b63ea04d94d...59a3d4f52828|59a3d4f>) of dueyfinster\/blackteam@develop by GarryDavitt passed in 4 min 17 sec",
                "text": "Build <https:\/\/magnum.travis-ci.com\/dueyfinster\/blackteam\/builds\/14437766|#314> (<https:\/\/github.com\/dueyfinster\/blackteam\/compare\/0b63ea04d94d...59a3d4f52828|59a3d4f>) of dueyfinster\/blackteam@develop by GarryDavitt passed in 4 min 17 sec",
                "id": 1,
                "color": "36a64f"
            }
        ],
        "type": "message",
        "subtype": "bot_message",
        "ts": "1439251160.000037"
    },
    {
        "text": "",
        "bot_id": "B052T590M",
        "attachments": [
            {
                "fallback": "[blackteam:develop] <https:\/\/github.com\/dueyfinster\/blackteam\/commit\/ed28f14b6996a0613d185559772a3defdf861d03|1 new commit> by GarryDavitt",
                "text": "<https:\/\/github.com\/dueyfinster\/blackteam\/commit\/ed28f14b6996a0613d185559772a3defdf861d03|ed28f14>: fix for hiding large blank images and readonly div - both need testing and may need tweaking - GarryDavitt",
                "pretext": "[blackteam:develop] 1 new commit by GarryDavitt:",
                "id": 1,
                "color": "4183C4",
                "mrkdwn_in": [
                    "text",
                    "pretext"
                ]
            }
        ],
        "type": "message",
        "subtype": "bot_message",
        "ts": "1439263323.000038"
    },
    {
        "text": "",
        "bot_id": "B056P06D5",
        "attachments": [
            {
                "fallback": "Success:  GarryDavitt's build (<https:\/\/circleci.com\/gh\/dueyfinster\/blackteam\/392|#392>; push in <https:\/\/circleci.com\/gh\/dueyfinster\/blackteam|dueyfinster\/blackteam> (<https:\/\/circleci.com\/gh\/dueyfinster\/blackteam\/tree\/develop|develop>)\n - fix for hiding large blank images and readonly div - both need testing and may n (<https:\/\/github.com\/dueyfinster\/blackteam\/commit\/ed28f14b6996a0613d185559772a3defdf861d03|ed28f14> by GarryDavitt)\n",
                "text": "Success:  GarryDavitt's build (<https:\/\/circleci.com\/gh\/dueyfinster\/blackteam\/392|#392>; push in <https:\/\/circleci.com\/gh\/dueyfinster\/blackteam|dueyfinster\/blackteam> (<https:\/\/circleci.com\/gh\/dueyfinster\/blackteam\/tree\/develop|develop>)\n - fix for hiding large blank images and readonly div - both need testing and may n (<https:\/\/github.com\/dueyfinster\/blackteam\/commit\/ed28f14b6996a0613d185559772a3defdf861d03|ed28f14> by GarryDavitt)\n",
                "id": 1,
                "color": "41aa58"
            }
        ],
        "type": "message",
        "subtype": "bot_message",
        "ts": "1439263386.000039"
    },
    {
        "text": "",
        "bot_id": "B0506GF16",
        "attachments": [
            {
                "fallback": "Build <https:\/\/magnum.travis-ci.com\/dueyfinster\/blackteam\/builds\/14441280|#315> (<https:\/\/github.com\/dueyfinster\/blackteam\/compare\/59a3d4f52828...ed28f14b6996|ed28f14>) of dueyfinster\/blackteam@develop by GarryDavitt passed in 3 min 46 sec",
                "text": "Build <https:\/\/magnum.travis-ci.com\/dueyfinster\/blackteam\/builds\/14441280|#315> (<https:\/\/github.com\/dueyfinster\/blackteam\/compare\/59a3d4f52828...ed28f14b6996|ed28f14>) of dueyfinster\/blackteam@develop by GarryDavitt passed in 3 min 46 sec",
                "id": 1,
                "color": "36a64f"
            }
        ],
        "type": "message",
        "subtype": "bot_message",
        "ts": "1439263555.000040"
    }
]