[
    {
        "text": "",
        "bot_id": "B052T590M",
        "attachments": [
            {
                "fallback": "[blackteam:develop] <https:\/\/github.com\/dueyfinster\/blackteam\/commit\/ac63401|1 new commit> by OLarry",
                "text": "<https:\/\/github.com\/dueyfinster\/blackteam\/commit\/ac63401|ac63401>: Add check to avoid multiple twitter entries from same person - OLarry",
                "pretext": "[blackteam:develop] 1 new commit by OLarry:",
                "id": 1,
                "color": "4183C4",
                "mrkdwn_in": [
                    "text",
                    "pretext"
                ]
            }
        ],
        "type": "message",
        "subtype": "bot_message",
        "ts": "1435923143.000123"
    },
    {
        "text": "",
        "bot_id": "B056P06D5",
        "attachments": [
            {
                "fallback": "Success:  OLarry's build (<https:\/\/circleci.com\/gh\/dueyfinster\/blackteam\/204|#204>; push in <https:\/\/circleci.com\/gh\/dueyfinster\/blackteam|dueyfinster\/blackteam> (<https:\/\/circleci.com\/gh\/dueyfinster\/blackteam\/tree\/develop|develop>)\n - Add check to avoid multiple twitter entries from same person (<https:\/\/github.com\/dueyfinster\/blackteam\/commit\/ac63401670995625223c4b33581209860fb6c447|ac63401> by OLarry)\n",
                "text": "Success:  OLarry's build (<https:\/\/circleci.com\/gh\/dueyfinster\/blackteam\/204|#204>; push in <https:\/\/circleci.com\/gh\/dueyfinster\/blackteam|dueyfinster\/blackteam> (<https:\/\/circleci.com\/gh\/dueyfinster\/blackteam\/tree\/develop|develop>)\n - Add check to avoid multiple twitter entries from same person (<https:\/\/github.com\/dueyfinster\/blackteam\/commit\/ac63401670995625223c4b33581209860fb6c447|ac63401> by OLarry)\n",
                "id": 1,
                "color": "41aa58"
            }
        ],
        "type": "message",
        "subtype": "bot_message",
        "ts": "1435923300.000124"
    },
    {
        "text": "",
        "bot_id": "B052T590M",
        "attachments": [
            {
                "fallback": "[blackteam] New tag <https:\/\/github.com\/dueyfinster\/blackteam\/commit\/e23beb9cfc3a|v0.1-232-ac63401> was pushed by OLarry",
                "text": "[blackteam] New tag <https:\/\/github.com\/dueyfinster\/blackteam\/commit\/e23beb9cfc3a|v0.1-232-ac63401> was pushed by OLarry",
                "id": 1,
                "color": "4183C4",
                "mrkdwn_in": [
                    "text",
                    "pretext"
                ]
            }
        ],
        "type": "message",
        "subtype": "bot_message",
        "ts": "1435925169.000125"
    },
    {
        "text": "",
        "bot_id": "B052T590M",
        "attachments": [
            {
                "fallback": "[blackteam:develop] <https:\/\/github.com\/dueyfinster\/blackteam\/commit\/e23beb9|1 new commit> by OLarry",
                "text": "<https:\/\/github.com\/dueyfinster\/blackteam\/commit\/e23beb9|e23beb9>: Bumped version number to 0.1-232-ac63401 - OLarry",
                "pretext": "[blackteam:develop] 1 new commit by OLarry:",
                "id": 1,
                "color": "4183C4",
                "mrkdwn_in": [
                    "text",
                    "pretext"
                ]
            }
        ],
        "type": "message",
        "subtype": "bot_message",
        "ts": "1435925182.000126"
    },
    {
        "text": "",
        "bot_id": "B052T590M",
        "attachments": [
            {
                "fallback": "[blackteam] <https:\/\/github.com\/dueyfinster\/blackteam\/tree\/release%2F0.1-232-ac63401|release\/0.1-232-ac63401> was branched from \"develop\" and pushed by OLarry",
                "text": "[blackteam] <https:\/\/github.com\/dueyfinster\/blackteam\/tree\/release%2F0.1-232-ac63401|release\/0.1-232-ac63401> was branched from \"develop\" and pushed by OLarry",
                "id": 1,
                "color": "4183C4",
                "mrkdwn_in": [
                    "text",
                    "pretext"
                ]
            }
        ],
        "type": "message",
        "subtype": "bot_message",
        "ts": "1435925183.000127"
    },
    {
        "text": "",
        "bot_id": "B052T590M",
        "attachments": [
            {
                "fallback": "[blackteam:master] <https:\/\/github.com\/dueyfinster\/blackteam\/compare\/12d72d83063b...3dca8226250f|36 new commits> by Neil Grogan and 4 others",
                "text": "<https:\/\/github.com\/dueyfinster\/blackteam\/commit\/15d1898|15d1898>: Merge tag '0.1-192-6fc5da1' into develop - Neil Grogan\n <https:\/\/github.com\/dueyfinster\/blackteam\/commit\/d0acd34|d0acd34>: Process RSS Feed - not final version - iberdnikov\n <https:\/\/github.com\/dueyfinster\/blackteam\/commit\/889667c|889667c>: Process RSS Feed - not final version - iberdnikov\n <https:\/\/github.com\/dueyfinster\/blackteam\/commit\/358ea38|358ea38>: Merge branch 'feature\/process_rss_feeds' into develop - iberdnikov\n <https:\/\/github.com\/dueyfinster\/blackteam\/commit\/4f2eb86|4f2eb86>: Ignored selenium 10 items test - Neil Grogan\n <https:\/\/github.com\/dueyfinster\/blackteam\/commit\/54c3fec|54c3fec>: Process RSS Feed- the code updated - iberdnikov\n <https:\/\/github.com\/dueyfinster\/blackteam\/commit\/ba9878c|ba9878c>: Resolve merge conflicts - keyword extract - OLarry\n <https:\/\/github.com\/dueyfinster\/blackteam\/commit\/b809b98|b809b98>: Fix conflicts - OLarry\n <https:\/\/github.com\/dueyfinster\/blackteam\/commit\/5c5c66e|5c5c66e>: Added admin interface for Article and ArticleBuffer - Neil Grogan\n <https:\/\/github.com\/dueyfinster\/blackteam\/commit\/c2a3ee6|c2a3ee6>: changes for adding NLP files - OLarry\n <https:\/\/github.com\/dueyfinster\/blackteam\/commit\/280acf5|280acf5>: Resolve merge conflicts - keyword extract - OLarry\n <https:\/\/github.com\/dueyfinster\/blackteam\/commit\/58af05e|58af05e>: Fix conflicts - OLarry\n <https:\/\/github.com\/dueyfinster\/blackteam\/commit\/75a4cc1|75a4cc1>: changes for adding NLP files - OLarry\n <https:\/\/github.com\/dueyfinster\/blackteam\/commit\/ee2a07c|ee2a07c>: Merge branch 'feature\/keyword-extract-store' of <https:\/\/github.com\/dueyfinster\/blackteam> into feature\/keyword-extract-store - OLarry\n <https:\/\/github.com\/dueyfinster\/blackteam\/commit\/6729fb3|6729fb3>: Basic changes for NLP - OLarry\n <https:\/\/github.com\/dueyfinster\/blackteam\/commit\/01fea71|01fea71>: kk test - Kevin Kennedy\n <https:\/\/github.com\/dueyfinster\/blackteam\/commit\/8e9c97c|8e9c97c>: Add new container for celery scheduler. This means we can have one scheduler but many workers. The task to parse RSS feeds and insert into DB is run every minute - OLarry\n <https:\/\/github.com\/dueyfinster\/blackteam\/commit\/362eeb9|362eeb9>: add user preferences to model - Kevin Kennedy\n <https:\/\/github.com\/dueyfinster\/blackteam\/commit\/48fe56c|48fe56c>: kk2 test - Kevin Kennedy\n <https:\/\/github.com\/dueyfinster\/blackteam\/commit\/e97fb74|e97fb74>: ui changes - GarryDavitt\n <https:\/\/github.com\/dueyfinster\/blackteam\/commit\/bc3888f|bc3888f>: icon set and icon to navbar - GarryDavitt\n <https:\/\/github.com\/dueyfinster\/blackteam\/commit\/af17c4a|af17c4a>: clean up action - GarryDavitt\n <https:\/\/github.com\/dueyfinster\/blackteam\/commit\/5799e95|5799e95>: ui changes - GarryDavitt\n <https:\/\/github.com\/dueyfinster\/blackteam\/commit\/908943b|908943b>: feedback email - GarryDavitt\n <https:\/\/github.com\/dueyfinster\/blackteam\/commit\/ad808c9|ad808c9>: Started to use Ubuntu for image, on the road to selenium in docker - Neil Grogan\n <https:\/\/github.com\/dueyfinster\/blackteam\/commit\/f1e938f|f1e938f>: Got selenium working in web docker container - Neil Grogan\n <https:\/\/github.com\/dueyfinster\/blackteam\/commit\/c43d56d|c43d56d>: Added a list of topics - Neil Grogan\n <https:\/\/github.com\/dueyfinster\/blackteam\/commit\/0f762f3|0f762f3>: Renamed importfeeds to importcsv, added to run-docker script - Neil Grogan\n <https:\/\/github.com\/dueyfinster\/blackteam\/commit\/14bfb74|14bfb74>: Added model for Topic - Neil Grogan\n <https:\/\/github.com\/dueyfinster\/blackteam\/commit\/d272c44|d272c44>: Started method to import topics - Neil Grogan\n <https:\/\/github.com\/dueyfinster\/blackteam\/commit\/8802039|8802039>: Docker now uses image for web\/worker, as fast as before! - Neil Grogan\n <https:\/\/github.com\/dueyfinster\/blackteam\/commit\/1fd0641|1fd0641>: Finished putting topics in the database - Neil Grogan\n <https:\/\/github.com\/dueyfinster\/blackteam\/commit\/ec48d8b|ec48d8b>: Showing topics at &lt;docker ip&gt;\/topics - Neil Grogan\n <https:\/\/github.com\/dueyfinster\/blackteam\/commit\/ac63401|ac63401>: Add check to avoid multiple twitter entries from same person - OLarry\n <https:\/\/github.com\/dueyfinster\/blackteam\/commit\/e23beb9|e23beb9>: Bumped version number to 0.1-232-ac63401 - OLarry\n <https:\/\/github.com\/dueyfinster\/blackteam\/commit\/3dca822|3dca822>: Merge branch 'release\/0.1-232-ac63401' - OLarry",
                "pretext": "[blackteam:master] <https:\/\/github.com\/dueyfinster\/blackteam\/compare\/12d72d83063b...3dca8226250f|36 new commits> by Neil Grogan and 4 others:",
                "id": 1,
                "color": "4183C4",
                "mrkdwn_in": [
                    "text",
                    "pretext"
                ]
            }
        ],
        "type": "message",
        "subtype": "bot_message",
        "ts": "1435925184.000128"
    },
    {
        "text": "",
        "bot_id": "B056P06D5",
        "attachments": [
            {
                "fallback": "Success:  OLarry's build (<https:\/\/circleci.com\/gh\/dueyfinster\/blackteam\/205|#205>; push in <https:\/\/circleci.com\/gh\/dueyfinster\/blackteam|dueyfinster\/blackteam> (<https:\/\/circleci.com\/gh\/dueyfinster\/blackteam\/tree\/develop|develop>)\n - Bumped version number to 0.1-232-ac63401 (<https:\/\/github.com\/dueyfinster\/blackteam\/commit\/e23beb9cfc3a7b75b475ce27d475da2291dd09fe|e23beb9> by OLarry)\n",
                "text": "Success:  OLarry's build (<https:\/\/circleci.com\/gh\/dueyfinster\/blackteam\/205|#205>; push in <https:\/\/circleci.com\/gh\/dueyfinster\/blackteam|dueyfinster\/blackteam> (<https:\/\/circleci.com\/gh\/dueyfinster\/blackteam\/tree\/develop|develop>)\n - Bumped version number to 0.1-232-ac63401 (<https:\/\/github.com\/dueyfinster\/blackteam\/commit\/e23beb9cfc3a7b75b475ce27d475da2291dd09fe|e23beb9> by OLarry)\n",
                "id": 1,
                "color": "41aa58"
            }
        ],
        "type": "message",
        "subtype": "bot_message",
        "ts": "1435925513.000129"
    },
    {
        "text": "",
        "bot_id": "B056P06D5",
        "attachments": [
            {
                "fallback": "Success:  OLarry's build (<https:\/\/circleci.com\/gh\/dueyfinster\/blackteam\/206|#206>; push in <https:\/\/circleci.com\/gh\/dueyfinster\/blackteam|dueyfinster\/blackteam> (<https:\/\/circleci.com\/gh\/dueyfinster\/blackteam\/tree\/release%2F0.1-232-ac63401|release\/0.1-232-ac63401>)\n -  (<https:\/\/github.com\/dueyfinster\/blackteam\/commit\/e23beb9cfc3a7b75b475ce27d475da2291dd09fe|e23beb9> by )\n",
                "text": "Success:  OLarry's build (<https:\/\/circleci.com\/gh\/dueyfinster\/blackteam\/206|#206>; push in <https:\/\/circleci.com\/gh\/dueyfinster\/blackteam|dueyfinster\/blackteam> (<https:\/\/circleci.com\/gh\/dueyfinster\/blackteam\/tree\/release%2F0.1-232-ac63401|release\/0.1-232-ac63401>)\n -  (<https:\/\/github.com\/dueyfinster\/blackteam\/commit\/e23beb9cfc3a7b75b475ce27d475da2291dd09fe|e23beb9> by )\n",
                "id": 1,
                "color": "41aa58"
            }
        ],
        "type": "message",
        "subtype": "bot_message",
        "ts": "1435925686.000130"
    },
    {
        "text": "",
        "bot_id": "B056P06D5",
        "attachments": [
            {
                "fallback": "Success:  OLarry's build (<https:\/\/circleci.com\/gh\/dueyfinster\/blackteam\/207|#207>; push in <https:\/\/circleci.com\/gh\/dueyfinster\/blackteam|dueyfinster\/blackteam> (<https:\/\/circleci.com\/gh\/dueyfinster\/blackteam\/tree\/master|master>)\n - Merge branch 'release\/0.1-232-ac63401' (<https:\/\/github.com\/dueyfinster\/blackteam\/commit\/3dca8226250fa955e3e38d024be0ae6ede08ce45|3dca822> by OLarry) and <https:\/\/github.com\/dueyfinster\/blackteam\/compare\/12d72d83063b...3dca8226250f|35 more>\n",
                "text": "Success:  OLarry's build (<https:\/\/circleci.com\/gh\/dueyfinster\/blackteam\/207|#207>; push in <https:\/\/circleci.com\/gh\/dueyfinster\/blackteam|dueyfinster\/blackteam> (<https:\/\/circleci.com\/gh\/dueyfinster\/blackteam\/tree\/master|master>)\n - Merge branch 'release\/0.1-232-ac63401' (<https:\/\/github.com\/dueyfinster\/blackteam\/commit\/3dca8226250fa955e3e38d024be0ae6ede08ce45|3dca822> by OLarry) and <https:\/\/github.com\/dueyfinster\/blackteam\/compare\/12d72d83063b...3dca8226250f|35 more>\n",
                "id": 1,
                "color": "41aa58"
            }
        ],
        "type": "message",
        "subtype": "bot_message",
        "ts": "1435926506.000131"
    },
    {
        "text": "",
        "bot_id": "B052T590M",
        "attachments": [
            {
                "fallback": "[blackteam:master] <https:\/\/github.com\/dueyfinster\/blackteam\/commit\/1d34c65|1 new commit> by iberdnikov",
                "text": "<https:\/\/github.com\/dueyfinster\/blackteam\/commit\/1d34c65|1d34c65>: Process rss feeds, the code amended - iberdnikov",
                "pretext": "[blackteam:master] 1 new commit by iberdnikov:",
                "id": 1,
                "color": "4183C4",
                "mrkdwn_in": [
                    "text",
                    "pretext"
                ]
            }
        ],
        "type": "message",
        "subtype": "bot_message",
        "ts": "1435969484.000132"
    },
    {
        "text": "",
        "bot_id": "B056P06D5",
        "attachments": [
            {
                "fallback": "Success:  iberdnikov's build (<https:\/\/circleci.com\/gh\/dueyfinster\/blackteam\/208|#208>; push in <https:\/\/circleci.com\/gh\/dueyfinster\/blackteam|dueyfinster\/blackteam> (<https:\/\/circleci.com\/gh\/dueyfinster\/blackteam\/tree\/master|master>)\n - Process rss feeds, the code amended (<https:\/\/github.com\/dueyfinster\/blackteam\/commit\/1d34c6562c5790f7c4a25a4891fdc2cb890ab68e|1d34c65> by iberdnikov)\n",
                "text": "Success:  iberdnikov's build (<https:\/\/circleci.com\/gh\/dueyfinster\/blackteam\/208|#208>; push in <https:\/\/circleci.com\/gh\/dueyfinster\/blackteam|dueyfinster\/blackteam> (<https:\/\/circleci.com\/gh\/dueyfinster\/blackteam\/tree\/master|master>)\n - Process rss feeds, the code amended (<https:\/\/github.com\/dueyfinster\/blackteam\/commit\/1d34c6562c5790f7c4a25a4891fdc2cb890ab68e|1d34c65> by iberdnikov)\n",
                "id": 1,
                "color": "41aa58"
            }
        ],
        "type": "message",
        "subtype": "bot_message",
        "ts": "1435969714.000133"
    },
    {
        "text": "",
        "bot_id": "B052T590M",
        "attachments": [
            {
                "fallback": "[blackteam:develop] <https:\/\/github.com\/dueyfinster\/blackteam\/compare\/e23beb9cfc3a...1d34c6562c57|8 new commits> by GarryDavitt and 2 others",
                "text": "<https:\/\/github.com\/dueyfinster\/blackteam\/commit\/0b85651|0b85651>: adding cleanup action - GarryDavitt\n <https:\/\/github.com\/dueyfinster\/blackteam\/commit\/1607edd|1607edd>: changes to homepage - GarryDavitt\n <https:\/\/github.com\/dueyfinster\/blackteam\/commit\/fc57e63|fc57e63>: fix show more - GarryDavitt\n <https:\/\/github.com\/dueyfinster\/blackteam\/commit\/0fdc762|0fdc762>: fix show more - GarryDavitt\n <https:\/\/github.com\/dueyfinster\/blackteam\/commit\/83722ea|83722ea>: icon set and icon in nav bar - GarryDavitt\n <https:\/\/github.com\/dueyfinster\/blackteam\/commit\/12d72d8|12d72d8>: feedback email - GarryDavitt\n <https:\/\/github.com\/dueyfinster\/blackteam\/commit\/3dca822|3dca822>: Merge branch 'release\/0.1-232-ac63401' - OLarry\n <https:\/\/github.com\/dueyfinster\/blackteam\/commit\/1d34c65|1d34c65>: Process rss feeds, the code amended - iberdnikov",
                "pretext": "[blackteam:develop] <https:\/\/github.com\/dueyfinster\/blackteam\/compare\/e23beb9cfc3a...1d34c6562c57|8 new commits> by GarryDavitt and 2 others:",
                "id": 1,
                "color": "4183C4",
                "mrkdwn_in": [
                    "text",
                    "pretext"
                ]
            }
        ],
        "type": "message",
        "subtype": "bot_message",
        "ts": "1435970474.000134"
    },
    {
        "text": "",
        "bot_id": "B056P06D5",
        "attachments": [
            {
                "fallback": "Success:  iberdnikov's build (<https:\/\/circleci.com\/gh\/dueyfinster\/blackteam\/209|#209>; push in <https:\/\/circleci.com\/gh\/dueyfinster\/blackteam|dueyfinster\/blackteam> (<https:\/\/circleci.com\/gh\/dueyfinster\/blackteam\/tree\/develop|develop>)\n - Process rss feeds, the code amended (<https:\/\/github.com\/dueyfinster\/blackteam\/commit\/1d34c6562c5790f7c4a25a4891fdc2cb890ab68e|1d34c65> by iberdnikov) and <https:\/\/github.com\/dueyfinster\/blackteam\/compare\/e23beb9cfc3a...1d34c6562c57|7 more>\n",
                "text": "Success:  iberdnikov's build (<https:\/\/circleci.com\/gh\/dueyfinster\/blackteam\/209|#209>; push in <https:\/\/circleci.com\/gh\/dueyfinster\/blackteam|dueyfinster\/blackteam> (<https:\/\/circleci.com\/gh\/dueyfinster\/blackteam\/tree\/develop|develop>)\n - Process rss feeds, the code amended (<https:\/\/github.com\/dueyfinster\/blackteam\/commit\/1d34c6562c5790f7c4a25a4891fdc2cb890ab68e|1d34c65> by iberdnikov) and <https:\/\/github.com\/dueyfinster\/blackteam\/compare\/e23beb9cfc3a...1d34c6562c57|7 more>\n",
                "id": 1,
                "color": "41aa58"
            }
        ],
        "type": "message",
        "subtype": "bot_message",
        "ts": "1435970659.000135"
    }
]