[
    {
        "text": "",
        "bot_id": "B052T590M",
        "attachments": [
            {
                "fallback": "[blackteam:develop] <https:\/\/github.com\/dueyfinster\/blackteam\/commit\/5ab221a|1 new commit> by OLarry",
                "text": "<https:\/\/github.com\/dueyfinster\/blackteam\/commit\/5ab221a|5ab221a>: Fix to show articles for user logged in but nothing selected. Wrap training set check in try\/except. Fix issue with UserTopic Admin gui. Make keys lowercase - OLarry",
                "pretext": "[blackteam:develop] 1 new commit by OLarry:",
                "id": 1,
                "color": "4183C4",
                "mrkdwn_in": [
                    "text",
                    "pretext"
                ]
            }
        ],
        "type": "message",
        "subtype": "bot_message",
        "ts": "1437143989.000322"
    },
    {
        "text": "",
        "bot_id": "B056P06D5",
        "attachments": [
            {
                "fallback": "Success:  OLarry's build (<https:\/\/circleci.com\/gh\/dueyfinster\/blackteam\/281|#281>; push in <https:\/\/circleci.com\/gh\/dueyfinster\/blackteam|dueyfinster\/blackteam> (<https:\/\/circleci.com\/gh\/dueyfinster\/blackteam\/tree\/develop|develop>)\n - Fix to show articles for user logged in but nothing selected. Wrap training set  (<https:\/\/github.com\/dueyfinster\/blackteam\/commit\/5ab221aa1a067ef26870067888ee3998031e357d|5ab221a> by OLarry)\n",
                "text": "Success:  OLarry's build (<https:\/\/circleci.com\/gh\/dueyfinster\/blackteam\/281|#281>; push in <https:\/\/circleci.com\/gh\/dueyfinster\/blackteam|dueyfinster\/blackteam> (<https:\/\/circleci.com\/gh\/dueyfinster\/blackteam\/tree\/develop|develop>)\n - Fix to show articles for user logged in but nothing selected. Wrap training set  (<https:\/\/github.com\/dueyfinster\/blackteam\/commit\/5ab221aa1a067ef26870067888ee3998031e357d|5ab221a> by OLarry)\n",
                "id": 1,
                "color": "41aa58"
            }
        ],
        "type": "message",
        "subtype": "bot_message",
        "ts": "1437144066.000323"
    },
    {
        "text": "",
        "bot_id": "B0506GF16",
        "attachments": [
            {
                "fallback": "Build <https:\/\/magnum.travis-ci.com\/dueyfinster\/blackteam\/builds\/13733793|#204> (<https:\/\/github.com\/dueyfinster\/blackteam\/compare\/4a33012a882a...5ab221aa1a06|5ab221a>) of dueyfinster\/blackteam@develop by OLarry passed in 4 min 21 sec",
                "text": "Build <https:\/\/magnum.travis-ci.com\/dueyfinster\/blackteam\/builds\/13733793|#204> (<https:\/\/github.com\/dueyfinster\/blackteam\/compare\/4a33012a882a...5ab221aa1a06|5ab221a>) of dueyfinster\/blackteam@develop by OLarry passed in 4 min 21 sec",
                "id": 1,
                "color": "36a64f"
            }
        ],
        "type": "message",
        "subtype": "bot_message",
        "ts": "1437144346.000324"
    }
]