[
    {
        "text": "",
        "bot_id": "B052T590M",
        "attachments": [
            {
                "fallback": "[blackteam:develop] <https:\/\/github.com\/dueyfinster\/blackteam\/commit\/5c5c66e|1 new commit> by Neil Grogan",
                "text": "<https:\/\/github.com\/dueyfinster\/blackteam\/commit\/5c5c66e|5c5c66e>: Added admin interface for Article and ArticleBuffer - Neil Grogan",
                "pretext": "[blackteam:develop] 1 new commit by Neil Grogan:",
                "id": 1,
                "color": "4183C4",
                "mrkdwn_in": [
                    "text",
                    "pretext"
                ]
            }
        ],
        "type": "message",
        "subtype": "bot_message",
        "ts": "1435429425.000069"
    },
    {
        "text": "",
        "bot_id": "B056P06D5",
        "attachments": [
            {
                "fallback": "Success:  dueyfinster's build (<https:\/\/circleci.com\/gh\/dueyfinster\/blackteam\/177|#177>; push in <https:\/\/circleci.com\/gh\/dueyfinster\/blackteam|dueyfinster\/blackteam> (<https:\/\/circleci.com\/gh\/dueyfinster\/blackteam\/tree\/develop|develop>)\n - Added admin interface for Article and ArticleBuffer (<https:\/\/github.com\/dueyfinster\/blackteam\/commit\/5c5c66e4e4d16781197d47d6b7a7c4058d700b07|5c5c66e> by dueyfinster)\n",
                "text": "Success:  dueyfinster's build (<https:\/\/circleci.com\/gh\/dueyfinster\/blackteam\/177|#177>; push in <https:\/\/circleci.com\/gh\/dueyfinster\/blackteam|dueyfinster\/blackteam> (<https:\/\/circleci.com\/gh\/dueyfinster\/blackteam\/tree\/develop|develop>)\n - Added admin interface for Article and ArticleBuffer (<https:\/\/github.com\/dueyfinster\/blackteam\/commit\/5c5c66e4e4d16781197d47d6b7a7c4058d700b07|5c5c66e> by dueyfinster)\n",
                "id": 1,
                "color": "41aa58"
            }
        ],
        "type": "message",
        "subtype": "bot_message",
        "ts": "1435429544.000070"
    },
    {
        "text": "",
        "bot_id": "B052T590M",
        "attachments": [
            {
                "fallback": "[blackteam] New branch \"<https:\/\/github.com\/dueyfinster\/blackteam\/tree\/feature%2Fkeyword-extract-store|feature\/keyword-extract-store>\" was pushed by OLarry",
                "text": "[blackteam] New branch \"<https:\/\/github.com\/dueyfinster\/blackteam\/tree\/feature%2Fkeyword-extract-store|feature\/keyword-extract-store>\" was pushed by OLarry",
                "id": 1,
                "color": "4183C4",
                "mrkdwn_in": [
                    "text",
                    "pretext"
                ]
            }
        ],
        "type": "message",
        "subtype": "bot_message",
        "ts": "1435449777.000071"
    },
    {
        "text": "",
        "bot_id": "B056P06D5",
        "attachments": [
            {
                "fallback": "Success:  OLarry's build (<https:\/\/circleci.com\/gh\/dueyfinster\/blackteam\/178|#178>; push in <https:\/\/circleci.com\/gh\/dueyfinster\/blackteam|dueyfinster\/blackteam> (<https:\/\/circleci.com\/gh\/dueyfinster\/blackteam\/tree\/feature%2Fkeyword-extract-store|feature\/keyword-extract-store>)\n - changes for adding NLP files (<https:\/\/github.com\/dueyfinster\/blackteam\/commit\/c2a3ee6373ef0dfa44da048f9a3691f4cfda222b|c2a3ee6> by OLarry) and <https:\/\/github.com\/dueyfinster\/blackteam\/compare\/ba9878cdc689^...c2a3ee6373ef|2 more>\n",
                "text": "Success:  OLarry's build (<https:\/\/circleci.com\/gh\/dueyfinster\/blackteam\/178|#178>; push in <https:\/\/circleci.com\/gh\/dueyfinster\/blackteam|dueyfinster\/blackteam> (<https:\/\/circleci.com\/gh\/dueyfinster\/blackteam\/tree\/feature%2Fkeyword-extract-store|feature\/keyword-extract-store>)\n - changes for adding NLP files (<https:\/\/github.com\/dueyfinster\/blackteam\/commit\/c2a3ee6373ef0dfa44da048f9a3691f4cfda222b|c2a3ee6> by OLarry) and <https:\/\/github.com\/dueyfinster\/blackteam\/compare\/ba9878cdc689^...c2a3ee6373ef|2 more>\n",
                "id": 1,
                "color": "41aa58"
            }
        ],
        "type": "message",
        "subtype": "bot_message",
        "ts": "1435449955.000072"
    },
    {
        "text": "",
        "bot_id": "B052T590M",
        "attachments": [
            {
                "fallback": "[blackteam:feature\/keyword-extract-store] <https:\/\/github.com\/dueyfinster\/blackteam\/compare\/c2a3ee6373ef...ee2a07cc9648|5 new commits> by Neil Grogan and 1 others",
                "text": "<https:\/\/github.com\/dueyfinster\/blackteam\/commit\/5c5c66e|5c5c66e>: Added admin interface for Article and ArticleBuffer - Neil Grogan\n <https:\/\/github.com\/dueyfinster\/blackteam\/commit\/280acf5|280acf5>: Resolve merge conflicts - keyword extract - OLarry\n <https:\/\/github.com\/dueyfinster\/blackteam\/commit\/58af05e|58af05e>: Fix conflicts - OLarry\n <https:\/\/github.com\/dueyfinster\/blackteam\/commit\/75a4cc1|75a4cc1>: changes for adding NLP files - OLarry\n <https:\/\/github.com\/dueyfinster\/blackteam\/commit\/ee2a07c|ee2a07c>: Merge branch 'feature\/keyword-extract-store' of <https:\/\/github.com\/dueyfinster\/blackteam> into feature\/keyword-extract-store - OLarry",
                "pretext": "[blackteam:feature\/keyword-extract-store] <https:\/\/github.com\/dueyfinster\/blackteam\/compare\/c2a3ee6373ef...ee2a07cc9648|5 new commits> by Neil Grogan and 1 others:",
                "id": 1,
                "color": "4183C4",
                "mrkdwn_in": [
                    "text",
                    "pretext"
                ]
            }
        ],
        "type": "message",
        "subtype": "bot_message",
        "ts": "1435450327.000073"
    },
    {
        "text": "",
        "bot_id": "B052T590M",
        "attachments": [
            {
                "fallback": "[blackteam:develop] <https:\/\/github.com\/dueyfinster\/blackteam\/compare\/5c5c66e4e4d1...6729fb361a6c|8 new commits> by OLarry",
                "text": "<https:\/\/github.com\/dueyfinster\/blackteam\/commit\/ba9878c|ba9878c>: Resolve merge conflicts - keyword extract - OLarry\n <https:\/\/github.com\/dueyfinster\/blackteam\/commit\/b809b98|b809b98>: Fix conflicts - OLarry\n <https:\/\/github.com\/dueyfinster\/blackteam\/commit\/c2a3ee6|c2a3ee6>: changes for adding NLP files - OLarry\n <https:\/\/github.com\/dueyfinster\/blackteam\/commit\/280acf5|280acf5>: Resolve merge conflicts - keyword extract - OLarry\n <https:\/\/github.com\/dueyfinster\/blackteam\/commit\/58af05e|58af05e>: Fix conflicts - OLarry\n <https:\/\/github.com\/dueyfinster\/blackteam\/commit\/75a4cc1|75a4cc1>: changes for adding NLP files - OLarry\n <https:\/\/github.com\/dueyfinster\/blackteam\/commit\/ee2a07c|ee2a07c>: Merge branch 'feature\/keyword-extract-store' of <https:\/\/github.com\/dueyfinster\/blackteam> into feature\/keyword-extract-store - OLarry\n <https:\/\/github.com\/dueyfinster\/blackteam\/commit\/6729fb3|6729fb3>: Basic changes for NLP - OLarry",
                "pretext": "[blackteam:develop] <https:\/\/github.com\/dueyfinster\/blackteam\/compare\/5c5c66e4e4d1...6729fb361a6c|8 new commits> by OLarry:",
                "id": 1,
                "color": "4183C4",
                "mrkdwn_in": [
                    "text",
                    "pretext"
                ]
            }
        ],
        "type": "message",
        "subtype": "bot_message",
        "ts": "1435450397.000074"
    },
    {
        "text": "",
        "bot_id": "B056P06D5",
        "attachments": [
            {
                "fallback": "Success:  OLarry's build (<https:\/\/circleci.com\/gh\/dueyfinster\/blackteam\/179|#179>; push in <https:\/\/circleci.com\/gh\/dueyfinster\/blackteam|dueyfinster\/blackteam> (<https:\/\/circleci.com\/gh\/dueyfinster\/blackteam\/tree\/feature%2Fkeyword-extract-store|feature\/keyword-extract-store>)\n - Merge branch 'feature\/keyword-extract-store' of <https:\/\/github.com\/dueyfinster\/b> (<https:\/\/github.com\/dueyfinster\/blackteam\/commit\/ee2a07cc9648cf19a3fade87ec7637785d05b39f|ee2a07c> by OLarry) and <https:\/\/github.com\/dueyfinster\/blackteam\/compare\/c2a3ee6373ef...ee2a07cc9648|4 more>\n",
                "text": "Success:  OLarry's build (<https:\/\/circleci.com\/gh\/dueyfinster\/blackteam\/179|#179>; push in <https:\/\/circleci.com\/gh\/dueyfinster\/blackteam|dueyfinster\/blackteam> (<https:\/\/circleci.com\/gh\/dueyfinster\/blackteam\/tree\/feature%2Fkeyword-extract-store|feature\/keyword-extract-store>)\n - Merge branch 'feature\/keyword-extract-store' of <https:\/\/github.com\/dueyfinster\/b> (<https:\/\/github.com\/dueyfinster\/blackteam\/commit\/ee2a07cc9648cf19a3fade87ec7637785d05b39f|ee2a07c> by OLarry) and <https:\/\/github.com\/dueyfinster\/blackteam\/compare\/c2a3ee6373ef...ee2a07cc9648|4 more>\n",
                "id": 1,
                "color": "41aa58"
            }
        ],
        "type": "message",
        "subtype": "bot_message",
        "ts": "1435450409.000075"
    },
    {
        "text": "",
        "bot_id": "B056P06D5",
        "attachments": [
            {
                "fallback": "Success:  OLarry's build (<https:\/\/circleci.com\/gh\/dueyfinster\/blackteam\/180|#180>; push in <https:\/\/circleci.com\/gh\/dueyfinster\/blackteam|dueyfinster\/blackteam> (<https:\/\/circleci.com\/gh\/dueyfinster\/blackteam\/tree\/develop|develop>)\n - Basic changes for NLP (<https:\/\/github.com\/dueyfinster\/blackteam\/commit\/6729fb361a6c0897ea48fdf914d514e462f58748|6729fb3> by OLarry) and <https:\/\/github.com\/dueyfinster\/blackteam\/compare\/5c5c66e4e4d1...6729fb361a6c|7 more>\n",
                "text": "Success:  OLarry's build (<https:\/\/circleci.com\/gh\/dueyfinster\/blackteam\/180|#180>; push in <https:\/\/circleci.com\/gh\/dueyfinster\/blackteam|dueyfinster\/blackteam> (<https:\/\/circleci.com\/gh\/dueyfinster\/blackteam\/tree\/develop|develop>)\n - Basic changes for NLP (<https:\/\/github.com\/dueyfinster\/blackteam\/commit\/6729fb361a6c0897ea48fdf914d514e462f58748|6729fb3> by OLarry) and <https:\/\/github.com\/dueyfinster\/blackteam\/compare\/5c5c66e4e4d1...6729fb361a6c|7 more>\n",
                "id": 1,
                "color": "41aa58"
            }
        ],
        "type": "message",
        "subtype": "bot_message",
        "ts": "1435450635.000076"
    }
]