[
    {
        "text": "",
        "bot_id": "B052T590M",
        "attachments": [
            {
                "fallback": "[blackteam:develop] <https:\/\/github.com\/dueyfinster\/blackteam\/commit\/6f934d96950e94fd8a96e340c06941e64bc122ca|1 new commit> by GarryDavitt",
                "text": "<https:\/\/github.com\/dueyfinster\/blackteam\/commit\/6f934d96950e94fd8a96e340c06941e64bc122ca|6f934d9>: changes to columns layout - adding overlay -not finished - changes to ui pref adding cancel - GarryDavitt",
                "pretext": "[blackteam:develop] 1 new commit by GarryDavitt:",
                "id": 1,
                "color": "4183C4",
                "mrkdwn_in": [
                    "text",
                    "pretext"
                ]
            }
        ],
        "type": "message",
        "subtype": "bot_message",
        "ts": "1438242538.000093"
    },
    {
        "text": "",
        "bot_id": "B056P06D5",
        "attachments": [
            {
                "fallback": "Success:  GarryDavitt's build (<https:\/\/circleci.com\/gh\/dueyfinster\/blackteam\/313|#313>; push in <https:\/\/circleci.com\/gh\/dueyfinster\/blackteam|dueyfinster\/blackteam> (<https:\/\/circleci.com\/gh\/dueyfinster\/blackteam\/tree\/develop|develop>)\n - changes to columns layout - adding overlay -not finished - changes to ui pref ad (<https:\/\/github.com\/dueyfinster\/blackteam\/commit\/6f934d96950e94fd8a96e340c06941e64bc122ca|6f934d9> by GarryDavitt)\n",
                "text": "Success:  GarryDavitt's build (<https:\/\/circleci.com\/gh\/dueyfinster\/blackteam\/313|#313>; push in <https:\/\/circleci.com\/gh\/dueyfinster\/blackteam|dueyfinster\/blackteam> (<https:\/\/circleci.com\/gh\/dueyfinster\/blackteam\/tree\/develop|develop>)\n - changes to columns layout - adding overlay -not finished - changes to ui pref ad (<https:\/\/github.com\/dueyfinster\/blackteam\/commit\/6f934d96950e94fd8a96e340c06941e64bc122ca|6f934d9> by GarryDavitt)\n",
                "id": 1,
                "color": "41aa58"
            }
        ],
        "type": "message",
        "subtype": "bot_message",
        "ts": "1438242618.000094"
    },
    {
        "text": "",
        "bot_id": "B0506GF16",
        "attachments": [
            {
                "fallback": "Build <https:\/\/magnum.travis-ci.com\/dueyfinster\/blackteam\/builds\/14108043|#236> (<https:\/\/github.com\/dueyfinster\/blackteam\/compare\/94132d684877...6f934d96950e|6f934d9>) of dueyfinster\/blackteam@develop by GarryDavitt passed in 4 min 39 sec",
                "text": "Build <https:\/\/magnum.travis-ci.com\/dueyfinster\/blackteam\/builds\/14108043|#236> (<https:\/\/github.com\/dueyfinster\/blackteam\/compare\/94132d684877...6f934d96950e|6f934d9>) of dueyfinster\/blackteam@develop by GarryDavitt passed in 4 min 39 sec",
                "id": 1,
                "color": "36a64f"
            }
        ],
        "type": "message",
        "subtype": "bot_message",
        "ts": "1438242834.000095"
    }
]