[
    {
        "text": "",
        "bot_id": "B052T590M",
        "attachments": [
            {
                "fallback": "[blackteam:develop] <https:\/\/github.com\/dueyfinster\/blackteam\/commit\/54647cb|1 new commit> by Neil Grogan",
                "text": "<https:\/\/github.com\/dueyfinster\/blackteam\/commit\/54647cb|54647cb>: Using twitter user id for topics instead of username - Neil Grogan",
                "pretext": "[blackteam:develop] 1 new commit by Neil Grogan:",
                "id": 1,
                "color": "4183C4",
                "mrkdwn_in": [
                    "text",
                    "pretext"
                ]
            }
        ],
        "type": "message",
        "subtype": "bot_message",
        "ts": "1436547486.000203"
    },
    {
        "text": "",
        "bot_id": "B056P06D5",
        "attachments": [
            {
                "fallback": "Success:  dueyfinster's build (<https:\/\/circleci.com\/gh\/dueyfinster\/blackteam\/240|#240>; push in <https:\/\/circleci.com\/gh\/dueyfinster\/blackteam|dueyfinster\/blackteam> (<https:\/\/circleci.com\/gh\/dueyfinster\/blackteam\/tree\/develop|develop>)\n - Using twitter user id for topics instead of username (<https:\/\/github.com\/dueyfinster\/blackteam\/commit\/54647cb9d1d8d5a313d977818e60e87a818b7366|54647cb> by Neil Grogan)\n",
                "text": "Success:  dueyfinster's build (<https:\/\/circleci.com\/gh\/dueyfinster\/blackteam\/240|#240>; push in <https:\/\/circleci.com\/gh\/dueyfinster\/blackteam|dueyfinster\/blackteam> (<https:\/\/circleci.com\/gh\/dueyfinster\/blackteam\/tree\/develop|develop>)\n - Using twitter user id for topics instead of username (<https:\/\/github.com\/dueyfinster\/blackteam\/commit\/54647cb9d1d8d5a313d977818e60e87a818b7366|54647cb> by Neil Grogan)\n",
                "id": 1,
                "color": "41aa58"
            }
        ],
        "type": "message",
        "subtype": "bot_message",
        "ts": "1436547664.000204"
    },
    {
        "text": "",
        "bot_id": "B0506GF16",
        "attachments": [
            {
                "fallback": "Build <https:\/\/magnum.travis-ci.com\/dueyfinster\/blackteam\/builds\/13531533|#164> (<https:\/\/github.com\/dueyfinster\/blackteam\/compare\/bf7ab0cd342d...54647cb9d1d8|54647cb>) of dueyfinster\/blackteam@develop by Neil Grogan passed in 5 min 18 sec",
                "text": "Build <https:\/\/magnum.travis-ci.com\/dueyfinster\/blackteam\/builds\/13531533|#164> (<https:\/\/github.com\/dueyfinster\/blackteam\/compare\/bf7ab0cd342d...54647cb9d1d8|54647cb>) of dueyfinster\/blackteam@develop by Neil Grogan passed in 5 min 18 sec",
                "id": 1,
                "color": "36a64f"
            }
        ],
        "type": "message",
        "subtype": "bot_message",
        "ts": "1436547823.000205"
    },
    {
        "text": "",
        "bot_id": "B052T590M",
        "attachments": [
            {
                "fallback": "[blackteam:develop] <https:\/\/github.com\/dueyfinster\/blackteam\/commit\/8e0e296|1 new commit> by Neil Grogan",
                "text": "<https:\/\/github.com\/dueyfinster\/blackteam\/commit\/8e0e296|8e0e296>: User topics now associated with user id and displayed - Neil Grogan",
                "pretext": "[blackteam:develop] 1 new commit by Neil Grogan:",
                "id": 1,
                "color": "4183C4",
                "mrkdwn_in": [
                    "text",
                    "pretext"
                ]
            }
        ],
        "type": "message",
        "subtype": "bot_message",
        "ts": "1436549715.000206"
    },
    {
        "text": "",
        "bot_id": "B056P06D5",
        "attachments": [
            {
                "fallback": "Success:  dueyfinster's build (<https:\/\/circleci.com\/gh\/dueyfinster\/blackteam\/241|#241>; push in <https:\/\/circleci.com\/gh\/dueyfinster\/blackteam|dueyfinster\/blackteam> (<https:\/\/circleci.com\/gh\/dueyfinster\/blackteam\/tree\/develop|develop>)\n - User topics now associated with user id and displayed (<https:\/\/github.com\/dueyfinster\/blackteam\/commit\/8e0e296d2367dc3e2d7bea5e2e4a0a436f2eb2b5|8e0e296> by Neil Grogan)\n",
                "text": "Success:  dueyfinster's build (<https:\/\/circleci.com\/gh\/dueyfinster\/blackteam\/241|#241>; push in <https:\/\/circleci.com\/gh\/dueyfinster\/blackteam|dueyfinster\/blackteam> (<https:\/\/circleci.com\/gh\/dueyfinster\/blackteam\/tree\/develop|develop>)\n - User topics now associated with user id and displayed (<https:\/\/github.com\/dueyfinster\/blackteam\/commit\/8e0e296d2367dc3e2d7bea5e2e4a0a436f2eb2b5|8e0e296> by Neil Grogan)\n",
                "id": 1,
                "color": "41aa58"
            }
        ],
        "type": "message",
        "subtype": "bot_message",
        "ts": "1436549878.000207"
    },
    {
        "text": "",
        "bot_id": "B0506GF16",
        "attachments": [
            {
                "fallback": "Build <https:\/\/magnum.travis-ci.com\/dueyfinster\/blackteam\/builds\/13532709|#165> (<https:\/\/github.com\/dueyfinster\/blackteam\/compare\/54647cb9d1d8...8e0e296d2367|8e0e296>) of dueyfinster\/blackteam@develop by Neil Grogan passed in 4 min 23 sec",
                "text": "Build <https:\/\/magnum.travis-ci.com\/dueyfinster\/blackteam\/builds\/13532709|#165> (<https:\/\/github.com\/dueyfinster\/blackteam\/compare\/54647cb9d1d8...8e0e296d2367|8e0e296>) of dueyfinster\/blackteam@develop by Neil Grogan passed in 4 min 23 sec",
                "id": 1,
                "color": "36a64f"
            }
        ],
        "type": "message",
        "subtype": "bot_message",
        "ts": "1436549991.000208"
    },
    {
        "text": "",
        "bot_id": "B052T590M",
        "attachments": [
            {
                "fallback": "[blackteam:develop] <https:\/\/github.com\/dueyfinster\/blackteam\/commit\/0d31633|1 new commit> by Neil Grogan",
                "text": "<https:\/\/github.com\/dueyfinster\/blackteam\/commit\/0d31633|0d31633>: Make sure user logs in to get to topics - Neil Grogan",
                "pretext": "[blackteam:develop] 1 new commit by Neil Grogan:",
                "id": 1,
                "color": "4183C4",
                "mrkdwn_in": [
                    "text",
                    "pretext"
                ]
            }
        ],
        "type": "message",
        "subtype": "bot_message",
        "ts": "1436553298.000209"
    },
    {
        "text": "",
        "bot_id": "B056P06D5",
        "attachments": [
            {
                "fallback": "Success:  dueyfinster's build (<https:\/\/circleci.com\/gh\/dueyfinster\/blackteam\/242|#242>; push in <https:\/\/circleci.com\/gh\/dueyfinster\/blackteam|dueyfinster\/blackteam> (<https:\/\/circleci.com\/gh\/dueyfinster\/blackteam\/tree\/develop|develop>)\n - Make sure user logs in to get to topics (<https:\/\/github.com\/dueyfinster\/blackteam\/commit\/0d31633d80c52251638a57f9029c18b5e109da82|0d31633> by Neil Grogan)\n",
                "text": "Success:  dueyfinster's build (<https:\/\/circleci.com\/gh\/dueyfinster\/blackteam\/242|#242>; push in <https:\/\/circleci.com\/gh\/dueyfinster\/blackteam|dueyfinster\/blackteam> (<https:\/\/circleci.com\/gh\/dueyfinster\/blackteam\/tree\/develop|develop>)\n - Make sure user logs in to get to topics (<https:\/\/github.com\/dueyfinster\/blackteam\/commit\/0d31633d80c52251638a57f9029c18b5e109da82|0d31633> by Neil Grogan)\n",
                "id": 1,
                "color": "41aa58"
            }
        ],
        "type": "message",
        "subtype": "bot_message",
        "ts": "1436553474.000210"
    },
    {
        "text": "",
        "bot_id": "B0506GF16",
        "attachments": [
            {
                "fallback": "Build <https:\/\/magnum.travis-ci.com\/dueyfinster\/blackteam\/builds\/13534767|#166> (<https:\/\/github.com\/dueyfinster\/blackteam\/compare\/8e0e296d2367...0d31633d80c5|0d31633>) of dueyfinster\/blackteam@develop by Neil Grogan passed in 4 min 41 sec",
                "text": "Build <https:\/\/magnum.travis-ci.com\/dueyfinster\/blackteam\/builds\/13534767|#166> (<https:\/\/github.com\/dueyfinster\/blackteam\/compare\/8e0e296d2367...0d31633d80c5|0d31633>) of dueyfinster\/blackteam@develop by Neil Grogan passed in 4 min 41 sec",
                "id": 1,
                "color": "36a64f"
            }
        ],
        "type": "message",
        "subtype": "bot_message",
        "ts": "1436553603.000211"
    },
    {
        "text": "",
        "bot_id": "B056P06D5",
        "attachments": [
            {
                "fallback": "Success:  dueyfinster's build (<https:\/\/circleci.com\/gh\/dueyfinster\/blackteam\/243|#243>; push in <https:\/\/circleci.com\/gh\/dueyfinster\/blackteam|dueyfinster\/blackteam> (<https:\/\/circleci.com\/gh\/dueyfinster\/blackteam\/tree\/develop|develop>)\n - Make sure user logs in to get to topics (<https:\/\/github.com\/dueyfinster\/blackteam\/commit\/830cd51d6b1a688593c8cc0278ce9157fa45c824|830cd51> by Neil Grogan)\n",
                "text": "Success:  dueyfinster's build (<https:\/\/circleci.com\/gh\/dueyfinster\/blackteam\/243|#243>; push in <https:\/\/circleci.com\/gh\/dueyfinster\/blackteam|dueyfinster\/blackteam> (<https:\/\/circleci.com\/gh\/dueyfinster\/blackteam\/tree\/develop|develop>)\n - Make sure user logs in to get to topics (<https:\/\/github.com\/dueyfinster\/blackteam\/commit\/830cd51d6b1a688593c8cc0278ce9157fa45c824|830cd51> by Neil Grogan)\n",
                "id": 1,
                "color": "41aa58"
            }
        ],
        "type": "message",
        "subtype": "bot_message",
        "ts": "1436554172.000212"
    },
    {
        "text": "",
        "bot_id": "B0506GF16",
        "attachments": [
            {
                "fallback": "Build <https:\/\/magnum.travis-ci.com\/dueyfinster\/blackteam\/builds\/13535223|#167> (<https:\/\/github.com\/dueyfinster\/blackteam\/compare\/0d31633d80c5...830cd51d6b1a|830cd51>) of dueyfinster\/blackteam@develop by Neil Grogan passed in 4 min 34 sec",
                "text": "Build <https:\/\/magnum.travis-ci.com\/dueyfinster\/blackteam\/builds\/13535223|#167> (<https:\/\/github.com\/dueyfinster\/blackteam\/compare\/0d31633d80c5...830cd51d6b1a|830cd51>) of dueyfinster\/blackteam@develop by Neil Grogan passed in 4 min 34 sec",
                "id": 1,
                "color": "36a64f"
            }
        ],
        "type": "message",
        "subtype": "bot_message",
        "ts": "1436554293.000213"
    },
    {
        "text": "",
        "bot_id": "B052T590M",
        "attachments": [
            {
                "fallback": "[blackteam:develop] <https:\/\/github.com\/dueyfinster\/blackteam\/commit\/09586ce|1 new commit> by Neil Grogan",
                "text": "<https:\/\/github.com\/dueyfinster\/blackteam\/commit\/09586ce|09586ce>: Redirect user to choose topics if they've none - Neil Grogan",
                "pretext": "[blackteam:develop] 1 new commit by Neil Grogan:",
                "id": 1,
                "color": "4183C4",
                "mrkdwn_in": [
                    "text",
                    "pretext"
                ]
            }
        ],
        "type": "message",
        "subtype": "bot_message",
        "ts": "1436554764.000214"
    },
    {
        "text": "",
        "bot_id": "B052T590M",
        "attachments": [
            {
                "fallback": "[blackteam:develop] <https:\/\/github.com\/dueyfinster\/blackteam\/commit\/77ba3b0|1 new commit> by Neil Grogan",
                "text": "<https:\/\/github.com\/dueyfinster\/blackteam\/commit\/77ba3b0|77ba3b0>: Removed page counter - not used - Neil Grogan",
                "pretext": "[blackteam:develop] 1 new commit by Neil Grogan:",
                "id": 1,
                "color": "4183C4",
                "mrkdwn_in": [
                    "text",
                    "pretext"
                ]
            }
        ],
        "type": "message",
        "subtype": "bot_message",
        "ts": "1436554862.000215"
    },
    {
        "text": "",
        "bot_id": "B056P06D5",
        "attachments": [
            {
                "fallback": "Success:  dueyfinster's build (<https:\/\/circleci.com\/gh\/dueyfinster\/blackteam\/244|#244>; push in <https:\/\/circleci.com\/gh\/dueyfinster\/blackteam|dueyfinster\/blackteam> (<https:\/\/circleci.com\/gh\/dueyfinster\/blackteam\/tree\/develop|develop>)\n - Redirect user to choose topics if they've none (<https:\/\/github.com\/dueyfinster\/blackteam\/commit\/09586ce164a0f69941acc298f7ba147930ee06e1|09586ce> by Neil Grogan)\n",
                "text": "Success:  dueyfinster's build (<https:\/\/circleci.com\/gh\/dueyfinster\/blackteam\/244|#244>; push in <https:\/\/circleci.com\/gh\/dueyfinster\/blackteam|dueyfinster\/blackteam> (<https:\/\/circleci.com\/gh\/dueyfinster\/blackteam\/tree\/develop|develop>)\n - Redirect user to choose topics if they've none (<https:\/\/github.com\/dueyfinster\/blackteam\/commit\/09586ce164a0f69941acc298f7ba147930ee06e1|09586ce> by Neil Grogan)\n",
                "id": 1,
                "color": "41aa58"
            }
        ],
        "type": "message",
        "subtype": "bot_message",
        "ts": "1436554959.000216"
    },
    {
        "text": "",
        "bot_id": "B0506GF16",
        "attachments": [
            {
                "fallback": "Build <https:\/\/magnum.travis-ci.com\/dueyfinster\/blackteam\/builds\/13535718|#168> (<https:\/\/github.com\/dueyfinster\/blackteam\/compare\/830cd51d6b1a...09586ce164a0|09586ce>) of dueyfinster\/blackteam@develop by Neil Grogan passed in 4 min 41 sec",
                "text": "Build <https:\/\/magnum.travis-ci.com\/dueyfinster\/blackteam\/builds\/13535718|#168> (<https:\/\/github.com\/dueyfinster\/blackteam\/compare\/830cd51d6b1a...09586ce164a0|09586ce>) of dueyfinster\/blackteam@develop by Neil Grogan passed in 4 min 41 sec",
                "id": 1,
                "color": "36a64f"
            }
        ],
        "type": "message",
        "subtype": "bot_message",
        "ts": "1436555077.000217"
    },
    {
        "text": "",
        "bot_id": "B056P06D5",
        "attachments": [
            {
                "fallback": "Success:  dueyfinster's build (<https:\/\/circleci.com\/gh\/dueyfinster\/blackteam\/245|#245>; push in <https:\/\/circleci.com\/gh\/dueyfinster\/blackteam|dueyfinster\/blackteam> (<https:\/\/circleci.com\/gh\/dueyfinster\/blackteam\/tree\/develop|develop>)\n - Removed page counter - not used (<https:\/\/github.com\/dueyfinster\/blackteam\/commit\/77ba3b07d6a8bb769b68818f642c1fb1caafd316|77ba3b0> by Neil Grogan)\n",
                "text": "Success:  dueyfinster's build (<https:\/\/circleci.com\/gh\/dueyfinster\/blackteam\/245|#245>; push in <https:\/\/circleci.com\/gh\/dueyfinster\/blackteam|dueyfinster\/blackteam> (<https:\/\/circleci.com\/gh\/dueyfinster\/blackteam\/tree\/develop|develop>)\n - Removed page counter - not used (<https:\/\/github.com\/dueyfinster\/blackteam\/commit\/77ba3b07d6a8bb769b68818f642c1fb1caafd316|77ba3b0> by Neil Grogan)\n",
                "id": 1,
                "color": "41aa58"
            }
        ],
        "type": "message",
        "subtype": "bot_message",
        "ts": "1436555144.000218"
    },
    {
        "text": "",
        "bot_id": "B0506GF16",
        "attachments": [
            {
                "fallback": "Build <https:\/\/magnum.travis-ci.com\/dueyfinster\/blackteam\/builds\/13535793|#169> (<https:\/\/github.com\/dueyfinster\/blackteam\/compare\/09586ce164a0...77ba3b07d6a8|77ba3b0>) of dueyfinster\/blackteam@develop by Neil Grogan passed in 4 min 40 sec",
                "text": "Build <https:\/\/magnum.travis-ci.com\/dueyfinster\/blackteam\/builds\/13535793|#169> (<https:\/\/github.com\/dueyfinster\/blackteam\/compare\/09586ce164a0...77ba3b07d6a8|77ba3b0>) of dueyfinster\/blackteam@develop by Neil Grogan passed in 4 min 40 sec",
                "id": 1,
                "color": "36a64f"
            }
        ],
        "type": "message",
        "subtype": "bot_message",
        "ts": "1436555366.000219"
    }
]