[
    {
        "text": "",
        "bot_id": "B052T590M",
        "attachments": [
            {
                "fallback": "[blackteam:develop] <https:\/\/github.com\/dueyfinster\/blackteam\/commit\/6fc5da1|1 new commit> by Neil Grogan",
                "text": "<https:\/\/github.com\/dueyfinster\/blackteam\/commit\/6fc5da1|6fc5da1>: Added deployment to second server - Neil Grogan",
                "pretext": "[blackteam:develop] 1 new commit by Neil Grogan:",
                "id": 1,
                "color": "4183C4",
                "mrkdwn_in": [
                    "text",
                    "pretext"
                ]
            }
        ],
        "type": "message",
        "subtype": "bot_message",
        "ts": "1435139309.000056"
    },
    {
        "text": "",
        "bot_id": "B052T590M",
        "attachments": [
            {
                "fallback": "[blackteam:master] <https:\/\/github.com\/dueyfinster\/blackteam\/compare\/19df5eeb5b8a...75b5cfb4b4aa|7 new commits> by OLarry and 1 others",
                "text": "<https:\/\/github.com\/dueyfinster\/blackteam\/commit\/7ddf3dc|7ddf3dc>: Attempt at getting celery working - this should not be merged to dev - this is just being shared with Neil - OLarry\n <https:\/\/github.com\/dueyfinster\/blackteam\/commit\/69e18e3|69e18e3>: Updated celery docker worker config - Neil Grogan\n <https:\/\/github.com\/dueyfinster\/blackteam\/commit\/3d0b32e|3d0b32e>: Merge branch 'feature\/celery' into develop - Neil Grogan\n <https:\/\/github.com\/dueyfinster\/blackteam\/commit\/44c933f|44c933f>: Updated run docker script - Neil Grogan\n <https:\/\/github.com\/dueyfinster\/blackteam\/commit\/6fc5da1|6fc5da1>: Added deployment to second server - Neil Grogan\n <https:\/\/github.com\/dueyfinster\/blackteam\/commit\/f47498c|f47498c>: Bumped version number to 0.1-192-6fc5da1 - Neil Grogan\n <https:\/\/github.com\/dueyfinster\/blackteam\/commit\/75b5cfb|75b5cfb>: Merge branch 'release\/0.1-192-6fc5da1' - Neil Grogan",
                "pretext": "[blackteam:master] <https:\/\/github.com\/dueyfinster\/blackteam\/compare\/19df5eeb5b8a...75b5cfb4b4aa|7 new commits> by OLarry and 1 others:",
                "id": 1,
                "color": "4183C4",
                "mrkdwn_in": [
                    "text",
                    "pretext"
                ]
            }
        ],
        "type": "message",
        "subtype": "bot_message",
        "ts": "1435139415.000057"
    },
    {
        "text": "",
        "bot_id": "B052T590M",
        "attachments": [
            {
                "fallback": "[blackteam:develop] <https:\/\/github.com\/dueyfinster\/blackteam\/compare\/6fc5da108860...15d189806535|7 new commits> by Neil Grogan",
                "text": "<https:\/\/github.com\/dueyfinster\/blackteam\/commit\/1405e64|1405e64>: Merge branch 'release\/0.1-174-da3e91f' - Neil Grogan\n <https:\/\/github.com\/dueyfinster\/blackteam\/commit\/7c7bb3b|7c7bb3b>: Bumped version number to 0.1-179-cd970ac - Neil Grogan\n <https:\/\/github.com\/dueyfinster\/blackteam\/commit\/370fd29|370fd29>: Merge branch 'release\/release' - Neil Grogan\n <https:\/\/github.com\/dueyfinster\/blackteam\/commit\/19df5ee|19df5ee>: Release merge - Neil Grogan\n <https:\/\/github.com\/dueyfinster\/blackteam\/commit\/f47498c|f47498c>: Bumped version number to 0.1-192-6fc5da1 - Neil Grogan\n <https:\/\/github.com\/dueyfinster\/blackteam\/commit\/75b5cfb|75b5cfb>: Merge branch 'release\/0.1-192-6fc5da1' - Neil Grogan\n <https:\/\/github.com\/dueyfinster\/blackteam\/commit\/15d1898|15d1898>: Merge tag '0.1-192-6fc5da1' into develop - Neil Grogan",
                "pretext": "[blackteam:develop] <https:\/\/github.com\/dueyfinster\/blackteam\/compare\/6fc5da108860...15d189806535|7 new commits> by Neil Grogan:",
                "id": 1,
                "color": "4183C4",
                "mrkdwn_in": [
                    "text",
                    "pretext"
                ]
            }
        ],
        "type": "message",
        "subtype": "bot_message",
        "ts": "1435139415.000058"
    },
    {
        "text": "",
        "bot_id": "B056P06D5",
        "attachments": [
            {
                "fallback": "Failed:  dueyfinster's build (<https:\/\/circleci.com\/gh\/dueyfinster\/blackteam\/170|#170>; push in <https:\/\/circleci.com\/gh\/dueyfinster\/blackteam|dueyfinster\/blackteam> (<https:\/\/circleci.com\/gh\/dueyfinster\/blackteam\/tree\/develop|develop>)\n - Added deployment to second server (<https:\/\/github.com\/dueyfinster\/blackteam\/commit\/6fc5da10886026ae4fd411aab0e4c47179f697f7|6fc5da1> by Neil Grogan)\n",
                "text": "Failed:  dueyfinster's build (<https:\/\/circleci.com\/gh\/dueyfinster\/blackteam\/170|#170>; push in <https:\/\/circleci.com\/gh\/dueyfinster\/blackteam|dueyfinster\/blackteam> (<https:\/\/circleci.com\/gh\/dueyfinster\/blackteam\/tree\/develop|develop>)\n - Added deployment to second server (<https:\/\/github.com\/dueyfinster\/blackteam\/commit\/6fc5da10886026ae4fd411aab0e4c47179f697f7|6fc5da1> by Neil Grogan)\n",
                "id": 1,
                "color": "d10c20"
            }
        ],
        "type": "message",
        "subtype": "bot_message",
        "ts": "1435139693.000059"
    },
    {
        "text": "",
        "bot_id": "B056P06D5",
        "attachments": [
            {
                "fallback": "Failed:  dueyfinster's build (<https:\/\/circleci.com\/gh\/dueyfinster\/blackteam\/171|#171>; push in <https:\/\/circleci.com\/gh\/dueyfinster\/blackteam|dueyfinster\/blackteam> (<https:\/\/circleci.com\/gh\/dueyfinster\/blackteam\/tree\/master|master>)\n - Merge branch 'release\/0.1-192-6fc5da1' (<https:\/\/github.com\/dueyfinster\/blackteam\/commit\/75b5cfb4b4aa8817ffd06cab32ba9d6acea838cd|75b5cfb> by Neil Grogan) and <https:\/\/github.com\/dueyfinster\/blackteam\/compare\/19df5eeb5b8a...75b5cfb4b4aa|6 more>\n",
                "text": "Failed:  dueyfinster's build (<https:\/\/circleci.com\/gh\/dueyfinster\/blackteam\/171|#171>; push in <https:\/\/circleci.com\/gh\/dueyfinster\/blackteam|dueyfinster\/blackteam> (<https:\/\/circleci.com\/gh\/dueyfinster\/blackteam\/tree\/master|master>)\n - Merge branch 'release\/0.1-192-6fc5da1' (<https:\/\/github.com\/dueyfinster\/blackteam\/commit\/75b5cfb4b4aa8817ffd06cab32ba9d6acea838cd|75b5cfb> by Neil Grogan) and <https:\/\/github.com\/dueyfinster\/blackteam\/compare\/19df5eeb5b8a...75b5cfb4b4aa|6 more>\n",
                "id": 1,
                "color": "d10c20"
            }
        ],
        "type": "message",
        "subtype": "bot_message",
        "ts": "1435140116.000060"
    },
    {
        "text": "",
        "bot_id": "B056P06D5",
        "attachments": [
            {
                "fallback": "Fixed:  dueyfinster's build (<https:\/\/circleci.com\/gh\/dueyfinster\/blackteam\/172|#172>; push in <https:\/\/circleci.com\/gh\/dueyfinster\/blackteam|dueyfinster\/blackteam> (<https:\/\/circleci.com\/gh\/dueyfinster\/blackteam\/tree\/develop|develop>)\n - Merge tag '0.1-192-6fc5da1' into develop (<https:\/\/github.com\/dueyfinster\/blackteam\/commit\/15d18980653562cc2b4ead121121929dad274278|15d1898> by Neil Grogan) and <https:\/\/github.com\/dueyfinster\/blackteam\/compare\/6fc5da108860...15d189806535|6 more>\n",
                "text": "Fixed:  dueyfinster's build (<https:\/\/circleci.com\/gh\/dueyfinster\/blackteam\/172|#172>; push in <https:\/\/circleci.com\/gh\/dueyfinster\/blackteam|dueyfinster\/blackteam> (<https:\/\/circleci.com\/gh\/dueyfinster\/blackteam\/tree\/develop|develop>)\n - Merge tag '0.1-192-6fc5da1' into develop (<https:\/\/github.com\/dueyfinster\/blackteam\/commit\/15d18980653562cc2b4ead121121929dad274278|15d1898> by Neil Grogan) and <https:\/\/github.com\/dueyfinster\/blackteam\/compare\/6fc5da108860...15d189806535|6 more>\n",
                "id": 1,
                "color": "41aa58"
            }
        ],
        "type": "message",
        "subtype": "bot_message",
        "ts": "1435140332.000061"
    },
    {
        "text": "",
        "bot_id": "B056P06D5",
        "attachments": [
            {
                "fallback": "Fixed:  dueyfinster's build (<https:\/\/circleci.com\/gh\/dueyfinster\/blackteam\/173|#173>; retry by dueyfinster in <https:\/\/circleci.com\/gh\/dueyfinster\/blackteam|dueyfinster\/blackteam> (<https:\/\/circleci.com\/gh\/dueyfinster\/blackteam\/tree\/master|master>)\n - Merge branch 'release\/0.1-192-6fc5da1' (<https:\/\/github.com\/dueyfinster\/blackteam\/commit\/75b5cfb4b4aa8817ffd06cab32ba9d6acea838cd|75b5cfb> by Neil Grogan) and <https:\/\/github.com\/dueyfinster\/blackteam\/compare\/19df5eeb5b8a...75b5cfb4b4aa|6 more>\n",
                "text": "Fixed:  dueyfinster's build (<https:\/\/circleci.com\/gh\/dueyfinster\/blackteam\/173|#173>; retry by dueyfinster in <https:\/\/circleci.com\/gh\/dueyfinster\/blackteam|dueyfinster\/blackteam> (<https:\/\/circleci.com\/gh\/dueyfinster\/blackteam\/tree\/master|master>)\n - Merge branch 'release\/0.1-192-6fc5da1' (<https:\/\/github.com\/dueyfinster\/blackteam\/commit\/75b5cfb4b4aa8817ffd06cab32ba9d6acea838cd|75b5cfb> by Neil Grogan) and <https:\/\/github.com\/dueyfinster\/blackteam\/compare\/19df5eeb5b8a...75b5cfb4b4aa|6 more>\n",
                "id": 1,
                "color": "41aa58"
            }
        ],
        "type": "message",
        "subtype": "bot_message",
        "ts": "1435140487.000062"
    }
]