[
    {
        "text": "",
        "bot_id": "B052T590M",
        "attachments": [
            {
                "fallback": "[blackteam:develop] <https:\/\/github.com\/dueyfinster\/blackteam\/commit\/b30c5fe|1 new commit> by Neil Grogan",
                "text": "<https:\/\/github.com\/dueyfinster\/blackteam\/commit\/b30c5fe|b30c5fe>: Added coverage to circleci - Neil Grogan",
                "pretext": "[blackteam:develop] 1 new commit by Neil Grogan:",
                "id": 1,
                "color": "4183C4",
                "mrkdwn_in": [
                    "text",
                    "pretext"
                ]
            }
        ],
        "type": "message",
        "subtype": "bot_message",
        "ts": "1433492505.000055"
    },
    {
        "text": "",
        "bot_id": "B052T590M",
        "attachments": [
            {
                "fallback": "[blackteam:develop] <https:\/\/github.com\/dueyfinster\/blackteam\/commit\/1a8f344|1 new commit> by Neil Grogan",
                "text": "<https:\/\/github.com\/dueyfinster\/blackteam\/commit\/1a8f344|1a8f344>: Added docker build to circle.yml test section - Neil Grogan",
                "pretext": "[blackteam:develop] 1 new commit by Neil Grogan:",
                "id": 1,
                "color": "4183C4",
                "mrkdwn_in": [
                    "text",
                    "pretext"
                ]
            }
        ],
        "type": "message",
        "subtype": "bot_message",
        "ts": "1433492625.000056"
    },
    {
        "text": "",
        "bot_id": "B052T590M",
        "attachments": [
            {
                "fallback": "[blackteam:develop] <https:\/\/github.com\/dueyfinster\/blackteam\/commit\/f307cbd|1 new commit> by Neil Grogan",
                "text": "<https:\/\/github.com\/dueyfinster\/blackteam\/commit\/f307cbd|f307cbd>: Fixed directory issue with circle yml - Neil Grogan",
                "pretext": "[blackteam:develop] 1 new commit by Neil Grogan:",
                "id": 1,
                "color": "4183C4",
                "mrkdwn_in": [
                    "text",
                    "pretext"
                ]
            }
        ],
        "type": "message",
        "subtype": "bot_message",
        "ts": "1433492746.000057"
    },
    {
        "text": "",
        "bot_id": "B0506GF16",
        "attachments": [
            {
                "fallback": "Build <http:\/\/magnum.travis-ci.com\/dueyfinster\/blackteam\/builds\/12515385|#40> (<https:\/\/github.com\/dueyfinster\/blackteam\/compare\/c280d71373f4...b30c5fe06c33|b30c5fe>) of dueyfinster\/blackteam@develop by Neil Grogan passed in 1 min 15 sec",
                "text": "Build <http:\/\/magnum.travis-ci.com\/dueyfinster\/blackteam\/builds\/12515385|#40> (<https:\/\/github.com\/dueyfinster\/blackteam\/compare\/c280d71373f4...b30c5fe06c33|b30c5fe>) of dueyfinster\/blackteam@develop by Neil Grogan passed in 1 min 15 sec",
                "id": 1,
                "color": "36a64f"
            }
        ],
        "type": "message",
        "subtype": "bot_message",
        "ts": "1433492801.000058"
    },
    {
        "text": "",
        "bot_id": "B0506GF16",
        "attachments": [
            {
                "fallback": "Build <http:\/\/magnum.travis-ci.com\/dueyfinster\/blackteam\/builds\/12515429|#41> (<https:\/\/github.com\/dueyfinster\/blackteam\/compare\/b30c5fe06c33...1a8f34440672|1a8f344>) of dueyfinster\/blackteam@develop by Neil Grogan passed in 1 min 10 sec",
                "text": "Build <http:\/\/magnum.travis-ci.com\/dueyfinster\/blackteam\/builds\/12515429|#41> (<https:\/\/github.com\/dueyfinster\/blackteam\/compare\/b30c5fe06c33...1a8f34440672|1a8f344>) of dueyfinster\/blackteam@develop by Neil Grogan passed in 1 min 10 sec",
                "id": 1,
                "color": "36a64f"
            }
        ],
        "type": "message",
        "subtype": "bot_message",
        "ts": "1433492949.000059"
    },
    {
        "text": "",
        "bot_id": "B056P06D5",
        "attachments": [
            {
                "fallback": "Failed:  dueyfinster's build (<https:\/\/circleci.com\/gh\/dueyfinster\/blackteam\/36|#36>; push in <https:\/\/circleci.com\/gh\/dueyfinster\/blackteam|dueyfinster\/blackteam> (<https:\/\/circleci.com\/gh\/dueyfinster\/blackteam\/tree\/develop|develop>)\n - Fixed directory issue with circle yml (<https:\/\/github.com\/dueyfinster\/blackteam\/commit\/f307cbd90450fb23cfaadedfe166520e1fb85729|f307cbd> by Neil Grogan)\n",
                "text": "Failed:  dueyfinster's build (<https:\/\/circleci.com\/gh\/dueyfinster\/blackteam\/36|#36>; push in <https:\/\/circleci.com\/gh\/dueyfinster\/blackteam|dueyfinster\/blackteam> (<https:\/\/circleci.com\/gh\/dueyfinster\/blackteam\/tree\/develop|develop>)\n - Fixed directory issue with circle yml (<https:\/\/github.com\/dueyfinster\/blackteam\/commit\/f307cbd90450fb23cfaadedfe166520e1fb85729|f307cbd> by Neil Grogan)\n",
                "id": 1,
                "color": "d10c20"
            }
        ],
        "type": "message",
        "subtype": "bot_message",
        "ts": "1433493015.000060"
    },
    {
        "text": "",
        "bot_id": "B0506GF16",
        "attachments": [
            {
                "fallback": "Build <http:\/\/magnum.travis-ci.com\/dueyfinster\/blackteam\/builds\/12515473|#42> (<https:\/\/github.com\/dueyfinster\/blackteam\/compare\/1a8f34440672...f307cbd90450|f307cbd>) of dueyfinster\/blackteam@develop by Neil Grogan passed in 1 min 5 sec",
                "text": "Build <http:\/\/magnum.travis-ci.com\/dueyfinster\/blackteam\/builds\/12515473|#42> (<https:\/\/github.com\/dueyfinster\/blackteam\/compare\/1a8f34440672...f307cbd90450|f307cbd>) of dueyfinster\/blackteam@develop by Neil Grogan passed in 1 min 5 sec",
                "id": 1,
                "color": "36a64f"
            }
        ],
        "type": "message",
        "subtype": "bot_message",
        "ts": "1433493103.000061"
    },
    {
        "text": "",
        "bot_id": "B052T590M",
        "attachments": [
            {
                "fallback": "[blackteam:develop] <https:\/\/github.com\/dueyfinster\/blackteam\/commit\/df4c8cb|1 new commit> by Neil Grogan",
                "text": "<https:\/\/github.com\/dueyfinster\/blackteam\/commit\/df4c8cb|df4c8cb>: Added back installing python deps to circle.yml - Neil Grogan",
                "pretext": "[blackteam:develop] 1 new commit by Neil Grogan:",
                "id": 1,
                "color": "4183C4",
                "mrkdwn_in": [
                    "text",
                    "pretext"
                ]
            }
        ],
        "type": "message",
        "subtype": "bot_message",
        "ts": "1433493219.000062"
    },
    {
        "text": "",
        "bot_id": "B0506GF16",
        "attachments": [
            {
                "fallback": "Build <http:\/\/magnum.travis-ci.com\/dueyfinster\/blackteam\/builds\/12515667|#43> (<https:\/\/github.com\/dueyfinster\/blackteam\/compare\/f307cbd90450...df4c8cbcccd0|df4c8cb>) of dueyfinster\/blackteam@develop by Neil Grogan passed in 1 min 26 sec",
                "text": "Build <http:\/\/magnum.travis-ci.com\/dueyfinster\/blackteam\/builds\/12515667|#43> (<https:\/\/github.com\/dueyfinster\/blackteam\/compare\/f307cbd90450...df4c8cbcccd0|df4c8cb>) of dueyfinster\/blackteam@develop by Neil Grogan passed in 1 min 26 sec",
                "id": 1,
                "color": "36a64f"
            }
        ],
        "type": "message",
        "subtype": "bot_message",
        "ts": "1433493406.000063"
    },
    {
        "text": "",
        "bot_id": "B056P06D5",
        "attachments": [
            {
                "fallback": "Failed:  dueyfinster's build (<https:\/\/circleci.com\/gh\/dueyfinster\/blackteam\/37|#37>; push in <https:\/\/circleci.com\/gh\/dueyfinster\/blackteam|dueyfinster\/blackteam> (<https:\/\/circleci.com\/gh\/dueyfinster\/blackteam\/tree\/develop|develop>)\n - Added back installing python deps to circle.yml (<https:\/\/github.com\/dueyfinster\/blackteam\/commit\/df4c8cbcccd021d0915c25b57ff103819eb0d3bd|df4c8cb> by Neil Grogan)\n",
                "text": "Failed:  dueyfinster's build (<https:\/\/circleci.com\/gh\/dueyfinster\/blackteam\/37|#37>; push in <https:\/\/circleci.com\/gh\/dueyfinster\/blackteam|dueyfinster\/blackteam> (<https:\/\/circleci.com\/gh\/dueyfinster\/blackteam\/tree\/develop|develop>)\n - Added back installing python deps to circle.yml (<https:\/\/github.com\/dueyfinster\/blackteam\/commit\/df4c8cbcccd021d0915c25b57ff103819eb0d3bd|df4c8cb> by Neil Grogan)\n",
                "id": 1,
                "color": "d10c20"
            }
        ],
        "type": "message",
        "subtype": "bot_message",
        "ts": "1433493496.000064"
    },
    {
        "text": "",
        "bot_id": "B052T590M",
        "attachments": [
            {
                "fallback": "[blackteam:develop] <https:\/\/github.com\/dueyfinster\/blackteam\/commit\/bcb3939|1 new commit> by Neil Grogan",
                "text": "<https:\/\/github.com\/dueyfinster\/blackteam\/commit\/bcb3939|bcb3939>: Moved shutting off postgres \/redis until after unit tests - Neil Grogan",
                "pretext": "[blackteam:develop] 1 new commit by Neil Grogan:",
                "id": 1,
                "color": "4183C4",
                "mrkdwn_in": [
                    "text",
                    "pretext"
                ]
            }
        ],
        "type": "message",
        "subtype": "bot_message",
        "ts": "1433493497.000065"
    },
    {
        "text": "",
        "bot_id": "B0506GF16",
        "attachments": [
            {
                "fallback": "Build <http:\/\/magnum.travis-ci.com\/dueyfinster\/blackteam\/builds\/12515788|#44> (<https:\/\/github.com\/dueyfinster\/blackteam\/compare\/df4c8cbcccd0...bcb39395473a|bcb3939>) of dueyfinster\/blackteam@develop by Neil Grogan passed in 1 min 3 sec",
                "text": "Build <http:\/\/magnum.travis-ci.com\/dueyfinster\/blackteam\/builds\/12515788|#44> (<https:\/\/github.com\/dueyfinster\/blackteam\/compare\/df4c8cbcccd0...bcb39395473a|bcb3939>) of dueyfinster\/blackteam@develop by Neil Grogan passed in 1 min 3 sec",
                "id": 1,
                "color": "36a64f"
            }
        ],
        "type": "message",
        "subtype": "bot_message",
        "ts": "1433493683.000066"
    },
    {
        "text": "",
        "bot_id": "B056P06D5",
        "attachments": [
            {
                "fallback": "Failed:  dueyfinster's build (<https:\/\/circleci.com\/gh\/dueyfinster\/blackteam\/38|#38>; push in <https:\/\/circleci.com\/gh\/dueyfinster\/blackteam|dueyfinster\/blackteam> (<https:\/\/circleci.com\/gh\/dueyfinster\/blackteam\/tree\/develop|develop>)\n - Moved shutting off postgres \/redis until after unit tests (<https:\/\/github.com\/dueyfinster\/blackteam\/commit\/bcb39395473ae5e815eec0bb274fcccb6b9c2ce7|bcb3939> by Neil Grogan)\n",
                "text": "Failed:  dueyfinster's build (<https:\/\/circleci.com\/gh\/dueyfinster\/blackteam\/38|#38>; push in <https:\/\/circleci.com\/gh\/dueyfinster\/blackteam|dueyfinster\/blackteam> (<https:\/\/circleci.com\/gh\/dueyfinster\/blackteam\/tree\/develop|develop>)\n - Moved shutting off postgres \/redis until after unit tests (<https:\/\/github.com\/dueyfinster\/blackteam\/commit\/bcb39395473ae5e815eec0bb274fcccb6b9c2ce7|bcb3939> by Neil Grogan)\n",
                "id": 1,
                "color": "d10c20"
            }
        ],
        "type": "message",
        "subtype": "bot_message",
        "ts": "1433493781.000067"
    }
]