[
    {
        "text": "",
        "bot_id": "B052T590M",
        "attachments": [
            {
                "fallback": "[blackteam:develop] <https:\/\/github.com\/dueyfinster\/blackteam\/commit\/8ed0c4f72f3eeae7b5c23129b90f947a37d2a5ce|1 new commit> by GarryDavitt",
                "text": "<https:\/\/github.com\/dueyfinster\/blackteam\/commit\/8ed0c4f72f3eeae7b5c23129b90f947a37d2a5ce|8ed0c4f>: fix for refresh scrolling to top and refresh on screen click closing-opening -remove distorted images - GarryDavitt",
                "pretext": "[blackteam:develop] 1 new commit by GarryDavitt:",
                "id": 1,
                "color": "4183C4",
                "mrkdwn_in": [
                    "text",
                    "pretext"
                ]
            }
        ],
        "type": "message",
        "subtype": "bot_message",
        "ts": "1439622287.000113"
    },
    {
        "text": "",
        "bot_id": "B056P06D5",
        "attachments": [
            {
                "fallback": "Success:  GarryDavitt's build (<https:\/\/circleci.com\/gh\/dueyfinster\/blackteam\/417|#417>; push in <https:\/\/circleci.com\/gh\/dueyfinster\/blackteam|dueyfinster\/blackteam> (<https:\/\/circleci.com\/gh\/dueyfinster\/blackteam\/tree\/develop|develop>)\n - fix for refresh scrolling to top and refresh on screen click closing-opening -re (<https:\/\/github.com\/dueyfinster\/blackteam\/commit\/8ed0c4f72f3eeae7b5c23129b90f947a37d2a5ce|8ed0c4f> by GarryDavitt)\n",
                "text": "Success:  GarryDavitt's build (<https:\/\/circleci.com\/gh\/dueyfinster\/blackteam\/417|#417>; push in <https:\/\/circleci.com\/gh\/dueyfinster\/blackteam|dueyfinster\/blackteam> (<https:\/\/circleci.com\/gh\/dueyfinster\/blackteam\/tree\/develop|develop>)\n - fix for refresh scrolling to top and refresh on screen click closing-opening -re (<https:\/\/github.com\/dueyfinster\/blackteam\/commit\/8ed0c4f72f3eeae7b5c23129b90f947a37d2a5ce|8ed0c4f> by GarryDavitt)\n",
                "id": 1,
                "color": "41aa58"
            }
        ],
        "type": "message",
        "subtype": "bot_message",
        "ts": "1439622349.000114"
    },
    {
        "text": "",
        "bot_id": "B0506GF16",
        "attachments": [
            {
                "fallback": "Build <https:\/\/magnum.travis-ci.com\/dueyfinster\/blackteam\/builds\/14605292|#340> (<https:\/\/github.com\/dueyfinster\/blackteam\/compare\/69a39b6f8573...8ed0c4f72f3e|8ed0c4f>) of dueyfinster\/blackteam@develop by GarryDavitt passed in 3 min 43 sec",
                "text": "Build <https:\/\/magnum.travis-ci.com\/dueyfinster\/blackteam\/builds\/14605292|#340> (<https:\/\/github.com\/dueyfinster\/blackteam\/compare\/69a39b6f8573...8ed0c4f72f3e|8ed0c4f>) of dueyfinster\/blackteam@develop by GarryDavitt passed in 3 min 43 sec",
                "id": 1,
                "color": "36a64f"
            }
        ],
        "type": "message",
        "subtype": "bot_message",
        "ts": "1439622517.000115"
    },
    {
        "text": "",
        "bot_id": "B052T590M",
        "attachments": [
            {
                "fallback": "[blackteam:develop] <https:\/\/github.com\/dueyfinster\/blackteam\/commit\/8e58517227e01d13c044006b55c0008caebfce95|1 new commit> by GarryDavitt",
                "text": "<https:\/\/github.com\/dueyfinster\/blackteam\/commit\/8e58517227e01d13c044006b55c0008caebfce95|8e58517>: improving feeds topic names - GarryDavitt",
                "pretext": "[blackteam:develop] 1 new commit by GarryDavitt:",
                "id": 1,
                "color": "4183C4",
                "mrkdwn_in": [
                    "text",
                    "pretext"
                ]
            }
        ],
        "type": "message",
        "subtype": "bot_message",
        "ts": "1439678547.000116"
    },
    {
        "text": "",
        "bot_id": "B056P06D5",
        "attachments": [
            {
                "fallback": "Success:  GarryDavitt's build (<https:\/\/circleci.com\/gh\/dueyfinster\/blackteam\/418|#418>; push in <https:\/\/circleci.com\/gh\/dueyfinster\/blackteam|dueyfinster\/blackteam> (<https:\/\/circleci.com\/gh\/dueyfinster\/blackteam\/tree\/develop|develop>)\n - improving feeds topic names (<https:\/\/github.com\/dueyfinster\/blackteam\/commit\/8e58517227e01d13c044006b55c0008caebfce95|8e58517> by GarryDavitt)\n",
                "text": "Success:  GarryDavitt's build (<https:\/\/circleci.com\/gh\/dueyfinster\/blackteam\/418|#418>; push in <https:\/\/circleci.com\/gh\/dueyfinster\/blackteam|dueyfinster\/blackteam> (<https:\/\/circleci.com\/gh\/dueyfinster\/blackteam\/tree\/develop|develop>)\n - improving feeds topic names (<https:\/\/github.com\/dueyfinster\/blackteam\/commit\/8e58517227e01d13c044006b55c0008caebfce95|8e58517> by GarryDavitt)\n",
                "id": 1,
                "color": "41aa58"
            }
        ],
        "type": "message",
        "subtype": "bot_message",
        "ts": "1439678616.000117"
    },
    {
        "text": "",
        "bot_id": "B0506GF16",
        "attachments": [
            {
                "fallback": "Build <https:\/\/magnum.travis-ci.com\/dueyfinster\/blackteam\/builds\/14608151|#341> (<https:\/\/github.com\/dueyfinster\/blackteam\/compare\/8ed0c4f72f3e...8e58517227e0|8e58517>) of dueyfinster\/blackteam@develop by GarryDavitt passed in 3 min 41 sec",
                "text": "Build <https:\/\/magnum.travis-ci.com\/dueyfinster\/blackteam\/builds\/14608151|#341> (<https:\/\/github.com\/dueyfinster\/blackteam\/compare\/8ed0c4f72f3e...8e58517227e0|8e58517>) of dueyfinster\/blackteam@develop by GarryDavitt passed in 3 min 41 sec",
                "id": 1,
                "color": "36a64f"
            }
        ],
        "type": "message",
        "subtype": "bot_message",
        "ts": "1439678775.000118"
    },
    {
        "text": "",
        "bot_id": "B052T590M",
        "attachments": [
            {
                "fallback": "[blackteam:develop] <https:\/\/github.com\/dueyfinster\/blackteam\/commit\/8421822af494519154a33abb60384f838d4bf6d3|1 new commit> by OLarry",
                "text": "<https:\/\/github.com\/dueyfinster\/blackteam\/commit\/8421822af494519154a33abb60384f838d4bf6d3|8421822>: Change for articles display - OLarry",
                "pretext": "[blackteam:develop] 1 new commit by OLarry:",
                "id": 1,
                "color": "4183C4",
                "mrkdwn_in": [
                    "text",
                    "pretext"
                ]
            }
        ],
        "type": "message",
        "subtype": "bot_message",
        "ts": "1439682739.000119"
    },
    {
        "text": "",
        "bot_id": "B056P06D5",
        "attachments": [
            {
                "fallback": "Success:  OLarry's build (<https:\/\/circleci.com\/gh\/dueyfinster\/blackteam\/419|#419>; push in <https:\/\/circleci.com\/gh\/dueyfinster\/blackteam|dueyfinster\/blackteam> (<https:\/\/circleci.com\/gh\/dueyfinster\/blackteam\/tree\/develop|develop>)\n - Change for articles display (<https:\/\/github.com\/dueyfinster\/blackteam\/commit\/8421822af494519154a33abb60384f838d4bf6d3|8421822> by OLarry)\n",
                "text": "Success:  OLarry's build (<https:\/\/circleci.com\/gh\/dueyfinster\/blackteam\/419|#419>; push in <https:\/\/circleci.com\/gh\/dueyfinster\/blackteam|dueyfinster\/blackteam> (<https:\/\/circleci.com\/gh\/dueyfinster\/blackteam\/tree\/develop|develop>)\n - Change for articles display (<https:\/\/github.com\/dueyfinster\/blackteam\/commit\/8421822af494519154a33abb60384f838d4bf6d3|8421822> by OLarry)\n",
                "id": 1,
                "color": "41aa58"
            }
        ],
        "type": "message",
        "subtype": "bot_message",
        "ts": "1439682804.000120"
    },
    {
        "text": "",
        "bot_id": "B0506GF16",
        "attachments": [
            {
                "fallback": "Build <https:\/\/magnum.travis-ci.com\/dueyfinster\/blackteam\/builds\/14608330|#342> (<https:\/\/github.com\/dueyfinster\/blackteam\/compare\/8e58517227e0...8421822af494|8421822>) of dueyfinster\/blackteam@develop by OLarry passed in 3 min 39 sec",
                "text": "Build <https:\/\/magnum.travis-ci.com\/dueyfinster\/blackteam\/builds\/14608330|#342> (<https:\/\/github.com\/dueyfinster\/blackteam\/compare\/8e58517227e0...8421822af494|8421822>) of dueyfinster\/blackteam@develop by OLarry passed in 3 min 39 sec",
                "id": 1,
                "color": "36a64f"
            }
        ],
        "type": "message",
        "subtype": "bot_message",
        "ts": "1439682963.000121"
    }
]