[
    {
        "text": "",
        "bot_id": "B052T590M",
        "attachments": [
            {
                "fallback": "[blackteam:develop] <https:\/\/github.com\/dueyfinster\/blackteam\/commit\/c3e347d|1 new commit> by garrydavitt",
                "text": "<https:\/\/github.com\/dueyfinster\/blackteam\/commit\/c3e347d|c3e347d>: adding logout button and some refactoring on templates - garrydavitt",
                "pretext": "[blackteam:develop] 1 new commit by garrydavitt:",
                "id": 1,
                "color": "4183C4",
                "mrkdwn_in": [
                    "text",
                    "pretext"
                ]
            }
        ],
        "type": "message",
        "subtype": "bot_message",
        "ts": "1436873728.000260"
    },
    {
        "text": "",
        "bot_id": "B056P06D5",
        "attachments": [
            {
                "fallback": "Success:  GarryDavitt's build (<https:\/\/circleci.com\/gh\/dueyfinster\/blackteam\/260|#260>; push in <https:\/\/circleci.com\/gh\/dueyfinster\/blackteam|dueyfinster\/blackteam> (<https:\/\/circleci.com\/gh\/dueyfinster\/blackteam\/tree\/develop|develop>)\n - adding logout button and some refactoring on templates (<https:\/\/github.com\/dueyfinster\/blackteam\/commit\/c3e347df905f21ac8a7cf6743cd0c20e8aba0015|c3e347d> by GarryDavitt)\n",
                "text": "Success:  GarryDavitt's build (<https:\/\/circleci.com\/gh\/dueyfinster\/blackteam\/260|#260>; push in <https:\/\/circleci.com\/gh\/dueyfinster\/blackteam|dueyfinster\/blackteam> (<https:\/\/circleci.com\/gh\/dueyfinster\/blackteam\/tree\/develop|develop>)\n - adding logout button and some refactoring on templates (<https:\/\/github.com\/dueyfinster\/blackteam\/commit\/c3e347df905f21ac8a7cf6743cd0c20e8aba0015|c3e347d> by GarryDavitt)\n",
                "id": 1,
                "color": "41aa58"
            }
        ],
        "type": "message",
        "subtype": "bot_message",
        "ts": "1436873909.000261"
    },
    {
        "text": "",
        "bot_id": "B0506GF16",
        "attachments": [
            {
                "fallback": "Build <https:\/\/magnum.travis-ci.com\/dueyfinster\/blackteam\/builds\/13604907|#183> (<https:\/\/github.com\/dueyfinster\/blackteam\/compare\/78403a4bdba5...c3e347df905f|c3e347d>) of dueyfinster\/blackteam@develop by garrydavitt passed in 3 min 58 sec",
                "text": "Build <https:\/\/magnum.travis-ci.com\/dueyfinster\/blackteam\/builds\/13604907|#183> (<https:\/\/github.com\/dueyfinster\/blackteam\/compare\/78403a4bdba5...c3e347df905f|c3e347d>) of dueyfinster\/blackteam@develop by garrydavitt passed in 3 min 58 sec",
                "id": 1,
                "color": "36a64f"
            }
        ],
        "type": "message",
        "subtype": "bot_message",
        "ts": "1436873984.000262"
    },
    {
        "text": "",
        "bot_id": "B052T590M",
        "attachments": [
            {
                "fallback": "[blackteam:develop] <https:\/\/github.com\/dueyfinster\/blackteam\/commit\/946cd89|1 new commit> by garrydavitt",
                "text": "<https:\/\/github.com\/dueyfinster\/blackteam\/commit\/946cd89|946cd89>: Add Bootstrap styling to Django admin interface - garrydavitt",
                "pretext": "[blackteam:develop] 1 new commit by garrydavitt:",
                "id": 1,
                "color": "4183C4",
                "mrkdwn_in": [
                    "text",
                    "pretext"
                ]
            }
        ],
        "type": "message",
        "subtype": "bot_message",
        "ts": "1436874089.000263"
    },
    {
        "text": "",
        "bot_id": "B056P06D5",
        "attachments": [
            {
                "fallback": "Success:  GarryDavitt's build (<https:\/\/circleci.com\/gh\/dueyfinster\/blackteam\/261|#261>; push in <https:\/\/circleci.com\/gh\/dueyfinster\/blackteam|dueyfinster\/blackteam> (<https:\/\/circleci.com\/gh\/dueyfinster\/blackteam\/tree\/develop|develop>)\n - Add Bootstrap styling to Django admin interface (<https:\/\/github.com\/dueyfinster\/blackteam\/commit\/946cd8905099d52dd635ed6b5c529211edbf8de0|946cd89> by GarryDavitt)\n",
                "text": "Success:  GarryDavitt's build (<https:\/\/circleci.com\/gh\/dueyfinster\/blackteam\/261|#261>; push in <https:\/\/circleci.com\/gh\/dueyfinster\/blackteam|dueyfinster\/blackteam> (<https:\/\/circleci.com\/gh\/dueyfinster\/blackteam\/tree\/develop|develop>)\n - Add Bootstrap styling to Django admin interface (<https:\/\/github.com\/dueyfinster\/blackteam\/commit\/946cd8905099d52dd635ed6b5c529211edbf8de0|946cd89> by GarryDavitt)\n",
                "id": 1,
                "color": "41aa58"
            }
        ],
        "type": "message",
        "subtype": "bot_message",
        "ts": "1436874260.000264"
    },
    {
        "text": "",
        "bot_id": "B0506GF16",
        "attachments": [
            {
                "fallback": "Build <https:\/\/magnum.travis-ci.com\/dueyfinster\/blackteam\/builds\/13605069|#184> (<https:\/\/github.com\/dueyfinster\/blackteam\/compare\/c3e347df905f...946cd8905099|946cd89>) of dueyfinster\/blackteam@develop by garrydavitt passed in 4 min 3 sec",
                "text": "Build <https:\/\/magnum.travis-ci.com\/dueyfinster\/blackteam\/builds\/13605069|#184> (<https:\/\/github.com\/dueyfinster\/blackteam\/compare\/c3e347df905f...946cd8905099|946cd89>) of dueyfinster\/blackteam@develop by garrydavitt passed in 4 min 3 sec",
                "id": 1,
                "color": "36a64f"
            }
        ],
        "type": "message",
        "subtype": "bot_message",
        "ts": "1436874345.000265"
    },
    {
        "text": "",
        "bot_id": "B052T590M",
        "attachments": [
            {
                "fallback": "[blackteam:develop] <https:\/\/github.com\/dueyfinster\/blackteam\/commit\/56f8b77|1 new commit> by garrydavitt",
                "text": "<https:\/\/github.com\/dueyfinster\/blackteam\/commit\/56f8b77|56f8b77>: improvements and tool tips to navbar icons - garrydavitt",
                "pretext": "[blackteam:develop] 1 new commit by garrydavitt:",
                "id": 1,
                "color": "4183C4",
                "mrkdwn_in": [
                    "text",
                    "pretext"
                ]
            }
        ],
        "type": "message",
        "subtype": "bot_message",
        "ts": "1436883631.000266"
    },
    {
        "text": "",
        "bot_id": "B056P06D5",
        "attachments": [
            {
                "fallback": "Success:  GarryDavitt's build (<https:\/\/circleci.com\/gh\/dueyfinster\/blackteam\/262|#262>; push in <https:\/\/circleci.com\/gh\/dueyfinster\/blackteam|dueyfinster\/blackteam> (<https:\/\/circleci.com\/gh\/dueyfinster\/blackteam\/tree\/develop|develop>)\n - improvements and tool tips to navbar icons (<https:\/\/github.com\/dueyfinster\/blackteam\/commit\/56f8b77ba9f50635bed422d083cf81b2c6498a5d|56f8b77> by GarryDavitt)\n",
                "text": "Success:  GarryDavitt's build (<https:\/\/circleci.com\/gh\/dueyfinster\/blackteam\/262|#262>; push in <https:\/\/circleci.com\/gh\/dueyfinster\/blackteam|dueyfinster\/blackteam> (<https:\/\/circleci.com\/gh\/dueyfinster\/blackteam\/tree\/develop|develop>)\n - improvements and tool tips to navbar icons (<https:\/\/github.com\/dueyfinster\/blackteam\/commit\/56f8b77ba9f50635bed422d083cf81b2c6498a5d|56f8b77> by GarryDavitt)\n",
                "id": 1,
                "color": "41aa58"
            }
        ],
        "type": "message",
        "subtype": "bot_message",
        "ts": "1436883850.000267"
    },
    {
        "text": "",
        "bot_id": "B0506GF16",
        "attachments": [
            {
                "fallback": "Build <https:\/\/magnum.travis-ci.com\/dueyfinster\/blackteam\/builds\/13610512|#185> (<https:\/\/github.com\/dueyfinster\/blackteam\/compare\/946cd8905099...56f8b77ba9f5|56f8b77>) of dueyfinster\/blackteam@develop by garrydavitt passed in 4 min 12 sec",
                "text": "Build <https:\/\/magnum.travis-ci.com\/dueyfinster\/blackteam\/builds\/13610512|#185> (<https:\/\/github.com\/dueyfinster\/blackteam\/compare\/946cd8905099...56f8b77ba9f5|56f8b77>) of dueyfinster\/blackteam@develop by garrydavitt passed in 4 min 12 sec",
                "id": 1,
                "color": "36a64f"
            }
        ],
        "type": "message",
        "subtype": "bot_message",
        "ts": "1436884027.000268"
    },
    {
        "text": "",
        "bot_id": "B052T590M",
        "attachments": [
            {
                "fallback": "[blackteam:develop] <https:\/\/github.com\/dueyfinster\/blackteam\/commit\/627279e|1 new commit> by garrydavitt",
                "text": "<https:\/\/github.com\/dueyfinster\/blackteam\/commit\/627279e|627279e>: improvements and reduce text and add survey link in introduction text - garrydavitt",
                "pretext": "[blackteam:develop] 1 new commit by garrydavitt:",
                "id": 1,
                "color": "4183C4",
                "mrkdwn_in": [
                    "text",
                    "pretext"
                ]
            }
        ],
        "type": "message",
        "subtype": "bot_message",
        "ts": "1436885025.000269"
    },
    {
        "text": "",
        "bot_id": "B052T590M",
        "attachments": [
            {
                "fallback": "[blackteam:develop] <https:\/\/github.com\/dueyfinster\/blackteam\/commit\/60d2190|1 new commit> by garrydavitt",
                "text": "<https:\/\/github.com\/dueyfinster\/blackteam\/commit\/60d2190|60d2190>: fix tags - garrydavitt",
                "pretext": "[blackteam:develop] 1 new commit by garrydavitt:",
                "id": 1,
                "color": "4183C4",
                "mrkdwn_in": [
                    "text",
                    "pretext"
                ]
            }
        ],
        "type": "message",
        "subtype": "bot_message",
        "ts": "1436885222.000270"
    },
    {
        "text": "",
        "bot_id": "B0506GF16",
        "attachments": [
            {
                "fallback": "Build <https:\/\/magnum.travis-ci.com\/dueyfinster\/blackteam\/builds\/13611506|#186> (<https:\/\/github.com\/dueyfinster\/blackteam\/compare\/56f8b77ba9f5...627279e8cc9b|627279e>) of dueyfinster\/blackteam@develop by garrydavitt passed in 4 min 15 sec",
                "text": "Build <https:\/\/magnum.travis-ci.com\/dueyfinster\/blackteam\/builds\/13611506|#186> (<https:\/\/github.com\/dueyfinster\/blackteam\/compare\/56f8b77ba9f5...627279e8cc9b|627279e>) of dueyfinster\/blackteam@develop by garrydavitt passed in 4 min 15 sec",
                "id": 1,
                "color": "36a64f"
            }
        ],
        "type": "message",
        "subtype": "bot_message",
        "ts": "1436885296.000271"
    },
    {
        "text": "",
        "bot_id": "B056P06D5",
        "attachments": [
            {
                "fallback": "Failed:  GarryDavitt's build (<https:\/\/circleci.com\/gh\/dueyfinster\/blackteam\/263|#263>; push in <https:\/\/circleci.com\/gh\/dueyfinster\/blackteam|dueyfinster\/blackteam> (<https:\/\/circleci.com\/gh\/dueyfinster\/blackteam\/tree\/develop|develop>)\n - improvements and reduce text and add survey link in introduction text (<https:\/\/github.com\/dueyfinster\/blackteam\/commit\/627279e8cc9b1a358e3b83461220d04c1efcd93b|627279e> by GarryDavitt)\n",
                "text": "Failed:  GarryDavitt's build (<https:\/\/circleci.com\/gh\/dueyfinster\/blackteam\/263|#263>; push in <https:\/\/circleci.com\/gh\/dueyfinster\/blackteam|dueyfinster\/blackteam> (<https:\/\/circleci.com\/gh\/dueyfinster\/blackteam\/tree\/develop|develop>)\n - improvements and reduce text and add survey link in introduction text (<https:\/\/github.com\/dueyfinster\/blackteam\/commit\/627279e8cc9b1a358e3b83461220d04c1efcd93b|627279e> by GarryDavitt)\n",
                "id": 1,
                "color": "d10c20"
            }
        ],
        "type": "message",
        "subtype": "bot_message",
        "ts": "1436885322.000272"
    },
    {
        "text": "",
        "bot_id": "B0506GF16",
        "attachments": [
            {
                "fallback": "Build <https:\/\/magnum.travis-ci.com\/dueyfinster\/blackteam\/builds\/13611658|#187> (<https:\/\/github.com\/dueyfinster\/blackteam\/compare\/627279e8cc9b...60d21904e5d1|60d2190>) of dueyfinster\/blackteam@develop by garrydavitt passed in 4 min 53 sec",
                "text": "Build <https:\/\/magnum.travis-ci.com\/dueyfinster\/blackteam\/builds\/13611658|#187> (<https:\/\/github.com\/dueyfinster\/blackteam\/compare\/627279e8cc9b...60d21904e5d1|60d2190>) of dueyfinster\/blackteam@develop by garrydavitt passed in 4 min 53 sec",
                "id": 1,
                "color": "36a64f"
            }
        ],
        "type": "message",
        "subtype": "bot_message",
        "ts": "1436885607.000273"
    },
    {
        "text": "",
        "bot_id": "B056P06D5",
        "attachments": [
            {
                "fallback": "Failed:  GarryDavitt's build (<https:\/\/circleci.com\/gh\/dueyfinster\/blackteam\/264|#264>; push in <https:\/\/circleci.com\/gh\/dueyfinster\/blackteam|dueyfinster\/blackteam> (<https:\/\/circleci.com\/gh\/dueyfinster\/blackteam\/tree\/develop|develop>)\n - fix tags (<https:\/\/github.com\/dueyfinster\/blackteam\/commit\/60d21904e5d1a4b0788680051056399cd578738a|60d2190> by GarryDavitt)\n",
                "text": "Failed:  GarryDavitt's build (<https:\/\/circleci.com\/gh\/dueyfinster\/blackteam\/264|#264>; push in <https:\/\/circleci.com\/gh\/dueyfinster\/blackteam|dueyfinster\/blackteam> (<https:\/\/circleci.com\/gh\/dueyfinster\/blackteam\/tree\/develop|develop>)\n - fix tags (<https:\/\/github.com\/dueyfinster\/blackteam\/commit\/60d21904e5d1a4b0788680051056399cd578738a|60d2190> by GarryDavitt)\n",
                "id": 1,
                "color": "d10c20"
            }
        ],
        "type": "message",
        "subtype": "bot_message",
        "ts": "1436885615.000274"
    },
    {
        "text": "",
        "bot_id": "B052T590M",
        "attachments": [
            {
                "fallback": "[blackteam:develop] <https:\/\/github.com\/dueyfinster\/blackteam\/commit\/fe97e28|1 new commit> by Neil Grogan",
                "text": "<https:\/\/github.com\/dueyfinster\/blackteam\/commit\/fe97e28|fe97e28>: Added crispy forms to requirements - Neil Grogan",
                "pretext": "[blackteam:develop] 1 new commit by Neil Grogan:",
                "id": 1,
                "color": "4183C4",
                "mrkdwn_in": [
                    "text",
                    "pretext"
                ]
            }
        ],
        "type": "message",
        "subtype": "bot_message",
        "ts": "1436909202.000275"
    },
    {
        "text": "",
        "bot_id": "B056P06D5",
        "attachments": [
            {
                "fallback": "Failed:  dueyfinster's build (<https:\/\/circleci.com\/gh\/dueyfinster\/blackteam\/265|#265>; push in <https:\/\/circleci.com\/gh\/dueyfinster\/blackteam|dueyfinster\/blackteam> (<https:\/\/circleci.com\/gh\/dueyfinster\/blackteam\/tree\/develop|develop>)\n - Added crispy forms to requirements (<https:\/\/github.com\/dueyfinster\/blackteam\/commit\/fe97e288c90f0eccb9b1ddc0ef827dcda5b59fa3|fe97e28> by Neil Grogan)\n",
                "text": "Failed:  dueyfinster's build (<https:\/\/circleci.com\/gh\/dueyfinster\/blackteam\/265|#265>; push in <https:\/\/circleci.com\/gh\/dueyfinster\/blackteam|dueyfinster\/blackteam> (<https:\/\/circleci.com\/gh\/dueyfinster\/blackteam\/tree\/develop|develop>)\n - Added crispy forms to requirements (<https:\/\/github.com\/dueyfinster\/blackteam\/commit\/fe97e288c90f0eccb9b1ddc0ef827dcda5b59fa3|fe97e28> by Neil Grogan)\n",
                "id": 1,
                "color": "d10c20"
            }
        ],
        "type": "message",
        "subtype": "bot_message",
        "ts": "1436909453.000276"
    },
    {
        "text": "",
        "bot_id": "B0506GF16",
        "attachments": [
            {
                "fallback": "Build <https:\/\/magnum.travis-ci.com\/dueyfinster\/blackteam\/builds\/13628398|#188> (<https:\/\/github.com\/dueyfinster\/blackteam\/compare\/60d21904e5d1...fe97e288c90f|fe97e28>) of dueyfinster\/blackteam@develop by Neil Grogan passed in 4 min 26 sec",
                "text": "Build <https:\/\/magnum.travis-ci.com\/dueyfinster\/blackteam\/builds\/13628398|#188> (<https:\/\/github.com\/dueyfinster\/blackteam\/compare\/60d21904e5d1...fe97e288c90f|fe97e28>) of dueyfinster\/blackteam@develop by Neil Grogan passed in 4 min 26 sec",
                "id": 1,
                "color": "36a64f"
            }
        ],
        "type": "message",
        "subtype": "bot_message",
        "ts": "1436909495.000277"
    },
    {
        "text": "",
        "bot_id": "B052T590M",
        "attachments": [
            {
                "fallback": "[blackteam:develop] <https:\/\/github.com\/dueyfinster\/blackteam\/commit\/3a49470|1 new commit> by Neil Grogan",
                "text": "<https:\/\/github.com\/dueyfinster\/blackteam\/commit\/3a49470|3a49470>: Added crispy form example - need to clean up to fields we need - will elicit feedback - Neil Grogan",
                "pretext": "[blackteam:develop] 1 new commit by Neil Grogan:",
                "id": 1,
                "color": "4183C4",
                "mrkdwn_in": [
                    "text",
                    "pretext"
                ]
            }
        ],
        "type": "message",
        "subtype": "bot_message",
        "ts": "1436911319.000278"
    },
    {
        "text": "",
        "bot_id": "B0506GF16",
        "attachments": [
            {
                "fallback": "Build <https:\/\/magnum.travis-ci.com\/dueyfinster\/blackteam\/builds\/13629829|#189> (<https:\/\/github.com\/dueyfinster\/blackteam\/compare\/fe97e288c90f...3a49470ff017|3a49470>) of dueyfinster\/blackteam@develop by Neil Grogan passed in 4 min 15 sec",
                "text": "Build <https:\/\/magnum.travis-ci.com\/dueyfinster\/blackteam\/builds\/13629829|#189> (<https:\/\/github.com\/dueyfinster\/blackteam\/compare\/fe97e288c90f...3a49470ff017|3a49470>) of dueyfinster\/blackteam@develop by Neil Grogan passed in 4 min 15 sec",
                "id": 1,
                "color": "36a64f"
            }
        ],
        "type": "message",
        "subtype": "bot_message",
        "ts": "1436911596.000279"
    },
    {
        "text": "",
        "bot_id": "B056P06D5",
        "attachments": [
            {
                "fallback": "Failed:  dueyfinster's build (<https:\/\/circleci.com\/gh\/dueyfinster\/blackteam\/266|#266>; push in <https:\/\/circleci.com\/gh\/dueyfinster\/blackteam|dueyfinster\/blackteam> (<https:\/\/circleci.com\/gh\/dueyfinster\/blackteam\/tree\/develop|develop>)\n - Added crispy form example - need to clean up to fields we need - will elicit fee (<https:\/\/github.com\/dueyfinster\/blackteam\/commit\/3a49470ff01710915fd7a219ed0cefa0b049317e|3a49470> by Neil Grogan)\n",
                "text": "Failed:  dueyfinster's build (<https:\/\/circleci.com\/gh\/dueyfinster\/blackteam\/266|#266>; push in <https:\/\/circleci.com\/gh\/dueyfinster\/blackteam|dueyfinster\/blackteam> (<https:\/\/circleci.com\/gh\/dueyfinster\/blackteam\/tree\/develop|develop>)\n - Added crispy form example - need to clean up to fields we need - will elicit fee (<https:\/\/github.com\/dueyfinster\/blackteam\/commit\/3a49470ff01710915fd7a219ed0cefa0b049317e|3a49470> by Neil Grogan)\n",
                "id": 1,
                "color": "d10c20"
            }
        ],
        "type": "message",
        "subtype": "bot_message",
        "ts": "1436911761.000280"
    }
]