[
    {
        "user": "U04UQLQPP",
        "type": "message",
        "subtype": "channel_join",
        "text": "<@U04UQLQPP|neilgrogan> has joined the channel",
        "ts": "1432288654.000002"
    },
    {
        "user": "U04UQLQPP",
        "purpose": "Continuous Integration",
        "type": "message",
        "subtype": "channel_purpose",
        "text": "<@U04UQLQPP|neilgrogan> set the channel purpose: Continuous Integration",
        "ts": "1432288654.000003"
    },
    {
        "text": "",
        "bot_id": "B0506GF16",
        "attachments": [
            {
                "fallback": "Build <http:\/\/travis-ci.org\/dueyfinster\/djangotest\/builds\/63628212|#18> (<https:\/\/github.com\/dueyfinster\/djangotest\/compare\/25fbd06f258a...d1106da3c6de|d1106da>) of dueyfinster\/djangotest@master by Neil Grogan errored in 0 min 27 sec",
                "text": "Build <http:\/\/travis-ci.org\/dueyfinster\/djangotest\/builds\/63628212|#18> (<https:\/\/github.com\/dueyfinster\/djangotest\/compare\/25fbd06f258a...d1106da3c6de|d1106da>) of dueyfinster\/djangotest@master by Neil Grogan errored in 0 min 27 sec",
                "id": 1,
                "color": "daa038"
            }
        ],
        "type": "message",
        "subtype": "bot_message",
        "ts": "1432289848.000009"
    },
    {
        "text": "",
        "bot_id": "B050U8ZM1",
        "attachments": [
            {
                "fallback": "[djangotest:master] <https:\/\/github.com\/dueyfinster\/djangotest\/commit\/8a25fe3|1 new commit> by Neil Grogan",
                "text": "<https:\/\/github.com\/dueyfinster\/djangotest\/commit\/8a25fe3|8a25fe3>: updated travis file to source .env - Neil Grogan",
                "pretext": "[djangotest:master] 1 new commit by Neil Grogan:",
                "id": 1,
                "color": "4183C4",
                "mrkdwn_in": [
                    "text",
                    "pretext"
                ]
            }
        ],
        "type": "message",
        "subtype": "bot_message",
        "ts": "1432290243.000010"
    },
    {
        "text": "",
        "bot_id": "B0506GF16",
        "attachments": [
            {
                "fallback": "Build <http:\/\/travis-ci.org\/dueyfinster\/djangotest\/builds\/63629010|#19> (<https:\/\/github.com\/dueyfinster\/djangotest\/compare\/d1106da3c6de...8a25fe36cf71|8a25fe3>) of dueyfinster\/djangotest@master by Neil Grogan errored in 0 min 24 sec",
                "text": "Build <http:\/\/travis-ci.org\/dueyfinster\/djangotest\/builds\/63629010|#19> (<https:\/\/github.com\/dueyfinster\/djangotest\/compare\/d1106da3c6de...8a25fe36cf71|8a25fe3>) of dueyfinster\/djangotest@master by Neil Grogan errored in 0 min 24 sec",
                "id": 1,
                "color": "daa038"
            }
        ],
        "type": "message",
        "subtype": "bot_message",
        "ts": "1432290300.000011"
    },
    {
        "text": "",
        "bot_id": "B050U8ZM1",
        "attachments": [
            {
                "fallback": "[djangotest:master] <https:\/\/github.com\/dueyfinster\/djangotest\/commit\/5107342|1 new commit> by Neil Grogan",
                "text": "<https:\/\/github.com\/dueyfinster\/djangotest\/commit\/5107342|5107342>: added quotes to env file - Neil Grogan",
                "pretext": "[djangotest:master] 1 new commit by Neil Grogan:",
                "id": 1,
                "color": "4183C4",
                "mrkdwn_in": [
                    "text",
                    "pretext"
                ]
            }
        ],
        "type": "message",
        "subtype": "bot_message",
        "ts": "1432290352.000012"
    },
    {
        "text": "",
        "bot_id": "B0506GF16",
        "attachments": [
            {
                "fallback": "Build <http:\/\/travis-ci.org\/dueyfinster\/djangotest\/builds\/63629256|#20> (<https:\/\/github.com\/dueyfinster\/djangotest\/compare\/8a25fe36cf71...510734220def|5107342>) of dueyfinster\/djangotest@master by Neil Grogan errored in 0 min 23 sec",
                "text": "Build <http:\/\/travis-ci.org\/dueyfinster\/djangotest\/builds\/63629256|#20> (<https:\/\/github.com\/dueyfinster\/djangotest\/compare\/8a25fe36cf71...510734220def|5107342>) of dueyfinster\/djangotest@master by Neil Grogan errored in 0 min 23 sec",
                "id": 1,
                "color": "daa038"
            }
        ],
        "type": "message",
        "subtype": "bot_message",
        "ts": "1432290417.000013"
    },
    {
        "text": "",
        "bot_id": "B050U8ZM1",
        "attachments": [
            {
                "fallback": "[djangotest:master] <https:\/\/github.com\/dueyfinster\/djangotest\/commit\/21a60e0|1 new commit> by Neil Grogan",
                "text": "<https:\/\/github.com\/dueyfinster\/djangotest\/commit\/21a60e0|21a60e0>: added env variables to travis.yml file - Neil Grogan",
                "pretext": "[djangotest:master] 1 new commit by Neil Grogan:",
                "id": 1,
                "color": "4183C4",
                "mrkdwn_in": [
                    "text",
                    "pretext"
                ]
            }
        ],
        "type": "message",
        "subtype": "bot_message",
        "ts": "1432290556.000014"
    },
    {
        "text": "",
        "bot_id": "B0506GF16",
        "attachments": [
            {
                "fallback": "Build <http:\/\/travis-ci.org\/dueyfinster\/djangotest\/builds\/63629659|#21> (<https:\/\/github.com\/dueyfinster\/djangotest\/compare\/510734220def...21a60e07bac1|21a60e0>) of dueyfinster\/djangotest@master by Neil Grogan errored in 2 min 50 sec",
                "text": "Build <http:\/\/travis-ci.org\/dueyfinster\/djangotest\/builds\/63629659|#21> (<https:\/\/github.com\/dueyfinster\/djangotest\/compare\/510734220def...21a60e07bac1|21a60e0>) of dueyfinster\/djangotest@master by Neil Grogan errored in 2 min 50 sec",
                "id": 1,
                "color": "daa038"
            }
        ],
        "type": "message",
        "subtype": "bot_message",
        "ts": "1432290656.000015"
    },
    {
        "text": "",
        "bot_id": "B050U8ZM1",
        "attachments": [
            {
                "fallback": "[djangotest:master] <https:\/\/github.com\/dueyfinster\/djangotest\/commit\/1aa7db6|1 new commit> by Neil Grogan",
                "text": "<https:\/\/github.com\/dueyfinster\/djangotest\/commit\/1aa7db6|1aa7db6>: Quoted secret key, will echo in build - Neil Grogan",
                "pretext": "[djangotest:master] 1 new commit by Neil Grogan:",
                "id": 1,
                "color": "4183C4",
                "mrkdwn_in": [
                    "text",
                    "pretext"
                ]
            }
        ],
        "type": "message",
        "subtype": "bot_message",
        "ts": "1432290856.000016"
    },
    {
        "text": "",
        "bot_id": "B0506GF16",
        "attachments": [
            {
                "fallback": "Build <http:\/\/travis-ci.org\/dueyfinster\/djangotest\/builds\/63630297|#22> (<https:\/\/github.com\/dueyfinster\/djangotest\/compare\/21a60e07bac1...1aa7db603d86|1aa7db6>) of dueyfinster\/djangotest@master by Neil Grogan errored in 3 min 21 sec",
                "text": "Build <http:\/\/travis-ci.org\/dueyfinster\/djangotest\/builds\/63630297|#22> (<https:\/\/github.com\/dueyfinster\/djangotest\/compare\/21a60e07bac1...1aa7db603d86|1aa7db6>) of dueyfinster\/djangotest@master by Neil Grogan errored in 3 min 21 sec",
                "id": 1,
                "color": "daa038"
            }
        ],
        "type": "message",
        "subtype": "bot_message",
        "ts": "1432290957.000017"
    },
    {
        "text": "",
        "bot_id": "B050U8ZM1",
        "attachments": [
            {
                "fallback": "[djangotest:master] <https:\/\/github.com\/dueyfinster\/djangotest\/commit\/5a42b11|1 new commit> by Neil Grogan",
                "text": "<https:\/\/github.com\/dueyfinster\/djangotest\/commit\/5a42b11|5a42b11>: made travis variables global - Neil Grogan",
                "pretext": "[djangotest:master] 1 new commit by Neil Grogan:",
                "id": 1,
                "color": "4183C4",
                "mrkdwn_in": [
                    "text",
                    "pretext"
                ]
            }
        ],
        "type": "message",
        "subtype": "bot_message",
        "ts": "1432291059.000018"
    },
    {
        "text": "",
        "bot_id": "B0506GF16",
        "attachments": [
            {
                "fallback": "Build <http:\/\/travis-ci.org\/dueyfinster\/djangotest\/builds\/63630677|#23> (<https:\/\/github.com\/dueyfinster\/djangotest\/compare\/1aa7db603d86...5a42b11c2440|5a42b11>) of dueyfinster\/djangotest@master by Neil Grogan errored in 0 min 29 sec",
                "text": "Build <http:\/\/travis-ci.org\/dueyfinster\/djangotest\/builds\/63630677|#23> (<https:\/\/github.com\/dueyfinster\/djangotest\/compare\/1aa7db603d86...5a42b11c2440|5a42b11>) of dueyfinster\/djangotest@master by Neil Grogan errored in 0 min 29 sec",
                "id": 1,
                "color": "daa038"
            }
        ],
        "type": "message",
        "subtype": "bot_message",
        "ts": "1432291132.000019"
    },
    {
        "text": "",
        "bot_id": "B050U8ZM1",
        "attachments": [
            {
                "fallback": "[djangotest:master] <https:\/\/github.com\/dueyfinster\/djangotest\/commit\/e34a828|1 new commit> by Neil Grogan",
                "text": "<https:\/\/github.com\/dueyfinster\/djangotest\/commit\/e34a828|e34a828>: updated path to postgres db to localhost for travis - Neil Grogan",
                "pretext": "[djangotest:master] 1 new commit by Neil Grogan:",
                "id": 1,
                "color": "4183C4",
                "mrkdwn_in": [
                    "text",
                    "pretext"
                ]
            }
        ],
        "type": "message",
        "subtype": "bot_message",
        "ts": "1432291365.000020"
    },
    {
        "text": "",
        "bot_id": "B0506GF16",
        "attachments": [
            {
                "fallback": "Build <http:\/\/travis-ci.org\/dueyfinster\/djangotest\/builds\/63631170|#24> (<https:\/\/github.com\/dueyfinster\/djangotest\/compare\/5a42b11c2440...e34a8288d7bc|e34a828>) of dueyfinster\/djangotest@master by Neil Grogan failed in 0 min 39 sec",
                "text": "Build <http:\/\/travis-ci.org\/dueyfinster\/djangotest\/builds\/63631170|#24> (<https:\/\/github.com\/dueyfinster\/djangotest\/compare\/5a42b11c2440...e34a8288d7bc|e34a828>) of dueyfinster\/djangotest@master by Neil Grogan failed in 0 min 39 sec",
                "id": 1,
                "color": "d00000"
            }
        ],
        "type": "message",
        "subtype": "bot_message",
        "ts": "1432291439.000021"
    },
    {
        "text": "",
        "bot_id": "B050U8ZM1",
        "attachments": [
            {
                "fallback": "[djangotest:master] <https:\/\/github.com\/dueyfinster\/djangotest\/commit\/39d072c|1 new commit> by Neil Grogan",
                "text": "<https:\/\/github.com\/dueyfinster\/djangotest\/commit\/39d072c|39d072c>: updated path in travis to apps - Neil Grogan",
                "pretext": "[djangotest:master] 1 new commit by Neil Grogan:",
                "id": 1,
                "color": "4183C4",
                "mrkdwn_in": [
                    "text",
                    "pretext"
                ]
            }
        ],
        "type": "message",
        "subtype": "bot_message",
        "ts": "1432291490.000022"
    },
    {
        "text": "",
        "bot_id": "B0506GF16",
        "attachments": [
            {
                "fallback": "Build <http:\/\/travis-ci.org\/dueyfinster\/djangotest\/builds\/63631350|#25> (<https:\/\/github.com\/dueyfinster\/djangotest\/compare\/e34a8288d7bc...39d072c5002b|39d072c>) of dueyfinster\/djangotest@master by Neil Grogan failed in 0 min 25 sec",
                "text": "Build <http:\/\/travis-ci.org\/dueyfinster\/djangotest\/builds\/63631350|#25> (<https:\/\/github.com\/dueyfinster\/djangotest\/compare\/e34a8288d7bc...39d072c5002b|39d072c>) of dueyfinster\/djangotest@master by Neil Grogan failed in 0 min 25 sec",
                "id": 1,
                "color": "d00000"
            }
        ],
        "type": "message",
        "subtype": "bot_message",
        "ts": "1432291547.000023"
    },
    {
        "text": "",
        "bot_id": "B050U8ZM1",
        "attachments": [
            {
                "fallback": "[djangotest:master] <https:\/\/github.com\/dueyfinster\/djangotest\/commit\/edc16e0|1 new commit> by Neil Grogan",
                "text": "<https:\/\/github.com\/dueyfinster\/djangotest\/commit\/edc16e0|edc16e0>: updated requirements so pip will install coverage - Neil Grogan",
                "pretext": "[djangotest:master] 1 new commit by Neil Grogan:",
                "id": 1,
                "color": "4183C4",
                "mrkdwn_in": [
                    "text",
                    "pretext"
                ]
            }
        ],
        "type": "message",
        "subtype": "bot_message",
        "ts": "1432291663.000024"
    },
    {
        "text": "",
        "bot_id": "B0506GF16",
        "attachments": [
            {
                "fallback": "Build <http:\/\/travis-ci.org\/dueyfinster\/djangotest\/builds\/63631744|#26> (<https:\/\/github.com\/dueyfinster\/djangotest\/compare\/39d072c5002b...edc16e02c878|edc16e0>) of dueyfinster\/djangotest@master by Neil Grogan passed in 0 min 42 sec",
                "text": "Build <http:\/\/travis-ci.org\/dueyfinster\/djangotest\/builds\/63631744|#26> (<https:\/\/github.com\/dueyfinster\/djangotest\/compare\/39d072c5002b...edc16e02c878|edc16e0>) of dueyfinster\/djangotest@master by Neil Grogan passed in 0 min 42 sec",
                "id": 1,
                "color": "36a64f"
            }
        ],
        "type": "message",
        "subtype": "bot_message",
        "ts": "1432291734.000025"
    },
    {
        "text": "",
        "bot_id": "B050U8ZM1",
        "attachments": [
            {
                "fallback": "[djangotest:master] <https:\/\/github.com\/dueyfinster\/djangotest\/commit\/55bb245|1 new commit> by Neil Grogan",
                "text": "<https:\/\/github.com\/dueyfinster\/djangotest\/commit\/55bb245|55bb245>: added coveralls file - Neil Grogan",
                "pretext": "[djangotest:master] 1 new commit by Neil Grogan:",
                "id": 1,
                "color": "4183C4",
                "mrkdwn_in": [
                    "text",
                    "pretext"
                ]
            }
        ],
        "type": "message",
        "subtype": "bot_message",
        "ts": "1432291871.000026"
    },
    {
        "text": "",
        "bot_id": "B0506GF16",
        "attachments": [
            {
                "fallback": "Build <http:\/\/travis-ci.org\/dueyfinster\/djangotest\/builds\/63632199|#27> (<https:\/\/github.com\/dueyfinster\/djangotest\/compare\/edc16e02c878...55bb245bacba|55bb245>) of dueyfinster\/djangotest@master by Neil Grogan passed in 0 min 50 sec",
                "text": "Build <http:\/\/travis-ci.org\/dueyfinster\/djangotest\/builds\/63632199|#27> (<https:\/\/github.com\/dueyfinster\/djangotest\/compare\/edc16e02c878...55bb245bacba|55bb245>) of dueyfinster\/djangotest@master by Neil Grogan passed in 0 min 50 sec",
                "id": 1,
                "color": "36a64f"
            }
        ],
        "type": "message",
        "subtype": "bot_message",
        "ts": "1432291955.000027"
    },
    {
        "text": "",
        "bot_id": "B050U8ZM1",
        "attachments": [
            {
                "fallback": "[djangotest:master] <https:\/\/github.com\/dueyfinster\/djangotest\/commit\/146b638|1 new commit> by Neil Grogan",
                "text": "<https:\/\/github.com\/dueyfinster\/djangotest\/commit\/146b638|146b638>: added readme - Neil Grogan",
                "pretext": "[djangotest:master] 1 new commit by Neil Grogan:",
                "id": 1,
                "color": "4183C4",
                "mrkdwn_in": [
                    "text",
                    "pretext"
                ]
            }
        ],
        "type": "message",
        "subtype": "bot_message",
        "ts": "1432292048.000028"
    },
    {
        "text": "",
        "bot_id": "B0506GF16",
        "attachments": [
            {
                "fallback": "Build <http:\/\/travis-ci.org\/dueyfinster\/djangotest\/builds\/63632519|#28> (<https:\/\/github.com\/dueyfinster\/djangotest\/compare\/55bb245bacba...146b63843cf1|146b638>) of dueyfinster\/djangotest@master by Neil Grogan passed in 0 min 38 sec",
                "text": "Build <http:\/\/travis-ci.org\/dueyfinster\/djangotest\/builds\/63632519|#28> (<https:\/\/github.com\/dueyfinster\/djangotest\/compare\/55bb245bacba...146b63843cf1|146b638>) of dueyfinster\/djangotest@master by Neil Grogan passed in 0 min 38 sec",
                "id": 1,
                "color": "36a64f"
            }
        ],
        "type": "message",
        "subtype": "bot_message",
        "ts": "1432292129.000029"
    },
    {
        "text": "",
        "bot_id": "B050U8ZM1",
        "attachments": [
            {
                "fallback": "[djangotest:master] <https:\/\/github.com\/dueyfinster\/djangotest\/commit\/0f9a17f|1 new commit> by Neil Grogan",
                "text": "<https:\/\/github.com\/dueyfinster\/djangotest\/commit\/0f9a17f|0f9a17f>: Updated README with Build Status - Neil Grogan",
                "pretext": "[djangotest:master] 1 new commit by Neil Grogan:",
                "id": 1,
                "color": "4183C4",
                "mrkdwn_in": [
                    "text",
                    "pretext"
                ]
            }
        ],
        "type": "message",
        "subtype": "bot_message",
        "ts": "1432296888.000032"
    },
    {
        "text": "",
        "bot_id": "B050U8ZM1",
        "attachments": [
            {
                "fallback": "[djangotest:master] <https:\/\/github.com\/dueyfinster\/djangotest\/compare\/0f9a17f6cfd6...c1796e344e69|2 new commits> by Neil Grogan",
                "text": "<https:\/\/github.com\/dueyfinster\/djangotest\/commit\/6153d9b|6153d9b>: Updated README with Build Status - Neil Grogan\n <https:\/\/github.com\/dueyfinster\/djangotest\/commit\/c1796e3|c1796e3>: Updated README with Build Status - Neil Grogan",
                "pretext": "[djangotest:master] <https:\/\/github.com\/dueyfinster\/djangotest\/compare\/0f9a17f6cfd6...c1796e344e69|2 new commits> by Neil Grogan:",
                "id": 1,
                "color": "4183C4",
                "mrkdwn_in": [
                    "text",
                    "pretext"
                ]
            }
        ],
        "type": "message",
        "subtype": "bot_message",
        "ts": "1432297482.000033"
    },
    {
        "text": "",
        "bot_id": "B0506GF16",
        "attachments": [
            {
                "fallback": "Build <http:\/\/magnum.travis-ci.com\/dueyfinster\/djangotest\/builds\/12144419|#1> (<https:\/\/github.com\/dueyfinster\/djangotest\/compare\/0f9a17f6cfd6...c1796e344e69|c1796e3>) of dueyfinster\/djangotest@master by Neil Grogan passed in 0 min 35 sec",
                "text": "Build <http:\/\/magnum.travis-ci.com\/dueyfinster\/djangotest\/builds\/12144419|#1> (<https:\/\/github.com\/dueyfinster\/djangotest\/compare\/0f9a17f6cfd6...c1796e344e69|c1796e3>) of dueyfinster\/djangotest@master by Neil Grogan passed in 0 min 35 sec",
                "id": 1,
                "color": "36a64f"
            }
        ],
        "type": "message",
        "subtype": "bot_message",
        "ts": "1432297571.000034"
    },
    {
        "type": "message",
        "user": "U04UQLQPP",
        "text": "I've made the builds and repo private now",
        "ts": "1432297712.000035"
    },
    {
        "text": "",
        "bot_id": "B050U8ZM1",
        "attachments": [
            {
                "fallback": "[djangotest:master] <https:\/\/github.com\/dueyfinster\/djangotest\/commit\/61a3b06|1 new commit> by Neil Grogan",
                "text": "<https:\/\/github.com\/dueyfinster\/djangotest\/commit\/61a3b06|61a3b06>: Updated README with link to tutorial - Neil Grogan",
                "pretext": "[djangotest:master] 1 new commit by Neil Grogan:",
                "id": 1,
                "color": "4183C4",
                "mrkdwn_in": [
                    "text",
                    "pretext"
                ]
            }
        ],
        "type": "message",
        "subtype": "bot_message",
        "ts": "1432302667.000036"
    },
    {
        "text": "",
        "bot_id": "B0506GF16",
        "attachments": [
            {
                "fallback": "Build <http:\/\/magnum.travis-ci.com\/dueyfinster\/djangotest\/builds\/12147241|#2> (<https:\/\/github.com\/dueyfinster\/djangotest\/compare\/c1796e344e69...61a3b063bc68|61a3b06>) of dueyfinster\/djangotest@master by Neil Grogan passed in 0 min 46 sec",
                "text": "Build <http:\/\/magnum.travis-ci.com\/dueyfinster\/djangotest\/builds\/12147241|#2> (<https:\/\/github.com\/dueyfinster\/djangotest\/compare\/c1796e344e69...61a3b063bc68|61a3b06>) of dueyfinster\/djangotest@master by Neil Grogan passed in 0 min 46 sec",
                "id": 1,
                "color": "36a64f"
            }
        ],
        "type": "message",
        "subtype": "bot_message",
        "ts": "1432302753.000042"
    },
    {
        "text": "",
        "bot_id": "B050U8ZM1",
        "attachments": [
            {
                "fallback": "[djangotest:master] <https:\/\/github.com\/dueyfinster\/djangotest\/commit\/f54729b|1 new commit> by Neil Grogan",
                "text": "<https:\/\/github.com\/dueyfinster\/djangotest\/commit\/f54729b|f54729b>: added code climate config file - Neil Grogan",
                "pretext": "[djangotest:master] 1 new commit by Neil Grogan:",
                "id": 1,
                "color": "4183C4",
                "mrkdwn_in": [
                    "text",
                    "pretext"
                ]
            }
        ],
        "type": "message",
        "subtype": "bot_message",
        "ts": "1432303624.000043"
    },
    {
        "text": "",
        "bot_id": "B0506GF16",
        "attachments": [
            {
                "fallback": "Build <http:\/\/magnum.travis-ci.com\/dueyfinster\/djangotest\/builds\/12147913|#3> (<https:\/\/github.com\/dueyfinster\/djangotest\/compare\/61a3b063bc68...f54729b884f3|f54729b>) of dueyfinster\/djangotest@master by Neil Grogan passed in 0 min 44 sec",
                "text": "Build <http:\/\/magnum.travis-ci.com\/dueyfinster\/djangotest\/builds\/12147913|#3> (<https:\/\/github.com\/dueyfinster\/djangotest\/compare\/61a3b063bc68...f54729b884f3|f54729b>) of dueyfinster\/djangotest@master by Neil Grogan passed in 0 min 44 sec",
                "id": 1,
                "color": "36a64f"
            }
        ],
        "type": "message",
        "subtype": "bot_message",
        "ts": "1432303719.000044"
    },
    {
        "text": "",
        "username": "Code Quality",
        "bot_id": "B050XDY4P",
        "attachments": [
            {
                "fallback": "Quality alert triggered for *dueyfinster\/djangotest* (<https:\/\/codeclimate.com\/github\/dueyfinster\/djangotest\/compare\/91a59adf...dff350b6|Compare>)\n\n\u2022 _0001_initial.py_ was just created and is an *A*",
                "id": 1,
                "color": "ed2f00",
                "fields": [
                    {
                        "title": "",
                        "value": "Quality alert triggered for *dueyfinster\/djangotest* (<https:\/\/codeclimate.com\/github\/dueyfinster\/djangotest\/compare\/91a59adf...dff350b6|Compare>)\n\n\u2022 _0001_initial.py_ was just created and is an *A*",
                        "short": false
                    }
                ],
                "mrkdwn_in": [
                    "fields",
                    "fallback"
                ]
            }
        ],
        "type": "message",
        "subtype": "bot_message",
        "ts": "1432306804.000045"
    },
    {
        "text": "",
        "username": "Code Quality",
        "bot_id": "B050XDY4P",
        "attachments": [
            {
                "fallback": "[dueyfinster\/djangotest] This is a test of the Slack service hook",
                "id": 1,
                "fields": [
                    {
                        "title": "",
                        "value": "[dueyfinster\/djangotest] This is a test of the Slack service hook",
                        "short": false
                    }
                ],
                "mrkdwn_in": [
                    "fields",
                    "fallback"
                ]
            }
        ],
        "type": "message",
        "subtype": "bot_message",
        "ts": "1432306804.000046"
    },
    {
        "text": "",
        "bot_id": "B050U8ZM1",
        "attachments": [
            {
                "fallback": "[djangotest:master] <https:\/\/github.com\/dueyfinster\/djangotest\/commit\/fee7bdf|1 new commit> by Neil Grogan",
                "text": "<https:\/\/github.com\/dueyfinster\/djangotest\/commit\/fee7bdf|fee7bdf>: Updated readme with deployment diagram - Neil Grogan",
                "pretext": "[djangotest:master] 1 new commit by Neil Grogan:",
                "id": 1,
                "color": "4183C4",
                "mrkdwn_in": [
                    "text",
                    "pretext"
                ]
            }
        ],
        "type": "message",
        "subtype": "bot_message",
        "ts": "1432307141.000047"
    },
    {
        "text": "",
        "bot_id": "B0506GF16",
        "attachments": [
            {
                "fallback": "Build <http:\/\/magnum.travis-ci.com\/dueyfinster\/djangotest\/builds\/12150253|#4> (<https:\/\/github.com\/dueyfinster\/djangotest\/compare\/f54729b884f3...fee7bdf313a3|fee7bdf>) of dueyfinster\/djangotest@master by Neil Grogan passed in 0 min 39 sec",
                "text": "Build <http:\/\/magnum.travis-ci.com\/dueyfinster\/djangotest\/builds\/12150253|#4> (<https:\/\/github.com\/dueyfinster\/djangotest\/compare\/f54729b884f3...fee7bdf313a3|fee7bdf>) of dueyfinster\/djangotest@master by Neil Grogan passed in 0 min 39 sec",
                "id": 1,
                "color": "36a64f"
            }
        ],
        "type": "message",
        "subtype": "bot_message",
        "ts": "1432307232.000048"
    },
    {
        "text": "",
        "bot_id": "B050U8ZM1",
        "attachments": [
            {
                "fallback": "[dueyfinster\/djangotest] <https:\/\/github.com\/dueyfinster\/djangotest\/issues\/1|Issue created> by <https:\/\/github.com\/dueyfinster|dueyfinster>",
                "pretext": "[dueyfinster\/djangotest] Issue created by <https:\/\/github.com\/dueyfinster|dueyfinster>",
                "title": "#1 Test ticket from Code Climate",
                "id": 1,
                "title_link": "https:\/\/github.com\/dueyfinster\/djangotest\/issues\/1",
                "color": "F29513",
                "mrkdwn_in": [
                    "text",
                    "pretext"
                ]
            }
        ],
        "type": "message",
        "subtype": "bot_message",
        "ts": "1432335151.000049"
    },
    {
        "text": "",
        "bot_id": "B050U8ZM1",
        "attachments": [
            {
                "fallback": "[dueyfinster\/djangotest] Issue closed: <https:\/\/github.com\/dueyfinster\/djangotest\/issues\/1|#1 Test ticket from Code Climate> by <https:\/\/github.com\/dueyfinster|dueyfinster>",
                "text": "[dueyfinster\/djangotest] Issue closed: <https:\/\/github.com\/dueyfinster\/djangotest\/issues\/1|#1 Test ticket from Code Climate> by <https:\/\/github.com\/dueyfinster|dueyfinster>",
                "id": 1,
                "color": "E3E4E6",
                "mrkdwn_in": [
                    "text",
                    "pretext"
                ]
            }
        ],
        "type": "message",
        "subtype": "bot_message",
        "ts": "1432335195.000050"
    },
    {
        "text": "",
        "bot_id": "B050U8ZM1",
        "attachments": [
            {
                "fallback": "[djangotest:master] <https:\/\/github.com\/dueyfinster\/djangotest\/commit\/97523a7|1 new commit> by Neil Grogan",
                "text": "<https:\/\/github.com\/dueyfinster\/djangotest\/commit\/97523a7|97523a7>: Added Code Climate badge to README - Neil Grogan",
                "pretext": "[djangotest:master] 1 new commit by Neil Grogan:",
                "id": 1,
                "color": "4183C4",
                "mrkdwn_in": [
                    "text",
                    "pretext"
                ]
            }
        ],
        "type": "message",
        "subtype": "bot_message",
        "ts": "1432335808.000053"
    },
    {
        "text": "",
        "bot_id": "B0506GF16",
        "attachments": [
            {
                "fallback": "Build <http:\/\/magnum.travis-ci.com\/dueyfinster\/djangotest\/builds\/12164373|#5> (<https:\/\/github.com\/dueyfinster\/djangotest\/compare\/fee7bdf313a3...97523a7eb70c|97523a7>) of dueyfinster\/djangotest@master by Neil Grogan passed in 0 min 35 sec",
                "text": "Build <http:\/\/magnum.travis-ci.com\/dueyfinster\/djangotest\/builds\/12164373|#5> (<https:\/\/github.com\/dueyfinster\/djangotest\/compare\/fee7bdf313a3...97523a7eb70c|97523a7>) of dueyfinster\/djangotest@master by Neil Grogan passed in 0 min 35 sec",
                "id": 1,
                "color": "36a64f"
            }
        ],
        "type": "message",
        "subtype": "bot_message",
        "ts": "1432335882.000054"
    }
]