[
    {
        "text": "",
        "bot_id": "B052T590M",
        "attachments": [
            {
                "fallback": "[blackteam:develop] <https:\/\/github.com\/dueyfinster\/blackteam\/commit\/aef58868b559f1da644be0c75cc95e8ad8eef245|1 new commit> by GarryDavitt",
                "text": "<https:\/\/github.com\/dueyfinster\/blackteam\/commit\/aef58868b559f1da644be0c75cc95e8ad8eef245|aef5886>: show popup at first login -changes for mobile - GarryDavitt",
                "pretext": "[blackteam:develop] 1 new commit by GarryDavitt:",
                "id": 1,
                "color": "4183C4",
                "mrkdwn_in": [
                    "text",
                    "pretext"
                ]
            }
        ],
        "type": "message",
        "subtype": "bot_message",
        "ts": "1438845163.000251"
    },
    {
        "text": "",
        "bot_id": "B056P06D5",
        "attachments": [
            {
                "fallback": "Success:  GarryDavitt's build (<https:\/\/circleci.com\/gh\/dueyfinster\/blackteam\/365|#365>; push in <https:\/\/circleci.com\/gh\/dueyfinster\/blackteam|dueyfinster\/blackteam> (<https:\/\/circleci.com\/gh\/dueyfinster\/blackteam\/tree\/develop|develop>)\n - show popup at first login -changes for mobile (<https:\/\/github.com\/dueyfinster\/blackteam\/commit\/aef58868b559f1da644be0c75cc95e8ad8eef245|aef5886> by GarryDavitt)\n",
                "text": "Success:  GarryDavitt's build (<https:\/\/circleci.com\/gh\/dueyfinster\/blackteam\/365|#365>; push in <https:\/\/circleci.com\/gh\/dueyfinster\/blackteam|dueyfinster\/blackteam> (<https:\/\/circleci.com\/gh\/dueyfinster\/blackteam\/tree\/develop|develop>)\n - show popup at first login -changes for mobile (<https:\/\/github.com\/dueyfinster\/blackteam\/commit\/aef58868b559f1da644be0c75cc95e8ad8eef245|aef5886> by GarryDavitt)\n",
                "id": 1,
                "color": "41aa58"
            }
        ],
        "type": "message",
        "subtype": "bot_message",
        "ts": "1438845242.000252"
    },
    {
        "text": "",
        "bot_id": "B0506GF16",
        "attachments": [
            {
                "fallback": "Build <https:\/\/magnum.travis-ci.com\/dueyfinster\/blackteam\/builds\/14318336|#288> (<https:\/\/github.com\/dueyfinster\/blackteam\/compare\/5d821a8d22f3...aef58868b559|aef5886>) of dueyfinster\/blackteam@develop by GarryDavitt passed in 3 min 50 sec",
                "text": "Build <https:\/\/magnum.travis-ci.com\/dueyfinster\/blackteam\/builds\/14318336|#288> (<https:\/\/github.com\/dueyfinster\/blackteam\/compare\/5d821a8d22f3...aef58868b559|aef5886>) of dueyfinster\/blackteam@develop by GarryDavitt passed in 3 min 50 sec",
                "id": 1,
                "color": "36a64f"
            }
        ],
        "type": "message",
        "subtype": "bot_message",
        "ts": "1438845402.000253"
    },
    {
        "text": "",
        "bot_id": "B052T590M",
        "attachments": [
            {
                "fallback": "[blackteam:develop] <https:\/\/github.com\/dueyfinster\/blackteam\/commit\/8cfbb337e3e92d2eb7a97804feeb599f5976d3dd|1 new commit> by Neil Grogan",
                "text": "<https:\/\/github.com\/dueyfinster\/blackteam\/commit\/8cfbb337e3e92d2eb7a97804feeb599f5976d3dd|8cfbb33>: Remove unused elements from landing page - Neil Grogan",
                "pretext": "[blackteam:develop] 1 new commit by Neil Grogan:",
                "id": 1,
                "color": "4183C4",
                "mrkdwn_in": [
                    "text",
                    "pretext"
                ]
            }
        ],
        "type": "message",
        "subtype": "bot_message",
        "ts": "1438893559.000254"
    },
    {
        "text": "",
        "bot_id": "B052T590M",
        "attachments": [
            {
                "fallback": "[blackteam:develop] <https:\/\/github.com\/dueyfinster\/blackteam\/commit\/fb0803b1acff14e645b743388624e451aa416987|1 new commit> by Neil Grogan",
                "text": "<https:\/\/github.com\/dueyfinster\/blackteam\/commit\/fb0803b1acff14e645b743388624e451aa416987|fb0803b>: Remove unused elements from landing page pt 2 - Neil Grogan",
                "pretext": "[blackteam:develop] 1 new commit by Neil Grogan:",
                "id": 1,
                "color": "4183C4",
                "mrkdwn_in": [
                    "text",
                    "pretext"
                ]
            }
        ],
        "type": "message",
        "subtype": "bot_message",
        "ts": "1438893625.000255"
    },
    {
        "text": "",
        "bot_id": "B056P06D5",
        "attachments": [
            {
                "fallback": "Success:  dueyfinster's build (<https:\/\/circleci.com\/gh\/dueyfinster\/blackteam\/366|#366>; push in <https:\/\/circleci.com\/gh\/dueyfinster\/blackteam|dueyfinster\/blackteam> (<https:\/\/circleci.com\/gh\/dueyfinster\/blackteam\/tree\/develop|develop>)\n - Remove unused elements from landing page (<https:\/\/github.com\/dueyfinster\/blackteam\/commit\/8cfbb337e3e92d2eb7a97804feeb599f5976d3dd|8cfbb33> by dueyfinster)\n",
                "text": "Success:  dueyfinster's build (<https:\/\/circleci.com\/gh\/dueyfinster\/blackteam\/366|#366>; push in <https:\/\/circleci.com\/gh\/dueyfinster\/blackteam|dueyfinster\/blackteam> (<https:\/\/circleci.com\/gh\/dueyfinster\/blackteam\/tree\/develop|develop>)\n - Remove unused elements from landing page (<https:\/\/github.com\/dueyfinster\/blackteam\/commit\/8cfbb337e3e92d2eb7a97804feeb599f5976d3dd|8cfbb33> by dueyfinster)\n",
                "id": 1,
                "color": "41aa58"
            }
        ],
        "type": "message",
        "subtype": "bot_message",
        "ts": "1438893636.000256"
    },
    {
        "text": "",
        "bot_id": "B056P06D5",
        "attachments": [
            {
                "fallback": "Success:  dueyfinster's build (<https:\/\/circleci.com\/gh\/dueyfinster\/blackteam\/367|#367>; push in <https:\/\/circleci.com\/gh\/dueyfinster\/blackteam|dueyfinster\/blackteam> (<https:\/\/circleci.com\/gh\/dueyfinster\/blackteam\/tree\/develop|develop>)\n - Remove unused elements from landing page pt 2 (<https:\/\/github.com\/dueyfinster\/blackteam\/commit\/fb0803b1acff14e645b743388624e451aa416987|fb0803b> by dueyfinster)\n",
                "text": "Success:  dueyfinster's build (<https:\/\/circleci.com\/gh\/dueyfinster\/blackteam\/367|#367>; push in <https:\/\/circleci.com\/gh\/dueyfinster\/blackteam|dueyfinster\/blackteam> (<https:\/\/circleci.com\/gh\/dueyfinster\/blackteam\/tree\/develop|develop>)\n - Remove unused elements from landing page pt 2 (<https:\/\/github.com\/dueyfinster\/blackteam\/commit\/fb0803b1acff14e645b743388624e451aa416987|fb0803b> by dueyfinster)\n",
                "id": 1,
                "color": "41aa58"
            }
        ],
        "type": "message",
        "subtype": "bot_message",
        "ts": "1438893715.000257"
    },
    {
        "text": "",
        "bot_id": "B0506GF16",
        "attachments": [
            {
                "fallback": "Build <https:\/\/magnum.travis-ci.com\/dueyfinster\/blackteam\/builds\/14347896|#289> (<https:\/\/github.com\/dueyfinster\/blackteam\/compare\/aef58868b559...8cfbb337e3e9|8cfbb33>) of dueyfinster\/blackteam@develop by Neil Grogan passed in 4 min 57 sec",
                "text": "Build <https:\/\/magnum.travis-ci.com\/dueyfinster\/blackteam\/builds\/14347896|#289> (<https:\/\/github.com\/dueyfinster\/blackteam\/compare\/aef58868b559...8cfbb337e3e9|8cfbb33>) of dueyfinster\/blackteam@develop by Neil Grogan passed in 4 min 57 sec",
                "id": 1,
                "color": "36a64f"
            }
        ],
        "type": "message",
        "subtype": "bot_message",
        "ts": "1438893892.000258"
    },
    {
        "text": "",
        "bot_id": "B0506GF16",
        "attachments": [
            {
                "fallback": "Build <https:\/\/magnum.travis-ci.com\/dueyfinster\/blackteam\/builds\/14347948|#290> (<https:\/\/github.com\/dueyfinster\/blackteam\/compare\/8cfbb337e3e9...fb0803b1acff|fb0803b>) of dueyfinster\/blackteam@develop by Neil Grogan passed in 4 min 32 sec",
                "text": "Build <https:\/\/magnum.travis-ci.com\/dueyfinster\/blackteam\/builds\/14347948|#290> (<https:\/\/github.com\/dueyfinster\/blackteam\/compare\/8cfbb337e3e9...fb0803b1acff|fb0803b>) of dueyfinster\/blackteam@develop by Neil Grogan passed in 4 min 32 sec",
                "id": 1,
                "color": "36a64f"
            }
        ],
        "type": "message",
        "subtype": "bot_message",
        "ts": "1438894173.000259"
    }
]