[
    {
        "text": "",
        "bot_id": "B052T590M",
        "attachments": [
            {
                "fallback": "[blackteam:develop] <https:\/\/github.com\/dueyfinster\/blackteam\/commit\/138d8b4|1 new commit> by iberdnikov",
                "text": "<https:\/\/github.com\/dueyfinster\/blackteam\/commit\/138d8b4|138d8b4>: Article view and Article Info view merge - iberdnikov",
                "pretext": "[blackteam:develop] 1 new commit by iberdnikov:",
                "id": 1,
                "color": "4183C4",
                "mrkdwn_in": [
                    "text",
                    "pretext"
                ]
            }
        ],
        "type": "message",
        "subtype": "bot_message",
        "ts": "1437953669.000066"
    },
    {
        "text": "",
        "bot_id": "B056P06D5",
        "attachments": [
            {
                "fallback": "Success:  iberdnikov's build (<https:\/\/circleci.com\/gh\/dueyfinster\/blackteam\/304|#304>; push in <https:\/\/circleci.com\/gh\/dueyfinster\/blackteam|dueyfinster\/blackteam> (<https:\/\/circleci.com\/gh\/dueyfinster\/blackteam\/tree\/develop|develop>)\n - Article view and Article Info view merge (<https:\/\/github.com\/dueyfinster\/blackteam\/commit\/138d8b4bfbf114851be15ab7b97e81c2a204d6be|138d8b4> by iberdnikov)\n",
                "text": "Success:  iberdnikov's build (<https:\/\/circleci.com\/gh\/dueyfinster\/blackteam\/304|#304>; push in <https:\/\/circleci.com\/gh\/dueyfinster\/blackteam|dueyfinster\/blackteam> (<https:\/\/circleci.com\/gh\/dueyfinster\/blackteam\/tree\/develop|develop>)\n - Article view and Article Info view merge (<https:\/\/github.com\/dueyfinster\/blackteam\/commit\/138d8b4bfbf114851be15ab7b97e81c2a204d6be|138d8b4> by iberdnikov)\n",
                "id": 1,
                "color": "41aa58"
            }
        ],
        "type": "message",
        "subtype": "bot_message",
        "ts": "1437953750.000067"
    },
    {
        "text": "",
        "bot_id": "B0506GF16",
        "attachments": [
            {
                "fallback": "Build <https:\/\/magnum.travis-ci.com\/dueyfinster\/blackteam\/builds\/13972603|#227> (<https:\/\/github.com\/dueyfinster\/blackteam\/compare\/cbbe162c53a3...138d8b4bfbf1|138d8b4>) of dueyfinster\/blackteam@develop by iberdnikov passed in 3 min 43 sec",
                "text": "Build <https:\/\/magnum.travis-ci.com\/dueyfinster\/blackteam\/builds\/13972603|#227> (<https:\/\/github.com\/dueyfinster\/blackteam\/compare\/cbbe162c53a3...138d8b4bfbf1|138d8b4>) of dueyfinster\/blackteam@develop by iberdnikov passed in 3 min 43 sec",
                "id": 1,
                "color": "36a64f"
            }
        ],
        "type": "message",
        "subtype": "bot_message",
        "ts": "1437953901.000068"
    },
    {
        "text": "",
        "bot_id": "B052T590M",
        "attachments": [
            {
                "fallback": "[blackteam:develop] <https:\/\/github.com\/dueyfinster\/blackteam\/commit\/1d0244a|1 new commit> by GarryDavitt",
                "text": "<https:\/\/github.com\/dueyfinster\/blackteam\/commit\/1d0244a|1d0244a>: make backdrop static to prevent user from opening another user preferences when one is open - GarryDavitt",
                "pretext": "[blackteam:develop] 1 new commit by GarryDavitt:",
                "id": 1,
                "color": "4183C4",
                "mrkdwn_in": [
                    "text",
                    "pretext"
                ]
            }
        ],
        "type": "message",
        "subtype": "bot_message",
        "ts": "1437979461.000069"
    },
    {
        "text": "",
        "bot_id": "B056P06D5",
        "attachments": [
            {
                "fallback": "Success:  GarryDavitt's build (<https:\/\/circleci.com\/gh\/dueyfinster\/blackteam\/305|#305>; push in <https:\/\/circleci.com\/gh\/dueyfinster\/blackteam|dueyfinster\/blackteam> (<https:\/\/circleci.com\/gh\/dueyfinster\/blackteam\/tree\/develop|develop>)\n - make backdrop static to prevent user from opening another user preferences when  (<https:\/\/github.com\/dueyfinster\/blackteam\/commit\/1d0244a9d73b00a5f06f8f7df27a67307fa19e63|1d0244a> by GarryDavitt)\n",
                "text": "Success:  GarryDavitt's build (<https:\/\/circleci.com\/gh\/dueyfinster\/blackteam\/305|#305>; push in <https:\/\/circleci.com\/gh\/dueyfinster\/blackteam|dueyfinster\/blackteam> (<https:\/\/circleci.com\/gh\/dueyfinster\/blackteam\/tree\/develop|develop>)\n - make backdrop static to prevent user from opening another user preferences when  (<https:\/\/github.com\/dueyfinster\/blackteam\/commit\/1d0244a9d73b00a5f06f8f7df27a67307fa19e63|1d0244a> by GarryDavitt)\n",
                "id": 1,
                "color": "41aa58"
            }
        ],
        "type": "message",
        "subtype": "bot_message",
        "ts": "1437979546.000070"
    },
    {
        "text": "",
        "bot_id": "B0506GF16",
        "attachments": [
            {
                "fallback": "Build <https:\/\/magnum.travis-ci.com\/dueyfinster\/blackteam\/builds\/13976889|#228> (<https:\/\/github.com\/dueyfinster\/blackteam\/compare\/138d8b4bfbf1...1d0244a9d73b|1d0244a>) of dueyfinster\/blackteam@develop by GarryDavitt passed in 4 min 28 sec",
                "text": "Build <https:\/\/magnum.travis-ci.com\/dueyfinster\/blackteam\/builds\/13976889|#228> (<https:\/\/github.com\/dueyfinster\/blackteam\/compare\/138d8b4bfbf1...1d0244a9d73b|1d0244a>) of dueyfinster\/blackteam@develop by GarryDavitt passed in 4 min 28 sec",
                "id": 1,
                "color": "36a64f"
            }
        ],
        "type": "message",
        "subtype": "bot_message",
        "ts": "1437979743.000071"
    }
]