[
    {
        "text": "",
        "bot_id": "B052T590M",
        "attachments": [
            {
                "fallback": "[blackteam:develop] <https:\/\/github.com\/dueyfinster\/blackteam\/commit\/2efa9b137e013576cfb7838b2f5b3a8bd7d478c8|1 new commit> by GarryDavitt",
                "text": "<https:\/\/github.com\/dueyfinster\/blackteam\/commit\/2efa9b137e013576cfb7838b2f5b3a8bd7d478c8|2efa9b1>: code for tweets from content provider on UI and commenting image removal method need ot improve it and some style changes - GarryDavitt",
                "pretext": "[blackteam:develop] 1 new commit by GarryDavitt:",
                "id": 1,
                "color": "4183C4",
                "mrkdwn_in": [
                    "text",
                    "pretext"
                ]
            }
        ],
        "type": "message",
        "subtype": "bot_message",
        "ts": "1439403403.000074"
    },
    {
        "text": "",
        "bot_id": "B056P06D5",
        "attachments": [
            {
                "fallback": "Success:  GarryDavitt's build (<https:\/\/circleci.com\/gh\/dueyfinster\/blackteam\/404|#404>; push in <https:\/\/circleci.com\/gh\/dueyfinster\/blackteam|dueyfinster\/blackteam> (<https:\/\/circleci.com\/gh\/dueyfinster\/blackteam\/tree\/develop|develop>)\n - code for tweets from content provider on UI and commenting image removal method  (<https:\/\/github.com\/dueyfinster\/blackteam\/commit\/2efa9b137e013576cfb7838b2f5b3a8bd7d478c8|2efa9b1> by GarryDavitt)\n",
                "text": "Success:  GarryDavitt's build (<https:\/\/circleci.com\/gh\/dueyfinster\/blackteam\/404|#404>; push in <https:\/\/circleci.com\/gh\/dueyfinster\/blackteam|dueyfinster\/blackteam> (<https:\/\/circleci.com\/gh\/dueyfinster\/blackteam\/tree\/develop|develop>)\n - code for tweets from content provider on UI and commenting image removal method  (<https:\/\/github.com\/dueyfinster\/blackteam\/commit\/2efa9b137e013576cfb7838b2f5b3a8bd7d478c8|2efa9b1> by GarryDavitt)\n",
                "id": 1,
                "color": "41aa58"
            }
        ],
        "type": "message",
        "subtype": "bot_message",
        "ts": "1439403473.000075"
    },
    {
        "text": "",
        "bot_id": "B0506GF16",
        "attachments": [
            {
                "fallback": "Build <https:\/\/magnum.travis-ci.com\/dueyfinster\/blackteam\/builds\/14511617|#327> (<https:\/\/github.com\/dueyfinster\/blackteam\/compare\/4444a3dafb48...2efa9b137e01|2efa9b1>) of dueyfinster\/blackteam@develop by GarryDavitt passed in 5 min 3 sec",
                "text": "Build <https:\/\/magnum.travis-ci.com\/dueyfinster\/blackteam\/builds\/14511617|#327> (<https:\/\/github.com\/dueyfinster\/blackteam\/compare\/4444a3dafb48...2efa9b137e01|2efa9b1>) of dueyfinster\/blackteam@develop by GarryDavitt passed in 5 min 3 sec",
                "id": 1,
                "color": "36a64f"
            }
        ],
        "type": "message",
        "subtype": "bot_message",
        "ts": "1439403718.000076"
    },
    {
        "text": "",
        "bot_id": "B052T590M",
        "attachments": [
            {
                "fallback": "[blackteam:develop] <https:\/\/github.com\/dueyfinster\/blackteam\/commit\/447a4e773d612e7051fa650bec0a32bec222b580|1 new commit> by GarryDavitt",
                "text": "<https:\/\/github.com\/dueyfinster\/blackteam\/commit\/447a4e773d612e7051fa650bec0a32bec222b580|447a4e7>: remove date and cleanup - GarryDavitt",
                "pretext": "[blackteam:develop] 1 new commit by GarryDavitt:",
                "id": 1,
                "color": "4183C4",
                "mrkdwn_in": [
                    "text",
                    "pretext"
                ]
            }
        ],
        "type": "message",
        "subtype": "bot_message",
        "ts": "1439405567.000077"
    },
    {
        "text": "",
        "bot_id": "B056P06D5",
        "attachments": [
            {
                "fallback": "Success:  GarryDavitt's build (<https:\/\/circleci.com\/gh\/dueyfinster\/blackteam\/405|#405>; push in <https:\/\/circleci.com\/gh\/dueyfinster\/blackteam|dueyfinster\/blackteam> (<https:\/\/circleci.com\/gh\/dueyfinster\/blackteam\/tree\/develop|develop>)\n - remove date and cleanup (<https:\/\/github.com\/dueyfinster\/blackteam\/commit\/447a4e773d612e7051fa650bec0a32bec222b580|447a4e7> by GarryDavitt)\n",
                "text": "Success:  GarryDavitt's build (<https:\/\/circleci.com\/gh\/dueyfinster\/blackteam\/405|#405>; push in <https:\/\/circleci.com\/gh\/dueyfinster\/blackteam|dueyfinster\/blackteam> (<https:\/\/circleci.com\/gh\/dueyfinster\/blackteam\/tree\/develop|develop>)\n - remove date and cleanup (<https:\/\/github.com\/dueyfinster\/blackteam\/commit\/447a4e773d612e7051fa650bec0a32bec222b580|447a4e7> by GarryDavitt)\n",
                "id": 1,
                "color": "41aa58"
            }
        ],
        "type": "message",
        "subtype": "bot_message",
        "ts": "1439405635.000078"
    },
    {
        "text": "",
        "bot_id": "B0506GF16",
        "attachments": [
            {
                "fallback": "Build <https:\/\/magnum.travis-ci.com\/dueyfinster\/blackteam\/builds\/14513076|#328> (<https:\/\/github.com\/dueyfinster\/blackteam\/compare\/2efa9b137e01...447a4e773d61|447a4e7>) of dueyfinster\/blackteam@develop by GarryDavitt passed in 5 min 7 sec",
                "text": "Build <https:\/\/magnum.travis-ci.com\/dueyfinster\/blackteam\/builds\/14513076|#328> (<https:\/\/github.com\/dueyfinster\/blackteam\/compare\/2efa9b137e01...447a4e773d61|447a4e7>) of dueyfinster\/blackteam@develop by GarryDavitt passed in 5 min 7 sec",
                "id": 1,
                "color": "36a64f"
            }
        ],
        "type": "message",
        "subtype": "bot_message",
        "ts": "1439405885.000079"
    },
    {
        "text": "",
        "bot_id": "B052T590M",
        "attachments": [
            {
                "fallback": "[blackteam:develop] <https:\/\/github.com\/dueyfinster\/blackteam\/commit\/c832022656e3732ffc019fa77a5102d2977c60eb|1 new commit> by iberdnikov",
                "text": "<https:\/\/github.com\/dueyfinster\/blackteam\/commit\/c832022656e3732ffc019fa77a5102d2977c60eb|c832022>: Remove br from summary - iberdnikov",
                "pretext": "[blackteam:develop] 1 new commit by iberdnikov:",
                "id": 1,
                "color": "4183C4",
                "mrkdwn_in": [
                    "text",
                    "pretext"
                ]
            }
        ],
        "type": "message",
        "subtype": "bot_message",
        "ts": "1439418133.000080"
    },
    {
        "text": "",
        "bot_id": "B056P06D5",
        "attachments": [
            {
                "fallback": "Success:  iberdnikov's build (<https:\/\/circleci.com\/gh\/dueyfinster\/blackteam\/406|#406>; push in <https:\/\/circleci.com\/gh\/dueyfinster\/blackteam|dueyfinster\/blackteam> (<https:\/\/circleci.com\/gh\/dueyfinster\/blackteam\/tree\/develop|develop>)\n - Remove br from summary (<https:\/\/github.com\/dueyfinster\/blackteam\/commit\/c832022656e3732ffc019fa77a5102d2977c60eb|c832022> by iberdnikov)\n",
                "text": "Success:  iberdnikov's build (<https:\/\/circleci.com\/gh\/dueyfinster\/blackteam\/406|#406>; push in <https:\/\/circleci.com\/gh\/dueyfinster\/blackteam|dueyfinster\/blackteam> (<https:\/\/circleci.com\/gh\/dueyfinster\/blackteam\/tree\/develop|develop>)\n - Remove br from summary (<https:\/\/github.com\/dueyfinster\/blackteam\/commit\/c832022656e3732ffc019fa77a5102d2977c60eb|c832022> by iberdnikov)\n",
                "id": 1,
                "color": "41aa58"
            }
        ],
        "type": "message",
        "subtype": "bot_message",
        "ts": "1439418197.000081"
    },
    {
        "text": "",
        "bot_id": "B0506GF16",
        "attachments": [
            {
                "fallback": "Build <https:\/\/magnum.travis-ci.com\/dueyfinster\/blackteam\/builds\/14521247|#329> (<https:\/\/github.com\/dueyfinster\/blackteam\/compare\/447a4e773d61...c832022656e3|c832022>) of dueyfinster\/blackteam@develop by iberdnikov passed in 4 min 4 sec",
                "text": "Build <https:\/\/magnum.travis-ci.com\/dueyfinster\/blackteam\/builds\/14521247|#329> (<https:\/\/github.com\/dueyfinster\/blackteam\/compare\/447a4e773d61...c832022656e3|c832022>) of dueyfinster\/blackteam@develop by iberdnikov passed in 4 min 4 sec",
                "id": 1,
                "color": "36a64f"
            }
        ],
        "type": "message",
        "subtype": "bot_message",
        "ts": "1439418386.000082"
    },
    {
        "text": "",
        "bot_id": "B052T590M",
        "attachments": [
            {
                "fallback": "[blackteam:develop] <https:\/\/github.com\/dueyfinster\/blackteam\/commit\/d56c04d8463a35326127d7ec7e92eb0a3878a3ae|1 new commit> by GarryDavitt",
                "text": "<https:\/\/github.com\/dueyfinster\/blackteam\/commit\/d56c04d8463a35326127d7ec7e92eb0a3878a3ae|d56c04d>: fix for displaying of article and some other ui improvements - GarryDavitt",
                "pretext": "[blackteam:develop] 1 new commit by GarryDavitt:",
                "id": 1,
                "color": "4183C4",
                "mrkdwn_in": [
                    "text",
                    "pretext"
                ]
            }
        ],
        "type": "message",
        "subtype": "bot_message",
        "ts": "1439421615.000083"
    },
    {
        "text": "",
        "bot_id": "B056P06D5",
        "attachments": [
            {
                "fallback": "Success:  GarryDavitt's build (<https:\/\/circleci.com\/gh\/dueyfinster\/blackteam\/407|#407>; push in <https:\/\/circleci.com\/gh\/dueyfinster\/blackteam|dueyfinster\/blackteam> (<https:\/\/circleci.com\/gh\/dueyfinster\/blackteam\/tree\/develop|develop>)\n - fix for displaying of article and some other ui improvements (<https:\/\/github.com\/dueyfinster\/blackteam\/commit\/d56c04d8463a35326127d7ec7e92eb0a3878a3ae|d56c04d> by GarryDavitt)\n",
                "text": "Success:  GarryDavitt's build (<https:\/\/circleci.com\/gh\/dueyfinster\/blackteam\/407|#407>; push in <https:\/\/circleci.com\/gh\/dueyfinster\/blackteam|dueyfinster\/blackteam> (<https:\/\/circleci.com\/gh\/dueyfinster\/blackteam\/tree\/develop|develop>)\n - fix for displaying of article and some other ui improvements (<https:\/\/github.com\/dueyfinster\/blackteam\/commit\/d56c04d8463a35326127d7ec7e92eb0a3878a3ae|d56c04d> by GarryDavitt)\n",
                "id": 1,
                "color": "41aa58"
            }
        ],
        "type": "message",
        "subtype": "bot_message",
        "ts": "1439421682.000084"
    },
    {
        "text": "",
        "bot_id": "B0506GF16",
        "attachments": [
            {
                "fallback": "Build <https:\/\/magnum.travis-ci.com\/dueyfinster\/blackteam\/builds\/14522817|#330> (<https:\/\/github.com\/dueyfinster\/blackteam\/compare\/c832022656e3...d56c04d8463a|d56c04d>) of dueyfinster\/blackteam@develop by GarryDavitt passed in 3 min 58 sec",
                "text": "Build <https:\/\/magnum.travis-ci.com\/dueyfinster\/blackteam\/builds\/14522817|#330> (<https:\/\/github.com\/dueyfinster\/blackteam\/compare\/c832022656e3...d56c04d8463a|d56c04d>) of dueyfinster\/blackteam@develop by GarryDavitt passed in 3 min 58 sec",
                "id": 1,
                "color": "36a64f"
            }
        ],
        "type": "message",
        "subtype": "bot_message",
        "ts": "1439421861.000085"
    },
    {
        "text": "",
        "bot_id": "B052T590M",
        "attachments": [
            {
                "fallback": "[blackteam:develop] <https:\/\/github.com\/dueyfinster\/blackteam\/commit\/fff06e90e22c05234067f26770499edbd5f635d5|1 new commit> by OLarry",
                "text": "<https:\/\/github.com\/dueyfinster\/blackteam\/commit\/fff06e90e22c05234067f26770499edbd5f635d5|fff06e9>: Add feature to mix highest rank default articles with chosen ones - OLarry",
                "pretext": "[blackteam:develop] 1 new commit by OLarry:",
                "id": 1,
                "color": "4183C4",
                "mrkdwn_in": [
                    "text",
                    "pretext"
                ]
            }
        ],
        "type": "message",
        "subtype": "bot_message",
        "ts": "1439422743.000086"
    },
    {
        "text": "",
        "bot_id": "B056P06D5",
        "attachments": [
            {
                "fallback": "Success:  OLarry's build (<https:\/\/circleci.com\/gh\/dueyfinster\/blackteam\/408|#408>; push in <https:\/\/circleci.com\/gh\/dueyfinster\/blackteam|dueyfinster\/blackteam> (<https:\/\/circleci.com\/gh\/dueyfinster\/blackteam\/tree\/develop|develop>)\n - Add feature to mix highest rank default articles with chosen ones (<https:\/\/github.com\/dueyfinster\/blackteam\/commit\/fff06e90e22c05234067f26770499edbd5f635d5|fff06e9> by OLarry)\n",
                "text": "Success:  OLarry's build (<https:\/\/circleci.com\/gh\/dueyfinster\/blackteam\/408|#408>; push in <https:\/\/circleci.com\/gh\/dueyfinster\/blackteam|dueyfinster\/blackteam> (<https:\/\/circleci.com\/gh\/dueyfinster\/blackteam\/tree\/develop|develop>)\n - Add feature to mix highest rank default articles with chosen ones (<https:\/\/github.com\/dueyfinster\/blackteam\/commit\/fff06e90e22c05234067f26770499edbd5f635d5|fff06e9> by OLarry)\n",
                "id": 1,
                "color": "41aa58"
            }
        ],
        "type": "message",
        "subtype": "bot_message",
        "ts": "1439422812.000087"
    },
    {
        "text": "",
        "bot_id": "B0506GF16",
        "attachments": [
            {
                "fallback": "Build <https:\/\/magnum.travis-ci.com\/dueyfinster\/blackteam\/builds\/14523305|#331> (<https:\/\/github.com\/dueyfinster\/blackteam\/compare\/d56c04d8463a...fff06e90e22c|fff06e9>) of dueyfinster\/blackteam@develop by OLarry passed in 4 min 3 sec",
                "text": "Build <https:\/\/magnum.travis-ci.com\/dueyfinster\/blackteam\/builds\/14523305|#331> (<https:\/\/github.com\/dueyfinster\/blackteam\/compare\/d56c04d8463a...fff06e90e22c|fff06e9>) of dueyfinster\/blackteam@develop by OLarry passed in 4 min 3 sec",
                "id": 1,
                "color": "36a64f"
            }
        ],
        "type": "message",
        "subtype": "bot_message",
        "ts": "1439423025.000088"
    },
    {
        "text": "",
        "bot_id": "B052T590M",
        "attachments": [
            {
                "fallback": "[blackteam:develop] <https:\/\/github.com\/dueyfinster\/blackteam\/compare\/fff06e90e22c...c1423b62f3ec|2 new commits> by iberdnikov",
                "text": "<https:\/\/github.com\/dueyfinster\/blackteam\/commit\/6e0acb8b79131880f5085bb948bbbfc70e46618f|6e0acb8>: update page on layout close - iberdnikov\n <https:\/\/github.com\/dueyfinster\/blackteam\/commit\/c1423b62f3ecbb00534d05716059847b9cef0542|c1423b6>: Merge branch 'develop' of <https:\/\/github.com\/dueyfinster\/blackteam> into - iberdnikov",
                "pretext": "[blackteam:develop] <https:\/\/github.com\/dueyfinster\/blackteam\/compare\/fff06e90e22c...c1423b62f3ec|2 new commits> by iberdnikov:",
                "id": 1,
                "color": "4183C4",
                "mrkdwn_in": [
                    "text",
                    "pretext"
                ]
            }
        ],
        "type": "message",
        "subtype": "bot_message",
        "ts": "1439426525.000089"
    },
    {
        "text": "",
        "bot_id": "B056P06D5",
        "attachments": [
            {
                "fallback": "Success:  iberdnikov's build (<https:\/\/circleci.com\/gh\/dueyfinster\/blackteam\/409|#409>; push in <https:\/\/circleci.com\/gh\/dueyfinster\/blackteam|dueyfinster\/blackteam> (<https:\/\/circleci.com\/gh\/dueyfinster\/blackteam\/tree\/develop|develop>)\n - Merge branch 'develop' of <https:\/\/github.com\/dueyfinster\/blackteam> into (<https:\/\/github.com\/dueyfinster\/blackteam\/commit\/c1423b62f3ecbb00534d05716059847b9cef0542|c1423b6> by iberdnikov) and <https:\/\/github.com\/dueyfinster\/blackteam\/compare\/fff06e90e22c...c1423b62f3ec|1 more>\n",
                "text": "Success:  iberdnikov's build (<https:\/\/circleci.com\/gh\/dueyfinster\/blackteam\/409|#409>; push in <https:\/\/circleci.com\/gh\/dueyfinster\/blackteam|dueyfinster\/blackteam> (<https:\/\/circleci.com\/gh\/dueyfinster\/blackteam\/tree\/develop|develop>)\n - Merge branch 'develop' of <https:\/\/github.com\/dueyfinster\/blackteam> into (<https:\/\/github.com\/dueyfinster\/blackteam\/commit\/c1423b62f3ecbb00534d05716059847b9cef0542|c1423b6> by iberdnikov) and <https:\/\/github.com\/dueyfinster\/blackteam\/compare\/fff06e90e22c...c1423b62f3ec|1 more>\n",
                "id": 1,
                "color": "41aa58"
            }
        ],
        "type": "message",
        "subtype": "bot_message",
        "ts": "1439426591.000090"
    },
    {
        "text": "",
        "bot_id": "B0506GF16",
        "attachments": [
            {
                "fallback": "Build <https:\/\/magnum.travis-ci.com\/dueyfinster\/blackteam\/builds\/14524714|#332> (<https:\/\/github.com\/dueyfinster\/blackteam\/compare\/fff06e90e22c...c1423b62f3ec|c1423b6>) of dueyfinster\/blackteam@develop by iberdnikov passed in 4 min 19 sec",
                "text": "Build <https:\/\/magnum.travis-ci.com\/dueyfinster\/blackteam\/builds\/14524714|#332> (<https:\/\/github.com\/dueyfinster\/blackteam\/compare\/fff06e90e22c...c1423b62f3ec|c1423b6>) of dueyfinster\/blackteam@develop by iberdnikov passed in 4 min 19 sec",
                "id": 1,
                "color": "36a64f"
            }
        ],
        "type": "message",
        "subtype": "bot_message",
        "ts": "1439426793.000091"
    },
    {
        "text": "",
        "bot_id": "B052T590M",
        "attachments": [
            {
                "fallback": "[blackteam:develop] <https:\/\/github.com\/dueyfinster\/blackteam\/commit\/5dcfc6d42939e5433de71e0c1676dc818d8c4e0a|1 new commit> by GarryDavitt",
                "text": "<https:\/\/github.com\/dueyfinster\/blackteam\/commit\/5dcfc6d42939e5433de71e0c1676dc818d8c4e0a|5dcfc6d>: ui fixes and topic popup improvement - GarryDavitt",
                "pretext": "[blackteam:develop] 1 new commit by GarryDavitt:",
                "id": 1,
                "color": "4183C4",
                "mrkdwn_in": [
                    "text",
                    "pretext"
                ]
            }
        ],
        "type": "message",
        "subtype": "bot_message",
        "ts": "1439429846.000092"
    },
    {
        "text": "",
        "bot_id": "B056P06D5",
        "attachments": [
            {
                "fallback": "Success:  GarryDavitt's build (<https:\/\/circleci.com\/gh\/dueyfinster\/blackteam\/410|#410>; push in <https:\/\/circleci.com\/gh\/dueyfinster\/blackteam|dueyfinster\/blackteam> (<https:\/\/circleci.com\/gh\/dueyfinster\/blackteam\/tree\/develop|develop>)\n - ui fixes and topic popup improvement (<https:\/\/github.com\/dueyfinster\/blackteam\/commit\/5dcfc6d42939e5433de71e0c1676dc818d8c4e0a|5dcfc6d> by GarryDavitt)\n",
                "text": "Success:  GarryDavitt's build (<https:\/\/circleci.com\/gh\/dueyfinster\/blackteam\/410|#410>; push in <https:\/\/circleci.com\/gh\/dueyfinster\/blackteam|dueyfinster\/blackteam> (<https:\/\/circleci.com\/gh\/dueyfinster\/blackteam\/tree\/develop|develop>)\n - ui fixes and topic popup improvement (<https:\/\/github.com\/dueyfinster\/blackteam\/commit\/5dcfc6d42939e5433de71e0c1676dc818d8c4e0a|5dcfc6d> by GarryDavitt)\n",
                "id": 1,
                "color": "41aa58"
            }
        ],
        "type": "message",
        "subtype": "bot_message",
        "ts": "1439429914.000093"
    },
    {
        "text": "",
        "bot_id": "B052T590M",
        "attachments": [
            {
                "fallback": "[blackteam:develop] <https:\/\/github.com\/dueyfinster\/blackteam\/commit\/dfeb46dd7504e63c11493f68842612030f774a17|1 new commit> by GarryDavitt",
                "text": "<https:\/\/github.com\/dueyfinster\/blackteam\/commit\/dfeb46dd7504e63c11493f68842612030f774a17|dfeb46d>: make defaults bigger - GarryDavitt",
                "pretext": "[blackteam:develop] 1 new commit by GarryDavitt:",
                "id": 1,
                "color": "4183C4",
                "mrkdwn_in": [
                    "text",
                    "pretext"
                ]
            }
        ],
        "type": "message",
        "subtype": "bot_message",
        "ts": "1439430048.000094"
    },
    {
        "text": "",
        "bot_id": "B056P06D5",
        "attachments": [
            {
                "fallback": "Success:  GarryDavitt's build (<https:\/\/circleci.com\/gh\/dueyfinster\/blackteam\/411|#411>; push in <https:\/\/circleci.com\/gh\/dueyfinster\/blackteam|dueyfinster\/blackteam> (<https:\/\/circleci.com\/gh\/dueyfinster\/blackteam\/tree\/develop|develop>)\n - make defaults bigger (<https:\/\/github.com\/dueyfinster\/blackteam\/commit\/dfeb46dd7504e63c11493f68842612030f774a17|dfeb46d> by GarryDavitt)\n",
                "text": "Success:  GarryDavitt's build (<https:\/\/circleci.com\/gh\/dueyfinster\/blackteam\/411|#411>; push in <https:\/\/circleci.com\/gh\/dueyfinster\/blackteam|dueyfinster\/blackteam> (<https:\/\/circleci.com\/gh\/dueyfinster\/blackteam\/tree\/develop|develop>)\n - make defaults bigger (<https:\/\/github.com\/dueyfinster\/blackteam\/commit\/dfeb46dd7504e63c11493f68842612030f774a17|dfeb46d> by GarryDavitt)\n",
                "id": 1,
                "color": "41aa58"
            }
        ],
        "type": "message",
        "subtype": "bot_message",
        "ts": "1439430115.000095"
    },
    {
        "text": "",
        "bot_id": "B0506GF16",
        "attachments": [
            {
                "fallback": "Build <https:\/\/magnum.travis-ci.com\/dueyfinster\/blackteam\/builds\/14525645|#333> (<https:\/\/github.com\/dueyfinster\/blackteam\/compare\/c1423b62f3ec...5dcfc6d42939|5dcfc6d>) of dueyfinster\/blackteam@develop by GarryDavitt passed in 4 min 30 sec",
                "text": "Build <https:\/\/magnum.travis-ci.com\/dueyfinster\/blackteam\/builds\/14525645|#333> (<https:\/\/github.com\/dueyfinster\/blackteam\/compare\/c1423b62f3ec...5dcfc6d42939|5dcfc6d>) of dueyfinster\/blackteam@develop by GarryDavitt passed in 4 min 30 sec",
                "id": 1,
                "color": "36a64f"
            }
        ],
        "type": "message",
        "subtype": "bot_message",
        "ts": "1439430123.000096"
    },
    {
        "text": "",
        "bot_id": "B0506GF16",
        "attachments": [
            {
                "fallback": "Build <https:\/\/magnum.travis-ci.com\/dueyfinster\/blackteam\/builds\/14525685|#334> (<https:\/\/github.com\/dueyfinster\/blackteam\/compare\/5dcfc6d42939...dfeb46dd7504|dfeb46d>) of dueyfinster\/blackteam@develop by GarryDavitt passed in 4 min 58 sec",
                "text": "Build <https:\/\/magnum.travis-ci.com\/dueyfinster\/blackteam\/builds\/14525685|#334> (<https:\/\/github.com\/dueyfinster\/blackteam\/compare\/5dcfc6d42939...dfeb46dd7504|dfeb46d>) of dueyfinster\/blackteam@develop by GarryDavitt passed in 4 min 58 sec",
                "id": 1,
                "color": "36a64f"
            }
        ],
        "type": "message",
        "subtype": "bot_message",
        "ts": "1439430429.000097"
    }
]