[
    {
        "text": "",
        "bot_id": "B052T590M",
        "attachments": [
            {
                "fallback": "[blackteam:develop] <https:\/\/github.com\/dueyfinster\/blackteam\/commit\/e645086|1 new commit> by Neil Grogan",
                "text": "<https:\/\/github.com\/dueyfinster\/blackteam\/commit\/e645086|e645086>: Finished Yelp API notebook - Neil Grogan",
                "pretext": "[blackteam:develop] 1 new commit by Neil Grogan:",
                "id": 1,
                "color": "4183C4",
                "mrkdwn_in": [
                    "text",
                    "pretext"
                ]
            }
        ],
        "type": "message",
        "subtype": "bot_message",
        "ts": "1434816734.000034"
    },
    {
        "text": "",
        "bot_id": "B056P06D5",
        "attachments": [
            {
                "fallback": "Success:  dueyfinster's build (<https:\/\/circleci.com\/gh\/dueyfinster\/blackteam\/158|#158>; push in <https:\/\/circleci.com\/gh\/dueyfinster\/blackteam|dueyfinster\/blackteam> (<https:\/\/circleci.com\/gh\/dueyfinster\/blackteam\/tree\/develop|develop>)\n - Finished Yelp API notebook (<https:\/\/github.com\/dueyfinster\/blackteam\/commit\/e645086d9ef14f3bb9094a3e242de6acef3d04bd|e645086> by Neil Grogan)\n",
                "text": "Success:  dueyfinster's build (<https:\/\/circleci.com\/gh\/dueyfinster\/blackteam\/158|#158>; push in <https:\/\/circleci.com\/gh\/dueyfinster\/blackteam|dueyfinster\/blackteam> (<https:\/\/circleci.com\/gh\/dueyfinster\/blackteam\/tree\/develop|develop>)\n - Finished Yelp API notebook (<https:\/\/github.com\/dueyfinster\/blackteam\/commit\/e645086d9ef14f3bb9094a3e242de6acef3d04bd|e645086> by Neil Grogan)\n",
                "id": 1,
                "color": "41aa58"
            }
        ],
        "type": "message",
        "subtype": "bot_message",
        "ts": "1434816816.000035"
    },
    {
        "text": "",
        "bot_id": "B056P06D5",
        "attachments": [
            {
                "fallback": "Success:  dueyfinster's build (<https:\/\/circleci.com\/gh\/dueyfinster\/blackteam\/159|#159>; push in <https:\/\/circleci.com\/gh\/dueyfinster\/blackteam|dueyfinster\/blackteam> (<https:\/\/circleci.com\/gh\/dueyfinster\/blackteam\/tree\/feature%2Fcelery|feature\/celery>)\n - Attempt at getting celery working - this should not be merged to dev - this is j (<https:\/\/github.com\/dueyfinster\/blackteam\/commit\/07cb2969586b70fde53b7f6dc7352b7a8a18afbb|07cb296> by OLarry)\n",
                "text": "Success:  dueyfinster's build (<https:\/\/circleci.com\/gh\/dueyfinster\/blackteam\/159|#159>; push in <https:\/\/circleci.com\/gh\/dueyfinster\/blackteam|dueyfinster\/blackteam> (<https:\/\/circleci.com\/gh\/dueyfinster\/blackteam\/tree\/feature%2Fcelery|feature\/celery>)\n - Attempt at getting celery working - this should not be merged to dev - this is j (<https:\/\/github.com\/dueyfinster\/blackteam\/commit\/07cb2969586b70fde53b7f6dc7352b7a8a18afbb|07cb296> by OLarry)\n",
                "id": 1,
                "color": "41aa58"
            }
        ],
        "type": "message",
        "subtype": "bot_message",
        "ts": "1434818396.000036"
    },
    {
        "text": "",
        "bot_id": "B052T590M",
        "attachments": [
            {
                "fallback": "[blackteam:feature\/celery] <https:\/\/github.com\/dueyfinster\/blackteam\/commit\/8eee237|1 new commit> by Neil Grogan",
                "text": "<https:\/\/github.com\/dueyfinster\/blackteam\/commit\/8eee237|8eee237>: Updated celery docker worker config - Neil Grogan",
                "pretext": "[blackteam:feature\/celery] 1 new commit by Neil Grogan:",
                "id": 1,
                "color": "4183C4",
                "mrkdwn_in": [
                    "text",
                    "pretext"
                ]
            }
        ],
        "type": "message",
        "subtype": "bot_message",
        "ts": "1434852839.000037"
    },
    {
        "text": "",
        "bot_id": "B056P06D5",
        "attachments": [
            {
                "fallback": "Success:  dueyfinster's build (<https:\/\/circleci.com\/gh\/dueyfinster\/blackteam\/160|#160>; push in <https:\/\/circleci.com\/gh\/dueyfinster\/blackteam|dueyfinster\/blackteam> (<https:\/\/circleci.com\/gh\/dueyfinster\/blackteam\/tree\/feature%2Fcelery|feature\/celery>)\n - Updated celery docker worker config (<https:\/\/github.com\/dueyfinster\/blackteam\/commit\/8eee2370a605db90e4649ba4ee8284aa2c19f67c|8eee237> by Neil Grogan)\n",
                "text": "Success:  dueyfinster's build (<https:\/\/circleci.com\/gh\/dueyfinster\/blackteam\/160|#160>; push in <https:\/\/circleci.com\/gh\/dueyfinster\/blackteam|dueyfinster\/blackteam> (<https:\/\/circleci.com\/gh\/dueyfinster\/blackteam\/tree\/feature%2Fcelery|feature\/celery>)\n - Updated celery docker worker config (<https:\/\/github.com\/dueyfinster\/blackteam\/commit\/8eee2370a605db90e4649ba4ee8284aa2c19f67c|8eee237> by Neil Grogan)\n",
                "id": 1,
                "color": "41aa58"
            }
        ],
        "type": "message",
        "subtype": "bot_message",
        "ts": "1434852940.000038"
    }
]