[
    {
        "text": "",
        "bot_id": "B052T590M",
        "attachments": [
            {
                "fallback": "[blackteam:develop] <https:\/\/github.com\/dueyfinster\/blackteam\/commit\/a4bd924|1 new commit> by iberdnikov",
                "text": "<https:\/\/github.com\/dueyfinster\/blackteam\/commit\/a4bd924|a4bd924>: Implemented Ranking based on kNN - iberdnikov",
                "pretext": "[blackteam:develop] 1 new commit by iberdnikov:",
                "id": 1,
                "color": "4183C4",
                "mrkdwn_in": [
                    "text",
                    "pretext"
                ]
            }
        ],
        "type": "message",
        "subtype": "bot_message",
        "ts": "1437526818.000026"
    },
    {
        "text": "",
        "bot_id": "B056P06D5",
        "attachments": [
            {
                "fallback": "Success:  iberdnikov's build (<https:\/\/circleci.com\/gh\/dueyfinster\/blackteam\/290|#290>; push in <https:\/\/circleci.com\/gh\/dueyfinster\/blackteam|dueyfinster\/blackteam> (<https:\/\/circleci.com\/gh\/dueyfinster\/blackteam\/tree\/develop|develop>)\n - Implemented Ranking based on kNN (<https:\/\/github.com\/dueyfinster\/blackteam\/commit\/a4bd924193e38e7b63985a2392cb9eb5aa5a469f|a4bd924> by iberdnikov)\n",
                "text": "Success:  iberdnikov's build (<https:\/\/circleci.com\/gh\/dueyfinster\/blackteam\/290|#290>; push in <https:\/\/circleci.com\/gh\/dueyfinster\/blackteam|dueyfinster\/blackteam> (<https:\/\/circleci.com\/gh\/dueyfinster\/blackteam\/tree\/develop|develop>)\n - Implemented Ranking based on kNN (<https:\/\/github.com\/dueyfinster\/blackteam\/commit\/a4bd924193e38e7b63985a2392cb9eb5aa5a469f|a4bd924> by iberdnikov)\n",
                "id": 1,
                "color": "41aa58"
            }
        ],
        "type": "message",
        "subtype": "bot_message",
        "ts": "1437526902.000027"
    },
    {
        "text": "",
        "bot_id": "B0506GF16",
        "attachments": [
            {
                "fallback": "Build <https:\/\/magnum.travis-ci.com\/dueyfinster\/blackteam\/builds\/13842255|#213> (<https:\/\/github.com\/dueyfinster\/blackteam\/compare\/eec03eeb9b1b...a4bd924193e3|a4bd924>) of dueyfinster\/blackteam@develop by iberdnikov passed in 3 min 49 sec",
                "text": "Build <https:\/\/magnum.travis-ci.com\/dueyfinster\/blackteam\/builds\/13842255|#213> (<https:\/\/github.com\/dueyfinster\/blackteam\/compare\/eec03eeb9b1b...a4bd924193e3|a4bd924>) of dueyfinster\/blackteam@develop by iberdnikov passed in 3 min 49 sec",
                "id": 1,
                "color": "36a64f"
            }
        ],
        "type": "message",
        "subtype": "bot_message",
        "ts": "1437527062.000028"
    },
    {
        "text": "",
        "bot_id": "B052T590M",
        "attachments": [
            {
                "fallback": "[blackteam:develop] <https:\/\/github.com\/dueyfinster\/blackteam\/commit\/0be7077|1 new commit> by garrydavitt",
                "text": "<https:\/\/github.com\/dueyfinster\/blackteam\/commit\/0be7077|0be7077>: -Adding changes for 3 column homepage as per mock -Updating user pref dialog -reverting change to docker-compose - garrydavitt",
                "pretext": "[blackteam:develop] 1 new commit by garrydavitt:",
                "id": 1,
                "color": "4183C4",
                "mrkdwn_in": [
                    "text",
                    "pretext"
                ]
            }
        ],
        "type": "message",
        "subtype": "bot_message",
        "ts": "1437531291.000029"
    },
    {
        "text": "",
        "bot_id": "B056P06D5",
        "attachments": [
            {
                "fallback": "Success:  GarryDavitt's build (<https:\/\/circleci.com\/gh\/dueyfinster\/blackteam\/291|#291>; push in <https:\/\/circleci.com\/gh\/dueyfinster\/blackteam|dueyfinster\/blackteam> (<https:\/\/circleci.com\/gh\/dueyfinster\/blackteam\/tree\/develop|develop>)\n - -Adding changes for 3 column homepage as per mock -Updating user pref dialog -re (<https:\/\/github.com\/dueyfinster\/blackteam\/commit\/0be707778c5c00c1bad51870f5d50d8ce9b0de81|0be7077> by GarryDavitt)\n",
                "text": "Success:  GarryDavitt's build (<https:\/\/circleci.com\/gh\/dueyfinster\/blackteam\/291|#291>; push in <https:\/\/circleci.com\/gh\/dueyfinster\/blackteam|dueyfinster\/blackteam> (<https:\/\/circleci.com\/gh\/dueyfinster\/blackteam\/tree\/develop|develop>)\n - -Adding changes for 3 column homepage as per mock -Updating user pref dialog -re (<https:\/\/github.com\/dueyfinster\/blackteam\/commit\/0be707778c5c00c1bad51870f5d50d8ce9b0de81|0be7077> by GarryDavitt)\n",
                "id": 1,
                "color": "41aa58"
            }
        ],
        "type": "message",
        "subtype": "bot_message",
        "ts": "1437531368.000030"
    },
    {
        "text": "",
        "bot_id": "B0506GF16",
        "attachments": [
            {
                "fallback": "Build <https:\/\/magnum.travis-ci.com\/dueyfinster\/blackteam\/builds\/13843427|#214> (<https:\/\/github.com\/dueyfinster\/blackteam\/compare\/a4bd924193e3...0be707778c5c|0be7077>) of dueyfinster\/blackteam@develop by garrydavitt passed in 4 min 0 sec",
                "text": "Build <https:\/\/magnum.travis-ci.com\/dueyfinster\/blackteam\/builds\/13843427|#214> (<https:\/\/github.com\/dueyfinster\/blackteam\/compare\/a4bd924193e3...0be707778c5c|0be7077>) of dueyfinster\/blackteam@develop by garrydavitt passed in 4 min 0 sec",
                "id": 1,
                "color": "36a64f"
            }
        ],
        "type": "message",
        "subtype": "bot_message",
        "ts": "1437531539.000031"
    },
    {
        "text": "",
        "bot_id": "B052T590M",
        "attachments": [
            {
                "fallback": "[blackteam:develop] <https:\/\/github.com\/dueyfinster\/blackteam\/commit\/dc251e7|1 new commit> by garrydavitt",
                "text": "<https:\/\/github.com\/dueyfinster\/blackteam\/commit\/dc251e7|dc251e7>: adding columns css - garrydavitt",
                "pretext": "[blackteam:develop] 1 new commit by garrydavitt:",
                "id": 1,
                "color": "4183C4",
                "mrkdwn_in": [
                    "text",
                    "pretext"
                ]
            }
        ],
        "type": "message",
        "subtype": "bot_message",
        "ts": "1437531679.000032"
    },
    {
        "text": "",
        "bot_id": "B056P06D5",
        "attachments": [
            {
                "fallback": "Success:  GarryDavitt's build (<https:\/\/circleci.com\/gh\/dueyfinster\/blackteam\/292|#292>; push in <https:\/\/circleci.com\/gh\/dueyfinster\/blackteam|dueyfinster\/blackteam> (<https:\/\/circleci.com\/gh\/dueyfinster\/blackteam\/tree\/develop|develop>)\n - adding columns css (<https:\/\/github.com\/dueyfinster\/blackteam\/commit\/dc251e7f716ceeef03b55c78c089e7e06c9aa452|dc251e7> by GarryDavitt)\n",
                "text": "Success:  GarryDavitt's build (<https:\/\/circleci.com\/gh\/dueyfinster\/blackteam\/292|#292>; push in <https:\/\/circleci.com\/gh\/dueyfinster\/blackteam|dueyfinster\/blackteam> (<https:\/\/circleci.com\/gh\/dueyfinster\/blackteam\/tree\/develop|develop>)\n - adding columns css (<https:\/\/github.com\/dueyfinster\/blackteam\/commit\/dc251e7f716ceeef03b55c78c089e7e06c9aa452|dc251e7> by GarryDavitt)\n",
                "id": 1,
                "color": "41aa58"
            }
        ],
        "type": "message",
        "subtype": "bot_message",
        "ts": "1437531756.000033"
    },
    {
        "text": "",
        "bot_id": "B0506GF16",
        "attachments": [
            {
                "fallback": "Build <https:\/\/magnum.travis-ci.com\/dueyfinster\/blackteam\/builds\/13843523|#215> (<https:\/\/github.com\/dueyfinster\/blackteam\/compare\/0be707778c5c...dc251e7f716c|dc251e7>) of dueyfinster\/blackteam@develop by garrydavitt passed in 3 min 55 sec",
                "text": "Build <https:\/\/magnum.travis-ci.com\/dueyfinster\/blackteam\/builds\/13843523|#215> (<https:\/\/github.com\/dueyfinster\/blackteam\/compare\/0be707778c5c...dc251e7f716c|dc251e7>) of dueyfinster\/blackteam@develop by garrydavitt passed in 3 min 55 sec",
                "id": 1,
                "color": "36a64f"
            }
        ],
        "type": "message",
        "subtype": "bot_message",
        "ts": "1437531928.000034"
    }
]