[
    {
        "text": "",
        "bot_id": "B052T590M",
        "attachments": [
            {
                "fallback": "[blackteam:develop] <https:\/\/github.com\/dueyfinster\/blackteam\/commit\/21f1db8|1 new commit> by OLarry",
                "text": "<https:\/\/github.com\/dueyfinster\/blackteam\/commit\/21f1db8|21f1db8>: Minor code fixup and remove redis_utils.py not used - OLarry",
                "pretext": "[blackteam:develop] 1 new commit by OLarry:",
                "id": 1,
                "color": "4183C4",
                "mrkdwn_in": [
                    "text",
                    "pretext"
                ]
            }
        ],
        "type": "message",
        "subtype": "bot_message",
        "ts": "1436339982.000197"
    },
    {
        "text": "",
        "bot_id": "B056P06D5",
        "attachments": [
            {
                "fallback": "Failed:  OLarry's build (<https:\/\/circleci.com\/gh\/dueyfinster\/blackteam\/238|#238>; push in <https:\/\/circleci.com\/gh\/dueyfinster\/blackteam|dueyfinster\/blackteam> (<https:\/\/circleci.com\/gh\/dueyfinster\/blackteam\/tree\/develop|develop>)\n - Minor code fixup and remove redis_utils.py not used (<https:\/\/github.com\/dueyfinster\/blackteam\/commit\/21f1db8fee4d1ce09aa1a07827e5ea1a3256ab44|21f1db8> by OLarry)\n",
                "text": "Failed:  OLarry's build (<https:\/\/circleci.com\/gh\/dueyfinster\/blackteam\/238|#238>; push in <https:\/\/circleci.com\/gh\/dueyfinster\/blackteam|dueyfinster\/blackteam> (<https:\/\/circleci.com\/gh\/dueyfinster\/blackteam\/tree\/develop|develop>)\n - Minor code fixup and remove redis_utils.py not used (<https:\/\/github.com\/dueyfinster\/blackteam\/commit\/21f1db8fee4d1ce09aa1a07827e5ea1a3256ab44|21f1db8> by OLarry)\n",
                "id": 1,
                "color": "d10c20"
            }
        ],
        "type": "message",
        "subtype": "bot_message",
        "ts": "1436340079.000198"
    },
    {
        "text": "",
        "bot_id": "B0506GF16",
        "attachments": [
            {
                "fallback": "Build <https:\/\/magnum.travis-ci.com\/dueyfinster\/blackteam\/builds\/13431405|#162> (<https:\/\/github.com\/dueyfinster\/blackteam\/compare\/2138e6743644...21f1db8fee4d|21f1db8>) of dueyfinster\/blackteam@develop by OLarry failed in 4 min 2 sec",
                "text": "Build <https:\/\/magnum.travis-ci.com\/dueyfinster\/blackteam\/builds\/13431405|#162> (<https:\/\/github.com\/dueyfinster\/blackteam\/compare\/2138e6743644...21f1db8fee4d|21f1db8>) of dueyfinster\/blackteam@develop by OLarry failed in 4 min 2 sec",
                "id": 1,
                "color": "d00000"
            }
        ],
        "type": "message",
        "subtype": "bot_message",
        "ts": "1436340241.000199"
    },
    {
        "text": "",
        "bot_id": "B052T590M",
        "attachments": [
            {
                "fallback": "[blackteam:develop] <https:\/\/github.com\/dueyfinster\/blackteam\/commit\/bf7ab0c|1 new commit> by OLarry",
                "text": "<https:\/\/github.com\/dueyfinster\/blackteam\/commit\/bf7ab0c|bf7ab0c>: add import Redis - OLarry",
                "pretext": "[blackteam:develop] 1 new commit by OLarry:",
                "id": 1,
                "color": "4183C4",
                "mrkdwn_in": [
                    "text",
                    "pretext"
                ]
            }
        ],
        "type": "message",
        "subtype": "bot_message",
        "ts": "1436343641.000200"
    },
    {
        "text": "",
        "bot_id": "B056P06D5",
        "attachments": [
            {
                "fallback": "Fixed:  OLarry's build (<https:\/\/circleci.com\/gh\/dueyfinster\/blackteam\/239|#239>; push in <https:\/\/circleci.com\/gh\/dueyfinster\/blackteam|dueyfinster\/blackteam> (<https:\/\/circleci.com\/gh\/dueyfinster\/blackteam\/tree\/develop|develop>)\n - add import Redis (<https:\/\/github.com\/dueyfinster\/blackteam\/commit\/bf7ab0cd342d181fd88a3373da3369adc0a504d9|bf7ab0c> by OLarry)\n",
                "text": "Fixed:  OLarry's build (<https:\/\/circleci.com\/gh\/dueyfinster\/blackteam\/239|#239>; push in <https:\/\/circleci.com\/gh\/dueyfinster\/blackteam|dueyfinster\/blackteam> (<https:\/\/circleci.com\/gh\/dueyfinster\/blackteam\/tree\/develop|develop>)\n - add import Redis (<https:\/\/github.com\/dueyfinster\/blackteam\/commit\/bf7ab0cd342d181fd88a3373da3369adc0a504d9|bf7ab0c> by OLarry)\n",
                "id": 1,
                "color": "41aa58"
            }
        ],
        "type": "message",
        "subtype": "bot_message",
        "ts": "1436343814.000201"
    },
    {
        "text": "",
        "bot_id": "B0506GF16",
        "attachments": [
            {
                "fallback": "Build <https:\/\/magnum.travis-ci.com\/dueyfinster\/blackteam\/builds\/13432933|#163> (<https:\/\/github.com\/dueyfinster\/blackteam\/compare\/21f1db8fee4d...bf7ab0cd342d|bf7ab0c>) of dueyfinster\/blackteam@develop by OLarry passed in 5 min 49 sec",
                "text": "Build <https:\/\/magnum.travis-ci.com\/dueyfinster\/blackteam\/builds\/13432933|#163> (<https:\/\/github.com\/dueyfinster\/blackteam\/compare\/21f1db8fee4d...bf7ab0cd342d|bf7ab0c>) of dueyfinster\/blackteam@develop by OLarry passed in 5 min 49 sec",
                "id": 1,
                "color": "36a64f"
            }
        ],
        "type": "message",
        "subtype": "bot_message",
        "ts": "1436344051.000202"
    }
]