[
    {
        "text": "",
        "bot_id": "B052T590M",
        "attachments": [
            {
                "fallback": "[blackteam:develop] <https:\/\/github.com\/dueyfinster\/blackteam\/commit\/4f2eb86|1 new commit> by Neil Grogan",
                "text": "<https:\/\/github.com\/dueyfinster\/blackteam\/commit\/4f2eb86|4f2eb86>: Ignored selenium 10 items test - Neil Grogan",
                "pretext": "[blackteam:develop] 1 new commit by Neil Grogan:",
                "id": 1,
                "color": "4183C4",
                "mrkdwn_in": [
                    "text",
                    "pretext"
                ]
            }
        ],
        "type": "message",
        "subtype": "bot_message",
        "ts": "1435348528.000065"
    },
    {
        "text": "",
        "bot_id": "B056P06D5",
        "attachments": [
            {
                "fallback": "Fixed:  dueyfinster's build (<https:\/\/circleci.com\/gh\/dueyfinster\/blackteam\/175|#175>; push in <https:\/\/circleci.com\/gh\/dueyfinster\/blackteam|dueyfinster\/blackteam> (<https:\/\/circleci.com\/gh\/dueyfinster\/blackteam\/tree\/develop|develop>)\n - Ignored selenium 10 items test (<https:\/\/github.com\/dueyfinster\/blackteam\/commit\/4f2eb867b9dfeada499aa46f99194e3c3d840b27|4f2eb86> by Neil Grogan)\n",
                "text": "Fixed:  dueyfinster's build (<https:\/\/circleci.com\/gh\/dueyfinster\/blackteam\/175|#175>; push in <https:\/\/circleci.com\/gh\/dueyfinster\/blackteam|dueyfinster\/blackteam> (<https:\/\/circleci.com\/gh\/dueyfinster\/blackteam\/tree\/develop|develop>)\n - Ignored selenium 10 items test (<https:\/\/github.com\/dueyfinster\/blackteam\/commit\/4f2eb867b9dfeada499aa46f99194e3c3d840b27|4f2eb86> by Neil Grogan)\n",
                "id": 1,
                "color": "41aa58"
            }
        ],
        "type": "message",
        "subtype": "bot_message",
        "ts": "1435348688.000066"
    },
    {
        "text": "",
        "bot_id": "B052T590M",
        "attachments": [
            {
                "fallback": "[blackteam:develop] <https:\/\/github.com\/dueyfinster\/blackteam\/commit\/54c3fec|1 new commit> by iberdnikov",
                "text": "<https:\/\/github.com\/dueyfinster\/blackteam\/commit\/54c3fec|54c3fec>: Process RSS Feed- the code updated - iberdnikov",
                "pretext": "[blackteam:develop] 1 new commit by iberdnikov:",
                "id": 1,
                "color": "4183C4",
                "mrkdwn_in": [
                    "text",
                    "pretext"
                ]
            }
        ],
        "type": "message",
        "subtype": "bot_message",
        "ts": "1435364452.000067"
    },
    {
        "text": "",
        "bot_id": "B056P06D5",
        "attachments": [
            {
                "fallback": "Success:  iberdnikov's build (<https:\/\/circleci.com\/gh\/dueyfinster\/blackteam\/176|#176>; push in <https:\/\/circleci.com\/gh\/dueyfinster\/blackteam|dueyfinster\/blackteam> (<https:\/\/circleci.com\/gh\/dueyfinster\/blackteam\/tree\/develop|develop>)\n - Process RSS Feed- the code updated (<https:\/\/github.com\/dueyfinster\/blackteam\/commit\/54c3fecc8e4aa71d574645e8fccb0cb852280417|54c3fec> by iberdnikov)\n",
                "text": "Success:  iberdnikov's build (<https:\/\/circleci.com\/gh\/dueyfinster\/blackteam\/176|#176>; push in <https:\/\/circleci.com\/gh\/dueyfinster\/blackteam|dueyfinster\/blackteam> (<https:\/\/circleci.com\/gh\/dueyfinster\/blackteam\/tree\/develop|develop>)\n - Process RSS Feed- the code updated (<https:\/\/github.com\/dueyfinster\/blackteam\/commit\/54c3fecc8e4aa71d574645e8fccb0cb852280417|54c3fec> by iberdnikov)\n",
                "id": 1,
                "color": "41aa58"
            }
        ],
        "type": "message",
        "subtype": "bot_message",
        "ts": "1435364577.000068"
    }
]