[
    {
        "text": "",
        "bot_id": "B0506GF16",
        "attachments": [
            {
                "fallback": "Build <http:\/\/magnum.travis-ci.com\/OLarry\/djangotest\/builds\/12172657|#1> (<https:\/\/github.com\/OLarry\/djangotest\/commit\/7370b583eb91|7370b58>) of OLarry\/djangotest@OLarry-patch-1 by OLarry passed in 0 min 35 sec",
                "text": "Build <http:\/\/magnum.travis-ci.com\/OLarry\/djangotest\/builds\/12172657|#1> (<https:\/\/github.com\/OLarry\/djangotest\/commit\/7370b583eb91|7370b58>) of OLarry\/djangotest@OLarry-patch-1 by OLarry passed in 0 min 35 sec",
                "id": 1,
                "color": "36a64f"
            }
        ],
        "type": "message",
        "subtype": "bot_message",
        "ts": "1432495473.556773"
    },
    {
        "text": "",
        "bot_id": "B0506GF16",
        "attachments": [
            {
                "fallback": "Build <http:\/\/magnum.travis-ci.com\/OLarry\/djangotest\/builds\/12172663|#2> (<https:\/\/github.com\/OLarry\/djangotest\/pull\/1|3178aed>) of OLarry\/djangotest@master in PR <https:\/\/github.com\/OLarry\/djangotest\/pull\/1|#1> by OLarry passed in 0 min 37 sec",
                "text": "Build <http:\/\/magnum.travis-ci.com\/OLarry\/djangotest\/builds\/12172663|#2> (<https:\/\/github.com\/OLarry\/djangotest\/pull\/1|3178aed>) of OLarry\/djangotest@master in PR <https:\/\/github.com\/OLarry\/djangotest\/pull\/1|#1> by OLarry passed in 0 min 37 sec",
                "id": 1,
                "color": "36a64f"
            }
        ],
        "type": "message",
        "subtype": "bot_message",
        "ts": "1432495568.557145"
    },
    {
        "text": "",
        "bot_id": "B0506GF16",
        "attachments": [
            {
                "fallback": "Build <http:\/\/magnum.travis-ci.com\/OLarry\/djangotest\/builds\/12172691|#3> (<https:\/\/github.com\/OLarry\/djangotest\/compare\/97523a7eb70c...ac867db70639|ac867db>) of OLarry\/djangotest@master by OLarry passed in 0 min 38 sec",
                "text": "Build <http:\/\/magnum.travis-ci.com\/OLarry\/djangotest\/builds\/12172691|#3> (<https:\/\/github.com\/OLarry\/djangotest\/compare\/97523a7eb70c...ac867db70639|ac867db>) of OLarry\/djangotest@master by OLarry passed in 0 min 38 sec",
                "id": 1,
                "color": "36a64f"
            }
        ],
        "type": "message",
        "subtype": "bot_message",
        "ts": "1432496347.560818"
    },
    {
        "text": "",
        "bot_id": "B050U8ZM1",
        "attachments": [
            {
                "fallback": "[dueyfinster\/djangotest] <https:\/\/github.com\/dueyfinster\/djangotest\/pull\/2|Pull request submitted> by <https:\/\/github.com\/OLarry|OLarry>",
                "text": "Trivial change to play with making changes in github",
                "pretext": "[dueyfinster\/djangotest] Pull request submitted by <https:\/\/github.com\/OLarry|OLarry>",
                "title": "#2 trivial change to play with github",
                "id": 1,
                "title_link": "https:\/\/github.com\/dueyfinster\/djangotest\/pull\/2",
                "color": "6CC644",
                "mrkdwn_in": [
                    "text",
                    "pretext"
                ]
            }
        ],
        "type": "message",
        "subtype": "bot_message",
        "ts": "1432496660.000002"
    },
    {
        "text": "",
        "bot_id": "B0506GF16",
        "attachments": [
            {
                "fallback": "Build <http:\/\/magnum.travis-ci.com\/dueyfinster\/djangotest\/builds\/12172715|#6> (<https:\/\/github.com\/dueyfinster\/djangotest\/pull\/2|bfa538b>) of dueyfinster\/djangotest@master in PR <https:\/\/github.com\/dueyfinster\/djangotest\/pull\/2|#2> by OLarry passed in 0 min 35 sec",
                "text": "Build <http:\/\/magnum.travis-ci.com\/dueyfinster\/djangotest\/builds\/12172715|#6> (<https:\/\/github.com\/dueyfinster\/djangotest\/pull\/2|bfa538b>) of dueyfinster\/djangotest@master in PR <https:\/\/github.com\/dueyfinster\/djangotest\/pull\/2|#2> by OLarry passed in 0 min 35 sec",
                "id": 1,
                "color": "36a64f"
            }
        ],
        "type": "message",
        "subtype": "bot_message",
        "ts": "1432496723.000003"
    },
    {
        "type": "message",
        "user": "U04UQLQPP",
        "text": "<@U050DA5Q1>: built successfully as you can see here, will merge!",
        "ts": "1432496746.000004"
    },
    {
        "user": "U050DA5Q1",
        "inviter": "U04UQLQPP",
        "type": "message",
        "subtype": "channel_join",
        "text": "<@U050DA5Q1|larry> has joined the channel",
        "ts": "1432496758.000005"
    },
    {
        "text": "",
        "bot_id": "B050U8ZM1",
        "attachments": [
            {
                "fallback": "[dueyfinster\/djangotest] Pull request closed: <https:\/\/github.com\/dueyfinster\/djangotest\/pull\/2|#2 trivial change to play with github> by <https:\/\/github.com\/dueyfinster|dueyfinster>",
                "text": "[dueyfinster\/djangotest] Pull request closed: <https:\/\/github.com\/dueyfinster\/djangotest\/pull\/2|#2 trivial change to play with github> by <https:\/\/github.com\/dueyfinster|dueyfinster>",
                "id": 1,
                "color": "E3E4E6",
                "mrkdwn_in": [
                    "text",
                    "pretext"
                ]
            }
        ],
        "type": "message",
        "subtype": "bot_message",
        "ts": "1432496767.000006"
    },
    {
        "text": "",
        "bot_id": "B050U8ZM1",
        "attachments": [
            {
                "fallback": "[djangotest:master] <https:\/\/github.com\/dueyfinster\/djangotest\/compare\/97523a7eb70c...a3582a3f271e|3 new commits>",
                "text": "<https:\/\/github.com\/dueyfinster\/djangotest\/commit\/7370b58|7370b58>: Update README.md - OLarry\n <https:\/\/github.com\/dueyfinster\/djangotest\/commit\/ac867db|ac867db>: Merge pull request #1 from OLarry\/OLarry-patch-1 - OLarry\n <https:\/\/github.com\/dueyfinster\/djangotest\/commit\/a3582a3|a3582a3>: Merge pull request #2 from OLarry\/master - Neil Grogan",
                "pretext": "[djangotest:master] <https:\/\/github.com\/dueyfinster\/djangotest\/compare\/97523a7eb70c...a3582a3f271e|3 new commits>:",
                "id": 1,
                "color": "4183C4",
                "mrkdwn_in": [
                    "text",
                    "pretext"
                ]
            }
        ],
        "type": "message",
        "subtype": "bot_message",
        "ts": "1432496768.000007"
    },
    {
        "text": "",
        "bot_id": "B0506GF16",
        "attachments": [
            {
                "fallback": "Build <http:\/\/magnum.travis-ci.com\/dueyfinster\/djangotest\/builds\/12172719|#7> (<https:\/\/github.com\/dueyfinster\/djangotest\/compare\/97523a7eb70c...a3582a3f271e|a3582a3>) of dueyfinster\/djangotest@master by Neil Grogan passed in 0 min 34 sec",
                "text": "Build <http:\/\/magnum.travis-ci.com\/dueyfinster\/djangotest\/builds\/12172719|#7> (<https:\/\/github.com\/dueyfinster\/djangotest\/compare\/97523a7eb70c...a3582a3f271e|a3582a3>) of dueyfinster\/djangotest@master by Neil Grogan passed in 0 min 34 sec",
                "id": 1,
                "color": "36a64f"
            }
        ],
        "type": "message",
        "subtype": "bot_message",
        "ts": "1432496819.000008"
    },
    {
        "type": "message",
        "user": "U050DA5Q1",
        "text": "<@U04UQLQPP>: cheers - I need to get a bit more confident with git - I used it before in UCD but found it a bit unintuitive",
        "ts": "1432498689.000009"
    },
    {
        "type": "message",
        "user": "U04UQLQPP",
        "text": "<@U050DA5Q1>: I really recommend this tutorial <http:\/\/pcottle.github.io\/learnGitBranching\/>",
        "attachments": [
            {
                "title": "Learn Git Branching",
                "title_link": "http:\/\/pcottle.github.io\/learnGitBranching\/",
                "text": "A interactive Git visualization tool to educate and challenge!",
                "fallback": "Learn Git Branching",
                "from_url": "http:\/\/pcottle.github.io\/learnGitBranching\/",
                "id": 1
            }
        ],
        "ts": "1432498774.000010"
    },
    {
        "type": "message",
        "user": "U050DA5Q1",
        "text": "<@U04UQLQPP>: thanks a lot cheers",
        "ts": "1432499134.000012"
    }
]