[
    {
        "text": "",
        "bot_id": "B052T590M",
        "attachments": [
            {
                "fallback": "[blackteam:develop] <https:\/\/github.com\/dueyfinster\/blackteam\/commit\/779e846|1 new commit> by garrydavitt",
                "text": "<https:\/\/github.com\/dueyfinster\/blackteam\/commit\/779e846|779e846>: adding preference ui popup and jquery and css for same - not fully complete - garrydavitt",
                "pretext": "[blackteam:develop] 1 new commit by garrydavitt:",
                "id": 1,
                "color": "4183C4",
                "mrkdwn_in": [
                    "text",
                    "pretext"
                ]
            }
        ],
        "type": "message",
        "subtype": "bot_message",
        "ts": "1437422856.000020"
    },
    {
        "text": "",
        "bot_id": "B056P06D5",
        "attachments": [
            {
                "fallback": "Success:  GarryDavitt's build (<https:\/\/circleci.com\/gh\/dueyfinster\/blackteam\/288|#288>; push in <https:\/\/circleci.com\/gh\/dueyfinster\/blackteam|dueyfinster\/blackteam> (<https:\/\/circleci.com\/gh\/dueyfinster\/blackteam\/tree\/develop|develop>)\n - adding preference ui popup and jquery and css for same - not fully complete (<https:\/\/github.com\/dueyfinster\/blackteam\/commit\/779e84614b1b81479d9b478d2731f905b7e27ced|779e846> by GarryDavitt)\n",
                "text": "Success:  GarryDavitt's build (<https:\/\/circleci.com\/gh\/dueyfinster\/blackteam\/288|#288>; push in <https:\/\/circleci.com\/gh\/dueyfinster\/blackteam|dueyfinster\/blackteam> (<https:\/\/circleci.com\/gh\/dueyfinster\/blackteam\/tree\/develop|develop>)\n - adding preference ui popup and jquery and css for same - not fully complete (<https:\/\/github.com\/dueyfinster\/blackteam\/commit\/779e84614b1b81479d9b478d2731f905b7e27ced|779e846> by GarryDavitt)\n",
                "id": 1,
                "color": "41aa58"
            }
        ],
        "type": "message",
        "subtype": "bot_message",
        "ts": "1437422930.000021"
    },
    {
        "text": "",
        "bot_id": "B0506GF16",
        "attachments": [
            {
                "fallback": "Build <https:\/\/magnum.travis-ci.com\/dueyfinster\/blackteam\/builds\/13789705|#211> (<https:\/\/github.com\/dueyfinster\/blackteam\/compare\/f50dca03e8a4...779e84614b1b|779e846>) of dueyfinster\/blackteam@develop by garrydavitt passed in 4 min 42 sec",
                "text": "Build <https:\/\/magnum.travis-ci.com\/dueyfinster\/blackteam\/builds\/13789705|#211> (<https:\/\/github.com\/dueyfinster\/blackteam\/compare\/f50dca03e8a4...779e84614b1b|779e846>) of dueyfinster\/blackteam@develop by garrydavitt passed in 4 min 42 sec",
                "id": 1,
                "color": "36a64f"
            }
        ],
        "type": "message",
        "subtype": "bot_message",
        "ts": "1437423166.000022"
    },
    {
        "text": "",
        "bot_id": "B052T590M",
        "attachments": [
            {
                "fallback": "[blackteam:develop] <https:\/\/github.com\/dueyfinster\/blackteam\/commit\/eec03ee|1 new commit> by iberdnikov",
                "text": "<https:\/\/github.com\/dueyfinster\/blackteam\/commit\/eec03ee|eec03ee>: Clicked Article to Training Set - iberdnikov",
                "pretext": "[blackteam:develop] 1 new commit by iberdnikov:",
                "id": 1,
                "color": "4183C4",
                "mrkdwn_in": [
                    "text",
                    "pretext"
                ]
            }
        ],
        "type": "message",
        "subtype": "bot_message",
        "ts": "1437440548.000023"
    },
    {
        "text": "",
        "bot_id": "B056P06D5",
        "attachments": [
            {
                "fallback": "Success:  iberdnikov's build (<https:\/\/circleci.com\/gh\/dueyfinster\/blackteam\/289|#289>; push in <https:\/\/circleci.com\/gh\/dueyfinster\/blackteam|dueyfinster\/blackteam> (<https:\/\/circleci.com\/gh\/dueyfinster\/blackteam\/tree\/develop|develop>)\n - Clicked Article to Training Set (<https:\/\/github.com\/dueyfinster\/blackteam\/commit\/eec03eeb9b1b1ee13ba9f02305457174c1a1ae62|eec03ee> by iberdnikov)\n",
                "text": "Success:  iberdnikov's build (<https:\/\/circleci.com\/gh\/dueyfinster\/blackteam\/289|#289>; push in <https:\/\/circleci.com\/gh\/dueyfinster\/blackteam|dueyfinster\/blackteam> (<https:\/\/circleci.com\/gh\/dueyfinster\/blackteam\/tree\/develop|develop>)\n - Clicked Article to Training Set (<https:\/\/github.com\/dueyfinster\/blackteam\/commit\/eec03eeb9b1b1ee13ba9f02305457174c1a1ae62|eec03ee> by iberdnikov)\n",
                "id": 1,
                "color": "41aa58"
            }
        ],
        "type": "message",
        "subtype": "bot_message",
        "ts": "1437440624.000024"
    },
    {
        "text": "",
        "bot_id": "B0506GF16",
        "attachments": [
            {
                "fallback": "Build <https:\/\/magnum.travis-ci.com\/dueyfinster\/blackteam\/builds\/13799114|#212> (<https:\/\/github.com\/dueyfinster\/blackteam\/compare\/779e84614b1b...eec03eeb9b1b|eec03ee>) of dueyfinster\/blackteam@develop by iberdnikov passed in 3 min 48 sec",
                "text": "Build <https:\/\/magnum.travis-ci.com\/dueyfinster\/blackteam\/builds\/13799114|#212> (<https:\/\/github.com\/dueyfinster\/blackteam\/compare\/779e84614b1b...eec03eeb9b1b|eec03ee>) of dueyfinster\/blackteam@develop by iberdnikov passed in 3 min 48 sec",
                "id": 1,
                "color": "36a64f"
            }
        ],
        "type": "message",
        "subtype": "bot_message",
        "ts": "1437440800.000025"
    }
]