[
    {
        "text": "",
        "bot_id": "B052T590M",
        "attachments": [
            {
                "fallback": "[blackteam:develop] <https:\/\/github.com\/dueyfinster\/blackteam\/commit\/c43d56d|1 new commit> by Neil Grogan",
                "text": "<https:\/\/github.com\/dueyfinster\/blackteam\/commit\/c43d56d|c43d56d>: Added a list of topics - Neil Grogan",
                "pretext": "[blackteam:develop] 1 new commit by Neil Grogan:",
                "id": 1,
                "color": "4183C4",
                "mrkdwn_in": [
                    "text",
                    "pretext"
                ]
            }
        ],
        "type": "message",
        "subtype": "bot_message",
        "ts": "1435872177.000109"
    },
    {
        "text": "",
        "bot_id": "B056P06D5",
        "attachments": [
            {
                "fallback": "Success:  dueyfinster's build (<https:\/\/circleci.com\/gh\/dueyfinster\/blackteam\/197|#197>; push in <https:\/\/circleci.com\/gh\/dueyfinster\/blackteam|dueyfinster\/blackteam> (<https:\/\/circleci.com\/gh\/dueyfinster\/blackteam\/tree\/develop|develop>)\n - Added a list of topics (<https:\/\/github.com\/dueyfinster\/blackteam\/commit\/c43d56dcac37ccfc833cee84e5c4ea722d37ca58|c43d56d> by Neil Grogan)\n",
                "text": "Success:  dueyfinster's build (<https:\/\/circleci.com\/gh\/dueyfinster\/blackteam\/197|#197>; push in <https:\/\/circleci.com\/gh\/dueyfinster\/blackteam|dueyfinster\/blackteam> (<https:\/\/circleci.com\/gh\/dueyfinster\/blackteam\/tree\/develop|develop>)\n - Added a list of topics (<https:\/\/github.com\/dueyfinster\/blackteam\/commit\/c43d56dcac37ccfc833cee84e5c4ea722d37ca58|c43d56d> by Neil Grogan)\n",
                "id": 1,
                "color": "41aa58"
            }
        ],
        "type": "message",
        "subtype": "bot_message",
        "ts": "1435872341.000110"
    },
    {
        "text": "",
        "bot_id": "B052T590M",
        "attachments": [
            {
                "fallback": "[blackteam:develop] <https:\/\/github.com\/dueyfinster\/blackteam\/commit\/0f762f3|1 new commit> by Neil Grogan",
                "text": "<https:\/\/github.com\/dueyfinster\/blackteam\/commit\/0f762f3|0f762f3>: Renamed importfeeds to importcsv, added to run-docker script - Neil Grogan",
                "pretext": "[blackteam:develop] 1 new commit by Neil Grogan:",
                "id": 1,
                "color": "4183C4",
                "mrkdwn_in": [
                    "text",
                    "pretext"
                ]
            }
        ],
        "type": "message",
        "subtype": "bot_message",
        "ts": "1435872388.000111"
    },
    {
        "text": "",
        "bot_id": "B052T590M",
        "attachments": [
            {
                "fallback": "[blackteam:develop] <https:\/\/github.com\/dueyfinster\/blackteam\/commit\/14bfb74|1 new commit> by Neil Grogan",
                "text": "<https:\/\/github.com\/dueyfinster\/blackteam\/commit\/14bfb74|14bfb74>: Added model for Topic - Neil Grogan",
                "pretext": "[blackteam:develop] 1 new commit by Neil Grogan:",
                "id": 1,
                "color": "4183C4",
                "mrkdwn_in": [
                    "text",
                    "pretext"
                ]
            }
        ],
        "type": "message",
        "subtype": "bot_message",
        "ts": "1435872538.000112"
    },
    {
        "text": "",
        "bot_id": "B056P06D5",
        "attachments": [
            {
                "fallback": "Success:  dueyfinster's build (<https:\/\/circleci.com\/gh\/dueyfinster\/blackteam\/198|#198>; push in <https:\/\/circleci.com\/gh\/dueyfinster\/blackteam|dueyfinster\/blackteam> (<https:\/\/circleci.com\/gh\/dueyfinster\/blackteam\/tree\/develop|develop>)\n - Renamed importfeeds to importcsv, added to run-docker script (<https:\/\/github.com\/dueyfinster\/blackteam\/commit\/0f762f351599a4cd9a912b76af30cba42d1ca540|0f762f3> by Neil Grogan)\n",
                "text": "Success:  dueyfinster's build (<https:\/\/circleci.com\/gh\/dueyfinster\/blackteam\/198|#198>; push in <https:\/\/circleci.com\/gh\/dueyfinster\/blackteam|dueyfinster\/blackteam> (<https:\/\/circleci.com\/gh\/dueyfinster\/blackteam\/tree\/develop|develop>)\n - Renamed importfeeds to importcsv, added to run-docker script (<https:\/\/github.com\/dueyfinster\/blackteam\/commit\/0f762f351599a4cd9a912b76af30cba42d1ca540|0f762f3> by Neil Grogan)\n",
                "id": 1,
                "color": "41aa58"
            }
        ],
        "type": "message",
        "subtype": "bot_message",
        "ts": "1435872563.000113"
    },
    {
        "text": "",
        "bot_id": "B056P06D5",
        "attachments": [
            {
                "fallback": "Success:  dueyfinster's build (<https:\/\/circleci.com\/gh\/dueyfinster\/blackteam\/199|#199>; push in <https:\/\/circleci.com\/gh\/dueyfinster\/blackteam|dueyfinster\/blackteam> (<https:\/\/circleci.com\/gh\/dueyfinster\/blackteam\/tree\/develop|develop>)\n - Added model for Topic (<https:\/\/github.com\/dueyfinster\/blackteam\/commit\/14bfb74e8ce03368b18483863e5371a1c26eefc2|14bfb74> by Neil Grogan)\n",
                "text": "Success:  dueyfinster's build (<https:\/\/circleci.com\/gh\/dueyfinster\/blackteam\/199|#199>; push in <https:\/\/circleci.com\/gh\/dueyfinster\/blackteam|dueyfinster\/blackteam> (<https:\/\/circleci.com\/gh\/dueyfinster\/blackteam\/tree\/develop|develop>)\n - Added model for Topic (<https:\/\/github.com\/dueyfinster\/blackteam\/commit\/14bfb74e8ce03368b18483863e5371a1c26eefc2|14bfb74> by Neil Grogan)\n",
                "id": 1,
                "color": "41aa58"
            }
        ],
        "type": "message",
        "subtype": "bot_message",
        "ts": "1435872738.000114"
    },
    {
        "text": "",
        "bot_id": "B052T590M",
        "attachments": [
            {
                "fallback": "[blackteam:develop] <https:\/\/github.com\/dueyfinster\/blackteam\/commit\/d272c44|1 new commit> by Neil Grogan",
                "text": "<https:\/\/github.com\/dueyfinster\/blackteam\/commit\/d272c44|d272c44>: Started method to import topics - Neil Grogan",
                "pretext": "[blackteam:develop] 1 new commit by Neil Grogan:",
                "id": 1,
                "color": "4183C4",
                "mrkdwn_in": [
                    "text",
                    "pretext"
                ]
            }
        ],
        "type": "message",
        "subtype": "bot_message",
        "ts": "1435874228.000115"
    },
    {
        "text": "",
        "bot_id": "B056P06D5",
        "attachments": [
            {
                "fallback": "Success:  dueyfinster's build (<https:\/\/circleci.com\/gh\/dueyfinster\/blackteam\/200|#200>; push in <https:\/\/circleci.com\/gh\/dueyfinster\/blackteam|dueyfinster\/blackteam> (<https:\/\/circleci.com\/gh\/dueyfinster\/blackteam\/tree\/develop|develop>)\n - Started method to import topics (<https:\/\/github.com\/dueyfinster\/blackteam\/commit\/d272c44bbe586af2c666dc572d4d3d62e735dbf2|d272c44> by Neil Grogan)\n",
                "text": "Success:  dueyfinster's build (<https:\/\/circleci.com\/gh\/dueyfinster\/blackteam\/200|#200>; push in <https:\/\/circleci.com\/gh\/dueyfinster\/blackteam|dueyfinster\/blackteam> (<https:\/\/circleci.com\/gh\/dueyfinster\/blackteam\/tree\/develop|develop>)\n - Started method to import topics (<https:\/\/github.com\/dueyfinster\/blackteam\/commit\/d272c44bbe586af2c666dc572d4d3d62e735dbf2|d272c44> by Neil Grogan)\n",
                "id": 1,
                "color": "41aa58"
            }
        ],
        "type": "message",
        "subtype": "bot_message",
        "ts": "1435874380.000116"
    },
    {
        "text": "",
        "bot_id": "B052T590M",
        "attachments": [
            {
                "fallback": "[blackteam:develop] <https:\/\/github.com\/dueyfinster\/blackteam\/commit\/8802039|1 new commit> by Neil Grogan",
                "text": "<https:\/\/github.com\/dueyfinster\/blackteam\/commit\/8802039|8802039>: Docker now uses image for web\/worker, as fast as before! - Neil Grogan",
                "pretext": "[blackteam:develop] 1 new commit by Neil Grogan:",
                "id": 1,
                "color": "4183C4",
                "mrkdwn_in": [
                    "text",
                    "pretext"
                ]
            }
        ],
        "type": "message",
        "subtype": "bot_message",
        "ts": "1435880288.000117"
    },
    {
        "text": "",
        "bot_id": "B056P06D5",
        "attachments": [
            {
                "fallback": "Success:  dueyfinster's build (<https:\/\/circleci.com\/gh\/dueyfinster\/blackteam\/201|#201>; push in <https:\/\/circleci.com\/gh\/dueyfinster\/blackteam|dueyfinster\/blackteam> (<https:\/\/circleci.com\/gh\/dueyfinster\/blackteam\/tree\/develop|develop>)\n - Docker now uses image for web\/worker, as fast as before! (<https:\/\/github.com\/dueyfinster\/blackteam\/commit\/88020395e0d7f5b470a8ceb79550c99abe471557|8802039> by Neil Grogan)\n",
                "text": "Success:  dueyfinster's build (<https:\/\/circleci.com\/gh\/dueyfinster\/blackteam\/201|#201>; push in <https:\/\/circleci.com\/gh\/dueyfinster\/blackteam|dueyfinster\/blackteam> (<https:\/\/circleci.com\/gh\/dueyfinster\/blackteam\/tree\/develop|develop>)\n - Docker now uses image for web\/worker, as fast as before! (<https:\/\/github.com\/dueyfinster\/blackteam\/commit\/88020395e0d7f5b470a8ceb79550c99abe471557|8802039> by Neil Grogan)\n",
                "id": 1,
                "color": "41aa58"
            }
        ],
        "type": "message",
        "subtype": "bot_message",
        "ts": "1435880454.000118"
    },
    {
        "text": "",
        "bot_id": "B052T590M",
        "attachments": [
            {
                "fallback": "[blackteam:develop] <https:\/\/github.com\/dueyfinster\/blackteam\/commit\/1fd0641|1 new commit> by Neil Grogan",
                "text": "<https:\/\/github.com\/dueyfinster\/blackteam\/commit\/1fd0641|1fd0641>: Finished putting topics in the database - Neil Grogan",
                "pretext": "[blackteam:develop] 1 new commit by Neil Grogan:",
                "id": 1,
                "color": "4183C4",
                "mrkdwn_in": [
                    "text",
                    "pretext"
                ]
            }
        ],
        "type": "message",
        "subtype": "bot_message",
        "ts": "1435880635.000119"
    },
    {
        "text": "",
        "bot_id": "B056P06D5",
        "attachments": [
            {
                "fallback": "Success:  dueyfinster's build (<https:\/\/circleci.com\/gh\/dueyfinster\/blackteam\/202|#202>; push in <https:\/\/circleci.com\/gh\/dueyfinster\/blackteam|dueyfinster\/blackteam> (<https:\/\/circleci.com\/gh\/dueyfinster\/blackteam\/tree\/develop|develop>)\n - Finished putting topics in the database (<https:\/\/github.com\/dueyfinster\/blackteam\/commit\/1fd0641da19f9d4fb643ec825faae74161e4f035|1fd0641> by Neil Grogan)\n",
                "text": "Success:  dueyfinster's build (<https:\/\/circleci.com\/gh\/dueyfinster\/blackteam\/202|#202>; push in <https:\/\/circleci.com\/gh\/dueyfinster\/blackteam|dueyfinster\/blackteam> (<https:\/\/circleci.com\/gh\/dueyfinster\/blackteam\/tree\/develop|develop>)\n - Finished putting topics in the database (<https:\/\/github.com\/dueyfinster\/blackteam\/commit\/1fd0641da19f9d4fb643ec825faae74161e4f035|1fd0641> by Neil Grogan)\n",
                "id": 1,
                "color": "41aa58"
            }
        ],
        "type": "message",
        "subtype": "bot_message",
        "ts": "1435880796.000120"
    },
    {
        "text": "",
        "bot_id": "B052T590M",
        "attachments": [
            {
                "fallback": "[blackteam:develop] <https:\/\/github.com\/dueyfinster\/blackteam\/commit\/ec48d8b|1 new commit> by Neil Grogan",
                "text": "<https:\/\/github.com\/dueyfinster\/blackteam\/commit\/ec48d8b|ec48d8b>: Showing topics at &lt;docker ip&gt;\/topics - Neil Grogan",
                "pretext": "[blackteam:develop] 1 new commit by Neil Grogan:",
                "id": 1,
                "color": "4183C4",
                "mrkdwn_in": [
                    "text",
                    "pretext"
                ]
            }
        ],
        "type": "message",
        "subtype": "bot_message",
        "ts": "1435881089.000121"
    },
    {
        "text": "",
        "bot_id": "B056P06D5",
        "attachments": [
            {
                "fallback": "Success:  dueyfinster's build (<https:\/\/circleci.com\/gh\/dueyfinster\/blackteam\/203|#203>; push in <https:\/\/circleci.com\/gh\/dueyfinster\/blackteam|dueyfinster\/blackteam> (<https:\/\/circleci.com\/gh\/dueyfinster\/blackteam\/tree\/develop|develop>)\n - Showing topics at &lt;docker ip&gt;\/topics (<https:\/\/github.com\/dueyfinster\/blackteam\/commit\/ec48d8b52a2673262c482e88dbc2c79be5ab0e2d|ec48d8b> by Neil Grogan)\n",
                "text": "Success:  dueyfinster's build (<https:\/\/circleci.com\/gh\/dueyfinster\/blackteam\/203|#203>; push in <https:\/\/circleci.com\/gh\/dueyfinster\/blackteam|dueyfinster\/blackteam> (<https:\/\/circleci.com\/gh\/dueyfinster\/blackteam\/tree\/develop|develop>)\n - Showing topics at &lt;docker ip&gt;\/topics (<https:\/\/github.com\/dueyfinster\/blackteam\/commit\/ec48d8b52a2673262c482e88dbc2c79be5ab0e2d|ec48d8b> by Neil Grogan)\n",
                "id": 1,
                "color": "41aa58"
            }
        ],
        "type": "message",
        "subtype": "bot_message",
        "ts": "1435881242.000122"
    }
]