[
    {
        "text": "",
        "bot_id": "B052T590M",
        "attachments": [
            {
                "fallback": "[blackteam:develop] <https:\/\/github.com\/dueyfinster\/blackteam\/commit\/f73c712|1 new commit> by Neil Grogan",
                "text": "<https:\/\/github.com\/dueyfinster\/blackteam\/commit\/f73c712|f73c712>: She is always right there when I need her (the logout url) - :musical_note:  OMI - Cheerleader - Neil Grogan",
                "pretext": "[blackteam:develop] 1 new commit by Neil Grogan:",
                "id": 1,
                "color": "4183C4",
                "mrkdwn_in": [
                    "text",
                    "pretext"
                ]
            }
        ],
        "type": "message",
        "subtype": "bot_message",
        "ts": "1436817104.000244"
    },
    {
        "text": "",
        "bot_id": "B056P06D5",
        "attachments": [
            {
                "fallback": "Failed:  dueyfinster's build (<https:\/\/circleci.com\/gh\/dueyfinster\/blackteam\/254|#254>; push in <https:\/\/circleci.com\/gh\/dueyfinster\/blackteam|dueyfinster\/blackteam> (<https:\/\/circleci.com\/gh\/dueyfinster\/blackteam\/tree\/develop|develop>)\n - She is always right there when I need her (the logout url) - :musical_note:  OMI - Cheerlead (<https:\/\/github.com\/dueyfinster\/blackteam\/commit\/f73c712dc3aa5b788376788bc5a2cd483293f198|f73c712> by Neil Grogan)\n",
                "text": "Failed:  dueyfinster's build (<https:\/\/circleci.com\/gh\/dueyfinster\/blackteam\/254|#254>; push in <https:\/\/circleci.com\/gh\/dueyfinster\/blackteam|dueyfinster\/blackteam> (<https:\/\/circleci.com\/gh\/dueyfinster\/blackteam\/tree\/develop|develop>)\n - She is always right there when I need her (the logout url) - :musical_note:  OMI - Cheerlead (<https:\/\/github.com\/dueyfinster\/blackteam\/commit\/f73c712dc3aa5b788376788bc5a2cd483293f198|f73c712> by Neil Grogan)\n",
                "id": 1,
                "color": "d10c20"
            }
        ],
        "type": "message",
        "subtype": "bot_message",
        "ts": "1436817251.000245"
    },
    {
        "text": "",
        "bot_id": "B0506GF16",
        "attachments": [
            {
                "fallback": "Build <https:\/\/magnum.travis-ci.com\/dueyfinster\/blackteam\/builds\/13582912|#178> (<https:\/\/github.com\/dueyfinster\/blackteam\/compare\/e846a66e2ec9...f73c712dc3aa|f73c712>) of dueyfinster\/blackteam@develop by Neil Grogan passed in 4 min 21 sec",
                "text": "Build <https:\/\/magnum.travis-ci.com\/dueyfinster\/blackteam\/builds\/13582912|#178> (<https:\/\/github.com\/dueyfinster\/blackteam\/compare\/e846a66e2ec9...f73c712dc3aa|f73c712>) of dueyfinster\/blackteam@develop by Neil Grogan passed in 4 min 21 sec",
                "id": 1,
                "color": "36a64f"
            }
        ],
        "type": "message",
        "subtype": "bot_message",
        "ts": "1436817389.000246"
    },
    {
        "text": "",
        "bot_id": "B056P06D5",
        "attachments": [
            {
                "fallback": "Fixed:  dueyfinster's build (<https:\/\/circleci.com\/gh\/dueyfinster\/blackteam\/255|#255>; retry by dueyfinster in <https:\/\/circleci.com\/gh\/dueyfinster\/blackteam|dueyfinster\/blackteam> (<https:\/\/circleci.com\/gh\/dueyfinster\/blackteam\/tree\/develop|develop>)\n - She is always right there when I need her (the logout url) - :musical_note:  OMI - Cheerlead (<https:\/\/github.com\/dueyfinster\/blackteam\/commit\/f73c712dc3aa5b788376788bc5a2cd483293f198|f73c712> by Neil Grogan)\n",
                "text": "Fixed:  dueyfinster's build (<https:\/\/circleci.com\/gh\/dueyfinster\/blackteam\/255|#255>; retry by dueyfinster in <https:\/\/circleci.com\/gh\/dueyfinster\/blackteam|dueyfinster\/blackteam> (<https:\/\/circleci.com\/gh\/dueyfinster\/blackteam\/tree\/develop|develop>)\n - She is always right there when I need her (the logout url) - :musical_note:  OMI - Cheerlead (<https:\/\/github.com\/dueyfinster\/blackteam\/commit\/f73c712dc3aa5b788376788bc5a2cd483293f198|f73c712> by Neil Grogan)\n",
                "id": 1,
                "color": "41aa58"
            }
        ],
        "type": "message",
        "subtype": "bot_message",
        "ts": "1436817505.000247"
    },
    {
        "text": "",
        "bot_id": "B052T590M",
        "attachments": [
            {
                "fallback": "[blackteam:develop] <https:\/\/github.com\/dueyfinster\/blackteam\/commit\/73430aa|1 new commit> by OLarry",
                "text": "<https:\/\/github.com\/dueyfinster\/blackteam\/commit\/73430aa|73430aa>: Fix to prevent duplicates added to UserArticles, also fix issue with searching Admin GUI. Minor clean of tasks.py - OLarry",
                "pretext": "[blackteam:develop] 1 new commit by OLarry:",
                "id": 1,
                "color": "4183C4",
                "mrkdwn_in": [
                    "text",
                    "pretext"
                ]
            }
        ],
        "type": "message",
        "subtype": "bot_message",
        "ts": "1436826832.000248"
    },
    {
        "text": "",
        "bot_id": "B056P06D5",
        "attachments": [
            {
                "fallback": "Success:  OLarry's build (<https:\/\/circleci.com\/gh\/dueyfinster\/blackteam\/256|#256>; push in <https:\/\/circleci.com\/gh\/dueyfinster\/blackteam|dueyfinster\/blackteam> (<https:\/\/circleci.com\/gh\/dueyfinster\/blackteam\/tree\/develop|develop>)\n - Fix to prevent duplicates added to UserArticles, also fix issue with searching A (<https:\/\/github.com\/dueyfinster\/blackteam\/commit\/73430aab46c46d7b30889e4cc27887eee26289ea|73430aa> by OLarry)\n",
                "text": "Success:  OLarry's build (<https:\/\/circleci.com\/gh\/dueyfinster\/blackteam\/256|#256>; push in <https:\/\/circleci.com\/gh\/dueyfinster\/blackteam|dueyfinster\/blackteam> (<https:\/\/circleci.com\/gh\/dueyfinster\/blackteam\/tree\/develop|develop>)\n - Fix to prevent duplicates added to UserArticles, also fix issue with searching A (<https:\/\/github.com\/dueyfinster\/blackteam\/commit\/73430aab46c46d7b30889e4cc27887eee26289ea|73430aa> by OLarry)\n",
                "id": 1,
                "color": "41aa58"
            }
        ],
        "type": "message",
        "subtype": "bot_message",
        "ts": "1436827026.000249"
    },
    {
        "text": "",
        "bot_id": "B0506GF16",
        "attachments": [
            {
                "fallback": "Build <https:\/\/magnum.travis-ci.com\/dueyfinster\/blackteam\/builds\/13588998|#179> (<https:\/\/github.com\/dueyfinster\/blackteam\/compare\/f73c712dc3aa...73430aab46c4|73430aa>) of dueyfinster\/blackteam@develop by OLarry passed in 4 min 0 sec",
                "text": "Build <https:\/\/magnum.travis-ci.com\/dueyfinster\/blackteam\/builds\/13588998|#179> (<https:\/\/github.com\/dueyfinster\/blackteam\/compare\/f73c712dc3aa...73430aab46c4|73430aa>) of dueyfinster\/blackteam@develop by OLarry passed in 4 min 0 sec",
                "id": 1,
                "color": "36a64f"
            }
        ],
        "type": "message",
        "subtype": "bot_message",
        "ts": "1436827089.000250"
    },
    {
        "text": "",
        "bot_id": "B052T590M",
        "attachments": [
            {
                "fallback": "[blackteam:develop] <https:\/\/github.com\/dueyfinster\/blackteam\/compare\/73430aab46c4...028a25b96278|2 new commits> by garrydavitt",
                "text": "<https:\/\/github.com\/dueyfinster\/blackteam\/commit\/2e547f9|2e547f9>: Capitalizing and adding some more topics - garrydavitt\n <https:\/\/github.com\/dueyfinster\/blackteam\/commit\/028a25b|028a25b>: Merge branch 'develop' of <http:\/\/github.com:dueyfinster\/blackteam|github.com:dueyfinster\/blackteam> into develop - garrydavitt",
                "pretext": "[blackteam:develop] <https:\/\/github.com\/dueyfinster\/blackteam\/compare\/73430aab46c4...028a25b96278|2 new commits> by garrydavitt:",
                "id": 1,
                "color": "4183C4",
                "mrkdwn_in": [
                    "text",
                    "pretext"
                ]
            }
        ],
        "type": "message",
        "subtype": "bot_message",
        "ts": "1436836815.000251"
    },
    {
        "text": "",
        "bot_id": "B056P06D5",
        "attachments": [
            {
                "fallback": "Success:  GarryDavitt's build (<https:\/\/circleci.com\/gh\/dueyfinster\/blackteam\/257|#257>; push in <https:\/\/circleci.com\/gh\/dueyfinster\/blackteam|dueyfinster\/blackteam> (<https:\/\/circleci.com\/gh\/dueyfinster\/blackteam\/tree\/develop|develop>)\n - Merge branch 'develop' of <http:\/\/github.com:dueyfinster\/blackteam|github.com:dueyfinster\/blackteam> into develop (<https:\/\/github.com\/dueyfinster\/blackteam\/commit\/028a25b96278e07456258c6fcfbdb14e216114db|028a25b> by GarryDavitt) and <https:\/\/github.com\/dueyfinster\/blackteam\/compare\/73430aab46c4...028a25b96278|1 more>\n",
                "text": "Success:  GarryDavitt's build (<https:\/\/circleci.com\/gh\/dueyfinster\/blackteam\/257|#257>; push in <https:\/\/circleci.com\/gh\/dueyfinster\/blackteam|dueyfinster\/blackteam> (<https:\/\/circleci.com\/gh\/dueyfinster\/blackteam\/tree\/develop|develop>)\n - Merge branch 'develop' of <http:\/\/github.com:dueyfinster\/blackteam|github.com:dueyfinster\/blackteam> into develop (<https:\/\/github.com\/dueyfinster\/blackteam\/commit\/028a25b96278e07456258c6fcfbdb14e216114db|028a25b> by GarryDavitt) and <https:\/\/github.com\/dueyfinster\/blackteam\/compare\/73430aab46c4...028a25b96278|1 more>\n",
                "id": 1,
                "color": "41aa58"
            }
        ],
        "type": "message",
        "subtype": "bot_message",
        "ts": "1436836985.000252"
    },
    {
        "text": "",
        "bot_id": "B0506GF16",
        "attachments": [
            {
                "fallback": "Build <https:\/\/magnum.travis-ci.com\/dueyfinster\/blackteam\/builds\/13593061|#180> (<https:\/\/github.com\/dueyfinster\/blackteam\/compare\/73430aab46c4...028a25b96278|028a25b>) of dueyfinster\/blackteam@develop by garrydavitt passed in 3 min 50 sec",
                "text": "Build <https:\/\/magnum.travis-ci.com\/dueyfinster\/blackteam\/builds\/13593061|#180> (<https:\/\/github.com\/dueyfinster\/blackteam\/compare\/73430aab46c4...028a25b96278|028a25b>) of dueyfinster\/blackteam@develop by garrydavitt passed in 3 min 50 sec",
                "id": 1,
                "color": "36a64f"
            }
        ],
        "type": "message",
        "subtype": "bot_message",
        "ts": "1436837061.000253"
    },
    {
        "text": "",
        "bot_id": "B052T590M",
        "attachments": [
            {
                "fallback": "[blackteam:develop] <https:\/\/github.com\/dueyfinster\/blackteam\/compare\/028a25b96278...ff55118b8b3a|2 new commits> by garrydavitt",
                "text": "<https:\/\/github.com\/dueyfinster\/blackteam\/commit\/b967024|b967024>: committing this from merge ? - garrydavitt\n <https:\/\/github.com\/dueyfinster\/blackteam\/commit\/ff55118|ff55118>: Merge branch 'develop' of <http:\/\/github.com:dueyfinster\/blackteam|github.com:dueyfinster\/blackteam> into develop - garrydavitt",
                "pretext": "[blackteam:develop] <https:\/\/github.com\/dueyfinster\/blackteam\/compare\/028a25b96278...ff55118b8b3a|2 new commits> by garrydavitt:",
                "id": 1,
                "color": "4183C4",
                "mrkdwn_in": [
                    "text",
                    "pretext"
                ]
            }
        ],
        "type": "message",
        "subtype": "bot_message",
        "ts": "1436837947.000254"
    },
    {
        "text": "",
        "bot_id": "B056P06D5",
        "attachments": [
            {
                "fallback": "Success:  GarryDavitt's build (<https:\/\/circleci.com\/gh\/dueyfinster\/blackteam\/258|#258>; push in <https:\/\/circleci.com\/gh\/dueyfinster\/blackteam|dueyfinster\/blackteam> (<https:\/\/circleci.com\/gh\/dueyfinster\/blackteam\/tree\/develop|develop>)\n - Merge branch 'develop' of <http:\/\/github.com:dueyfinster\/blackteam|github.com:dueyfinster\/blackteam> into develop (<https:\/\/github.com\/dueyfinster\/blackteam\/commit\/ff55118b8b3a3192c400c6f49eec7758c1acf619|ff55118> by GarryDavitt) and <https:\/\/github.com\/dueyfinster\/blackteam\/compare\/028a25b96278...ff55118b8b3a|1 more>\n",
                "text": "Success:  GarryDavitt's build (<https:\/\/circleci.com\/gh\/dueyfinster\/blackteam\/258|#258>; push in <https:\/\/circleci.com\/gh\/dueyfinster\/blackteam|dueyfinster\/blackteam> (<https:\/\/circleci.com\/gh\/dueyfinster\/blackteam\/tree\/develop|develop>)\n - Merge branch 'develop' of <http:\/\/github.com:dueyfinster\/blackteam|github.com:dueyfinster\/blackteam> into develop (<https:\/\/github.com\/dueyfinster\/blackteam\/commit\/ff55118b8b3a3192c400c6f49eec7758c1acf619|ff55118> by GarryDavitt) and <https:\/\/github.com\/dueyfinster\/blackteam\/compare\/028a25b96278...ff55118b8b3a|1 more>\n",
                "id": 1,
                "color": "41aa58"
            }
        ],
        "type": "message",
        "subtype": "bot_message",
        "ts": "1436838117.000255"
    },
    {
        "text": "",
        "bot_id": "B0506GF16",
        "attachments": [
            {
                "fallback": "Build <https:\/\/magnum.travis-ci.com\/dueyfinster\/blackteam\/builds\/13593329|#181> (<https:\/\/github.com\/dueyfinster\/blackteam\/compare\/028a25b96278...ff55118b8b3a|ff55118>) of dueyfinster\/blackteam@develop by garrydavitt passed in 3 min 44 sec",
                "text": "Build <https:\/\/magnum.travis-ci.com\/dueyfinster\/blackteam\/builds\/13593329|#181> (<https:\/\/github.com\/dueyfinster\/blackteam\/compare\/028a25b96278...ff55118b8b3a|ff55118>) of dueyfinster\/blackteam@develop by garrydavitt passed in 3 min 44 sec",
                "id": 1,
                "color": "36a64f"
            }
        ],
        "type": "message",
        "subtype": "bot_message",
        "ts": "1436838183.000256"
    },
    {
        "text": "",
        "bot_id": "B052T590M",
        "attachments": [
            {
                "fallback": "[blackteam:develop] <https:\/\/github.com\/dueyfinster\/blackteam\/commit\/78403a4|1 new commit> by garrydavitt",
                "text": "<https:\/\/github.com\/dueyfinster\/blackteam\/commit\/78403a4|78403a4>: adding static files,javascript files and cleanup to ui - user page not finished just have check box with a style for initial feeling - garrydavitt",
                "pretext": "[blackteam:develop] 1 new commit by garrydavitt:",
                "id": 1,
                "color": "4183C4",
                "mrkdwn_in": [
                    "text",
                    "pretext"
                ]
            }
        ],
        "type": "message",
        "subtype": "bot_message",
        "ts": "1436838320.000257"
    },
    {
        "text": "",
        "bot_id": "B056P06D5",
        "attachments": [
            {
                "fallback": "Success:  GarryDavitt's build (<https:\/\/circleci.com\/gh\/dueyfinster\/blackteam\/259|#259>; push in <https:\/\/circleci.com\/gh\/dueyfinster\/blackteam|dueyfinster\/blackteam> (<https:\/\/circleci.com\/gh\/dueyfinster\/blackteam\/tree\/develop|develop>)\n - adding static files,javascript files and cleanup to ui - user page not finished  (<https:\/\/github.com\/dueyfinster\/blackteam\/commit\/78403a4bdba589090e9404a53eb1a5fbd927c27a|78403a4> by GarryDavitt)\n",
                "text": "Success:  GarryDavitt's build (<https:\/\/circleci.com\/gh\/dueyfinster\/blackteam\/259|#259>; push in <https:\/\/circleci.com\/gh\/dueyfinster\/blackteam|dueyfinster\/blackteam> (<https:\/\/circleci.com\/gh\/dueyfinster\/blackteam\/tree\/develop|develop>)\n - adding static files,javascript files and cleanup to ui - user page not finished  (<https:\/\/github.com\/dueyfinster\/blackteam\/commit\/78403a4bdba589090e9404a53eb1a5fbd927c27a|78403a4> by GarryDavitt)\n",
                "id": 1,
                "color": "41aa58"
            }
        ],
        "type": "message",
        "subtype": "bot_message",
        "ts": "1436838527.000258"
    },
    {
        "text": "",
        "bot_id": "B0506GF16",
        "attachments": [
            {
                "fallback": "Build <https:\/\/magnum.travis-ci.com\/dueyfinster\/blackteam\/builds\/13593399|#182> (<https:\/\/github.com\/dueyfinster\/blackteam\/compare\/ff55118b8b3a...78403a4bdba5|78403a4>) of dueyfinster\/blackteam@develop by garrydavitt passed in 3 min 59 sec",
                "text": "Build <https:\/\/magnum.travis-ci.com\/dueyfinster\/blackteam\/builds\/13593399|#182> (<https:\/\/github.com\/dueyfinster\/blackteam\/compare\/ff55118b8b3a...78403a4bdba5|78403a4>) of dueyfinster\/blackteam@develop by garrydavitt passed in 3 min 59 sec",
                "id": 1,
                "color": "36a64f"
            }
        ],
        "type": "message",
        "subtype": "bot_message",
        "ts": "1436838568.000259"
    }
]