[
    {
        "text": "",
        "bot_id": "B052T590M",
        "attachments": [
            {
                "fallback": "[blackteam:develop] <https:\/\/github.com\/dueyfinster\/blackteam\/commit\/8c8e75ba6f07a19945c9a75a5f0884dcce3d693f|1 new commit> by GarryDavitt",
                "text": "<https:\/\/github.com\/dueyfinster\/blackteam\/commit\/8c8e75ba6f07a19945c9a75a5f0884dcce3d693f|8c8e75b>: fix for link on overlay - GarryDavitt",
                "pretext": "[blackteam:develop] 1 new commit by GarryDavitt:",
                "id": 1,
                "color": "4183C4",
                "mrkdwn_in": [
                    "text",
                    "pretext"
                ]
            }
        ],
        "type": "message",
        "subtype": "bot_message",
        "ts": "1439490258.000098"
    },
    {
        "text": "",
        "bot_id": "B056P06D5",
        "attachments": [
            {
                "fallback": "Success:  GarryDavitt's build (<https:\/\/circleci.com\/gh\/dueyfinster\/blackteam\/412|#412>; push in <https:\/\/circleci.com\/gh\/dueyfinster\/blackteam|dueyfinster\/blackteam> (<https:\/\/circleci.com\/gh\/dueyfinster\/blackteam\/tree\/develop|develop>)\n - fix for link on overlay (<https:\/\/github.com\/dueyfinster\/blackteam\/commit\/8c8e75ba6f07a19945c9a75a5f0884dcce3d693f|8c8e75b> by GarryDavitt)\n",
                "text": "Success:  GarryDavitt's build (<https:\/\/circleci.com\/gh\/dueyfinster\/blackteam\/412|#412>; push in <https:\/\/circleci.com\/gh\/dueyfinster\/blackteam|dueyfinster\/blackteam> (<https:\/\/circleci.com\/gh\/dueyfinster\/blackteam\/tree\/develop|develop>)\n - fix for link on overlay (<https:\/\/github.com\/dueyfinster\/blackteam\/commit\/8c8e75ba6f07a19945c9a75a5f0884dcce3d693f|8c8e75b> by GarryDavitt)\n",
                "id": 1,
                "color": "41aa58"
            }
        ],
        "type": "message",
        "subtype": "bot_message",
        "ts": "1439490322.000099"
    },
    {
        "text": "",
        "bot_id": "B0506GF16",
        "attachments": [
            {
                "fallback": "Build <https:\/\/magnum.travis-ci.com\/dueyfinster\/blackteam\/builds\/14554425|#335> (<https:\/\/github.com\/dueyfinster\/blackteam\/compare\/dfeb46dd7504...8c8e75ba6f07|8c8e75b>) of dueyfinster\/blackteam@develop by GarryDavitt passed in 4 min 28 sec",
                "text": "Build <https:\/\/magnum.travis-ci.com\/dueyfinster\/blackteam\/builds\/14554425|#335> (<https:\/\/github.com\/dueyfinster\/blackteam\/compare\/dfeb46dd7504...8c8e75ba6f07|8c8e75b>) of dueyfinster\/blackteam@develop by GarryDavitt passed in 4 min 28 sec",
                "id": 1,
                "color": "36a64f"
            }
        ],
        "type": "message",
        "subtype": "bot_message",
        "ts": "1439490544.000100"
    },
    {
        "text": "",
        "bot_id": "B052T590M",
        "attachments": [
            {
                "fallback": "[blackteam:develop] <https:\/\/github.com\/dueyfinster\/blackteam\/commit\/04acf331301aba923856b3546786892fcf07b223|1 new commit> by GarryDavitt",
                "text": "<https:\/\/github.com\/dueyfinster\/blackteam\/commit\/04acf331301aba923856b3546786892fcf07b223|04acf33>: fix for invisible links and improve images on column and overlay - GarryDavitt",
                "pretext": "[blackteam:develop] 1 new commit by GarryDavitt:",
                "id": 1,
                "color": "4183C4",
                "mrkdwn_in": [
                    "text",
                    "pretext"
                ]
            }
        ],
        "type": "message",
        "subtype": "bot_message",
        "ts": "1439495773.000101"
    },
    {
        "text": "",
        "bot_id": "B056P06D5",
        "attachments": [
            {
                "fallback": "Success:  GarryDavitt's build (<https:\/\/circleci.com\/gh\/dueyfinster\/blackteam\/413|#413>; push in <https:\/\/circleci.com\/gh\/dueyfinster\/blackteam|dueyfinster\/blackteam> (<https:\/\/circleci.com\/gh\/dueyfinster\/blackteam\/tree\/develop|develop>)\n - fix for invisible links and improve images on column and overlay (<https:\/\/github.com\/dueyfinster\/blackteam\/commit\/04acf331301aba923856b3546786892fcf07b223|04acf33> by GarryDavitt)\n",
                "text": "Success:  GarryDavitt's build (<https:\/\/circleci.com\/gh\/dueyfinster\/blackteam\/413|#413>; push in <https:\/\/circleci.com\/gh\/dueyfinster\/blackteam|dueyfinster\/blackteam> (<https:\/\/circleci.com\/gh\/dueyfinster\/blackteam\/tree\/develop|develop>)\n - fix for invisible links and improve images on column and overlay (<https:\/\/github.com\/dueyfinster\/blackteam\/commit\/04acf331301aba923856b3546786892fcf07b223|04acf33> by GarryDavitt)\n",
                "id": 1,
                "color": "41aa58"
            }
        ],
        "type": "message",
        "subtype": "bot_message",
        "ts": "1439495834.000102"
    },
    {
        "text": "",
        "bot_id": "B0506GF16",
        "attachments": [
            {
                "fallback": "Build <https:\/\/magnum.travis-ci.com\/dueyfinster\/blackteam\/builds\/14558189|#336> (<https:\/\/github.com\/dueyfinster\/blackteam\/compare\/8c8e75ba6f07...04acf331301a|04acf33>) of dueyfinster\/blackteam@develop by GarryDavitt passed in 4 min 25 sec",
                "text": "Build <https:\/\/magnum.travis-ci.com\/dueyfinster\/blackteam\/builds\/14558189|#336> (<https:\/\/github.com\/dueyfinster\/blackteam\/compare\/8c8e75ba6f07...04acf331301a|04acf33>) of dueyfinster\/blackteam@develop by GarryDavitt passed in 4 min 25 sec",
                "id": 1,
                "color": "36a64f"
            }
        ],
        "type": "message",
        "subtype": "bot_message",
        "ts": "1439496048.000103"
    },
    {
        "text": "",
        "bot_id": "B052T590M",
        "attachments": [
            {
                "fallback": "[blackteam:develop] <https:\/\/github.com\/dueyfinster\/blackteam\/commit\/f274ff0cdd59aed09183fd2aec5936e3b18f3fcb|1 new commit> by GarryDavitt",
                "text": "<https:\/\/github.com\/dueyfinster\/blackteam\/commit\/f274ff0cdd59aed09183fd2aec5936e3b18f3fcb|f274ff0>: more white space on homepage as per user feedback - GarryDavitt",
                "pretext": "[blackteam:develop] 1 new commit by GarryDavitt:",
                "id": 1,
                "color": "4183C4",
                "mrkdwn_in": [
                    "text",
                    "pretext"
                ]
            }
        ],
        "type": "message",
        "subtype": "bot_message",
        "ts": "1439498490.000104"
    },
    {
        "text": "",
        "bot_id": "B056P06D5",
        "attachments": [
            {
                "fallback": "Success:  GarryDavitt's build (<https:\/\/circleci.com\/gh\/dueyfinster\/blackteam\/414|#414>; push in <https:\/\/circleci.com\/gh\/dueyfinster\/blackteam|dueyfinster\/blackteam> (<https:\/\/circleci.com\/gh\/dueyfinster\/blackteam\/tree\/develop|develop>)\n - more white space on homepage as per user feedback (<https:\/\/github.com\/dueyfinster\/blackteam\/commit\/f274ff0cdd59aed09183fd2aec5936e3b18f3fcb|f274ff0> by GarryDavitt)\n",
                "text": "Success:  GarryDavitt's build (<https:\/\/circleci.com\/gh\/dueyfinster\/blackteam\/414|#414>; push in <https:\/\/circleci.com\/gh\/dueyfinster\/blackteam|dueyfinster\/blackteam> (<https:\/\/circleci.com\/gh\/dueyfinster\/blackteam\/tree\/develop|develop>)\n - more white space on homepage as per user feedback (<https:\/\/github.com\/dueyfinster\/blackteam\/commit\/f274ff0cdd59aed09183fd2aec5936e3b18f3fcb|f274ff0> by GarryDavitt)\n",
                "id": 1,
                "color": "41aa58"
            }
        ],
        "type": "message",
        "subtype": "bot_message",
        "ts": "1439498556.000105"
    },
    {
        "text": "",
        "bot_id": "B0506GF16",
        "attachments": [
            {
                "fallback": "Build <https:\/\/magnum.travis-ci.com\/dueyfinster\/blackteam\/builds\/14560012|#337> (<https:\/\/github.com\/dueyfinster\/blackteam\/compare\/04acf331301a...f274ff0cdd59|f274ff0>) of dueyfinster\/blackteam@develop by GarryDavitt passed in 4 min 49 sec",
                "text": "Build <https:\/\/magnum.travis-ci.com\/dueyfinster\/blackteam\/builds\/14560012|#337> (<https:\/\/github.com\/dueyfinster\/blackteam\/compare\/04acf331301a...f274ff0cdd59|f274ff0>) of dueyfinster\/blackteam@develop by GarryDavitt passed in 4 min 49 sec",
                "id": 1,
                "color": "36a64f"
            }
        ],
        "type": "message",
        "subtype": "bot_message",
        "ts": "1439498789.000106"
    },
    {
        "text": "",
        "bot_id": "B052T590M",
        "attachments": [
            {
                "fallback": "[blackteam:develop] <https:\/\/github.com\/dueyfinster\/blackteam\/commit\/208ef5913ceeacb8aa66fbdf9312f28f67fd8d2a|1 new commit> by GarryDavitt",
                "text": "<https:\/\/github.com\/dueyfinster\/blackteam\/commit\/208ef5913ceeacb8aa66fbdf9312f28f67fd8d2a|208ef59>: fix landing page on mobile - GarryDavitt",
                "pretext": "[blackteam:develop] 1 new commit by GarryDavitt:",
                "id": 1,
                "color": "4183C4",
                "mrkdwn_in": [
                    "text",
                    "pretext"
                ]
            }
        ],
        "type": "message",
        "subtype": "bot_message",
        "ts": "1439505516.000107"
    },
    {
        "text": "",
        "bot_id": "B056P06D5",
        "attachments": [
            {
                "fallback": "Success:  GarryDavitt's build (<https:\/\/circleci.com\/gh\/dueyfinster\/blackteam\/415|#415>; push in <https:\/\/circleci.com\/gh\/dueyfinster\/blackteam|dueyfinster\/blackteam> (<https:\/\/circleci.com\/gh\/dueyfinster\/blackteam\/tree\/develop|develop>)\n - fix landing page on mobile (<https:\/\/github.com\/dueyfinster\/blackteam\/commit\/208ef5913ceeacb8aa66fbdf9312f28f67fd8d2a|208ef59> by GarryDavitt)\n",
                "text": "Success:  GarryDavitt's build (<https:\/\/circleci.com\/gh\/dueyfinster\/blackteam\/415|#415>; push in <https:\/\/circleci.com\/gh\/dueyfinster\/blackteam|dueyfinster\/blackteam> (<https:\/\/circleci.com\/gh\/dueyfinster\/blackteam\/tree\/develop|develop>)\n - fix landing page on mobile (<https:\/\/github.com\/dueyfinster\/blackteam\/commit\/208ef5913ceeacb8aa66fbdf9312f28f67fd8d2a|208ef59> by GarryDavitt)\n",
                "id": 1,
                "color": "41aa58"
            }
        ],
        "type": "message",
        "subtype": "bot_message",
        "ts": "1439505583.000108"
    },
    {
        "text": "",
        "bot_id": "B0506GF16",
        "attachments": [
            {
                "fallback": "Build <https:\/\/magnum.travis-ci.com\/dueyfinster\/blackteam\/builds\/14564327|#338> (<https:\/\/github.com\/dueyfinster\/blackteam\/compare\/f274ff0cdd59...208ef5913cee|208ef59>) of dueyfinster\/blackteam@develop by GarryDavitt passed in 5 min 46 sec",
                "text": "Build <https:\/\/magnum.travis-ci.com\/dueyfinster\/blackteam\/builds\/14564327|#338> (<https:\/\/github.com\/dueyfinster\/blackteam\/compare\/f274ff0cdd59...208ef5913cee|208ef59>) of dueyfinster\/blackteam@develop by GarryDavitt passed in 5 min 46 sec",
                "id": 1,
                "color": "36a64f"
            }
        ],
        "type": "message",
        "subtype": "bot_message",
        "ts": "1439505871.000109"
    }
]