[
    {
        "type": "message",
        "user": "U04UQLQPP",
        "text": "<@U04UVKDC1>: I'm <mailto:neil@grogan.ie|neil@grogan.ie> on openshift",
        "ts": "1433406727.000016"
    },
    {
        "text": "",
        "bot_id": "B052T590M",
        "attachments": [
            {
                "fallback": "[dueyfinster\/blackteam] New comment on commit <https:\/\/github.com\/dueyfinster\/blackteam\/commit\/c96dd02#commitcomment-11516782|c96dd02>",
                "text": "Looks good to me!",
                "pretext": "[dueyfinster\/blackteam] New comment on commit <https:\/\/github.com\/dueyfinster\/blackteam\/commit\/c96dd02#commitcomment-11516782|c96dd02>",
                "title": "Comment by dueyfinster\n",
                "id": 1,
                "color": "C6DAED",
                "mrkdwn_in": [
                    "text",
                    "pretext"
                ]
            }
        ],
        "type": "message",
        "subtype": "bot_message",
        "ts": "1433407983.000017"
    },
    {
        "type": "message",
        "user": "U04UQLQPP",
        "text": "<@U04UVKDC1>: no pull requests, you can push straight to master it looks like",
        "ts": "1433408037.000018"
    },
    {
        "text": "",
        "bot_id": "B052T590M",
        "attachments": [
            {
                "fallback": "[blackteam:master] <https:\/\/github.com\/dueyfinster\/blackteam\/commit\/a6ac2f4|1 new commit> by Neil Grogan",
                "text": "<https:\/\/github.com\/dueyfinster\/blackteam\/commit\/a6ac2f4|a6ac2f4>: Added Circle CI File - Neil Grogan",
                "pretext": "[blackteam:master] 1 new commit by Neil Grogan:",
                "id": 1,
                "color": "4183C4",
                "mrkdwn_in": [
                    "text",
                    "pretext"
                ]
            }
        ],
        "type": "message",
        "subtype": "bot_message",
        "ts": "1433415393.000019"
    },
    {
        "text": "",
        "bot_id": "B0506GF16",
        "attachments": [
            {
                "fallback": "Build <http:\/\/magnum.travis-ci.com\/dueyfinster\/blackteam\/builds\/12482576|#27> (<https:\/\/github.com\/dueyfinster\/blackteam\/compare\/c96dd02bb924...a6ac2f48261d|a6ac2f4>) of dueyfinster\/blackteam@master by Neil Grogan passed in 0 min 57 sec",
                "text": "Build <http:\/\/magnum.travis-ci.com\/dueyfinster\/blackteam\/builds\/12482576|#27> (<https:\/\/github.com\/dueyfinster\/blackteam\/compare\/c96dd02bb924...a6ac2f48261d|a6ac2f4>) of dueyfinster\/blackteam@master by Neil Grogan passed in 0 min 57 sec",
                "id": 1,
                "color": "36a64f"
            }
        ],
        "type": "message",
        "subtype": "bot_message",
        "ts": "1433415506.000020"
    },
    {
        "text": "",
        "bot_id": "B052T590M",
        "attachments": [
            {
                "fallback": "[blackteam:master] <https:\/\/github.com\/dueyfinster\/blackteam\/commit\/b3bc561|1 new commit> by Neil Grogan",
                "text": "<https:\/\/github.com\/dueyfinster\/blackteam\/commit\/b3bc561|b3bc561>: Updated Circle CI File - Neil Grogan",
                "pretext": "[blackteam:master] 1 new commit by Neil Grogan:",
                "id": 1,
                "color": "4183C4",
                "mrkdwn_in": [
                    "text",
                    "pretext"
                ]
            }
        ],
        "type": "message",
        "subtype": "bot_message",
        "ts": "1433421331.000021"
    },
    {
        "text": "",
        "bot_id": "B0506GF16",
        "attachments": [
            {
                "fallback": "Build <http:\/\/magnum.travis-ci.com\/dueyfinster\/blackteam\/builds\/12485059|#28> (<https:\/\/github.com\/dueyfinster\/blackteam\/compare\/a6ac2f48261d...b3bc561e9f3e|b3bc561>) of dueyfinster\/blackteam@master by Neil Grogan passed in 1 min 3 sec",
                "text": "Build <http:\/\/magnum.travis-ci.com\/dueyfinster\/blackteam\/builds\/12485059|#28> (<https:\/\/github.com\/dueyfinster\/blackteam\/compare\/a6ac2f48261d...b3bc561e9f3e|b3bc561>) of dueyfinster\/blackteam@master by Neil Grogan passed in 1 min 3 sec",
                "id": 1,
                "color": "36a64f"
            }
        ],
        "type": "message",
        "subtype": "bot_message",
        "ts": "1433421442.000022"
    },
    {
        "text": "",
        "bot_id": "B052T590M",
        "attachments": [
            {
                "fallback": "[blackteam:master] <https:\/\/github.com\/dueyfinster\/blackteam\/commit\/3edf616|1 new commit> by Neil Grogan",
                "text": "<https:\/\/github.com\/dueyfinster\/blackteam\/commit\/3edf616|3edf616>: Updated Circle CI File - Neil Grogan",
                "pretext": "[blackteam:master] 1 new commit by Neil Grogan:",
                "id": 1,
                "color": "4183C4",
                "mrkdwn_in": [
                    "text",
                    "pretext"
                ]
            }
        ],
        "type": "message",
        "subtype": "bot_message",
        "ts": "1433422001.000023"
    },
    {
        "text": "",
        "bot_id": "B052T590M",
        "attachments": [
            {
                "fallback": "[blackteam:master] <https:\/\/github.com\/dueyfinster\/blackteam\/commit\/0c8ec4c|1 new commit> by Neil Grogan",
                "text": "<https:\/\/github.com\/dueyfinster\/blackteam\/commit\/0c8ec4c|0c8ec4c>: Updated Circle CI File - Neil Grogan",
                "pretext": "[blackteam:master] 1 new commit by Neil Grogan:",
                "id": 1,
                "color": "4183C4",
                "mrkdwn_in": [
                    "text",
                    "pretext"
                ]
            }
        ],
        "type": "message",
        "subtype": "bot_message",
        "ts": "1433422073.000024"
    },
    {
        "text": "",
        "bot_id": "B0506GF16",
        "attachments": [
            {
                "fallback": "Build <http:\/\/magnum.travis-ci.com\/dueyfinster\/blackteam\/builds\/12485388|#29> (<https:\/\/github.com\/dueyfinster\/blackteam\/compare\/b3bc561e9f3e...3edf6168650a|3edf616>) of dueyfinster\/blackteam@master by Neil Grogan passed in 0 min 56 sec",
                "text": "Build <http:\/\/magnum.travis-ci.com\/dueyfinster\/blackteam\/builds\/12485388|#29> (<https:\/\/github.com\/dueyfinster\/blackteam\/compare\/b3bc561e9f3e...3edf6168650a|3edf616>) of dueyfinster\/blackteam@master by Neil Grogan passed in 0 min 56 sec",
                "id": 1,
                "color": "36a64f"
            }
        ],
        "type": "message",
        "subtype": "bot_message",
        "ts": "1433422098.000025"
    },
    {
        "text": "",
        "bot_id": "B0506GF16",
        "attachments": [
            {
                "fallback": "Build <http:\/\/magnum.travis-ci.com\/dueyfinster\/blackteam\/builds\/12485443|#30> (<https:\/\/github.com\/dueyfinster\/blackteam\/compare\/3edf6168650a...0c8ec4c2a3d5|0c8ec4c>) of dueyfinster\/blackteam@master by Neil Grogan passed in 0 min 56 sec",
                "text": "Build <http:\/\/magnum.travis-ci.com\/dueyfinster\/blackteam\/builds\/12485443|#30> (<https:\/\/github.com\/dueyfinster\/blackteam\/compare\/3edf6168650a...0c8ec4c2a3d5|0c8ec4c>) of dueyfinster\/blackteam@master by Neil Grogan passed in 0 min 56 sec",
                "id": 1,
                "color": "36a64f"
            }
        ],
        "type": "message",
        "subtype": "bot_message",
        "ts": "1433422171.000026"
    },
    {
        "text": "",
        "bot_id": "B056P06D5",
        "attachments": [
            {
                "fallback": "Hello from CircleCI",
                "text": "Hello from CircleCI",
                "id": 1,
                "color": "AAAAAA"
            }
        ],
        "type": "message",
        "subtype": "bot_message",
        "ts": "1433423479.000027"
    },
    {
        "text": "",
        "bot_id": "B052T590M",
        "attachments": [
            {
                "fallback": "[blackteam:master] <https:\/\/github.com\/dueyfinster\/blackteam\/commit\/4351850|1 new commit> by Neil Grogan",
                "text": "<https:\/\/github.com\/dueyfinster\/blackteam\/commit\/4351850|4351850>: Updated Circle CI File with docker compose commands - Neil Grogan",
                "pretext": "[blackteam:master] 1 new commit by Neil Grogan:",
                "id": 1,
                "color": "4183C4",
                "mrkdwn_in": [
                    "text",
                    "pretext"
                ]
            }
        ],
        "type": "message",
        "subtype": "bot_message",
        "ts": "1433423741.000028"
    },
    {
        "text": "",
        "bot_id": "B0506GF16",
        "attachments": [
            {
                "fallback": "Build <http:\/\/magnum.travis-ci.com\/dueyfinster\/blackteam\/builds\/12486328|#31> (<https:\/\/github.com\/dueyfinster\/blackteam\/compare\/0c8ec4c2a3d5...43518502b2f6|4351850>) of dueyfinster\/blackteam@master by Neil Grogan passed in 0 min 59 sec",
                "text": "Build <http:\/\/magnum.travis-ci.com\/dueyfinster\/blackteam\/builds\/12486328|#31> (<https:\/\/github.com\/dueyfinster\/blackteam\/compare\/0c8ec4c2a3d5...43518502b2f6|4351850>) of dueyfinster\/blackteam@master by Neil Grogan passed in 0 min 59 sec",
                "id": 1,
                "color": "36a64f"
            }
        ],
        "type": "message",
        "subtype": "bot_message",
        "ts": "1433423848.000029"
    },
    {
        "text": "",
        "bot_id": "B052T590M",
        "attachments": [
            {
                "fallback": "[blackteam:master] <https:\/\/github.com\/dueyfinster\/blackteam\/commit\/1ea0463|1 new commit> by Neil Grogan",
                "text": "<https:\/\/github.com\/dueyfinster\/blackteam\/commit\/1ea0463|1ea0463>: Added CircleCI Build Status - Neil Grogan",
                "pretext": "[blackteam:master] 1 new commit by Neil Grogan:",
                "id": 1,
                "color": "4183C4",
                "mrkdwn_in": [
                    "text",
                    "pretext"
                ]
            }
        ],
        "type": "message",
        "subtype": "bot_message",
        "ts": "1433424207.000030"
    },
    {
        "text": "",
        "bot_id": "B056P06D5",
        "attachments": [
            {
                "fallback": "Failed:  dueyfinster's build (<https:\/\/circleci.com\/gh\/dueyfinster\/blackteam\/25|#25>; push in <https:\/\/circleci.com\/gh\/dueyfinster\/blackteam|dueyfinster\/blackteam> (<https:\/\/circleci.com\/gh\/dueyfinster\/blackteam\/tree\/master|master>)\n - Added CircleCI Build Status (<https:\/\/github.com\/dueyfinster\/blackteam\/commit\/1ea0463bcce7c002afb762ed79be1b8dc297653e|1ea0463> by dueyfinster)\n",
                "text": "Failed:  dueyfinster's build (<https:\/\/circleci.com\/gh\/dueyfinster\/blackteam\/25|#25>; push in <https:\/\/circleci.com\/gh\/dueyfinster\/blackteam|dueyfinster\/blackteam> (<https:\/\/circleci.com\/gh\/dueyfinster\/blackteam\/tree\/master|master>)\n - Added CircleCI Build Status (<https:\/\/github.com\/dueyfinster\/blackteam\/commit\/1ea0463bcce7c002afb762ed79be1b8dc297653e|1ea0463> by dueyfinster)\n",
                "id": 1,
                "color": "d10c20"
            }
        ],
        "type": "message",
        "subtype": "bot_message",
        "ts": "1433424230.000031"
    },
    {
        "text": "",
        "bot_id": "B0506GF16",
        "attachments": [
            {
                "fallback": "Build <http:\/\/magnum.travis-ci.com\/dueyfinster\/blackteam\/builds\/12486550|#32> (<https:\/\/github.com\/dueyfinster\/blackteam\/compare\/43518502b2f6...1ea0463bcce7|1ea0463>) of dueyfinster\/blackteam@master by Neil Grogan passed in 1 min 0 sec",
                "text": "Build <http:\/\/magnum.travis-ci.com\/dueyfinster\/blackteam\/builds\/12486550|#32> (<https:\/\/github.com\/dueyfinster\/blackteam\/compare\/43518502b2f6...1ea0463bcce7|1ea0463>) of dueyfinster\/blackteam@master by Neil Grogan passed in 1 min 0 sec",
                "id": 1,
                "color": "36a64f"
            }
        ],
        "type": "message",
        "subtype": "bot_message",
        "ts": "1433424299.000032"
    },
    {
        "text": "",
        "bot_id": "B052T590M",
        "attachments": [
            {
                "fallback": "[blackteam:master] <https:\/\/github.com\/dueyfinster\/blackteam\/commit\/e02dfc5|1 new commit> by Neil Grogan",
                "text": "<https:\/\/github.com\/dueyfinster\/blackteam\/commit\/e02dfc5|e02dfc5>: Fixed CircleCI Badge - Neil Grogan",
                "pretext": "[blackteam:master] 1 new commit by Neil Grogan:",
                "id": 1,
                "color": "4183C4",
                "mrkdwn_in": [
                    "text",
                    "pretext"
                ]
            }
        ],
        "type": "message",
        "subtype": "bot_message",
        "ts": "1433424487.000033"
    },
    {
        "text": "",
        "bot_id": "B056P06D5",
        "attachments": [
            {
                "fallback": "Failed:  dueyfinster's build (<https:\/\/circleci.com\/gh\/dueyfinster\/blackteam\/26|#26>; push in <https:\/\/circleci.com\/gh\/dueyfinster\/blackteam|dueyfinster\/blackteam> (<https:\/\/circleci.com\/gh\/dueyfinster\/blackteam\/tree\/master|master>)\n - Fixed CircleCI Badge (<https:\/\/github.com\/dueyfinster\/blackteam\/commit\/e02dfc514539dab3dc55f2ba5f81dce03251584d|e02dfc5> by dueyfinster)\n",
                "text": "Failed:  dueyfinster's build (<https:\/\/circleci.com\/gh\/dueyfinster\/blackteam\/26|#26>; push in <https:\/\/circleci.com\/gh\/dueyfinster\/blackteam|dueyfinster\/blackteam> (<https:\/\/circleci.com\/gh\/dueyfinster\/blackteam\/tree\/master|master>)\n - Fixed CircleCI Badge (<https:\/\/github.com\/dueyfinster\/blackteam\/commit\/e02dfc514539dab3dc55f2ba5f81dce03251584d|e02dfc5> by dueyfinster)\n",
                "id": 1,
                "color": "d10c20"
            }
        ],
        "type": "message",
        "subtype": "bot_message",
        "ts": "1433424532.000034"
    },
    {
        "text": "",
        "bot_id": "B052T590M",
        "attachments": [
            {
                "fallback": "[blackteam:master] <https:\/\/github.com\/dueyfinster\/blackteam\/commit\/904f7a1|1 new commit> by Neil Grogan",
                "text": "<https:\/\/github.com\/dueyfinster\/blackteam\/commit\/904f7a1|904f7a1>: Trying to add docker-compose to circleci build - Neil Grogan",
                "pretext": "[blackteam:master] 1 new commit by Neil Grogan:",
                "id": 1,
                "color": "4183C4",
                "mrkdwn_in": [
                    "text",
                    "pretext"
                ]
            }
        ],
        "type": "message",
        "subtype": "bot_message",
        "ts": "1433424634.000035"
    },
    {
        "text": "",
        "bot_id": "B0506GF16",
        "attachments": [
            {
                "fallback": "Build <http:\/\/magnum.travis-ci.com\/dueyfinster\/blackteam\/builds\/12486711|#33> (<https:\/\/github.com\/dueyfinster\/blackteam\/compare\/1ea0463bcce7...e02dfc514539|e02dfc5>) of dueyfinster\/blackteam@master by Neil Grogan passed in 1 min 5 sec",
                "text": "Build <http:\/\/magnum.travis-ci.com\/dueyfinster\/blackteam\/builds\/12486711|#33> (<https:\/\/github.com\/dueyfinster\/blackteam\/compare\/1ea0463bcce7...e02dfc514539|e02dfc5>) of dueyfinster\/blackteam@master by Neil Grogan passed in 1 min 5 sec",
                "id": 1,
                "color": "36a64f"
            }
        ],
        "type": "message",
        "subtype": "bot_message",
        "ts": "1433424635.000036"
    },
    {
        "text": "",
        "bot_id": "B056P06D5",
        "attachments": [
            {
                "fallback": "Failed:  dueyfinster's build (<https:\/\/circleci.com\/gh\/dueyfinster\/blackteam\/27|#27>; push in <https:\/\/circleci.com\/gh\/dueyfinster\/blackteam|dueyfinster\/blackteam> (<https:\/\/circleci.com\/gh\/dueyfinster\/blackteam\/tree\/master|master>)\n - Trying to add docker-compose to circleci build (<https:\/\/github.com\/dueyfinster\/blackteam\/commit\/904f7a12973681756666ed4e0a9f5f35a010becc|904f7a1> by Neil Grogan)\n",
                "text": "Failed:  dueyfinster's build (<https:\/\/circleci.com\/gh\/dueyfinster\/blackteam\/27|#27>; push in <https:\/\/circleci.com\/gh\/dueyfinster\/blackteam|dueyfinster\/blackteam> (<https:\/\/circleci.com\/gh\/dueyfinster\/blackteam\/tree\/master|master>)\n - Trying to add docker-compose to circleci build (<https:\/\/github.com\/dueyfinster\/blackteam\/commit\/904f7a12973681756666ed4e0a9f5f35a010becc|904f7a1> by Neil Grogan)\n",
                "id": 1,
                "color": "d10c20"
            }
        ],
        "type": "message",
        "subtype": "bot_message",
        "ts": "1433424698.000037"
    },
    {
        "text": "",
        "bot_id": "B0506GF16",
        "attachments": [
            {
                "fallback": "Build <http:\/\/magnum.travis-ci.com\/dueyfinster\/blackteam\/builds\/12486805|#34> (<https:\/\/github.com\/dueyfinster\/blackteam\/compare\/e02dfc514539...904f7a129736|904f7a1>) of dueyfinster\/blackteam@master by Neil Grogan passed in 1 min 2 sec",
                "text": "Build <http:\/\/magnum.travis-ci.com\/dueyfinster\/blackteam\/builds\/12486805|#34> (<https:\/\/github.com\/dueyfinster\/blackteam\/compare\/e02dfc514539...904f7a129736|904f7a1>) of dueyfinster\/blackteam@master by Neil Grogan passed in 1 min 2 sec",
                "id": 1,
                "color": "36a64f"
            }
        ],
        "type": "message",
        "subtype": "bot_message",
        "ts": "1433424764.000038"
    },
    {
        "text": "",
        "bot_id": "B052T590M",
        "attachments": [
            {
                "fallback": "[blackteam:master] <https:\/\/github.com\/dueyfinster\/blackteam\/commit\/afc5669|1 new commit> by Neil Grogan",
                "text": "<https:\/\/github.com\/dueyfinster\/blackteam\/commit\/afc5669|afc5669>: Trying to add docker-compose to circleci build - trying sudo - Neil Grogan",
                "pretext": "[blackteam:master] 1 new commit by Neil Grogan:",
                "id": 1,
                "color": "4183C4",
                "mrkdwn_in": [
                    "text",
                    "pretext"
                ]
            }
        ],
        "type": "message",
        "subtype": "bot_message",
        "ts": "1433424866.000039"
    },
    {
        "text": "",
        "bot_id": "B0506GF16",
        "attachments": [
            {
                "fallback": "Build <http:\/\/magnum.travis-ci.com\/dueyfinster\/blackteam\/builds\/12486945|#35> (<https:\/\/github.com\/dueyfinster\/blackteam\/compare\/904f7a129736...afc5669b2f6a|afc5669>) of dueyfinster\/blackteam@master by Neil Grogan passed in 1 min 21 sec",
                "text": "Build <http:\/\/magnum.travis-ci.com\/dueyfinster\/blackteam\/builds\/12486945|#35> (<https:\/\/github.com\/dueyfinster\/blackteam\/compare\/904f7a129736...afc5669b2f6a|afc5669>) of dueyfinster\/blackteam@master by Neil Grogan passed in 1 min 21 sec",
                "id": 1,
                "color": "36a64f"
            }
        ],
        "type": "message",
        "subtype": "bot_message",
        "ts": "1433425054.000040"
    },
    {
        "text": "",
        "bot_id": "B056P06D5",
        "attachments": [
            {
                "fallback": "Failed:  dueyfinster's build (<https:\/\/circleci.com\/gh\/dueyfinster\/blackteam\/28|#28>; push in <https:\/\/circleci.com\/gh\/dueyfinster\/blackteam|dueyfinster\/blackteam> (<https:\/\/circleci.com\/gh\/dueyfinster\/blackteam\/tree\/master|master>)\n - Trying to add docker-compose to circleci build - trying sudo (<https:\/\/github.com\/dueyfinster\/blackteam\/commit\/afc5669b2f6a168e7fc16e9ab1519fd987f17551|afc5669> by Neil Grogan)\n",
                "text": "Failed:  dueyfinster's build (<https:\/\/circleci.com\/gh\/dueyfinster\/blackteam\/28|#28>; push in <https:\/\/circleci.com\/gh\/dueyfinster\/blackteam|dueyfinster\/blackteam> (<https:\/\/circleci.com\/gh\/dueyfinster\/blackteam\/tree\/master|master>)\n - Trying to add docker-compose to circleci build - trying sudo (<https:\/\/github.com\/dueyfinster\/blackteam\/commit\/afc5669b2f6a168e7fc16e9ab1519fd987f17551|afc5669> by Neil Grogan)\n",
                "id": 1,
                "color": "d10c20"
            }
        ],
        "type": "message",
        "subtype": "bot_message",
        "ts": "1433425128.000041"
    },
    {
        "text": "",
        "bot_id": "B052T590M",
        "attachments": [
            {
                "fallback": "[blackteam:master] <https:\/\/github.com\/dueyfinster\/blackteam\/commit\/041504d|1 new commit> by Neil Grogan",
                "text": "<https:\/\/github.com\/dueyfinster\/blackteam\/commit\/041504d|041504d>: Trying to stop circleci's db interfering with docker containers, run build inside them - Neil Grogan",
                "pretext": "[blackteam:master] 1 new commit by Neil Grogan:",
                "id": 1,
                "color": "4183C4",
                "mrkdwn_in": [
                    "text",
                    "pretext"
                ]
            }
        ],
        "type": "message",
        "subtype": "bot_message",
        "ts": "1433435507.000042"
    },
    {
        "text": "",
        "bot_id": "B0506GF16",
        "attachments": [
            {
                "fallback": "Build <http:\/\/magnum.travis-ci.com\/dueyfinster\/blackteam\/builds\/12494238|#36> (<https:\/\/github.com\/dueyfinster\/blackteam\/compare\/afc5669b2f6a...041504d957f1|041504d>) of dueyfinster\/blackteam@master by Neil Grogan passed in 1 min 7 sec",
                "text": "Build <http:\/\/magnum.travis-ci.com\/dueyfinster\/blackteam\/builds\/12494238|#36> (<https:\/\/github.com\/dueyfinster\/blackteam\/compare\/afc5669b2f6a...041504d957f1|041504d>) of dueyfinster\/blackteam@master by Neil Grogan passed in 1 min 7 sec",
                "id": 1,
                "color": "36a64f"
            }
        ],
        "type": "message",
        "subtype": "bot_message",
        "ts": "1433435628.000043"
    },
    {
        "text": "",
        "bot_id": "B056P06D5",
        "attachments": [
            {
                "fallback": "Failed:  dueyfinster's build (<https:\/\/circleci.com\/gh\/dueyfinster\/blackteam\/29|#29>; push in <https:\/\/circleci.com\/gh\/dueyfinster\/blackteam|dueyfinster\/blackteam> (<https:\/\/circleci.com\/gh\/dueyfinster\/blackteam\/tree\/master|master>)\n - Trying to stop circleci's db interfering with docker containers, run build insid (<https:\/\/github.com\/dueyfinster\/blackteam\/commit\/041504d957f13b14d47b12b23d9f957d60064b08|041504d> by Neil Grogan)\n",
                "text": "Failed:  dueyfinster's build (<https:\/\/circleci.com\/gh\/dueyfinster\/blackteam\/29|#29>; push in <https:\/\/circleci.com\/gh\/dueyfinster\/blackteam|dueyfinster\/blackteam> (<https:\/\/circleci.com\/gh\/dueyfinster\/blackteam\/tree\/master|master>)\n - Trying to stop circleci's db interfering with docker containers, run build insid (<https:\/\/github.com\/dueyfinster\/blackteam\/commit\/041504d957f13b14d47b12b23d9f957d60064b08|041504d> by Neil Grogan)\n",
                "id": 1,
                "color": "d10c20"
            }
        ],
        "type": "message",
        "subtype": "bot_message",
        "ts": "1433435721.000044"
    },
    {
        "text": "",
        "bot_id": "B052T590M",
        "attachments": [
            {
                "fallback": "[blackteam:master] <https:\/\/github.com\/dueyfinster\/blackteam\/commit\/bb5a06a|1 new commit> by Neil Grogan",
                "text": "<https:\/\/github.com\/dueyfinster\/blackteam\/commit\/bb5a06a|bb5a06a>: Updated circle yml to stop redis and postgres - Neil Grogan",
                "pretext": "[blackteam:master] 1 new commit by Neil Grogan:",
                "id": 1,
                "color": "4183C4",
                "mrkdwn_in": [
                    "text",
                    "pretext"
                ]
            }
        ],
        "type": "message",
        "subtype": "bot_message",
        "ts": "1433443699.000045"
    },
    {
        "text": "",
        "bot_id": "B0506GF16",
        "attachments": [
            {
                "fallback": "Build <http:\/\/magnum.travis-ci.com\/dueyfinster\/blackteam\/builds\/12499232|#37> (<https:\/\/github.com\/dueyfinster\/blackteam\/compare\/041504d957f1...bb5a06ab2dbc|bb5a06a>) of dueyfinster\/blackteam@master by Neil Grogan passed in 0 min 56 sec",
                "text": "Build <http:\/\/magnum.travis-ci.com\/dueyfinster\/blackteam\/builds\/12499232|#37> (<https:\/\/github.com\/dueyfinster\/blackteam\/compare\/041504d957f1...bb5a06ab2dbc|bb5a06a>) of dueyfinster\/blackteam@master by Neil Grogan passed in 0 min 56 sec",
                "id": 1,
                "color": "36a64f"
            }
        ],
        "type": "message",
        "subtype": "bot_message",
        "ts": "1433443836.000046"
    },
    {
        "text": "",
        "bot_id": "B056P06D5",
        "attachments": [
            {
                "fallback": "Failed:  dueyfinster's build (<https:\/\/circleci.com\/gh\/dueyfinster\/blackteam\/30|#30>; push in <https:\/\/circleci.com\/gh\/dueyfinster\/blackteam|dueyfinster\/blackteam> (<https:\/\/circleci.com\/gh\/dueyfinster\/blackteam\/tree\/master|master>)\n - Updated circle yml to stop redis and postgres (<https:\/\/github.com\/dueyfinster\/blackteam\/commit\/bb5a06ab2dbcd1750b283c2bf284c6ac555079f7|bb5a06a> by Neil Grogan)\n",
                "text": "Failed:  dueyfinster's build (<https:\/\/circleci.com\/gh\/dueyfinster\/blackteam\/30|#30>; push in <https:\/\/circleci.com\/gh\/dueyfinster\/blackteam|dueyfinster\/blackteam> (<https:\/\/circleci.com\/gh\/dueyfinster\/blackteam\/tree\/master|master>)\n - Updated circle yml to stop redis and postgres (<https:\/\/github.com\/dueyfinster\/blackteam\/commit\/bb5a06ab2dbcd1750b283c2bf284c6ac555079f7|bb5a06a> by Neil Grogan)\n",
                "id": 1,
                "color": "d10c20"
            }
        ],
        "type": "message",
        "subtype": "bot_message",
        "ts": "1433443851.000047"
    },
    {
        "text": "",
        "bot_id": "B056P06D5",
        "attachments": [
            {
                "fallback": "Fixed:  dueyfinster's build (<https:\/\/circleci.com\/gh\/dueyfinster\/blackteam\/31|#31>; retry by dueyfinster in <https:\/\/circleci.com\/gh\/dueyfinster\/blackteam|dueyfinster\/blackteam> (<https:\/\/circleci.com\/gh\/dueyfinster\/blackteam\/tree\/master|master>)\n - Updated circle yml to stop redis and postgres (<https:\/\/github.com\/dueyfinster\/blackteam\/commit\/bb5a06ab2dbcd1750b283c2bf284c6ac555079f7|bb5a06a> by Neil Grogan)\n",
                "text": "Fixed:  dueyfinster's build (<https:\/\/circleci.com\/gh\/dueyfinster\/blackteam\/31|#31>; retry by dueyfinster in <https:\/\/circleci.com\/gh\/dueyfinster\/blackteam|dueyfinster\/blackteam> (<https:\/\/circleci.com\/gh\/dueyfinster\/blackteam\/tree\/master|master>)\n - Updated circle yml to stop redis and postgres (<https:\/\/github.com\/dueyfinster\/blackteam\/commit\/bb5a06ab2dbcd1750b283c2bf284c6ac555079f7|bb5a06a> by Neil Grogan)\n",
                "id": 1,
                "color": "41aa58"
            }
        ],
        "type": "message",
        "subtype": "bot_message",
        "ts": "1433445089.000048"
    },
    {
        "text": "",
        "bot_id": "B052T590M",
        "attachments": [
            {
                "fallback": "[blackteam] <https:\/\/github.com\/dueyfinster\/blackteam\/tree\/develop|develop> was branched from \"master\" and pushed by dueyfinster",
                "text": "[blackteam] <https:\/\/github.com\/dueyfinster\/blackteam\/tree\/develop|develop> was branched from \"master\" and pushed by dueyfinster",
                "id": 1,
                "color": "4183C4",
                "mrkdwn_in": [
                    "text",
                    "pretext"
                ]
            }
        ],
        "type": "message",
        "subtype": "bot_message",
        "ts": "1433457647.000049"
    },
    {
        "text": "",
        "bot_id": "B0506GF16",
        "attachments": [
            {
                "fallback": "Build <http:\/\/magnum.travis-ci.com\/dueyfinster\/blackteam\/builds\/12507098|#38> (<https:\/\/github.com\/dueyfinster\/blackteam\/compare\/develop|bb5a06a>) of dueyfinster\/blackteam@develop by Neil Grogan passed in 1 min 5 sec",
                "text": "Build <http:\/\/magnum.travis-ci.com\/dueyfinster\/blackteam\/builds\/12507098|#38> (<https:\/\/github.com\/dueyfinster\/blackteam\/compare\/develop|bb5a06a>) of dueyfinster\/blackteam@develop by Neil Grogan passed in 1 min 5 sec",
                "id": 1,
                "color": "36a64f"
            }
        ],
        "type": "message",
        "subtype": "bot_message",
        "ts": "1433457764.000050"
    },
    {
        "text": "",
        "bot_id": "B052T590M",
        "attachments": [
            {
                "fallback": "[blackteam:develop] <https:\/\/github.com\/dueyfinster\/blackteam\/commit\/c280d71|1 new commit> by Neil Grogan",
                "text": "<https:\/\/github.com\/dueyfinster\/blackteam\/commit\/c280d71|c280d71>: Updated README, will add deployment branch - Neil Grogan",
                "pretext": "[blackteam:develop] 1 new commit by Neil Grogan:",
                "id": 1,
                "color": "4183C4",
                "mrkdwn_in": [
                    "text",
                    "pretext"
                ]
            }
        ],
        "type": "message",
        "subtype": "bot_message",
        "ts": "1433457807.000051"
    },
    {
        "text": "",
        "bot_id": "B056P06D5",
        "attachments": [
            {
                "fallback": "Success:  dueyfinster's build (<https:\/\/circleci.com\/gh\/dueyfinster\/blackteam\/32|#32>; push in <https:\/\/circleci.com\/gh\/dueyfinster\/blackteam|dueyfinster\/blackteam> (<https:\/\/circleci.com\/gh\/dueyfinster\/blackteam\/tree\/develop|develop>)\n -  (<https:\/\/github.com\/dueyfinster\/blackteam\/commit\/bb5a06ab2dbcd1750b283c2bf284c6ac555079f7|bb5a06a> by )\n",
                "text": "Success:  dueyfinster's build (<https:\/\/circleci.com\/gh\/dueyfinster\/blackteam\/32|#32>; push in <https:\/\/circleci.com\/gh\/dueyfinster\/blackteam|dueyfinster\/blackteam> (<https:\/\/circleci.com\/gh\/dueyfinster\/blackteam\/tree\/develop|develop>)\n -  (<https:\/\/github.com\/dueyfinster\/blackteam\/commit\/bb5a06ab2dbcd1750b283c2bf284c6ac555079f7|bb5a06a> by )\n",
                "id": 1,
                "color": "41aa58"
            }
        ],
        "type": "message",
        "subtype": "bot_message",
        "ts": "1433457889.000052"
    },
    {
        "text": "",
        "bot_id": "B0506GF16",
        "attachments": [
            {
                "fallback": "Build <http:\/\/magnum.travis-ci.com\/dueyfinster\/blackteam\/builds\/12507174|#39> (<https:\/\/github.com\/dueyfinster\/blackteam\/compare\/bb5a06ab2dbc...c280d71373f4|c280d71>) of dueyfinster\/blackteam@develop by Neil Grogan passed in 0 min 56 sec",
                "text": "Build <http:\/\/magnum.travis-ci.com\/dueyfinster\/blackteam\/builds\/12507174|#39> (<https:\/\/github.com\/dueyfinster\/blackteam\/compare\/bb5a06ab2dbc...c280d71373f4|c280d71>) of dueyfinster\/blackteam@develop by Neil Grogan passed in 0 min 56 sec",
                "id": 1,
                "color": "36a64f"
            }
        ],
        "type": "message",
        "subtype": "bot_message",
        "ts": "1433457893.000053"
    },
    {
        "text": "",
        "bot_id": "B056P06D5",
        "attachments": [
            {
                "fallback": "Success:  dueyfinster's build (<https:\/\/circleci.com\/gh\/dueyfinster\/blackteam\/33|#33>; push in <https:\/\/circleci.com\/gh\/dueyfinster\/blackteam|dueyfinster\/blackteam> (<https:\/\/circleci.com\/gh\/dueyfinster\/blackteam\/tree\/develop|develop>)\n - Updated README, will add deployment branch (<https:\/\/github.com\/dueyfinster\/blackteam\/commit\/c280d71373f4cf0100928895f4926baae9884a36|c280d71> by Neil Grogan)\n",
                "text": "Success:  dueyfinster's build (<https:\/\/circleci.com\/gh\/dueyfinster\/blackteam\/33|#33>; push in <https:\/\/circleci.com\/gh\/dueyfinster\/blackteam|dueyfinster\/blackteam> (<https:\/\/circleci.com\/gh\/dueyfinster\/blackteam\/tree\/develop|develop>)\n - Updated README, will add deployment branch (<https:\/\/github.com\/dueyfinster\/blackteam\/commit\/c280d71373f4cf0100928895f4926baae9884a36|c280d71> by Neil Grogan)\n",
                "id": 1,
                "color": "41aa58"
            }
        ],
        "type": "message",
        "subtype": "bot_message",
        "ts": "1433458134.000054"
    }
]