[
    {
        "text": "",
        "bot_id": "B052T590M",
        "attachments": [
            {
                "fallback": "[dueyfinster\/blackteam] <https:\/\/github.com\/dueyfinster\/blackteam\/pull\/3|Pull request submitted> by <https:\/\/github.com\/GarryDavitt|GarryDavitt>",
                "pretext": "[dueyfinster\/blackteam] Pull request submitted by <https:\/\/github.com\/GarryDavitt|GarryDavitt>",
                "title": "#3 Feature\/travis selenium",
                "id": 1,
                "title_link": "https:\/\/github.com\/dueyfinster\/blackteam\/pull\/3",
                "color": "6CC644",
                "mrkdwn_in": [
                    "text",
                    "pretext"
                ]
            }
        ],
        "type": "message",
        "subtype": "bot_message",
        "ts": "1433855539.000236"
    },
    {
        "text": "",
        "bot_id": "B052T590M",
        "attachments": [
            {
                "fallback": "[dueyfinster\/blackteam] Pull request closed: <https:\/\/github.com\/dueyfinster\/blackteam\/pull\/3|#3 Feature\/travis selenium> by <https:\/\/github.com\/GarryDavitt|GarryDavitt>",
                "text": "[dueyfinster\/blackteam] Pull request closed: <https:\/\/github.com\/dueyfinster\/blackteam\/pull\/3|#3 Feature\/travis selenium> by <https:\/\/github.com\/GarryDavitt|GarryDavitt>",
                "id": 1,
                "color": "E3E4E6",
                "mrkdwn_in": [
                    "text",
                    "pretext"
                ]
            }
        ],
        "type": "message",
        "subtype": "bot_message",
        "ts": "1433855663.000237"
    },
    {
        "text": "",
        "bot_id": "B0506GF16",
        "attachments": [
            {
                "fallback": "Build <http:\/\/magnum.travis-ci.com\/dueyfinster\/blackteam\/builds\/12601640|#100> (<https:\/\/github.com\/dueyfinster\/blackteam\/pull\/3|dea57cc>) of dueyfinster\/blackteam@master in PR <https:\/\/github.com\/dueyfinster\/blackteam\/pull\/3|#3> by Neil Grogan passed in 1 min 3 sec",
                "text": "Build <http:\/\/magnum.travis-ci.com\/dueyfinster\/blackteam\/builds\/12601640|#100> (<https:\/\/github.com\/dueyfinster\/blackteam\/pull\/3|dea57cc>) of dueyfinster\/blackteam@master in PR <https:\/\/github.com\/dueyfinster\/blackteam\/pull\/3|#3> by Neil Grogan passed in 1 min 3 sec",
                "id": 1,
                "color": "36a64f"
            }
        ],
        "type": "message",
        "subtype": "bot_message",
        "ts": "1433855666.000238"
    },
    {
        "text": "",
        "bot_id": "B052T590M",
        "attachments": [
            {
                "fallback": "[blackteam] The branch \"feature\/travis-selenium\" was deleted by dueyfinster",
                "text": "[blackteam] The branch \"feature\/travis-selenium\" was deleted by dueyfinster",
                "id": 1,
                "color": "4183C4",
                "mrkdwn_in": [
                    "text",
                    "pretext"
                ]
            }
        ],
        "type": "message",
        "subtype": "bot_message",
        "ts": "1433861340.000239"
    },
    {
        "text": "",
        "bot_id": "B052T590M",
        "attachments": [
            {
                "fallback": "[blackteam] New branch \"<https:\/\/github.com\/dueyfinster\/blackteam\/tree\/feature%2Ftravis-selenium|feature\/travis-selenium>\" was pushed by dueyfinster",
                "text": "[blackteam] New branch \"<https:\/\/github.com\/dueyfinster\/blackteam\/tree\/feature%2Ftravis-selenium|feature\/travis-selenium>\" was pushed by dueyfinster",
                "id": 1,
                "color": "4183C4",
                "mrkdwn_in": [
                    "text",
                    "pretext"
                ]
            }
        ],
        "type": "message",
        "subtype": "bot_message",
        "ts": "1433861346.000240"
    },
    {
        "text": "",
        "bot_id": "B056P06D5",
        "attachments": [
            {
                "fallback": "Success:  dueyfinster's build (<https:\/\/circleci.com\/gh\/dueyfinster\/blackteam\/98|#98>; push in <https:\/\/circleci.com\/gh\/dueyfinster\/blackteam|dueyfinster\/blackteam> (<https:\/\/circleci.com\/gh\/dueyfinster\/blackteam\/tree\/feature%2Ftravis-selenium|feature\/travis-selenium>)\n -  (<https:\/\/github.com\/dueyfinster\/blackteam\/commit\/29d2f0331c31b650c842e518deb0c15055d25478|29d2f03> by )\n",
                "text": "Success:  dueyfinster's build (<https:\/\/circleci.com\/gh\/dueyfinster\/blackteam\/98|#98>; push in <https:\/\/circleci.com\/gh\/dueyfinster\/blackteam|dueyfinster\/blackteam> (<https:\/\/circleci.com\/gh\/dueyfinster\/blackteam\/tree\/feature%2Ftravis-selenium|feature\/travis-selenium>)\n -  (<https:\/\/github.com\/dueyfinster\/blackteam\/commit\/29d2f0331c31b650c842e518deb0c15055d25478|29d2f03> by )\n",
                "id": 1,
                "color": "41aa58"
            }
        ],
        "type": "message",
        "subtype": "bot_message",
        "ts": "1433861406.000241"
    },
    {
        "text": "",
        "bot_id": "B0506GF16",
        "attachments": [
            {
                "fallback": "Build <http:\/\/magnum.travis-ci.com\/dueyfinster\/blackteam\/builds\/12605799|#101> (<https:\/\/github.com\/dueyfinster\/blackteam\/compare\/feature\/travis-selenium|29d2f03>) of dueyfinster\/blackteam@feature\/travis-selenium by Neil Grogan passed in 1 min 1 sec",
                "text": "Build <http:\/\/magnum.travis-ci.com\/dueyfinster\/blackteam\/builds\/12605799|#101> (<https:\/\/github.com\/dueyfinster\/blackteam\/compare\/feature\/travis-selenium|29d2f03>) of dueyfinster\/blackteam@feature\/travis-selenium by Neil Grogan passed in 1 min 1 sec",
                "id": 1,
                "color": "36a64f"
            }
        ],
        "type": "message",
        "subtype": "bot_message",
        "ts": "1433861675.000242"
    },
    {
        "text": "",
        "bot_id": "B052T590M",
        "attachments": [
            {
                "fallback": "[blackteam] New branch \"<https:\/\/github.com\/dueyfinster\/blackteam\/tree\/feature%2Fversion_nums|feature\/version_nums>\" was pushed by dueyfinster",
                "text": "[blackteam] New branch \"<https:\/\/github.com\/dueyfinster\/blackteam\/tree\/feature%2Fversion_nums|feature\/version_nums>\" was pushed by dueyfinster",
                "id": 1,
                "color": "4183C4",
                "mrkdwn_in": [
                    "text",
                    "pretext"
                ]
            }
        ],
        "type": "message",
        "subtype": "bot_message",
        "ts": "1433872972.000243"
    },
    {
        "text": "",
        "bot_id": "B056P06D5",
        "attachments": [
            {
                "fallback": "Success:  dueyfinster's build (<https:\/\/circleci.com\/gh\/dueyfinster\/blackteam\/99|#99>; push in <https:\/\/circleci.com\/gh\/dueyfinster\/blackteam|dueyfinster\/blackteam> (<https:\/\/circleci.com\/gh\/dueyfinster\/blackteam\/tree\/feature%2Fversion_nums|feature\/version_nums>)\n - Moved deployment scripts to folder to cleanup root (<https:\/\/github.com\/dueyfinster\/blackteam\/commit\/45c3ed7ca337728301cb270aac49b35b9ced83b4|45c3ed7> by Neil Grogan)\n",
                "text": "Success:  dueyfinster's build (<https:\/\/circleci.com\/gh\/dueyfinster\/blackteam\/99|#99>; push in <https:\/\/circleci.com\/gh\/dueyfinster\/blackteam|dueyfinster\/blackteam> (<https:\/\/circleci.com\/gh\/dueyfinster\/blackteam\/tree\/feature%2Fversion_nums|feature\/version_nums>)\n - Moved deployment scripts to folder to cleanup root (<https:\/\/github.com\/dueyfinster\/blackteam\/commit\/45c3ed7ca337728301cb270aac49b35b9ced83b4|45c3ed7> by Neil Grogan)\n",
                "id": 1,
                "color": "41aa58"
            }
        ],
        "type": "message",
        "subtype": "bot_message",
        "ts": "1433873042.000244"
    },
    {
        "text": "",
        "bot_id": "B0506GF16",
        "attachments": [
            {
                "fallback": "Build <http:\/\/magnum.travis-ci.com\/dueyfinster\/blackteam\/builds\/12613687|#102> (<https:\/\/github.com\/dueyfinster\/blackteam\/commit\/45c3ed7ca337|45c3ed7>) of dueyfinster\/blackteam@feature\/version_nums by Neil Grogan passed in 1 min 5 sec",
                "text": "Build <http:\/\/magnum.travis-ci.com\/dueyfinster\/blackteam\/builds\/12613687|#102> (<https:\/\/github.com\/dueyfinster\/blackteam\/commit\/45c3ed7ca337|45c3ed7>) of dueyfinster\/blackteam@feature\/version_nums by Neil Grogan passed in 1 min 5 sec",
                "id": 1,
                "color": "36a64f"
            }
        ],
        "type": "message",
        "subtype": "bot_message",
        "ts": "1433873121.000245"
    },
    {
        "text": "",
        "bot_id": "B052T590M",
        "attachments": [
            {
                "fallback": "[blackteam:master] <https:\/\/github.com\/dueyfinster\/blackteam\/compare\/cdbea0c49081...7a5cd740a87c|26 new commits>",
                "text": "<https:\/\/github.com\/dueyfinster\/blackteam\/commit\/8b5d2cd|8b5d2cd>: Updated travis build to start framebuffer and selenium - Neil Grogan\n <https:\/\/github.com\/dueyfinster\/blackteam\/commit\/010b51f|010b51f>: Fixed selenium download url - Neil Grogan\n <https:\/\/github.com\/dueyfinster\/blackteam\/commit\/86ee4f6|86ee4f6>: Fixed selenium version to start - Neil Grogan\n <https:\/\/github.com\/dueyfinster\/blackteam\/commit\/54176ac|54176ac>: Selenium being started in wrong fir - Neil Grogan\n <https:\/\/github.com\/dueyfinster\/blackteam\/commit\/112c889|112c889>: Trying Selenium workaround - Neil Grogan\n <https:\/\/github.com\/dueyfinster\/blackteam\/commit\/fb9f6d6|fb9f6d6>: Removed Selenium workaround - Neil Grogan\n <https:\/\/github.com\/dueyfinster\/blackteam\/commit\/d563df3|d563df3>: Added logging for selenium to try figure out what's happening - Neil Grogan\n <https:\/\/github.com\/dueyfinster\/blackteam\/commit\/4f4a5d1|4f4a5d1>: Added verbose logging to running selenium tests - Neil Grogan\n <https:\/\/github.com\/dueyfinster\/blackteam\/commit\/ccdb76b|ccdb76b>: Added option to skip selenium tests - Neil Grogan\n <https:\/\/github.com\/dueyfinster\/blackteam\/commit\/404364e|404364e>: Printing out title - Neil Grogan\n <https:\/\/github.com\/dueyfinster\/blackteam\/commit\/3b4f983|3b4f983>: Trying to set selnium logging level higher - Neil Grogan\n <https:\/\/github.com\/dueyfinster\/blackteam\/commit\/b639a09|b639a09>: Trying to set selnium logging level higher - added missing import - Neil Grogan\n <https:\/\/github.com\/dueyfinster\/blackteam\/commit\/c5ba284|c5ba284>: Trying verbose logging - Neil Grogan\n <https:\/\/github.com\/dueyfinster\/blackteam\/commit\/ab40460|ab40460>: Trying debug logging - Neil Grogan\n <https:\/\/github.com\/dueyfinster\/blackteam\/commit\/8112ac9|8112ac9>: Updated travis yml with redis and postgres locally - Neil Grogan\n <https:\/\/github.com\/dueyfinster\/blackteam\/commit\/909fb7f|909fb7f>: Removed logging - wasn't working - Neil Grogan\n <https:\/\/github.com\/dueyfinster\/blackteam\/commit\/a3c1632|a3c1632>: Try selenium uploading artifacts to S3 - Neil Grogan\n <https:\/\/github.com\/dueyfinster\/blackteam\/commit\/681da8f|681da8f>: Updated travis file - Neil Grogan\n <https:\/\/github.com\/dueyfinster\/blackteam\/commit\/2dd2825|2dd2825>: Updated travis file with screenshot name - Neil Grogan\n <https:\/\/github.com\/dueyfinster\/blackteam\/commit\/3aaccd0|3aaccd0>: Added redis to services for travis - Neil Grogan\n <https:\/\/github.com\/dueyfinster\/blackteam\/commit\/00ae329|00ae329>: removed artifact uploading - Neil Grogan\n <https:\/\/github.com\/dueyfinster\/blackteam\/commit\/950101c|950101c>: Updated circle yml to ignore if not artifacts to move to artifact folder - Neil Grogan\n <https:\/\/github.com\/dueyfinster\/blackteam\/commit\/29d2f03|29d2f03>: Reversed so if environ variable not set, selenium will be run - Neil Grogan\n <https:\/\/github.com\/dueyfinster\/blackteam\/commit\/24d911a|24d911a>: Finished getting selenium working on Travis CI - Neil Grogan\n <https:\/\/github.com\/dueyfinster\/blackteam\/commit\/e24a5e1|e24a5e1>: Merge remote-tracking branch 'origin\/master' - iberdnikov\n <https:\/\/github.com\/dueyfinster\/blackteam\/commit\/7a5cd74|7a5cd74>: Initial feedparser RSS - iberdnikov",
                "pretext": "[blackteam:master] <https:\/\/github.com\/dueyfinster\/blackteam\/compare\/cdbea0c49081...7a5cd740a87c|26 new commits>:",
                "id": 1,
                "color": "4183C4",
                "mrkdwn_in": [
                    "text",
                    "pretext"
                ]
            }
        ],
        "type": "message",
        "subtype": "bot_message",
        "ts": "1433883465.000246"
    },
    {
        "text": "",
        "bot_id": "B0506GF16",
        "attachments": [
            {
                "fallback": "Build <http:\/\/magnum.travis-ci.com\/dueyfinster\/blackteam\/builds\/12620438|#103> (<https:\/\/github.com\/dueyfinster\/blackteam\/compare\/cdbea0c49081...7a5cd740a87c|7a5cd74>) of dueyfinster\/blackteam@master by iberdnikov failed in 1 min 50 sec",
                "text": "Build <http:\/\/magnum.travis-ci.com\/dueyfinster\/blackteam\/builds\/12620438|#103> (<https:\/\/github.com\/dueyfinster\/blackteam\/compare\/cdbea0c49081...7a5cd740a87c|7a5cd74>) of dueyfinster\/blackteam@master by iberdnikov failed in 1 min 50 sec",
                "id": 1,
                "color": "d00000"
            }
        ],
        "type": "message",
        "subtype": "bot_message",
        "ts": "1433883620.000247"
    },
    {
        "text": "",
        "bot_id": "B056P06D5",
        "attachments": [
            {
                "fallback": "Failed:  iberdnikov's build (<https:\/\/circleci.com\/gh\/dueyfinster\/blackteam\/100|#100>; push in <https:\/\/circleci.com\/gh\/dueyfinster\/blackteam|dueyfinster\/blackteam> (<https:\/\/circleci.com\/gh\/dueyfinster\/blackteam\/tree\/master|master>)\n - Initial feedparser RSS (<https:\/\/github.com\/dueyfinster\/blackteam\/commit\/7a5cd740a87cc9cd3dc5743c1fe41c22a4e1e3e6|7a5cd74> by iberdnikov) and <https:\/\/github.com\/dueyfinster\/blackteam\/compare\/cdbea0c49081...7a5cd740a87c|25 more>\n",
                "text": "Failed:  iberdnikov's build (<https:\/\/circleci.com\/gh\/dueyfinster\/blackteam\/100|#100>; push in <https:\/\/circleci.com\/gh\/dueyfinster\/blackteam|dueyfinster\/blackteam> (<https:\/\/circleci.com\/gh\/dueyfinster\/blackteam\/tree\/master|master>)\n - Initial feedparser RSS (<https:\/\/github.com\/dueyfinster\/blackteam\/commit\/7a5cd740a87cc9cd3dc5743c1fe41c22a4e1e3e6|7a5cd74> by iberdnikov) and <https:\/\/github.com\/dueyfinster\/blackteam\/compare\/cdbea0c49081...7a5cd740a87c|25 more>\n",
                "id": 1,
                "color": "d10c20"
            }
        ],
        "type": "message",
        "subtype": "bot_message",
        "ts": "1433883625.000248"
    },
    {
        "text": "",
        "bot_id": "B052T590M",
        "attachments": [
            {
                "fallback": "[blackteam:master] <https:\/\/github.com\/dueyfinster\/blackteam\/commit\/856875c|1 new commit> by iberdnikov",
                "text": "<https:\/\/github.com\/dueyfinster\/blackteam\/commit\/856875c|856875c>: Page Title changed for Selenium tests - iberdnikov",
                "pretext": "[blackteam:master] 1 new commit by iberdnikov:",
                "id": 1,
                "color": "4183C4",
                "mrkdwn_in": [
                    "text",
                    "pretext"
                ]
            }
        ],
        "type": "message",
        "subtype": "bot_message",
        "ts": "1433884056.000249"
    },
    {
        "text": "",
        "bot_id": "B056P06D5",
        "attachments": [
            {
                "fallback": "Failed:  iberdnikov's build (<https:\/\/circleci.com\/gh\/dueyfinster\/blackteam\/101|#101>; push in <https:\/\/circleci.com\/gh\/dueyfinster\/blackteam|dueyfinster\/blackteam> (<https:\/\/circleci.com\/gh\/dueyfinster\/blackteam\/tree\/master|master>)\n - Page Title changed for Selenium tests (<https:\/\/github.com\/dueyfinster\/blackteam\/commit\/856875c89a98b5f46223e6827ed68776e6bb7d88|856875c> by iberdnikov)\n",
                "text": "Failed:  iberdnikov's build (<https:\/\/circleci.com\/gh\/dueyfinster\/blackteam\/101|#101>; push in <https:\/\/circleci.com\/gh\/dueyfinster\/blackteam|dueyfinster\/blackteam> (<https:\/\/circleci.com\/gh\/dueyfinster\/blackteam\/tree\/master|master>)\n - Page Title changed for Selenium tests (<https:\/\/github.com\/dueyfinster\/blackteam\/commit\/856875c89a98b5f46223e6827ed68776e6bb7d88|856875c> by iberdnikov)\n",
                "id": 1,
                "color": "d10c20"
            }
        ],
        "type": "message",
        "subtype": "bot_message",
        "ts": "1433884172.000250"
    },
    {
        "text": "",
        "bot_id": "B052T590M",
        "attachments": [
            {
                "fallback": "[dueyfinster\/blackteam] New comment on commit <https:\/\/github.com\/dueyfinster\/blackteam\/commit\/856875c#commitcomment-11598537|856875c>",
                "text": "forgot this!",
                "pretext": "[dueyfinster\/blackteam] New comment on commit <https:\/\/github.com\/dueyfinster\/blackteam\/commit\/856875c#commitcomment-11598537|856875c>",
                "title": "Comment on line 27 by dueyfinster\n",
                "id": 1,
                "color": "C6DAED",
                "mrkdwn_in": [
                    "text",
                    "pretext"
                ]
            }
        ],
        "type": "message",
        "subtype": "bot_message",
        "ts": "1433884172.000251"
    },
    {
        "text": "",
        "bot_id": "B0506GF16",
        "attachments": [
            {
                "fallback": "Build <http:\/\/magnum.travis-ci.com\/dueyfinster\/blackteam\/builds\/12620840|#104> (<https:\/\/github.com\/dueyfinster\/blackteam\/compare\/7a5cd740a87c...856875c89a98|856875c>) of dueyfinster\/blackteam@master by iberdnikov failed in 1 min 33 sec",
                "text": "Build <http:\/\/magnum.travis-ci.com\/dueyfinster\/blackteam\/builds\/12620840|#104> (<https:\/\/github.com\/dueyfinster\/blackteam\/compare\/7a5cd740a87c...856875c89a98|856875c>) of dueyfinster\/blackteam@master by iberdnikov failed in 1 min 33 sec",
                "id": 1,
                "color": "d00000"
            }
        ],
        "type": "message",
        "subtype": "bot_message",
        "ts": "1433884198.000252"
    },
    {
        "text": "",
        "bot_id": "B052T590M",
        "attachments": [
            {
                "fallback": "[blackteam:master] <https:\/\/github.com\/dueyfinster\/blackteam\/commit\/fdeaafc|1 new commit> by iberdnikov",
                "text": "<https:\/\/github.com\/dueyfinster\/blackteam\/commit\/fdeaafc|fdeaafc>: Page Title changed for Selenium tests, code amended - iberdnikov",
                "pretext": "[blackteam:master] 1 new commit by iberdnikov:",
                "id": 1,
                "color": "4183C4",
                "mrkdwn_in": [
                    "text",
                    "pretext"
                ]
            }
        ],
        "type": "message",
        "subtype": "bot_message",
        "ts": "1433884326.000253"
    },
    {
        "text": "",
        "bot_id": "B0506GF16",
        "attachments": [
            {
                "fallback": "Build <http:\/\/magnum.travis-ci.com\/dueyfinster\/blackteam\/builds\/12621015|#105> (<https:\/\/github.com\/dueyfinster\/blackteam\/compare\/856875c89a98...fdeaafcd6d3a|fdeaafc>) of dueyfinster\/blackteam@master by iberdnikov passed in 1 min 26 sec",
                "text": "Build <http:\/\/magnum.travis-ci.com\/dueyfinster\/blackteam\/builds\/12621015|#105> (<https:\/\/github.com\/dueyfinster\/blackteam\/compare\/856875c89a98...fdeaafcd6d3a|fdeaafc>) of dueyfinster\/blackteam@master by iberdnikov passed in 1 min 26 sec",
                "id": 1,
                "color": "36a64f"
            }
        ],
        "type": "message",
        "subtype": "bot_message",
        "ts": "1433884487.000254"
    },
    {
        "text": "",
        "bot_id": "B056P06D5",
        "attachments": [
            {
                "fallback": "Fixed:  iberdnikov's build (<https:\/\/circleci.com\/gh\/dueyfinster\/blackteam\/102|#102>; push in <https:\/\/circleci.com\/gh\/dueyfinster\/blackteam|dueyfinster\/blackteam> (<https:\/\/circleci.com\/gh\/dueyfinster\/blackteam\/tree\/master|master>)\n - Page Title changed for Selenium tests, code amended (<https:\/\/github.com\/dueyfinster\/blackteam\/commit\/fdeaafcd6d3a739f6cdc4d7046d15ce6fe9aeb98|fdeaafc> by iberdnikov)\n",
                "text": "Fixed:  iberdnikov's build (<https:\/\/circleci.com\/gh\/dueyfinster\/blackteam\/102|#102>; push in <https:\/\/circleci.com\/gh\/dueyfinster\/blackteam|dueyfinster\/blackteam> (<https:\/\/circleci.com\/gh\/dueyfinster\/blackteam\/tree\/master|master>)\n - Page Title changed for Selenium tests, code amended (<https:\/\/github.com\/dueyfinster\/blackteam\/commit\/fdeaafcd6d3a739f6cdc4d7046d15ce6fe9aeb98|fdeaafc> by iberdnikov)\n",
                "id": 1,
                "color": "41aa58"
            }
        ],
        "type": "message",
        "subtype": "bot_message",
        "ts": "1433884784.000255"
    },
    {
        "text": "",
        "bot_id": "B052T590M",
        "attachments": [
            {
                "fallback": "[blackteam:feature\/version_nums] <https:\/\/github.com\/dueyfinster\/blackteam\/commit\/4494a06|1 new commit> by Neil Grogan",
                "text": "<https:\/\/github.com\/dueyfinster\/blackteam\/commit\/4494a06|4494a06>: Updated circle yml to updated path deployment script - Neil Grogan",
                "pretext": "[blackteam:feature\/version_nums] 1 new commit by Neil Grogan:",
                "id": 1,
                "color": "4183C4",
                "mrkdwn_in": [
                    "text",
                    "pretext"
                ]
            }
        ],
        "type": "message",
        "subtype": "bot_message",
        "ts": "1433886164.000256"
    },
    {
        "text": "",
        "bot_id": "B056P06D5",
        "attachments": [
            {
                "fallback": "Success:  dueyfinster's build (<https:\/\/circleci.com\/gh\/dueyfinster\/blackteam\/103|#103>; push in <https:\/\/circleci.com\/gh\/dueyfinster\/blackteam|dueyfinster\/blackteam> (<https:\/\/circleci.com\/gh\/dueyfinster\/blackteam\/tree\/feature%2Fversion_nums|feature\/version_nums>)\n - Updated circle yml to updated path deployment script (<https:\/\/github.com\/dueyfinster\/blackteam\/commit\/4494a061484890c129e9d930c50bc9a363a2898e|4494a06> by Neil Grogan)\n",
                "text": "Success:  dueyfinster's build (<https:\/\/circleci.com\/gh\/dueyfinster\/blackteam\/103|#103>; push in <https:\/\/circleci.com\/gh\/dueyfinster\/blackteam|dueyfinster\/blackteam> (<https:\/\/circleci.com\/gh\/dueyfinster\/blackteam\/tree\/feature%2Fversion_nums|feature\/version_nums>)\n - Updated circle yml to updated path deployment script (<https:\/\/github.com\/dueyfinster\/blackteam\/commit\/4494a061484890c129e9d930c50bc9a363a2898e|4494a06> by Neil Grogan)\n",
                "id": 1,
                "color": "41aa58"
            }
        ],
        "type": "message",
        "subtype": "bot_message",
        "ts": "1433886230.000257"
    },
    {
        "text": "",
        "bot_id": "B0506GF16",
        "attachments": [
            {
                "fallback": "Build <http:\/\/magnum.travis-ci.com\/dueyfinster\/blackteam\/builds\/12622120|#106> (<https:\/\/github.com\/dueyfinster\/blackteam\/compare\/45c3ed7ca337...4494a0614848|4494a06>) of dueyfinster\/blackteam@feature\/version_nums by Neil Grogan passed in 0 min 51 sec",
                "text": "Build <http:\/\/magnum.travis-ci.com\/dueyfinster\/blackteam\/builds\/12622120|#106> (<https:\/\/github.com\/dueyfinster\/blackteam\/compare\/45c3ed7ca337...4494a0614848|4494a06>) of dueyfinster\/blackteam@feature\/version_nums by Neil Grogan passed in 0 min 51 sec",
                "id": 1,
                "color": "36a64f"
            }
        ],
        "type": "message",
        "subtype": "bot_message",
        "ts": "1433886290.000258"
    }
]