[
    {
        "text": "",
        "bot_id": "B052T590M",
        "attachments": [
            {
                "fallback": "[blackteam:develop] <https:\/\/github.com\/dueyfinster\/blackteam\/commit\/946217b|1 new commit> by OLarry",
                "text": "<https:\/\/github.com\/dueyfinster\/blackteam\/commit\/946217b|946217b>: Add support for keyword filtering from user selected topics - OLarry",
                "pretext": "[blackteam:develop] 1 new commit by OLarry:",
                "id": 1,
                "color": "4183C4",
                "mrkdwn_in": [
                    "text",
                    "pretext"
                ]
            }
        ],
        "type": "message",
        "subtype": "bot_message",
        "ts": "1436695472.000229"
    },
    {
        "text": "",
        "bot_id": "B056P06D5",
        "attachments": [
            {
                "fallback": "Failed:  OLarry's build (<https:\/\/circleci.com\/gh\/dueyfinster\/blackteam\/249|#249>; push in <https:\/\/circleci.com\/gh\/dueyfinster\/blackteam|dueyfinster\/blackteam> (<https:\/\/circleci.com\/gh\/dueyfinster\/blackteam\/tree\/develop|develop>)\n - Add support for keyword filtering from user selected topics (<https:\/\/github.com\/dueyfinster\/blackteam\/commit\/946217b373af1509973eba7e4b27b12fafd7d01d|946217b> by OLarry)\n",
                "text": "Failed:  OLarry's build (<https:\/\/circleci.com\/gh\/dueyfinster\/blackteam\/249|#249>; push in <https:\/\/circleci.com\/gh\/dueyfinster\/blackteam|dueyfinster\/blackteam> (<https:\/\/circleci.com\/gh\/dueyfinster\/blackteam\/tree\/develop|develop>)\n - Add support for keyword filtering from user selected topics (<https:\/\/github.com\/dueyfinster\/blackteam\/commit\/946217b373af1509973eba7e4b27b12fafd7d01d|946217b> by OLarry)\n",
                "id": 1,
                "color": "d10c20"
            }
        ],
        "type": "message",
        "subtype": "bot_message",
        "ts": "1436695578.000230"
    },
    {
        "text": "",
        "bot_id": "B0506GF16",
        "attachments": [
            {
                "fallback": "Build <https:\/\/magnum.travis-ci.com\/dueyfinster\/blackteam\/builds\/13550286|#173> (<https:\/\/github.com\/dueyfinster\/blackteam\/compare\/af7c863e3766...946217b373af|946217b>) of dueyfinster\/blackteam@develop by OLarry failed in 3 min 39 sec",
                "text": "Build <https:\/\/magnum.travis-ci.com\/dueyfinster\/blackteam\/builds\/13550286|#173> (<https:\/\/github.com\/dueyfinster\/blackteam\/compare\/af7c863e3766...946217b373af|946217b>) of dueyfinster\/blackteam@develop by OLarry failed in 3 min 39 sec",
                "id": 1,
                "color": "d00000"
            }
        ],
        "type": "message",
        "subtype": "bot_message",
        "ts": "1436695699.000231"
    },
    {
        "text": "",
        "bot_id": "B052T590M",
        "attachments": [
            {
                "fallback": "[blackteam:develop] <https:\/\/github.com\/dueyfinster\/blackteam\/commit\/40991ed|1 new commit> by OLarry",
                "text": "<https:\/\/github.com\/dueyfinster\/blackteam\/commit\/40991ed|40991ed>: Add hook to filter by user keywords when user saves topic selection - OLarry",
                "pretext": "[blackteam:develop] 1 new commit by OLarry:",
                "id": 1,
                "color": "4183C4",
                "mrkdwn_in": [
                    "text",
                    "pretext"
                ]
            }
        ],
        "type": "message",
        "subtype": "bot_message",
        "ts": "1436704446.000232"
    },
    {
        "text": "",
        "bot_id": "B056P06D5",
        "attachments": [
            {
                "fallback": "Failed:  OLarry's build (<https:\/\/circleci.com\/gh\/dueyfinster\/blackteam\/250|#250>; push in <https:\/\/circleci.com\/gh\/dueyfinster\/blackteam|dueyfinster\/blackteam> (<https:\/\/circleci.com\/gh\/dueyfinster\/blackteam\/tree\/develop|develop>)\n - Add hook to filter by user keywords when user saves topic selection (<https:\/\/github.com\/dueyfinster\/blackteam\/commit\/40991ed1eb83fd965bc8478afeff976f80549750|40991ed> by OLarry)\n",
                "text": "Failed:  OLarry's build (<https:\/\/circleci.com\/gh\/dueyfinster\/blackteam\/250|#250>; push in <https:\/\/circleci.com\/gh\/dueyfinster\/blackteam|dueyfinster\/blackteam> (<https:\/\/circleci.com\/gh\/dueyfinster\/blackteam\/tree\/develop|develop>)\n - Add hook to filter by user keywords when user saves topic selection (<https:\/\/github.com\/dueyfinster\/blackteam\/commit\/40991ed1eb83fd965bc8478afeff976f80549750|40991ed> by OLarry)\n",
                "id": 1,
                "color": "d10c20"
            }
        ],
        "type": "message",
        "subtype": "bot_message",
        "ts": "1436704539.000233"
    },
    {
        "text": "",
        "bot_id": "B0506GF16",
        "attachments": [
            {
                "fallback": "Build <https:\/\/magnum.travis-ci.com\/dueyfinster\/blackteam\/builds\/13550725|#174> (<https:\/\/github.com\/dueyfinster\/blackteam\/compare\/946217b373af...40991ed1eb83|40991ed>) of dueyfinster\/blackteam@develop by OLarry failed in 3 min 48 sec",
                "text": "Build <https:\/\/magnum.travis-ci.com\/dueyfinster\/blackteam\/builds\/13550725|#174> (<https:\/\/github.com\/dueyfinster\/blackteam\/compare\/946217b373af...40991ed1eb83|40991ed>) of dueyfinster\/blackteam@develop by OLarry failed in 3 min 48 sec",
                "id": 1,
                "color": "d00000"
            }
        ],
        "type": "message",
        "subtype": "bot_message",
        "ts": "1436704684.000234"
    },
    {
        "text": "",
        "bot_id": "B052T590M",
        "attachments": [
            {
                "fallback": "[blackteam:develop] <https:\/\/github.com\/dueyfinster\/blackteam\/commit\/1a58b0b|1 new commit> by OLarry",
                "text": "<https:\/\/github.com\/dueyfinster\/blackteam\/commit\/1a58b0b|1a58b0b>: When adding user topic, make filter inline instead of celery job - OLarry",
                "pretext": "[blackteam:develop] 1 new commit by OLarry:",
                "id": 1,
                "color": "4183C4",
                "mrkdwn_in": [
                    "text",
                    "pretext"
                ]
            }
        ],
        "type": "message",
        "subtype": "bot_message",
        "ts": "1436712613.000235"
    },
    {
        "text": "",
        "bot_id": "B056P06D5",
        "attachments": [
            {
                "fallback": "Failed:  OLarry's build (<https:\/\/circleci.com\/gh\/dueyfinster\/blackteam\/251|#251>; push in <https:\/\/circleci.com\/gh\/dueyfinster\/blackteam|dueyfinster\/blackteam> (<https:\/\/circleci.com\/gh\/dueyfinster\/blackteam\/tree\/develop|develop>)\n - When adding user topic, make filter inline instead of celery job (<https:\/\/github.com\/dueyfinster\/blackteam\/commit\/1a58b0b224e919ab0bf3031138283556b680f10d|1a58b0b> by OLarry)\n",
                "text": "Failed:  OLarry's build (<https:\/\/circleci.com\/gh\/dueyfinster\/blackteam\/251|#251>; push in <https:\/\/circleci.com\/gh\/dueyfinster\/blackteam|dueyfinster\/blackteam> (<https:\/\/circleci.com\/gh\/dueyfinster\/blackteam\/tree\/develop|develop>)\n - When adding user topic, make filter inline instead of celery job (<https:\/\/github.com\/dueyfinster\/blackteam\/commit\/1a58b0b224e919ab0bf3031138283556b680f10d|1a58b0b> by OLarry)\n",
                "id": 1,
                "color": "d10c20"
            }
        ],
        "type": "message",
        "subtype": "bot_message",
        "ts": "1436712698.000236"
    },
    {
        "text": "",
        "bot_id": "B0506GF16",
        "attachments": [
            {
                "fallback": "Build <https:\/\/magnum.travis-ci.com\/dueyfinster\/blackteam\/builds\/13551181|#175> (<https:\/\/github.com\/dueyfinster\/blackteam\/compare\/40991ed1eb83...1a58b0b224e9|1a58b0b>) of dueyfinster\/blackteam@develop by OLarry failed in 3 min 44 sec",
                "text": "Build <https:\/\/magnum.travis-ci.com\/dueyfinster\/blackteam\/builds\/13551181|#175> (<https:\/\/github.com\/dueyfinster\/blackteam\/compare\/40991ed1eb83...1a58b0b224e9|1a58b0b>) of dueyfinster\/blackteam@develop by OLarry failed in 3 min 44 sec",
                "id": 1,
                "color": "d00000"
            }
        ],
        "type": "message",
        "subtype": "bot_message",
        "ts": "1436712846.000237"
    },
    {
        "text": "",
        "bot_id": "B052T590M",
        "attachments": [
            {
                "fallback": "[blackteam:develop] <https:\/\/github.com\/dueyfinster\/blackteam\/commit\/de220e8|1 new commit> by OLarry",
                "text": "<https:\/\/github.com\/dueyfinster\/blackteam\/commit\/de220e8|de220e8>: Fix test which failed due to Model changing - OLarry",
                "pretext": "[blackteam:develop] 1 new commit by OLarry:",
                "id": 1,
                "color": "4183C4",
                "mrkdwn_in": [
                    "text",
                    "pretext"
                ]
            }
        ],
        "type": "message",
        "subtype": "bot_message",
        "ts": "1436727642.000238"
    },
    {
        "text": "",
        "bot_id": "B056P06D5",
        "attachments": [
            {
                "fallback": "Fixed:  OLarry's build (<https:\/\/circleci.com\/gh\/dueyfinster\/blackteam\/252|#252>; push in <https:\/\/circleci.com\/gh\/dueyfinster\/blackteam|dueyfinster\/blackteam> (<https:\/\/circleci.com\/gh\/dueyfinster\/blackteam\/tree\/develop|develop>)\n - Fix test which failed due to Model changing (<https:\/\/github.com\/dueyfinster\/blackteam\/commit\/de220e8dbfb64976862939a60773548c2225264f|de220e8> by OLarry)\n",
                "text": "Fixed:  OLarry's build (<https:\/\/circleci.com\/gh\/dueyfinster\/blackteam\/252|#252>; push in <https:\/\/circleci.com\/gh\/dueyfinster\/blackteam|dueyfinster\/blackteam> (<https:\/\/circleci.com\/gh\/dueyfinster\/blackteam\/tree\/develop|develop>)\n - Fix test which failed due to Model changing (<https:\/\/github.com\/dueyfinster\/blackteam\/commit\/de220e8dbfb64976862939a60773548c2225264f|de220e8> by OLarry)\n",
                "id": 1,
                "color": "41aa58"
            }
        ],
        "type": "message",
        "subtype": "bot_message",
        "ts": "1436727824.000239"
    },
    {
        "text": "",
        "bot_id": "B0506GF16",
        "attachments": [
            {
                "fallback": "Build <https:\/\/magnum.travis-ci.com\/dueyfinster\/blackteam\/builds\/13552068|#176> (<https:\/\/github.com\/dueyfinster\/blackteam\/compare\/1a58b0b224e9...de220e8dbfb6|de220e8>) of dueyfinster\/blackteam@develop by OLarry passed in 3 min 46 sec",
                "text": "Build <https:\/\/magnum.travis-ci.com\/dueyfinster\/blackteam\/builds\/13552068|#176> (<https:\/\/github.com\/dueyfinster\/blackteam\/compare\/1a58b0b224e9...de220e8dbfb6|de220e8>) of dueyfinster\/blackteam@develop by OLarry passed in 3 min 46 sec",
                "id": 1,
                "color": "36a64f"
            }
        ],
        "type": "message",
        "subtype": "bot_message",
        "ts": "1436727879.000240"
    },
    {
        "text": "",
        "bot_id": "B052T590M",
        "attachments": [
            {
                "fallback": "[blackteam:develop] <https:\/\/github.com\/dueyfinster\/blackteam\/commit\/e846a66|1 new commit> by Neil Grogan",
                "text": "<https:\/\/github.com\/dueyfinster\/blackteam\/commit\/e846a66|e846a66>: Refactor Keywords to show they are for NLP - Neil Grogan",
                "pretext": "[blackteam:develop] 1 new commit by Neil Grogan:",
                "id": 1,
                "color": "4183C4",
                "mrkdwn_in": [
                    "text",
                    "pretext"
                ]
            }
        ],
        "type": "message",
        "subtype": "bot_message",
        "ts": "1436734312.000241"
    },
    {
        "text": "",
        "bot_id": "B056P06D5",
        "attachments": [
            {
                "fallback": "Success:  dueyfinster's build (<https:\/\/circleci.com\/gh\/dueyfinster\/blackteam\/253|#253>; push in <https:\/\/circleci.com\/gh\/dueyfinster\/blackteam|dueyfinster\/blackteam> (<https:\/\/circleci.com\/gh\/dueyfinster\/blackteam\/tree\/develop|develop>)\n - Refactor Keywords to show they are for NLP (<https:\/\/github.com\/dueyfinster\/blackteam\/commit\/e846a66e2ec903694450a28b3a13c335a3b2b914|e846a66> by Neil Grogan)\n",
                "text": "Success:  dueyfinster's build (<https:\/\/circleci.com\/gh\/dueyfinster\/blackteam\/253|#253>; push in <https:\/\/circleci.com\/gh\/dueyfinster\/blackteam|dueyfinster\/blackteam> (<https:\/\/circleci.com\/gh\/dueyfinster\/blackteam\/tree\/develop|develop>)\n - Refactor Keywords to show they are for NLP (<https:\/\/github.com\/dueyfinster\/blackteam\/commit\/e846a66e2ec903694450a28b3a13c335a3b2b914|e846a66> by Neil Grogan)\n",
                "id": 1,
                "color": "41aa58"
            }
        ],
        "type": "message",
        "subtype": "bot_message",
        "ts": "1436734488.000242"
    },
    {
        "text": "",
        "bot_id": "B0506GF16",
        "attachments": [
            {
                "fallback": "Build <https:\/\/magnum.travis-ci.com\/dueyfinster\/blackteam\/builds\/13552572|#177> (<https:\/\/github.com\/dueyfinster\/blackteam\/compare\/de220e8dbfb6...e846a66e2ec9|e846a66>) of dueyfinster\/blackteam@develop by Neil Grogan passed in 3 min 42 sec",
                "text": "Build <https:\/\/magnum.travis-ci.com\/dueyfinster\/blackteam\/builds\/13552572|#177> (<https:\/\/github.com\/dueyfinster\/blackteam\/compare\/de220e8dbfb6...e846a66e2ec9|e846a66>) of dueyfinster\/blackteam@develop by Neil Grogan passed in 3 min 42 sec",
                "id": 1,
                "color": "36a64f"
            }
        ],
        "type": "message",
        "subtype": "bot_message",
        "ts": "1436734541.000243"
    }
]