[
    {
        "text": "",
        "bot_id": "B052T590M",
        "attachments": [
            {
                "fallback": "[blackteam:develop] <https:\/\/github.com\/dueyfinster\/blackteam\/compare\/15d189806535...358ea38e1902|3 new commits> by iberdnikov",
                "text": "<https:\/\/github.com\/dueyfinster\/blackteam\/commit\/d0acd34|d0acd34>: Process RSS Feed - not final version - iberdnikov\n <https:\/\/github.com\/dueyfinster\/blackteam\/commit\/889667c|889667c>: Process RSS Feed - not final version - iberdnikov\n <https:\/\/github.com\/dueyfinster\/blackteam\/commit\/358ea38|358ea38>: Merge branch 'feature\/process_rss_feeds' into develop - iberdnikov",
                "pretext": "[blackteam:develop] <https:\/\/github.com\/dueyfinster\/blackteam\/compare\/15d189806535...358ea38e1902|3 new commits> by iberdnikov:",
                "id": 1,
                "color": "4183C4",
                "mrkdwn_in": [
                    "text",
                    "pretext"
                ]
            }
        ],
        "type": "message",
        "subtype": "bot_message",
        "ts": "1435275589.000063"
    },
    {
        "text": "",
        "bot_id": "B056P06D5",
        "attachments": [
            {
                "fallback": "Failed:  iberdnikov's build (<https:\/\/circleci.com\/gh\/dueyfinster\/blackteam\/174|#174>; push in <https:\/\/circleci.com\/gh\/dueyfinster\/blackteam|dueyfinster\/blackteam> (<https:\/\/circleci.com\/gh\/dueyfinster\/blackteam\/tree\/develop|develop>)\n - Merge branch 'feature\/process_rss_feeds' into develop (<https:\/\/github.com\/dueyfinster\/blackteam\/commit\/358ea38e19025c0eeb00db90153d5b5f8a0e60d7|358ea38> by iberdnikov) and <https:\/\/github.com\/dueyfinster\/blackteam\/compare\/15d189806535...358ea38e1902|2 more>\n",
                "text": "Failed:  iberdnikov's build (<https:\/\/circleci.com\/gh\/dueyfinster\/blackteam\/174|#174>; push in <https:\/\/circleci.com\/gh\/dueyfinster\/blackteam|dueyfinster\/blackteam> (<https:\/\/circleci.com\/gh\/dueyfinster\/blackteam\/tree\/develop|develop>)\n - Merge branch 'feature\/process_rss_feeds' into develop (<https:\/\/github.com\/dueyfinster\/blackteam\/commit\/358ea38e19025c0eeb00db90153d5b5f8a0e60d7|358ea38> by iberdnikov) and <https:\/\/github.com\/dueyfinster\/blackteam\/compare\/15d189806535...358ea38e1902|2 more>\n",
                "id": 1,
                "color": "d10c20"
            }
        ],
        "type": "message",
        "subtype": "bot_message",
        "ts": "1435275671.000064"
    }
]