[
    {
        "text": "",
        "bot_id": "B052T590M",
        "attachments": [
            {
                "fallback": "[blackteam:develop] <https:\/\/github.com\/dueyfinster\/blackteam\/commit\/2b667ef|1 new commit> by OLarry",
                "text": "<https:\/\/github.com\/dueyfinster\/blackteam\/commit\/2b667ef|2b667ef>: Minor fixes - renable docker logs for web, ignore articles without summary when in process rss feeds, fix exception when twitter login fails - OLarry",
                "pretext": "[blackteam:develop] 1 new commit by OLarry:",
                "id": 1,
                "color": "4183C4",
                "mrkdwn_in": [
                    "text",
                    "pretext"
                ]
            }
        ],
        "type": "message",
        "subtype": "bot_message",
        "ts": "1437829936.000044"
    },
    {
        "text": "",
        "bot_id": "B056P06D5",
        "attachments": [
            {
                "fallback": "Success:  OLarry's build (<https:\/\/circleci.com\/gh\/dueyfinster\/blackteam\/296|#296>; push in <https:\/\/circleci.com\/gh\/dueyfinster\/blackteam|dueyfinster\/blackteam> (<https:\/\/circleci.com\/gh\/dueyfinster\/blackteam\/tree\/develop|develop>)\n - Minor fixes - renable docker logs for web, ignore articles without summary when  (<https:\/\/github.com\/dueyfinster\/blackteam\/commit\/2b667efd4c4f02bf022158ce7bc2f68f9c20de3b|2b667ef> by OLarry)\n",
                "text": "Success:  OLarry's build (<https:\/\/circleci.com\/gh\/dueyfinster\/blackteam\/296|#296>; push in <https:\/\/circleci.com\/gh\/dueyfinster\/blackteam|dueyfinster\/blackteam> (<https:\/\/circleci.com\/gh\/dueyfinster\/blackteam\/tree\/develop|develop>)\n - Minor fixes - renable docker logs for web, ignore articles without summary when  (<https:\/\/github.com\/dueyfinster\/blackteam\/commit\/2b667efd4c4f02bf022158ce7bc2f68f9c20de3b|2b667ef> by OLarry)\n",
                "id": 1,
                "color": "41aa58"
            }
        ],
        "type": "message",
        "subtype": "bot_message",
        "ts": "1437830015.000045"
    },
    {
        "text": "",
        "bot_id": "B0506GF16",
        "attachments": [
            {
                "fallback": "Build <https:\/\/magnum.travis-ci.com\/dueyfinster\/blackteam\/builds\/13965333|#219> (<https:\/\/github.com\/dueyfinster\/blackteam\/compare\/cbe896b27c24...2b667efd4c4f|2b667ef>) of dueyfinster\/blackteam@develop by OLarry passed in 3 min 49 sec",
                "text": "Build <https:\/\/magnum.travis-ci.com\/dueyfinster\/blackteam\/builds\/13965333|#219> (<https:\/\/github.com\/dueyfinster\/blackteam\/compare\/cbe896b27c24...2b667efd4c4f|2b667ef>) of dueyfinster\/blackteam@develop by OLarry passed in 3 min 49 sec",
                "id": 1,
                "color": "36a64f"
            }
        ],
        "type": "message",
        "subtype": "bot_message",
        "ts": "1437830180.000046"
    },
    {
        "text": "",
        "bot_id": "B052T590M",
        "attachments": [
            {
                "fallback": "[blackteam:develop] <https:\/\/github.com\/dueyfinster\/blackteam\/commit\/64cba31|1 new commit> by GarryDavitt",
                "text": "<https:\/\/github.com\/dueyfinster\/blackteam\/commit\/64cba31|64cba31>: changes to ui pref - GarryDavitt",
                "pretext": "[blackteam:develop] 1 new commit by GarryDavitt:",
                "id": 1,
                "color": "4183C4",
                "mrkdwn_in": [
                    "text",
                    "pretext"
                ]
            }
        ],
        "type": "message",
        "subtype": "bot_message",
        "ts": "1437836206.000047"
    },
    {
        "text": "",
        "bot_id": "B056P06D5",
        "attachments": [
            {
                "fallback": "Success:  GarryDavitt's build (<https:\/\/circleci.com\/gh\/dueyfinster\/blackteam\/297|#297>; push in <https:\/\/circleci.com\/gh\/dueyfinster\/blackteam|dueyfinster\/blackteam> (<https:\/\/circleci.com\/gh\/dueyfinster\/blackteam\/tree\/develop|develop>)\n - changes to ui pref (<https:\/\/github.com\/dueyfinster\/blackteam\/commit\/64cba31a7b665b2f6efb93cf135f6c80458f0d33|64cba31> by GarryDavitt)\n",
                "text": "Success:  GarryDavitt's build (<https:\/\/circleci.com\/gh\/dueyfinster\/blackteam\/297|#297>; push in <https:\/\/circleci.com\/gh\/dueyfinster\/blackteam|dueyfinster\/blackteam> (<https:\/\/circleci.com\/gh\/dueyfinster\/blackteam\/tree\/develop|develop>)\n - changes to ui pref (<https:\/\/github.com\/dueyfinster\/blackteam\/commit\/64cba31a7b665b2f6efb93cf135f6c80458f0d33|64cba31> by GarryDavitt)\n",
                "id": 1,
                "color": "41aa58"
            }
        ],
        "type": "message",
        "subtype": "bot_message",
        "ts": "1437836290.000048"
    },
    {
        "text": "",
        "bot_id": "B0506GF16",
        "attachments": [
            {
                "fallback": "Build <https:\/\/magnum.travis-ci.com\/dueyfinster\/blackteam\/builds\/13965695|#220> (<https:\/\/github.com\/dueyfinster\/blackteam\/compare\/2b667efd4c4f...64cba31a7b66|64cba31>) of dueyfinster\/blackteam@develop by GarryDavitt passed in 3 min 48 sec",
                "text": "Build <https:\/\/magnum.travis-ci.com\/dueyfinster\/blackteam\/builds\/13965695|#220> (<https:\/\/github.com\/dueyfinster\/blackteam\/compare\/2b667efd4c4f...64cba31a7b66|64cba31>) of dueyfinster\/blackteam@develop by GarryDavitt passed in 3 min 48 sec",
                "id": 1,
                "color": "36a64f"
            }
        ],
        "type": "message",
        "subtype": "bot_message",
        "ts": "1437836445.000049"
    },
    {
        "text": "",
        "bot_id": "B052T590M",
        "attachments": [
            {
                "fallback": "[blackteam:develop] <https:\/\/github.com\/dueyfinster\/blackteam\/commit\/f3cb864|1 new commit> by OLarry",
                "text": "<https:\/\/github.com\/dueyfinster\/blackteam\/commit\/f3cb864|f3cb864>: Add fn to get related tweets from article id - OLarry",
                "pretext": "[blackteam:develop] 1 new commit by OLarry:",
                "id": 1,
                "color": "4183C4",
                "mrkdwn_in": [
                    "text",
                    "pretext"
                ]
            }
        ],
        "type": "message",
        "subtype": "bot_message",
        "ts": "1437840188.000050"
    },
    {
        "text": "",
        "bot_id": "B056P06D5",
        "attachments": [
            {
                "fallback": "Success:  OLarry's build (<https:\/\/circleci.com\/gh\/dueyfinster\/blackteam\/298|#298>; push in <https:\/\/circleci.com\/gh\/dueyfinster\/blackteam|dueyfinster\/blackteam> (<https:\/\/circleci.com\/gh\/dueyfinster\/blackteam\/tree\/develop|develop>)\n - Add fn to get related tweets from article id (<https:\/\/github.com\/dueyfinster\/blackteam\/commit\/f3cb864f68de2fa8bbd3af9f921d25a3d3ec0f2d|f3cb864> by OLarry)\n",
                "text": "Success:  OLarry's build (<https:\/\/circleci.com\/gh\/dueyfinster\/blackteam\/298|#298>; push in <https:\/\/circleci.com\/gh\/dueyfinster\/blackteam|dueyfinster\/blackteam> (<https:\/\/circleci.com\/gh\/dueyfinster\/blackteam\/tree\/develop|develop>)\n - Add fn to get related tweets from article id (<https:\/\/github.com\/dueyfinster\/blackteam\/commit\/f3cb864f68de2fa8bbd3af9f921d25a3d3ec0f2d|f3cb864> by OLarry)\n",
                "id": 1,
                "color": "41aa58"
            }
        ],
        "type": "message",
        "subtype": "bot_message",
        "ts": "1437840278.000051"
    },
    {
        "text": "",
        "bot_id": "B0506GF16",
        "attachments": [
            {
                "fallback": "Build <https:\/\/magnum.travis-ci.com\/dueyfinster\/blackteam\/builds\/13965915|#221> (<https:\/\/github.com\/dueyfinster\/blackteam\/compare\/64cba31a7b66...f3cb864f68de|f3cb864>) of dueyfinster\/blackteam@develop by OLarry passed in 4 min 12 sec",
                "text": "Build <https:\/\/magnum.travis-ci.com\/dueyfinster\/blackteam\/builds\/13965915|#221> (<https:\/\/github.com\/dueyfinster\/blackteam\/compare\/64cba31a7b66...f3cb864f68de|f3cb864>) of dueyfinster\/blackteam@develop by OLarry passed in 4 min 12 sec",
                "id": 1,
                "color": "36a64f"
            }
        ],
        "type": "message",
        "subtype": "bot_message",
        "ts": "1437840459.000052"
    },
    {
        "text": "",
        "bot_id": "B052T590M",
        "attachments": [
            {
                "fallback": "[blackteam:develop] <https:\/\/github.com\/dueyfinster\/blackteam\/commit\/124dce2|1 new commit> by iberdnikov",
                "text": "<https:\/\/github.com\/dueyfinster\/blackteam\/commit\/124dce2|124dce2>: Additional fixes for User Articles display - iberdnikov",
                "pretext": "[blackteam:develop] 1 new commit by iberdnikov:",
                "id": 1,
                "color": "4183C4",
                "mrkdwn_in": [
                    "text",
                    "pretext"
                ]
            }
        ],
        "type": "message",
        "subtype": "bot_message",
        "ts": "1437870922.000053"
    },
    {
        "text": "",
        "bot_id": "B056P06D5",
        "attachments": [
            {
                "fallback": "Success:  iberdnikov's build (<https:\/\/circleci.com\/gh\/dueyfinster\/blackteam\/299|#299>; push in <https:\/\/circleci.com\/gh\/dueyfinster\/blackteam|dueyfinster\/blackteam> (<https:\/\/circleci.com\/gh\/dueyfinster\/blackteam\/tree\/develop|develop>)\n - Additional fixes for User Articles display (<https:\/\/github.com\/dueyfinster\/blackteam\/commit\/124dce2e2d23dd23268fa11a2a9f6cf9c7365b1d|124dce2> by iberdnikov)\n",
                "text": "Success:  iberdnikov's build (<https:\/\/circleci.com\/gh\/dueyfinster\/blackteam\/299|#299>; push in <https:\/\/circleci.com\/gh\/dueyfinster\/blackteam|dueyfinster\/blackteam> (<https:\/\/circleci.com\/gh\/dueyfinster\/blackteam\/tree\/develop|develop>)\n - Additional fixes for User Articles display (<https:\/\/github.com\/dueyfinster\/blackteam\/commit\/124dce2e2d23dd23268fa11a2a9f6cf9c7365b1d|124dce2> by iberdnikov)\n",
                "id": 1,
                "color": "41aa58"
            }
        ],
        "type": "message",
        "subtype": "bot_message",
        "ts": "1437870995.000054"
    },
    {
        "text": "",
        "bot_id": "B0506GF16",
        "attachments": [
            {
                "fallback": "Build <https:\/\/magnum.travis-ci.com\/dueyfinster\/blackteam\/builds\/13967882|#222> (<https:\/\/github.com\/dueyfinster\/blackteam\/compare\/f3cb864f68de...124dce2e2d23|124dce2>) of dueyfinster\/blackteam@develop by iberdnikov passed in 4 min 25 sec",
                "text": "Build <https:\/\/magnum.travis-ci.com\/dueyfinster\/blackteam\/builds\/13967882|#222> (<https:\/\/github.com\/dueyfinster\/blackteam\/compare\/f3cb864f68de...124dce2e2d23|124dce2>) of dueyfinster\/blackteam@develop by iberdnikov passed in 4 min 25 sec",
                "id": 1,
                "color": "36a64f"
            }
        ],
        "type": "message",
        "subtype": "bot_message",
        "ts": "1437871198.000055"
    },
    {
        "text": "",
        "bot_id": "B052T590M",
        "attachments": [
            {
                "fallback": "[blackteam:develop] <https:\/\/github.com\/dueyfinster\/blackteam\/commit\/7f51dad|1 new commit> by GarryDavitt",
                "text": "<https:\/\/github.com\/dueyfinster\/blackteam\/commit\/7f51dad|7f51dad>: adding latest news to left colunm temporarliy see how it looks, we need to make sure news in columns does not overlap, also adding knockout js and fix for user pref selection - GarryDavitt",
                "pretext": "[blackteam:develop] 1 new commit by GarryDavitt:",
                "id": 1,
                "color": "4183C4",
                "mrkdwn_in": [
                    "text",
                    "pretext"
                ]
            }
        ],
        "type": "message",
        "subtype": "bot_message",
        "ts": "1437874513.000056"
    },
    {
        "text": "",
        "bot_id": "B056P06D5",
        "attachments": [
            {
                "fallback": "Success:  GarryDavitt's build (<https:\/\/circleci.com\/gh\/dueyfinster\/blackteam\/300|#300>; push in <https:\/\/circleci.com\/gh\/dueyfinster\/blackteam|dueyfinster\/blackteam> (<https:\/\/circleci.com\/gh\/dueyfinster\/blackteam\/tree\/develop|develop>)\n - adding latest news to left colunm temporarliy see how it looks, we need to make  (<https:\/\/github.com\/dueyfinster\/blackteam\/commit\/7f51dad73b043f28d13c01c80b45b34757d11389|7f51dad> by GarryDavitt)\n",
                "text": "Success:  GarryDavitt's build (<https:\/\/circleci.com\/gh\/dueyfinster\/blackteam\/300|#300>; push in <https:\/\/circleci.com\/gh\/dueyfinster\/blackteam|dueyfinster\/blackteam> (<https:\/\/circleci.com\/gh\/dueyfinster\/blackteam\/tree\/develop|develop>)\n - adding latest news to left colunm temporarliy see how it looks, we need to make  (<https:\/\/github.com\/dueyfinster\/blackteam\/commit\/7f51dad73b043f28d13c01c80b45b34757d11389|7f51dad> by GarryDavitt)\n",
                "id": 1,
                "color": "41aa58"
            }
        ],
        "type": "message",
        "subtype": "bot_message",
        "ts": "1437874597.000057"
    },
    {
        "text": "",
        "bot_id": "B0506GF16",
        "attachments": [
            {
                "fallback": "Build <https:\/\/magnum.travis-ci.com\/dueyfinster\/blackteam\/builds\/13968066|#223> (<https:\/\/github.com\/dueyfinster\/blackteam\/compare\/124dce2e2d23...7f51dad73b04|7f51dad>) of dueyfinster\/blackteam@develop by GarryDavitt passed in 3 min 41 sec",
                "text": "Build <https:\/\/magnum.travis-ci.com\/dueyfinster\/blackteam\/builds\/13968066|#223> (<https:\/\/github.com\/dueyfinster\/blackteam\/compare\/124dce2e2d23...7f51dad73b04|7f51dad>) of dueyfinster\/blackteam@develop by GarryDavitt passed in 3 min 41 sec",
                "id": 1,
                "color": "36a64f"
            }
        ],
        "type": "message",
        "subtype": "bot_message",
        "ts": "1437874748.000058"
    },
    {
        "text": "",
        "bot_id": "B056P06D5",
        "attachments": [
            {
                "fallback": "Success:  GarryDavitt's build (<https:\/\/circleci.com\/gh\/dueyfinster\/blackteam\/301|#301>; push in <https:\/\/circleci.com\/gh\/dueyfinster\/blackteam|dueyfinster\/blackteam> (<https:\/\/circleci.com\/gh\/dueyfinster\/blackteam\/tree\/develop|develop>)\n - adding latest news to right colunm tox temporarliy see how it looks, we need to  (<https:\/\/github.com\/dueyfinster\/blackteam\/commit\/3776e2da1dc06efd27064f116ea6f5821d2795fd|3776e2d> by GarryDavitt)\n",
                "text": "Success:  GarryDavitt's build (<https:\/\/circleci.com\/gh\/dueyfinster\/blackteam\/301|#301>; push in <https:\/\/circleci.com\/gh\/dueyfinster\/blackteam|dueyfinster\/blackteam> (<https:\/\/circleci.com\/gh\/dueyfinster\/blackteam\/tree\/develop|develop>)\n - adding latest news to right colunm tox temporarliy see how it looks, we need to  (<https:\/\/github.com\/dueyfinster\/blackteam\/commit\/3776e2da1dc06efd27064f116ea6f5821d2795fd|3776e2d> by GarryDavitt)\n",
                "id": 1,
                "color": "41aa58"
            }
        ],
        "type": "message",
        "subtype": "bot_message",
        "ts": "1437874909.000059"
    },
    {
        "text": "",
        "bot_id": "B056P06D5",
        "attachments": [
            {
                "fallback": "Success:  GarryDavitt's build (<https:\/\/circleci.com\/gh\/dueyfinster\/blackteam\/302|#302>; push in <https:\/\/circleci.com\/gh\/dueyfinster\/blackteam|dueyfinster\/blackteam> (<https:\/\/circleci.com\/gh\/dueyfinster\/blackteam\/tree\/develop|develop>)\n - adding latest news to right colunm to temporarliy see how it looks, we need to m (<https:\/\/github.com\/dueyfinster\/blackteam\/commit\/1daf49546669f16e5cc80691f02a2d116bcc0731|1daf495> by GarryDavitt)\n",
                "text": "Success:  GarryDavitt's build (<https:\/\/circleci.com\/gh\/dueyfinster\/blackteam\/302|#302>; push in <https:\/\/circleci.com\/gh\/dueyfinster\/blackteam|dueyfinster\/blackteam> (<https:\/\/circleci.com\/gh\/dueyfinster\/blackteam\/tree\/develop|develop>)\n - adding latest news to right colunm to temporarliy see how it looks, we need to m (<https:\/\/github.com\/dueyfinster\/blackteam\/commit\/1daf49546669f16e5cc80691f02a2d116bcc0731|1daf495> by GarryDavitt)\n",
                "id": 1,
                "color": "41aa58"
            }
        ],
        "type": "message",
        "subtype": "bot_message",
        "ts": "1437875011.000060"
    },
    {
        "text": "",
        "bot_id": "B0506GF16",
        "attachments": [
            {
                "fallback": "Build <https:\/\/magnum.travis-ci.com\/dueyfinster\/blackteam\/builds\/13968079|#224> (<https:\/\/github.com\/dueyfinster\/blackteam\/compare\/7f51dad73b04...3776e2da1dc0|3776e2d>) of dueyfinster\/blackteam@develop by GarryDavitt passed in 3 min 48 sec",
                "text": "Build <https:\/\/magnum.travis-ci.com\/dueyfinster\/blackteam\/builds\/13968079|#224> (<https:\/\/github.com\/dueyfinster\/blackteam\/compare\/7f51dad73b04...3776e2da1dc0|3776e2d>) of dueyfinster\/blackteam@develop by GarryDavitt passed in 3 min 48 sec",
                "id": 1,
                "color": "36a64f"
            }
        ],
        "type": "message",
        "subtype": "bot_message",
        "ts": "1437875048.000061"
    },
    {
        "text": "",
        "bot_id": "B0506GF16",
        "attachments": [
            {
                "fallback": "Build <https:\/\/magnum.travis-ci.com\/dueyfinster\/blackteam\/builds\/13968085|#225> (<https:\/\/github.com\/dueyfinster\/blackteam\/compare\/3776e2da1dc0...1daf49546669|1daf495>) of dueyfinster\/blackteam@develop by GarryDavitt passed in 3 min 42 sec",
                "text": "Build <https:\/\/magnum.travis-ci.com\/dueyfinster\/blackteam\/builds\/13968085|#225> (<https:\/\/github.com\/dueyfinster\/blackteam\/compare\/3776e2da1dc0...1daf49546669|1daf495>) of dueyfinster\/blackteam@develop by GarryDavitt passed in 3 min 42 sec",
                "id": 1,
                "color": "36a64f"
            }
        ],
        "type": "message",
        "subtype": "bot_message",
        "ts": "1437875280.000062"
    },
    {
        "text": "",
        "bot_id": "B052T590M",
        "attachments": [
            {
                "fallback": "[blackteam:develop] <https:\/\/github.com\/dueyfinster\/blackteam\/commit\/cbbe162|1 new commit> by GarryDavitt",
                "text": "<https:\/\/github.com\/dueyfinster\/blackteam\/commit\/cbbe162|cbbe162>: displaying article title and summary from DB in overlay - something to start with anyway for overlay - GarryDavitt",
                "pretext": "[blackteam:develop] 1 new commit by GarryDavitt:",
                "id": 1,
                "color": "4183C4",
                "mrkdwn_in": [
                    "text",
                    "pretext"
                ]
            }
        ],
        "type": "message",
        "subtype": "bot_message",
        "ts": "1437878758.000063"
    },
    {
        "text": "",
        "bot_id": "B056P06D5",
        "attachments": [
            {
                "fallback": "Success:  GarryDavitt's build (<https:\/\/circleci.com\/gh\/dueyfinster\/blackteam\/303|#303>; push in <https:\/\/circleci.com\/gh\/dueyfinster\/blackteam|dueyfinster\/blackteam> (<https:\/\/circleci.com\/gh\/dueyfinster\/blackteam\/tree\/develop|develop>)\n - displaying article title and summary from DB in overlay - something to start wit (<https:\/\/github.com\/dueyfinster\/blackteam\/commit\/cbbe162c53a3137904ffc00a3254ad439d3cb934|cbbe162> by GarryDavitt)\n",
                "text": "Success:  GarryDavitt's build (<https:\/\/circleci.com\/gh\/dueyfinster\/blackteam\/303|#303>; push in <https:\/\/circleci.com\/gh\/dueyfinster\/blackteam|dueyfinster\/blackteam> (<https:\/\/circleci.com\/gh\/dueyfinster\/blackteam\/tree\/develop|develop>)\n - displaying article title and summary from DB in overlay - something to start wit (<https:\/\/github.com\/dueyfinster\/blackteam\/commit\/cbbe162c53a3137904ffc00a3254ad439d3cb934|cbbe162> by GarryDavitt)\n",
                "id": 1,
                "color": "41aa58"
            }
        ],
        "type": "message",
        "subtype": "bot_message",
        "ts": "1437878846.000064"
    },
    {
        "text": "",
        "bot_id": "B0506GF16",
        "attachments": [
            {
                "fallback": "Build <https:\/\/magnum.travis-ci.com\/dueyfinster\/blackteam\/builds\/13968239|#226> (<https:\/\/github.com\/dueyfinster\/blackteam\/compare\/1daf49546669...cbbe162c53a3|cbbe162>) of dueyfinster\/blackteam@develop by GarryDavitt passed in 3 min 41 sec",
                "text": "Build <https:\/\/magnum.travis-ci.com\/dueyfinster\/blackteam\/builds\/13968239|#226> (<https:\/\/github.com\/dueyfinster\/blackteam\/compare\/1daf49546669...cbbe162c53a3|cbbe162>) of dueyfinster\/blackteam@develop by GarryDavitt passed in 3 min 41 sec",
                "id": 1,
                "color": "36a64f"
            }
        ],
        "type": "message",
        "subtype": "bot_message",
        "ts": "1437878994.000065"
    }
]