[
    {
        "text": "",
        "bot_id": "B052T590M",
        "attachments": [
            {
                "fallback": "[blackteam:develop] <https:\/\/github.com\/dueyfinster\/blackteam\/commit\/bc07d34dc048a9be3100b7acb33454ad71d2c3a9|1 new commit> by Neil Grogan",
                "text": "<https:\/\/github.com\/dueyfinster\/blackteam\/commit\/bc07d34dc048a9be3100b7acb33454ad71d2c3a9|bc07d34>: Updated Landing page with new sample bg image - Neil Grogan",
                "pretext": "[blackteam:develop] 1 new commit by Neil Grogan:",
                "id": 1,
                "color": "4183C4",
                "mrkdwn_in": [
                    "text",
                    "pretext"
                ]
            }
        ],
        "type": "message",
        "subtype": "bot_message",
        "ts": "1438800308.000245"
    },
    {
        "text": "",
        "bot_id": "B056P06D5",
        "attachments": [
            {
                "fallback": "Success:  dueyfinster's build (<https:\/\/circleci.com\/gh\/dueyfinster\/blackteam\/363|#363>; push in <https:\/\/circleci.com\/gh\/dueyfinster\/blackteam|dueyfinster\/blackteam> (<https:\/\/circleci.com\/gh\/dueyfinster\/blackteam\/tree\/develop|develop>)\n - Updated Landing page with new sample bg image (<https:\/\/github.com\/dueyfinster\/blackteam\/commit\/bc07d34dc048a9be3100b7acb33454ad71d2c3a9|bc07d34> by dueyfinster)\n",
                "text": "Success:  dueyfinster's build (<https:\/\/circleci.com\/gh\/dueyfinster\/blackteam\/363|#363>; push in <https:\/\/circleci.com\/gh\/dueyfinster\/blackteam|dueyfinster\/blackteam> (<https:\/\/circleci.com\/gh\/dueyfinster\/blackteam\/tree\/develop|develop>)\n - Updated Landing page with new sample bg image (<https:\/\/github.com\/dueyfinster\/blackteam\/commit\/bc07d34dc048a9be3100b7acb33454ad71d2c3a9|bc07d34> by dueyfinster)\n",
                "id": 1,
                "color": "41aa58"
            }
        ],
        "type": "message",
        "subtype": "bot_message",
        "ts": "1438800394.000246"
    },
    {
        "text": "",
        "bot_id": "B0506GF16",
        "attachments": [
            {
                "fallback": "Build <https:\/\/magnum.travis-ci.com\/dueyfinster\/blackteam\/builds\/14300808|#286> (<https:\/\/github.com\/dueyfinster\/blackteam\/compare\/3520c85f00b0...bc07d34dc048|bc07d34>) of dueyfinster\/blackteam@develop by Neil Grogan passed in 4 min 49 sec",
                "text": "Build <https:\/\/magnum.travis-ci.com\/dueyfinster\/blackteam\/builds\/14300808|#286> (<https:\/\/github.com\/dueyfinster\/blackteam\/compare\/3520c85f00b0...bc07d34dc048|bc07d34>) of dueyfinster\/blackteam@develop by Neil Grogan passed in 4 min 49 sec",
                "id": 1,
                "color": "36a64f"
            }
        ],
        "type": "message",
        "subtype": "bot_message",
        "ts": "1438800629.000247"
    },
    {
        "text": "",
        "bot_id": "B052T590M",
        "attachments": [
            {
                "fallback": "[blackteam:develop] <https:\/\/github.com\/dueyfinster\/blackteam\/commit\/5d821a8d22f3f7f320a3690c6aaf0ad5c04dc8db|1 new commit> by Neil Grogan",
                "text": "<https:\/\/github.com\/dueyfinster\/blackteam\/commit\/5d821a8d22f3f7f320a3690c6aaf0ad5c04dc8db|5d821a8>: Updated Landing page with big buttons - Neil Grogan",
                "pretext": "[blackteam:develop] 1 new commit by Neil Grogan:",
                "id": 1,
                "color": "4183C4",
                "mrkdwn_in": [
                    "text",
                    "pretext"
                ]
            }
        ],
        "type": "message",
        "subtype": "bot_message",
        "ts": "1438801928.000248"
    },
    {
        "text": "",
        "bot_id": "B056P06D5",
        "attachments": [
            {
                "fallback": "Success:  dueyfinster's build (<https:\/\/circleci.com\/gh\/dueyfinster\/blackteam\/364|#364>; push in <https:\/\/circleci.com\/gh\/dueyfinster\/blackteam|dueyfinster\/blackteam> (<https:\/\/circleci.com\/gh\/dueyfinster\/blackteam\/tree\/develop|develop>)\n - Updated Landing page with big buttons (<https:\/\/github.com\/dueyfinster\/blackteam\/commit\/5d821a8d22f3f7f320a3690c6aaf0ad5c04dc8db|5d821a8> by dueyfinster)\n",
                "text": "Success:  dueyfinster's build (<https:\/\/circleci.com\/gh\/dueyfinster\/blackteam\/364|#364>; push in <https:\/\/circleci.com\/gh\/dueyfinster\/blackteam|dueyfinster\/blackteam> (<https:\/\/circleci.com\/gh\/dueyfinster\/blackteam\/tree\/develop|develop>)\n - Updated Landing page with big buttons (<https:\/\/github.com\/dueyfinster\/blackteam\/commit\/5d821a8d22f3f7f320a3690c6aaf0ad5c04dc8db|5d821a8> by dueyfinster)\n",
                "id": 1,
                "color": "41aa58"
            }
        ],
        "type": "message",
        "subtype": "bot_message",
        "ts": "1438802013.000249"
    },
    {
        "text": "",
        "bot_id": "B0506GF16",
        "attachments": [
            {
                "fallback": "Build <https:\/\/magnum.travis-ci.com\/dueyfinster\/blackteam\/builds\/14301972|#287> (<https:\/\/github.com\/dueyfinster\/blackteam\/compare\/bc07d34dc048...5d821a8d22f3|5d821a8>) of dueyfinster\/blackteam@develop by Neil Grogan passed in 4 min 1 sec",
                "text": "Build <https:\/\/magnum.travis-ci.com\/dueyfinster\/blackteam\/builds\/14301972|#287> (<https:\/\/github.com\/dueyfinster\/blackteam\/compare\/bc07d34dc048...5d821a8d22f3|5d821a8>) of dueyfinster\/blackteam@develop by Neil Grogan passed in 4 min 1 sec",
                "id": 1,
                "color": "36a64f"
            }
        ],
        "type": "message",
        "subtype": "bot_message",
        "ts": "1438802181.000250"
    }
]