[
    {
        "text": "",
        "bot_id": "B052T590M",
        "attachments": [
            {
                "fallback": "[blackteam] New branch \"<https:\/\/github.com\/dueyfinster\/blackteam\/tree\/feature%2Ftwitter-button|feature\/twitter-button>\" was pushed by OLarry",
                "text": "[blackteam] New branch \"<https:\/\/github.com\/dueyfinster\/blackteam\/tree\/feature%2Ftwitter-button|feature\/twitter-button>\" was pushed by OLarry",
                "id": 1,
                "color": "4183C4",
                "mrkdwn_in": [
                    "text",
                    "pretext"
                ]
            }
        ],
        "type": "message",
        "subtype": "bot_message",
        "ts": "1434880171.000039"
    },
    {
        "text": "",
        "bot_id": "B056P06D5",
        "attachments": [
            {
                "fallback": "Success:  OLarry's build (<https:\/\/circleci.com\/gh\/dueyfinster\/blackteam\/161|#161>; push in <https:\/\/circleci.com\/gh\/dueyfinster\/blackteam|dueyfinster\/blackteam> (<https:\/\/circleci.com\/gh\/dueyfinster\/blackteam\/tree\/feature%2Ftwitter-button|feature\/twitter-button>)\n - Add twitter login button - if user is logged in his twitter name will be display (<https:\/\/github.com\/dueyfinster\/blackteam\/commit\/bc85599bca09f3b4fec8206fb45cee4484a88c82|bc85599> by OLarry)\n",
                "text": "Success:  OLarry's build (<https:\/\/circleci.com\/gh\/dueyfinster\/blackteam\/161|#161>; push in <https:\/\/circleci.com\/gh\/dueyfinster\/blackteam|dueyfinster\/blackteam> (<https:\/\/circleci.com\/gh\/dueyfinster\/blackteam\/tree\/feature%2Ftwitter-button|feature\/twitter-button>)\n - Add twitter login button - if user is logged in his twitter name will be display (<https:\/\/github.com\/dueyfinster\/blackteam\/commit\/bc85599bca09f3b4fec8206fb45cee4484a88c82|bc85599> by OLarry)\n",
                "id": 1,
                "color": "41aa58"
            }
        ],
        "type": "message",
        "subtype": "bot_message",
        "ts": "1434880257.000040"
    },
    {
        "text": "",
        "bot_id": "B052T590M",
        "attachments": [
            {
                "fallback": "[blackteam:develop] <https:\/\/github.com\/dueyfinster\/blackteam\/compare\/e645086d9ef1...4a7e47711163|2 new commits> by OLarry",
                "text": "<https:\/\/github.com\/dueyfinster\/blackteam\/commit\/bc85599|bc85599>: Add twitter login button - if user is logged in his twitter name will be displayed - OLarry\n <https:\/\/github.com\/dueyfinster\/blackteam\/commit\/4a7e477|4a7e477>: Merge branch 'develop' of <https:\/\/github.com\/dueyfinster\/blackteam> into develop - OLarry",
                "pretext": "[blackteam:develop] <https:\/\/github.com\/dueyfinster\/blackteam\/compare\/e645086d9ef1...4a7e47711163|2 new commits> by OLarry:",
                "id": 1,
                "color": "4183C4",
                "mrkdwn_in": [
                    "text",
                    "pretext"
                ]
            }
        ],
        "type": "message",
        "subtype": "bot_message",
        "ts": "1434881433.000041"
    },
    {
        "text": "",
        "bot_id": "B056P06D5",
        "attachments": [
            {
                "fallback": "Success:  OLarry's build (<https:\/\/circleci.com\/gh\/dueyfinster\/blackteam\/162|#162>; push in <https:\/\/circleci.com\/gh\/dueyfinster\/blackteam|dueyfinster\/blackteam> (<https:\/\/circleci.com\/gh\/dueyfinster\/blackteam\/tree\/develop|develop>)\n - Merge branch 'develop' of <https:\/\/github.com\/dueyfinster\/blackteam> into develop (<https:\/\/github.com\/dueyfinster\/blackteam\/commit\/4a7e47711163bc50c6112c9648ee9ac0ac7b98c3|4a7e477> by OLarry) and <https:\/\/github.com\/dueyfinster\/blackteam\/compare\/e645086d9ef1...4a7e47711163|1 more>\n",
                "text": "Success:  OLarry's build (<https:\/\/circleci.com\/gh\/dueyfinster\/blackteam\/162|#162>; push in <https:\/\/circleci.com\/gh\/dueyfinster\/blackteam|dueyfinster\/blackteam> (<https:\/\/circleci.com\/gh\/dueyfinster\/blackteam\/tree\/develop|develop>)\n - Merge branch 'develop' of <https:\/\/github.com\/dueyfinster\/blackteam> into develop (<https:\/\/github.com\/dueyfinster\/blackteam\/commit\/4a7e47711163bc50c6112c9648ee9ac0ac7b98c3|4a7e477> by OLarry) and <https:\/\/github.com\/dueyfinster\/blackteam\/compare\/e645086d9ef1...4a7e47711163|1 more>\n",
                "id": 1,
                "color": "41aa58"
            }
        ],
        "type": "message",
        "subtype": "bot_message",
        "ts": "1434881521.000042"
    },
    {
        "text": "",
        "bot_id": "B052T590M",
        "attachments": [
            {
                "fallback": "[blackteam:develop] <https:\/\/github.com\/dueyfinster\/blackteam\/commit\/a963cd3|1 new commit> by Neil Grogan",
                "text": "<https:\/\/github.com\/dueyfinster\/blackteam\/commit\/a963cd3|a963cd3>: Bumped version number to 0.1-186-4a7e477 - Neil Grogan",
                "pretext": "[blackteam:develop] 1 new commit by Neil Grogan:",
                "id": 1,
                "color": "4183C4",
                "mrkdwn_in": [
                    "text",
                    "pretext"
                ]
            }
        ],
        "type": "message",
        "subtype": "bot_message",
        "ts": "1434891806.000043"
    },
    {
        "text": "",
        "bot_id": "B052T590M",
        "attachments": [
            {
                "fallback": "[blackteam] New branch \"<https:\/\/github.com\/dueyfinster\/blackteam\/tree\/hotfix%2FVERSION|hotfix\/VERSION>\" was pushed by dueyfinster",
                "text": "[blackteam] New branch \"<https:\/\/github.com\/dueyfinster\/blackteam\/tree\/hotfix%2FVERSION|hotfix\/VERSION>\" was pushed by dueyfinster",
                "id": 1,
                "color": "4183C4",
                "mrkdwn_in": [
                    "text",
                    "pretext"
                ]
            }
        ],
        "type": "message",
        "subtype": "bot_message",
        "ts": "1434891806.000044"
    },
    {
        "text": "",
        "bot_id": "B052T590M",
        "attachments": [
            {
                "fallback": "[blackteam] <https:\/\/github.com\/dueyfinster\/blackteam\/tree\/release%2F0.1-186-4a7e477|release\/0.1-186-4a7e477> was branched from \"develop\" and pushed by dueyfinster",
                "text": "[blackteam] <https:\/\/github.com\/dueyfinster\/blackteam\/tree\/release%2F0.1-186-4a7e477|release\/0.1-186-4a7e477> was branched from \"develop\" and pushed by dueyfinster",
                "id": 1,
                "color": "4183C4",
                "mrkdwn_in": [
                    "text",
                    "pretext"
                ]
            }
        ],
        "type": "message",
        "subtype": "bot_message",
        "ts": "1434891806.000045"
    },
    {
        "text": "",
        "bot_id": "B052T590M",
        "attachments": [
            {
                "fallback": "[blackteam:master] <https:\/\/github.com\/dueyfinster\/blackteam\/compare\/370fd29335f2...19df5eeb5b8a|9 new commits> by Neil Grogan and 1 others",
                "text": "<https:\/\/github.com\/dueyfinster\/blackteam\/commit\/f5dbc6b|f5dbc6b>: Added Hacker News API Examples - Neil Grogan\n <https:\/\/github.com\/dueyfinster\/blackteam\/commit\/13ea3df|13ea3df>: Added Reddit API Notebook - Neil Grogan\n <https:\/\/github.com\/dueyfinster\/blackteam\/commit\/e2ab492|e2ab492>: Bumped version number to 0.1-179-cd970ac - Neil Grogan\n <https:\/\/github.com\/dueyfinster\/blackteam\/commit\/664b79f|664b79f>: Add changes for twitter login - this will send the user to be authenticated. We store the access tokens for the session - OLarry\n <https:\/\/github.com\/dueyfinster\/blackteam\/commit\/e645086|e645086>: Finished Yelp API notebook - Neil Grogan\n <https:\/\/github.com\/dueyfinster\/blackteam\/commit\/bc85599|bc85599>: Add twitter login button - if user is logged in his twitter name will be displayed - OLarry\n <https:\/\/github.com\/dueyfinster\/blackteam\/commit\/4a7e477|4a7e477>: Merge branch 'develop' of <https:\/\/github.com\/dueyfinster\/blackteam> into develop - OLarry\n <https:\/\/github.com\/dueyfinster\/blackteam\/commit\/a963cd3|a963cd3>: Bumped version number to 0.1-186-4a7e477 - Neil Grogan\n <https:\/\/github.com\/dueyfinster\/blackteam\/commit\/19df5ee|19df5ee>: Release merge - Neil Grogan",
                "pretext": "[blackteam:master] <https:\/\/github.com\/dueyfinster\/blackteam\/compare\/370fd29335f2...19df5eeb5b8a|9 new commits> by Neil Grogan and 1 others:",
                "id": 1,
                "color": "4183C4",
                "mrkdwn_in": [
                    "text",
                    "pretext"
                ]
            }
        ],
        "type": "message",
        "subtype": "bot_message",
        "ts": "1434891806.000046"
    },
    {
        "text": "",
        "bot_id": "B056P06D5",
        "attachments": [
            {
                "fallback": "Success:  dueyfinster's build (<https:\/\/circleci.com\/gh\/dueyfinster\/blackteam\/163|#163>; push in <https:\/\/circleci.com\/gh\/dueyfinster\/blackteam|dueyfinster\/blackteam> (<https:\/\/circleci.com\/gh\/dueyfinster\/blackteam\/tree\/hotfix%2FVERSION|hotfix\/VERSION>)\n -  (<https:\/\/github.com\/dueyfinster\/blackteam\/commit\/c8e5b4f0e06052b32c41f9a863154caf5ba3cc09|c8e5b4f> by )\n",
                "text": "Success:  dueyfinster's build (<https:\/\/circleci.com\/gh\/dueyfinster\/blackteam\/163|#163>; push in <https:\/\/circleci.com\/gh\/dueyfinster\/blackteam|dueyfinster\/blackteam> (<https:\/\/circleci.com\/gh\/dueyfinster\/blackteam\/tree\/hotfix%2FVERSION|hotfix\/VERSION>)\n -  (<https:\/\/github.com\/dueyfinster\/blackteam\/commit\/c8e5b4f0e06052b32c41f9a863154caf5ba3cc09|c8e5b4f> by )\n",
                "id": 1,
                "color": "41aa58"
            }
        ],
        "type": "message",
        "subtype": "bot_message",
        "ts": "1434891908.000047"
    },
    {
        "text": "",
        "bot_id": "B056P06D5",
        "attachments": [
            {
                "fallback": "Success:  dueyfinster's build (<https:\/\/circleci.com\/gh\/dueyfinster\/blackteam\/166|#166>; push in <https:\/\/circleci.com\/gh\/dueyfinster\/blackteam|dueyfinster\/blackteam> (<https:\/\/circleci.com\/gh\/dueyfinster\/blackteam\/tree\/master|master>)\n - Release merge (<https:\/\/github.com\/dueyfinster\/blackteam\/commit\/19df5eeb5b8a6b9636db45abca8c9107b598280d|19df5ee> by Neil Grogan) and <https:\/\/github.com\/dueyfinster\/blackteam\/compare\/370fd29335f2...19df5eeb5b8a|8 more>\n",
                "text": "Success:  dueyfinster's build (<https:\/\/circleci.com\/gh\/dueyfinster\/blackteam\/166|#166>; push in <https:\/\/circleci.com\/gh\/dueyfinster\/blackteam|dueyfinster\/blackteam> (<https:\/\/circleci.com\/gh\/dueyfinster\/blackteam\/tree\/master|master>)\n - Release merge (<https:\/\/github.com\/dueyfinster\/blackteam\/commit\/19df5eeb5b8a6b9636db45abca8c9107b598280d|19df5ee> by Neil Grogan) and <https:\/\/github.com\/dueyfinster\/blackteam\/compare\/370fd29335f2...19df5eeb5b8a|8 more>\n",
                "id": 1,
                "color": "41aa58"
            }
        ],
        "type": "message",
        "subtype": "bot_message",
        "ts": "1434892276.000048"
    },
    {
        "text": "",
        "bot_id": "B056P06D5",
        "attachments": [
            {
                "fallback": "Success:  dueyfinster's build (<https:\/\/circleci.com\/gh\/dueyfinster\/blackteam\/165|#165>; push in <https:\/\/circleci.com\/gh\/dueyfinster\/blackteam|dueyfinster\/blackteam> (<https:\/\/circleci.com\/gh\/dueyfinster\/blackteam\/tree\/release%2F0.1-186-4a7e477|release\/0.1-186-4a7e477>)\n -  (<https:\/\/github.com\/dueyfinster\/blackteam\/commit\/a963cd34d9f0d50d6cc85f2665c9bc236a12127c|a963cd3> by )\n",
                "text": "Success:  dueyfinster's build (<https:\/\/circleci.com\/gh\/dueyfinster\/blackteam\/165|#165>; push in <https:\/\/circleci.com\/gh\/dueyfinster\/blackteam|dueyfinster\/blackteam> (<https:\/\/circleci.com\/gh\/dueyfinster\/blackteam\/tree\/release%2F0.1-186-4a7e477|release\/0.1-186-4a7e477>)\n -  (<https:\/\/github.com\/dueyfinster\/blackteam\/commit\/a963cd34d9f0d50d6cc85f2665c9bc236a12127c|a963cd3> by )\n",
                "id": 1,
                "color": "41aa58"
            }
        ],
        "type": "message",
        "subtype": "bot_message",
        "ts": "1434892348.000049"
    },
    {
        "text": "",
        "bot_id": "B056P06D5",
        "attachments": [
            {
                "fallback": "Success:  dueyfinster's build (<https:\/\/circleci.com\/gh\/dueyfinster\/blackteam\/164|#164>; push in <https:\/\/circleci.com\/gh\/dueyfinster\/blackteam|dueyfinster\/blackteam> (<https:\/\/circleci.com\/gh\/dueyfinster\/blackteam\/tree\/develop|develop>)\n - Bumped version number to 0.1-186-4a7e477 (<https:\/\/github.com\/dueyfinster\/blackteam\/commit\/a963cd34d9f0d50d6cc85f2665c9bc236a12127c|a963cd3> by Neil Grogan)\n",
                "text": "Success:  dueyfinster's build (<https:\/\/circleci.com\/gh\/dueyfinster\/blackteam\/164|#164>; push in <https:\/\/circleci.com\/gh\/dueyfinster\/blackteam|dueyfinster\/blackteam> (<https:\/\/circleci.com\/gh\/dueyfinster\/blackteam\/tree\/develop|develop>)\n - Bumped version number to 0.1-186-4a7e477 (<https:\/\/github.com\/dueyfinster\/blackteam\/commit\/a963cd34d9f0d50d6cc85f2665c9bc236a12127c|a963cd3> by Neil Grogan)\n",
                "id": 1,
                "color": "41aa58"
            }
        ],
        "type": "message",
        "subtype": "bot_message",
        "ts": "1434892431.000050"
    },
    {
        "text": "",
        "bot_id": "B052T590M",
        "attachments": [
            {
                "fallback": "[blackteam:develop] <https:\/\/github.com\/dueyfinster\/blackteam\/compare\/a963cd34d9f0...3d0b32e470fd|3 new commits> by OLarry and 1 others",
                "text": "<https:\/\/github.com\/dueyfinster\/blackteam\/commit\/7ddf3dc|7ddf3dc>: Attempt at getting celery working - this should not be merged to dev - this is just being shared with Neil - OLarry\n <https:\/\/github.com\/dueyfinster\/blackteam\/commit\/69e18e3|69e18e3>: Updated celery docker worker config - Neil Grogan\n <https:\/\/github.com\/dueyfinster\/blackteam\/commit\/3d0b32e|3d0b32e>: Merge branch 'feature\/celery' into develop - Neil Grogan",
                "pretext": "[blackteam:develop] <https:\/\/github.com\/dueyfinster\/blackteam\/compare\/a963cd34d9f0...3d0b32e470fd|3 new commits> by OLarry and 1 others:",
                "id": 1,
                "color": "4183C4",
                "mrkdwn_in": [
                    "text",
                    "pretext"
                ]
            }
        ],
        "type": "message",
        "subtype": "bot_message",
        "ts": "1434920384.000051"
    },
    {
        "text": "",
        "bot_id": "B056P06D5",
        "attachments": [
            {
                "fallback": "Success:  dueyfinster's build (<https:\/\/circleci.com\/gh\/dueyfinster\/blackteam\/167|#167>; push in <https:\/\/circleci.com\/gh\/dueyfinster\/blackteam|dueyfinster\/blackteam> (<https:\/\/circleci.com\/gh\/dueyfinster\/blackteam\/tree\/feature%2Fcelery|feature\/celery>)\n - Updated celery docker worker config (<https:\/\/github.com\/dueyfinster\/blackteam\/commit\/69e18e3e57e75781d78656d0e1ffbd23151dcc4d|69e18e3> by Neil Grogan) and <https:\/\/github.com\/dueyfinster\/blackteam\/compare\/8eee2370a605...69e18e3e57e7|1 more>\n",
                "text": "Success:  dueyfinster's build (<https:\/\/circleci.com\/gh\/dueyfinster\/blackteam\/167|#167>; push in <https:\/\/circleci.com\/gh\/dueyfinster\/blackteam|dueyfinster\/blackteam> (<https:\/\/circleci.com\/gh\/dueyfinster\/blackteam\/tree\/feature%2Fcelery|feature\/celery>)\n - Updated celery docker worker config (<https:\/\/github.com\/dueyfinster\/blackteam\/commit\/69e18e3e57e75781d78656d0e1ffbd23151dcc4d|69e18e3> by Neil Grogan) and <https:\/\/github.com\/dueyfinster\/blackteam\/compare\/8eee2370a605...69e18e3e57e7|1 more>\n",
                "id": 1,
                "color": "41aa58"
            }
        ],
        "type": "message",
        "subtype": "bot_message",
        "ts": "1434920433.000052"
    },
    {
        "text": "",
        "bot_id": "B056P06D5",
        "attachments": [
            {
                "fallback": "Success:  dueyfinster's build (<https:\/\/circleci.com\/gh\/dueyfinster\/blackteam\/168|#168>; push in <https:\/\/circleci.com\/gh\/dueyfinster\/blackteam|dueyfinster\/blackteam> (<https:\/\/circleci.com\/gh\/dueyfinster\/blackteam\/tree\/develop|develop>)\n - Merge branch 'feature\/celery' into develop (<https:\/\/github.com\/dueyfinster\/blackteam\/commit\/3d0b32e470fd5ce8432b0e55aa9cbe1726bf22fa|3d0b32e> by Neil Grogan) and <https:\/\/github.com\/dueyfinster\/blackteam\/compare\/a963cd34d9f0...3d0b32e470fd|2 more>\n",
                "text": "Success:  dueyfinster's build (<https:\/\/circleci.com\/gh\/dueyfinster\/blackteam\/168|#168>; push in <https:\/\/circleci.com\/gh\/dueyfinster\/blackteam|dueyfinster\/blackteam> (<https:\/\/circleci.com\/gh\/dueyfinster\/blackteam\/tree\/develop|develop>)\n - Merge branch 'feature\/celery' into develop (<https:\/\/github.com\/dueyfinster\/blackteam\/commit\/3d0b32e470fd5ce8432b0e55aa9cbe1726bf22fa|3d0b32e> by Neil Grogan) and <https:\/\/github.com\/dueyfinster\/blackteam\/compare\/a963cd34d9f0...3d0b32e470fd|2 more>\n",
                "id": 1,
                "color": "41aa58"
            }
        ],
        "type": "message",
        "subtype": "bot_message",
        "ts": "1434920514.000053"
    },
    {
        "text": "",
        "bot_id": "B052T590M",
        "attachments": [
            {
                "fallback": "[blackteam:develop] <https:\/\/github.com\/dueyfinster\/blackteam\/commit\/44c933f|1 new commit> by Neil Grogan",
                "text": "<https:\/\/github.com\/dueyfinster\/blackteam\/commit\/44c933f|44c933f>: Updated run docker script - Neil Grogan",
                "pretext": "[blackteam:develop] 1 new commit by Neil Grogan:",
                "id": 1,
                "color": "4183C4",
                "mrkdwn_in": [
                    "text",
                    "pretext"
                ]
            }
        ],
        "type": "message",
        "subtype": "bot_message",
        "ts": "1434920624.000054"
    },
    {
        "text": "",
        "bot_id": "B056P06D5",
        "attachments": [
            {
                "fallback": "Success:  dueyfinster's build (<https:\/\/circleci.com\/gh\/dueyfinster\/blackteam\/169|#169>; push in <https:\/\/circleci.com\/gh\/dueyfinster\/blackteam|dueyfinster\/blackteam> (<https:\/\/circleci.com\/gh\/dueyfinster\/blackteam\/tree\/develop|develop>)\n - Updated run docker script (<https:\/\/github.com\/dueyfinster\/blackteam\/commit\/44c933f132acda6922958d452439e5feb84279e4|44c933f> by Neil Grogan)\n",
                "text": "Success:  dueyfinster's build (<https:\/\/circleci.com\/gh\/dueyfinster\/blackteam\/169|#169>; push in <https:\/\/circleci.com\/gh\/dueyfinster\/blackteam|dueyfinster\/blackteam> (<https:\/\/circleci.com\/gh\/dueyfinster\/blackteam\/tree\/develop|develop>)\n - Updated run docker script (<https:\/\/github.com\/dueyfinster\/blackteam\/commit\/44c933f132acda6922958d452439e5feb84279e4|44c933f> by Neil Grogan)\n",
                "id": 1,
                "color": "41aa58"
            }
        ],
        "type": "message",
        "subtype": "bot_message",
        "ts": "1434920732.000055"
    }
]