[
    {
        "text": "",
        "bot_id": "B054UJWJA",
        "attachments": [
            {
                "fallback": "Slack\/Jenkins plugin: you're all set on ",
                "id": 1,
                "fields": [
                    {
                        "title": "",
                        "value": "Slack\/Jenkins plugin: you're all set on ",
                        "short": false
                    }
                ]
            }
        ],
        "type": "message",
        "subtype": "bot_message",
        "ts": "1433245234.000002"
    },
    {
        "text": "",
        "bot_id": "B054UJWJA",
        "attachments": [
            {
                "fallback": "Slack\/Jenkins plugin: you're all set on \/",
                "id": 1,
                "fields": [
                    {
                        "title": "",
                        "value": "Slack\/Jenkins plugin: you're all set on \/",
                        "short": false
                    }
                ]
            }
        ],
        "type": "message",
        "subtype": "bot_message",
        "ts": "1433245247.000003"
    },
    {
        "text": "",
        "bot_id": "B054UJWJA",
        "attachments": [
            {
                "fallback": "Slack\/Jenkins plugin: you're all set.",
                "id": 1,
                "fields": [
                    {
                        "title": "",
                        "value": "Slack\/Jenkins plugin: you're all set.",
                        "short": false
                    }
                ]
            }
        ],
        "type": "message",
        "subtype": "bot_message",
        "ts": "1433246007.064543"
    },
    {
        "text": "",
        "bot_id": "B052T590M",
        "attachments": [
            {
                "fallback": "[blackteam:master] <https:\/\/github.com\/dueyfinster\/blackteam\/commit\/4db9018|1 new commit> by Neil Grogan",
                "text": "<https:\/\/github.com\/dueyfinster\/blackteam\/commit\/4db9018|4db9018>: Added script to run docker commands - Neil Grogan",
                "pretext": "[blackteam:master] 1 new commit by Neil Grogan:",
                "id": 1,
                "color": "4183C4",
                "mrkdwn_in": [
                    "text",
                    "pretext"
                ]
            }
        ],
        "type": "message",
        "subtype": "bot_message",
        "ts": "1433251189.000002"
    },
    {
        "text": "",
        "bot_id": "B0506GF16",
        "attachments": [
            {
                "fallback": "Build <http:\/\/magnum.travis-ci.com\/dueyfinster\/blackteam\/builds\/12406113|#10> (<https:\/\/github.com\/dueyfinster\/blackteam\/compare\/9d23a6cbc92c...4db901809e31|4db9018>) of dueyfinster\/blackteam@master by Neil Grogan passed in 0 min 45 sec",
                "text": "Build <http:\/\/magnum.travis-ci.com\/dueyfinster\/blackteam\/builds\/12406113|#10> (<https:\/\/github.com\/dueyfinster\/blackteam\/compare\/9d23a6cbc92c...4db901809e31|4db9018>) of dueyfinster\/blackteam@master by Neil Grogan passed in 0 min 45 sec",
                "id": 1,
                "color": "36a64f"
            }
        ],
        "type": "message",
        "subtype": "bot_message",
        "ts": "1433251300.000003"
    },
    {
        "text": "",
        "bot_id": "B052T590M",
        "attachments": [
            {
                "fallback": "[blackteam:master] <https:\/\/github.com\/dueyfinster\/blackteam\/commit\/29ab766|1 new commit> by Neil Grogan",
                "text": "<https:\/\/github.com\/dueyfinster\/blackteam\/commit\/29ab766|29ab766>: Adding UCD server keys to travis build - Neil Grogan",
                "pretext": "[blackteam:master] 1 new commit by Neil Grogan:",
                "id": 1,
                "color": "4183C4",
                "mrkdwn_in": [
                    "text",
                    "pretext"
                ]
            }
        ],
        "type": "message",
        "subtype": "bot_message",
        "ts": "1433260365.000004"
    },
    {
        "text": "",
        "bot_id": "B0506GF16",
        "attachments": [
            {
                "fallback": "Build <http:\/\/magnum.travis-ci.com\/dueyfinster\/blackteam\/builds\/12413672|#11> (<https:\/\/github.com\/dueyfinster\/blackteam\/compare\/4db901809e31...29ab766207bb|29ab766>) of dueyfinster\/blackteam@master by Neil Grogan errored in 0 min 6 sec",
                "text": "Build <http:\/\/magnum.travis-ci.com\/dueyfinster\/blackteam\/builds\/12413672|#11> (<https:\/\/github.com\/dueyfinster\/blackteam\/compare\/4db901809e31...29ab766207bb|29ab766>) of dueyfinster\/blackteam@master by Neil Grogan errored in 0 min 6 sec",
                "id": 1,
                "color": "daa038"
            }
        ],
        "type": "message",
        "subtype": "bot_message",
        "ts": "1433260454.000005"
    },
    {
        "text": "",
        "bot_id": "B052T590M",
        "attachments": [
            {
                "fallback": "[blackteam:master] <https:\/\/github.com\/dueyfinster\/blackteam\/commit\/d443f81|1 new commit> by Neil Grogan",
                "text": "<https:\/\/github.com\/dueyfinster\/blackteam\/commit\/d443f81|d443f81>: Fixed path to travis openssl commands - Neil Grogan",
                "pretext": "[blackteam:master] 1 new commit by Neil Grogan:",
                "id": 1,
                "color": "4183C4",
                "mrkdwn_in": [
                    "text",
                    "pretext"
                ]
            }
        ],
        "type": "message",
        "subtype": "bot_message",
        "ts": "1433260509.000006"
    },
    {
        "text": "",
        "bot_id": "B0506GF16",
        "attachments": [
            {
                "fallback": "Build <http:\/\/magnum.travis-ci.com\/dueyfinster\/blackteam\/builds\/12413797|#12> (<https:\/\/github.com\/dueyfinster\/blackteam\/compare\/29ab766207bb...d443f81c0bcd|d443f81>) of dueyfinster\/blackteam@master by Neil Grogan errored in 0 min 6 sec",
                "text": "Build <http:\/\/magnum.travis-ci.com\/dueyfinster\/blackteam\/builds\/12413797|#12> (<https:\/\/github.com\/dueyfinster\/blackteam\/compare\/29ab766207bb...d443f81c0bcd|d443f81>) of dueyfinster\/blackteam@master by Neil Grogan errored in 0 min 6 sec",
                "id": 1,
                "color": "daa038"
            }
        ],
        "type": "message",
        "subtype": "bot_message",
        "ts": "1433260650.000007"
    },
    {
        "text": "",
        "bot_id": "B052T590M",
        "attachments": [
            {
                "fallback": "[blackteam:master] <https:\/\/github.com\/dueyfinster\/blackteam\/commit\/5b06981|1 new commit> by Neil Grogan",
                "text": "<https:\/\/github.com\/dueyfinster\/blackteam\/commit\/5b06981|5b06981>: Updated Travis file - Neil Grogan",
                "pretext": "[blackteam:master] 1 new commit by Neil Grogan:",
                "id": 1,
                "color": "4183C4",
                "mrkdwn_in": [
                    "text",
                    "pretext"
                ]
            }
        ],
        "type": "message",
        "subtype": "bot_message",
        "ts": "1433261295.000008"
    },
    {
        "text": "",
        "bot_id": "B0506GF16",
        "attachments": [
            {
                "fallback": "Build <http:\/\/magnum.travis-ci.com\/dueyfinster\/blackteam\/builds\/12414351|#13> (<https:\/\/github.com\/dueyfinster\/blackteam\/compare\/d443f81c0bcd...5b06981768df|5b06981>) of dueyfinster\/blackteam@master by Neil Grogan errored in 0 min 10 sec",
                "text": "Build <http:\/\/magnum.travis-ci.com\/dueyfinster\/blackteam\/builds\/12414351|#13> (<https:\/\/github.com\/dueyfinster\/blackteam\/compare\/d443f81c0bcd...5b06981768df|5b06981>) of dueyfinster\/blackteam@master by Neil Grogan errored in 0 min 10 sec",
                "id": 1,
                "color": "daa038"
            }
        ],
        "type": "message",
        "subtype": "bot_message",
        "ts": "1433261352.000009"
    },
    {
        "text": "",
        "bot_id": "B052T590M",
        "attachments": [
            {
                "fallback": "[blackteam:master] <https:\/\/github.com\/dueyfinster\/blackteam\/commit\/6b0a93f|1 new commit> by Neil Grogan",
                "text": "<https:\/\/github.com\/dueyfinster\/blackteam\/commit\/6b0a93f|6b0a93f>: Updated Travis file - Neil Grogan",
                "pretext": "[blackteam:master] 1 new commit by Neil Grogan:",
                "id": 1,
                "color": "4183C4",
                "mrkdwn_in": [
                    "text",
                    "pretext"
                ]
            }
        ],
        "type": "message",
        "subtype": "bot_message",
        "ts": "1433261468.000010"
    },
    {
        "text": "",
        "bot_id": "B0506GF16",
        "attachments": [
            {
                "fallback": "Build <http:\/\/magnum.travis-ci.com\/dueyfinster\/blackteam\/builds\/12414487|#14> (<https:\/\/github.com\/dueyfinster\/blackteam\/compare\/5b06981768df...6b0a93fd473a|6b0a93f>) of dueyfinster\/blackteam@master by Neil Grogan errored in 0 min 6 sec",
                "text": "Build <http:\/\/magnum.travis-ci.com\/dueyfinster\/blackteam\/builds\/12414487|#14> (<https:\/\/github.com\/dueyfinster\/blackteam\/compare\/5b06981768df...6b0a93fd473a|6b0a93f>) of dueyfinster\/blackteam@master by Neil Grogan errored in 0 min 6 sec",
                "id": 1,
                "color": "daa038"
            }
        ],
        "type": "message",
        "subtype": "bot_message",
        "ts": "1433261535.000011"
    },
    {
        "text": "",
        "bot_id": "B052T590M",
        "attachments": [
            {
                "fallback": "[blackteam:master] <https:\/\/github.com\/dueyfinster\/blackteam\/commit\/efc49f8|1 new commit> by Neil Grogan",
                "text": "<https:\/\/github.com\/dueyfinster\/blackteam\/commit\/efc49f8|efc49f8>: Updated travis file to decrypt keys for server - Neil Grogan",
                "pretext": "[blackteam:master] 1 new commit by Neil Grogan:",
                "id": 1,
                "color": "4183C4",
                "mrkdwn_in": [
                    "text",
                    "pretext"
                ]
            }
        ],
        "type": "message",
        "subtype": "bot_message",
        "ts": "1433261881.000012"
    },
    {
        "text": "",
        "bot_id": "B0506GF16",
        "attachments": [
            {
                "fallback": "Build <http:\/\/magnum.travis-ci.com\/dueyfinster\/blackteam\/builds\/12414751|#15> (<https:\/\/github.com\/dueyfinster\/blackteam\/compare\/6b0a93fd473a...efc49f898671|efc49f8>) of dueyfinster\/blackteam@master by Neil Grogan errored in 0 min 5 sec",
                "text": "Build <http:\/\/magnum.travis-ci.com\/dueyfinster\/blackteam\/builds\/12414751|#15> (<https:\/\/github.com\/dueyfinster\/blackteam\/compare\/6b0a93fd473a...efc49f898671|efc49f8>) of dueyfinster\/blackteam@master by Neil Grogan errored in 0 min 5 sec",
                "id": 1,
                "color": "daa038"
            }
        ],
        "type": "message",
        "subtype": "bot_message",
        "ts": "1433261976.000013"
    },
    {
        "text": "",
        "bot_id": "B052T590M",
        "attachments": [
            {
                "fallback": "[blackteam:master] <https:\/\/github.com\/dueyfinster\/blackteam\/commit\/7042ab5|1 new commit> by Neil Grogan",
                "text": "<https:\/\/github.com\/dueyfinster\/blackteam\/commit\/7042ab5|7042ab5>: Updated travis build to unecrypt archive file - Neil Grogan",
                "pretext": "[blackteam:master] 1 new commit by Neil Grogan:",
                "id": 1,
                "color": "4183C4",
                "mrkdwn_in": [
                    "text",
                    "pretext"
                ]
            }
        ],
        "type": "message",
        "subtype": "bot_message",
        "ts": "1433262231.000014"
    },
    {
        "text": "",
        "bot_id": "B0506GF16",
        "attachments": [
            {
                "fallback": "Build <http:\/\/magnum.travis-ci.com\/dueyfinster\/blackteam\/builds\/12414967|#16> (<https:\/\/github.com\/dueyfinster\/blackteam\/compare\/efc49f898671...7042ab5086c5|7042ab5>) of dueyfinster\/blackteam@master by Neil Grogan passed in 0 min 36 sec",
                "text": "Build <http:\/\/magnum.travis-ci.com\/dueyfinster\/blackteam\/builds\/12414967|#16> (<https:\/\/github.com\/dueyfinster\/blackteam\/compare\/efc49f898671...7042ab5086c5|7042ab5>) of dueyfinster\/blackteam@master by Neil Grogan passed in 0 min 36 sec",
                "id": 1,
                "color": "36a64f"
            }
        ],
        "type": "message",
        "subtype": "bot_message",
        "ts": "1433262335.000015"
    },
    {
        "text": "",
        "bot_id": "B052T590M",
        "attachments": [
            {
                "fallback": "[blackteam:master] <https:\/\/github.com\/dueyfinster\/blackteam\/commit\/0ae4361|1 new commit> by Neil Grogan",
                "text": "<https:\/\/github.com\/dueyfinster\/blackteam\/commit\/0ae4361|0ae4361>: Updated travis build to show ssh - Neil Grogan",
                "pretext": "[blackteam:master] 1 new commit by Neil Grogan:",
                "id": 1,
                "color": "4183C4",
                "mrkdwn_in": [
                    "text",
                    "pretext"
                ]
            }
        ],
        "type": "message",
        "subtype": "bot_message",
        "ts": "1433262542.000016"
    },
    {
        "text": "",
        "bot_id": "B0506GF16",
        "attachments": [
            {
                "fallback": "Build <http:\/\/magnum.travis-ci.com\/dueyfinster\/blackteam\/builds\/12415173|#17> (<https:\/\/github.com\/dueyfinster\/blackteam\/compare\/7042ab5086c5...0ae4361bb026|0ae4361>) of dueyfinster\/blackteam@master by Neil Grogan passed in 0 min 41 sec",
                "text": "Build <http:\/\/magnum.travis-ci.com\/dueyfinster\/blackteam\/builds\/12415173|#17> (<https:\/\/github.com\/dueyfinster\/blackteam\/compare\/7042ab5086c5...0ae4361bb026|0ae4361>) of dueyfinster\/blackteam@master by Neil Grogan passed in 0 min 41 sec",
                "id": 1,
                "color": "36a64f"
            }
        ],
        "type": "message",
        "subtype": "bot_message",
        "ts": "1433262630.000017"
    },
    {
        "text": "",
        "bot_id": "B052T590M",
        "attachments": [
            {
                "fallback": "[blackteam:master] <https:\/\/github.com\/dueyfinster\/blackteam\/commit\/8bb6eac|1 new commit> by Neil Grogan",
                "text": "<https:\/\/github.com\/dueyfinster\/blackteam\/commit\/8bb6eac|8bb6eac>: Updated keys archive - Neil Grogan",
                "pretext": "[blackteam:master] 1 new commit by Neil Grogan:",
                "id": 1,
                "color": "4183C4",
                "mrkdwn_in": [
                    "text",
                    "pretext"
                ]
            }
        ],
        "type": "message",
        "subtype": "bot_message",
        "ts": "1433263046.000018"
    },
    {
        "text": "",
        "bot_id": "B0506GF16",
        "attachments": [
            {
                "fallback": "Build <http:\/\/magnum.travis-ci.com\/dueyfinster\/blackteam\/builds\/12415482|#18> (<https:\/\/github.com\/dueyfinster\/blackteam\/compare\/0ae4361bb026...8bb6eac1cd97|8bb6eac>) of dueyfinster\/blackteam@master by Neil Grogan passed in 0 min 45 sec",
                "text": "Build <http:\/\/magnum.travis-ci.com\/dueyfinster\/blackteam\/builds\/12415482|#18> (<https:\/\/github.com\/dueyfinster\/blackteam\/compare\/0ae4361bb026...8bb6eac1cd97|8bb6eac>) of dueyfinster\/blackteam@master by Neil Grogan passed in 0 min 45 sec",
                "id": 1,
                "color": "36a64f"
            }
        ],
        "type": "message",
        "subtype": "bot_message",
        "ts": "1433263168.000019"
    },
    {
        "text": "",
        "bot_id": "B052T590M",
        "attachments": [
            {
                "fallback": "[blackteam:master] <https:\/\/github.com\/dueyfinster\/blackteam\/commit\/a8b5612|1 new commit> by Neil Grogan",
                "text": "<https:\/\/github.com\/dueyfinster\/blackteam\/commit\/a8b5612|a8b5612>: Updated travis yml to untar to right place - Neil Grogan",
                "pretext": "[blackteam:master] 1 new commit by Neil Grogan:",
                "id": 1,
                "color": "4183C4",
                "mrkdwn_in": [
                    "text",
                    "pretext"
                ]
            }
        ],
        "type": "message",
        "subtype": "bot_message",
        "ts": "1433263251.000020"
    },
    {
        "text": "",
        "bot_id": "B0506GF16",
        "attachments": [
            {
                "fallback": "Build <http:\/\/magnum.travis-ci.com\/dueyfinster\/blackteam\/builds\/12415581|#19> (<https:\/\/github.com\/dueyfinster\/blackteam\/compare\/8bb6eac1cd97...a8b5612a4ced|a8b5612>) of dueyfinster\/blackteam@master by Neil Grogan passed in 0 min 37 sec",
                "text": "Build <http:\/\/magnum.travis-ci.com\/dueyfinster\/blackteam\/builds\/12415581|#19> (<https:\/\/github.com\/dueyfinster\/blackteam\/compare\/8bb6eac1cd97...a8b5612a4ced|a8b5612>) of dueyfinster\/blackteam@master by Neil Grogan passed in 0 min 37 sec",
                "id": 1,
                "color": "36a64f"
            }
        ],
        "type": "message",
        "subtype": "bot_message",
        "ts": "1433263373.000021"
    },
    {
        "text": "",
        "bot_id": "B052T590M",
        "attachments": [
            {
                "fallback": "[blackteam:master] <https:\/\/github.com\/dueyfinster\/blackteam\/commit\/f464fcf|1 new commit> by Neil Grogan",
                "text": "<https:\/\/github.com\/dueyfinster\/blackteam\/commit\/f464fcf|f464fcf>: Testing SSH to UCD server - Neil Grogan",
                "pretext": "[blackteam:master] 1 new commit by Neil Grogan:",
                "id": 1,
                "color": "4183C4",
                "mrkdwn_in": [
                    "text",
                    "pretext"
                ]
            }
        ],
        "type": "message",
        "subtype": "bot_message",
        "ts": "1433263884.000022"
    },
    {
        "text": "",
        "bot_id": "B0506GF16",
        "attachments": [
            {
                "fallback": "Build <http:\/\/magnum.travis-ci.com\/dueyfinster\/blackteam\/builds\/12415992|#20> (<https:\/\/github.com\/dueyfinster\/blackteam\/compare\/a8b5612a4ced...f464fcfe0bcd|f464fcf>) of dueyfinster\/blackteam@master by Neil Grogan errored in 0 min 7 sec",
                "text": "Build <http:\/\/magnum.travis-ci.com\/dueyfinster\/blackteam\/builds\/12415992|#20> (<https:\/\/github.com\/dueyfinster\/blackteam\/compare\/a8b5612a4ced...f464fcfe0bcd|f464fcf>) of dueyfinster\/blackteam@master by Neil Grogan errored in 0 min 7 sec",
                "id": 1,
                "color": "daa038"
            }
        ],
        "type": "message",
        "subtype": "bot_message",
        "ts": "1433263961.000023"
    },
    {
        "text": "",
        "bot_id": "B052T590M",
        "attachments": [
            {
                "fallback": "[blackteam:master] <https:\/\/github.com\/dueyfinster\/blackteam\/commit\/8603359|1 new commit> by Neil Grogan",
                "text": "<https:\/\/github.com\/dueyfinster\/blackteam\/commit\/8603359|8603359>: Added path to ssh key command - Neil Grogan",
                "pretext": "[blackteam:master] 1 new commit by Neil Grogan:",
                "id": 1,
                "color": "4183C4",
                "mrkdwn_in": [
                    "text",
                    "pretext"
                ]
            }
        ],
        "type": "message",
        "subtype": "bot_message",
        "ts": "1433275576.000002"
    },
    {
        "text": "",
        "bot_id": "B052T590M",
        "attachments": [
            {
                "fallback": "[blackteam:master] <https:\/\/github.com\/dueyfinster\/blackteam\/commit\/d071333|1 new commit> by Neil Grogan",
                "text": "<https:\/\/github.com\/dueyfinster\/blackteam\/commit\/d071333|d071333>: Added updates to ssh config for travis - Neil Grogan",
                "pretext": "[blackteam:master] 1 new commit by Neil Grogan:",
                "id": 1,
                "color": "4183C4",
                "mrkdwn_in": [
                    "text",
                    "pretext"
                ]
            }
        ],
        "type": "message",
        "subtype": "bot_message",
        "ts": "1433276141.000003"
    },
    {
        "text": "",
        "bot_id": "B0506GF16",
        "attachments": [
            {
                "fallback": "Build <http:\/\/magnum.travis-ci.com\/dueyfinster\/blackteam\/builds\/12423259|#21> (<https:\/\/github.com\/dueyfinster\/blackteam\/compare\/f464fcfe0bcd...86033591a9f4|8603359>) of dueyfinster\/blackteam@master by Neil Grogan errored in 10 min 9 sec",
                "text": "Build <http:\/\/magnum.travis-ci.com\/dueyfinster\/blackteam\/builds\/12423259|#21> (<https:\/\/github.com\/dueyfinster\/blackteam\/compare\/f464fcfe0bcd...86033591a9f4|8603359>) of dueyfinster\/blackteam@master by Neil Grogan errored in 10 min 9 sec",
                "id": 1,
                "color": "daa038"
            }
        ],
        "type": "message",
        "subtype": "bot_message",
        "ts": "1433276222.000004"
    },
    {
        "text": "",
        "bot_id": "B0506GF16",
        "attachments": [
            {
                "fallback": "Build <http:\/\/magnum.travis-ci.com\/dueyfinster\/blackteam\/builds\/12423620|#22> (<https:\/\/github.com\/dueyfinster\/blackteam\/compare\/86033591a9f4...d07133381e1b|d071333>) of dueyfinster\/blackteam@master by Neil Grogan passed in 0 min 39 sec",
                "text": "Build <http:\/\/magnum.travis-ci.com\/dueyfinster\/blackteam\/builds\/12423620|#22> (<https:\/\/github.com\/dueyfinster\/blackteam\/compare\/86033591a9f4...d07133381e1b|d071333>) of dueyfinster\/blackteam@master by Neil Grogan passed in 0 min 39 sec",
                "id": 1,
                "color": "36a64f"
            }
        ],
        "type": "message",
        "subtype": "bot_message",
        "ts": "1433276279.000005"
    },
    {
        "text": "",
        "bot_id": "B052T590M",
        "attachments": [
            {
                "fallback": "[blackteam:master] <https:\/\/github.com\/dueyfinster\/blackteam\/commit\/e1758d9|1 new commit> by Neil Grogan",
                "text": "<https:\/\/github.com\/dueyfinster\/blackteam\/commit\/e1758d9|e1758d9>: Added updates to ssh config for travis - Neil Grogan",
                "pretext": "[blackteam:master] 1 new commit by Neil Grogan:",
                "id": 1,
                "color": "4183C4",
                "mrkdwn_in": [
                    "text",
                    "pretext"
                ]
            }
        ],
        "type": "message",
        "subtype": "bot_message",
        "ts": "1433276940.000006"
    },
    {
        "text": "",
        "bot_id": "B0506GF16",
        "attachments": [
            {
                "fallback": "Build <http:\/\/magnum.travis-ci.com\/dueyfinster\/blackteam\/builds\/12424106|#23> (<https:\/\/github.com\/dueyfinster\/blackteam\/compare\/d07133381e1b...e1758d9bbc52|e1758d9>) of dueyfinster\/blackteam@master by Neil Grogan passed in 1 min 13 sec",
                "text": "Build <http:\/\/magnum.travis-ci.com\/dueyfinster\/blackteam\/builds\/12424106|#23> (<https:\/\/github.com\/dueyfinster\/blackteam\/compare\/d07133381e1b...e1758d9bbc52|e1758d9>) of dueyfinster\/blackteam@master by Neil Grogan passed in 1 min 13 sec",
                "id": 1,
                "color": "36a64f"
            }
        ],
        "type": "message",
        "subtype": "bot_message",
        "ts": "1433277122.000007"
    },
    {
        "text": "",
        "bot_id": "B052T590M",
        "attachments": [
            {
                "fallback": "[blackteam:master] <https:\/\/github.com\/dueyfinster\/blackteam\/commit\/88add1b|1 new commit> by Neil Grogan",
                "text": "<https:\/\/github.com\/dueyfinster\/blackteam\/commit\/88add1b|88add1b>: Testing deployment to UCD server - Neil Grogan",
                "pretext": "[blackteam:master] 1 new commit by Neil Grogan:",
                "id": 1,
                "color": "4183C4",
                "mrkdwn_in": [
                    "text",
                    "pretext"
                ]
            }
        ],
        "type": "message",
        "subtype": "bot_message",
        "ts": "1433277359.000008"
    },
    {
        "text": "",
        "bot_id": "B0506GF16",
        "attachments": [
            {
                "fallback": "Build <http:\/\/magnum.travis-ci.com\/dueyfinster\/blackteam\/builds\/12424392|#24> (<https:\/\/github.com\/dueyfinster\/blackteam\/compare\/e1758d9bbc52...88add1bf849a|88add1b>) of dueyfinster\/blackteam@master by Neil Grogan passed in 1 min 10 sec",
                "text": "Build <http:\/\/magnum.travis-ci.com\/dueyfinster\/blackteam\/builds\/12424392|#24> (<https:\/\/github.com\/dueyfinster\/blackteam\/compare\/e1758d9bbc52...88add1bf849a|88add1b>) of dueyfinster\/blackteam@master by Neil Grogan passed in 1 min 10 sec",
                "id": 1,
                "color": "36a64f"
            }
        ],
        "type": "message",
        "subtype": "bot_message",
        "ts": "1433277544.000009"
    },
    {
        "text": "",
        "bot_id": "B052T590M",
        "attachments": [
            {
                "fallback": "[blackteam:master] <https:\/\/github.com\/dueyfinster\/blackteam\/commit\/c0c4fdd|1 new commit> by Neil Grogan",
                "text": "<https:\/\/github.com\/dueyfinster\/blackteam\/commit\/c0c4fdd|c0c4fdd>: Updated to fetch - Neil Grogan",
                "pretext": "[blackteam:master] 1 new commit by Neil Grogan:",
                "id": 1,
                "color": "4183C4",
                "mrkdwn_in": [
                    "text",
                    "pretext"
                ]
            }
        ],
        "type": "message",
        "subtype": "bot_message",
        "ts": "1433277864.000010"
    },
    {
        "text": "",
        "bot_id": "B0506GF16",
        "attachments": [
            {
                "fallback": "Build <http:\/\/magnum.travis-ci.com\/dueyfinster\/blackteam\/builds\/12424701|#25> (<https:\/\/github.com\/dueyfinster\/blackteam\/compare\/88add1bf849a...c0c4fdd8adc1|c0c4fdd>) of dueyfinster\/blackteam@master by Neil Grogan passed in 1 min 11 sec",
                "text": "Build <http:\/\/magnum.travis-ci.com\/dueyfinster\/blackteam\/builds\/12424701|#25> (<https:\/\/github.com\/dueyfinster\/blackteam\/compare\/88add1bf849a...c0c4fdd8adc1|c0c4fdd>) of dueyfinster\/blackteam@master by Neil Grogan passed in 1 min 11 sec",
                "id": 1,
                "color": "36a64f"
            }
        ],
        "type": "message",
        "subtype": "bot_message",
        "ts": "1433278023.000011"
    }
]