[
    {
        "text": "",
        "bot_id": "B052T590M",
        "attachments": [
            {
                "fallback": "[blackteam] New branch \"<https:\/\/github.com\/dueyfinster\/blackteam\/tree\/feature%2Ftwitted-cred|feature\/twitted-cred>\" was pushed by OLarry",
                "text": "[blackteam] New branch \"<https:\/\/github.com\/dueyfinster\/blackteam\/tree\/feature%2Ftwitted-cred|feature\/twitted-cred>\" was pushed by OLarry",
                "id": 1,
                "color": "4183C4",
                "mrkdwn_in": [
                    "text",
                    "pretext"
                ]
            }
        ],
        "type": "message",
        "subtype": "bot_message",
        "ts": "1434409887.000002"
    },
    {
        "text": "",
        "bot_id": "B0506GF16",
        "attachments": [
            {
                "fallback": "Build <http:\/\/magnum.travis-ci.com\/dueyfinster\/blackteam\/builds\/12785380|#142> (<https:\/\/github.com\/dueyfinster\/blackteam\/commit\/2b63fbe9291a|2b63fbe>) of dueyfinster\/blackteam@feature\/twitted-cred by OLarry passed in 1 min 16 sec",
                "text": "Build <http:\/\/magnum.travis-ci.com\/dueyfinster\/blackteam\/builds\/12785380|#142> (<https:\/\/github.com\/dueyfinster\/blackteam\/commit\/2b63fbe9291a|2b63fbe>) of dueyfinster\/blackteam@feature\/twitted-cred by OLarry passed in 1 min 16 sec",
                "id": 1,
                "color": "36a64f"
            }
        ],
        "type": "message",
        "subtype": "bot_message",
        "ts": "1434409976.000003"
    },
    {
        "text": "",
        "bot_id": "B056P06D5",
        "attachments": [
            {
                "fallback": "Success:  OLarry's build (<https:\/\/circleci.com\/gh\/dueyfinster\/blackteam\/147|#147>; push in <https:\/\/circleci.com\/gh\/dueyfinster\/blackteam|dueyfinster\/blackteam> (<https:\/\/circleci.com\/gh\/dueyfinster\/blackteam\/tree\/feature%2Ftwitted-cred|feature\/twitted-cred>)\n - Add support for twitter sign-in (<https:\/\/github.com\/dueyfinster\/blackteam\/commit\/2b63fbe9291a4bf3e69f087a9d69640d8831e6ea|2b63fbe> by OLarry)\n",
                "text": "Success:  OLarry's build (<https:\/\/circleci.com\/gh\/dueyfinster\/blackteam\/147|#147>; push in <https:\/\/circleci.com\/gh\/dueyfinster\/blackteam|dueyfinster\/blackteam> (<https:\/\/circleci.com\/gh\/dueyfinster\/blackteam\/tree\/feature%2Ftwitted-cred|feature\/twitted-cred>)\n - Add support for twitter sign-in (<https:\/\/github.com\/dueyfinster\/blackteam\/commit\/2b63fbe9291a4bf3e69f087a9d69640d8831e6ea|2b63fbe> by OLarry)\n",
                "id": 1,
                "color": "41aa58"
            }
        ],
        "type": "message",
        "subtype": "bot_message",
        "ts": "1434409983.000004"
    },
    {
        "text": "",
        "bot_id": "B052T590M",
        "attachments": [
            {
                "fallback": "[blackteam:develop] <https:\/\/github.com\/dueyfinster\/blackteam\/commit\/2b63fbe|1 new commit> by OLarry",
                "text": "<https:\/\/github.com\/dueyfinster\/blackteam\/commit\/2b63fbe|2b63fbe>: Add support for twitter sign-in - OLarry",
                "pretext": "[blackteam:develop] 1 new commit by OLarry:",
                "id": 1,
                "color": "4183C4",
                "mrkdwn_in": [
                    "text",
                    "pretext"
                ]
            }
        ],
        "type": "message",
        "subtype": "bot_message",
        "ts": "1434410775.000005"
    },
    {
        "text": "",
        "bot_id": "B056P06D5",
        "attachments": [
            {
                "fallback": "Failed:  OLarry's build (<https:\/\/circleci.com\/gh\/dueyfinster\/blackteam\/148|#148>; push in <https:\/\/circleci.com\/gh\/dueyfinster\/blackteam|dueyfinster\/blackteam> (<https:\/\/circleci.com\/gh\/dueyfinster\/blackteam\/tree\/develop|develop>)\n - Add support for twitter sign-in (<https:\/\/github.com\/dueyfinster\/blackteam\/commit\/2b63fbe9291a4bf3e69f087a9d69640d8831e6ea|2b63fbe> by OLarry)\n",
                "text": "Failed:  OLarry's build (<https:\/\/circleci.com\/gh\/dueyfinster\/blackteam\/148|#148>; push in <https:\/\/circleci.com\/gh\/dueyfinster\/blackteam|dueyfinster\/blackteam> (<https:\/\/circleci.com\/gh\/dueyfinster\/blackteam\/tree\/develop|develop>)\n - Add support for twitter sign-in (<https:\/\/github.com\/dueyfinster\/blackteam\/commit\/2b63fbe9291a4bf3e69f087a9d69640d8831e6ea|2b63fbe> by OLarry)\n",
                "id": 1,
                "color": "d10c20"
            }
        ],
        "type": "message",
        "subtype": "bot_message",
        "ts": "1434410862.000006"
    },
    {
        "text": "",
        "bot_id": "B0506GF16",
        "attachments": [
            {
                "fallback": "Build <http:\/\/magnum.travis-ci.com\/dueyfinster\/blackteam\/builds\/12785744|#143> (<https:\/\/github.com\/dueyfinster\/blackteam\/compare\/1e6e839af8b9...2b63fbe9291a|2b63fbe>) of dueyfinster\/blackteam@develop by OLarry failed in 1 min 17 sec",
                "text": "Build <http:\/\/magnum.travis-ci.com\/dueyfinster\/blackteam\/builds\/12785744|#143> (<https:\/\/github.com\/dueyfinster\/blackteam\/compare\/1e6e839af8b9...2b63fbe9291a|2b63fbe>) of dueyfinster\/blackteam@develop by OLarry failed in 1 min 17 sec",
                "id": 1,
                "color": "d00000"
            }
        ],
        "type": "message",
        "subtype": "bot_message",
        "ts": "1434410866.000007"
    },
    {
        "text": "",
        "bot_id": "B052T590M",
        "attachments": [
            {
                "fallback": "[blackteam:develop] <https:\/\/github.com\/dueyfinster\/blackteam\/commit\/cd970ac|1 new commit> by OLarry",
                "text": "<https:\/\/github.com\/dueyfinster\/blackteam\/commit\/cd970ac|cd970ac>: Small change to make test less strict by checking if number of news items &gt;= 10. Will check it with Neil later - OLarry",
                "pretext": "[blackteam:develop] 1 new commit by OLarry:",
                "id": 1,
                "color": "4183C4",
                "mrkdwn_in": [
                    "text",
                    "pretext"
                ]
            }
        ],
        "type": "message",
        "subtype": "bot_message",
        "ts": "1434412809.000008"
    },
    {
        "text": "",
        "bot_id": "B0506GF16",
        "attachments": [
            {
                "fallback": "Build <http:\/\/magnum.travis-ci.com\/dueyfinster\/blackteam\/builds\/12786541|#144> (<https:\/\/github.com\/dueyfinster\/blackteam\/compare\/2b63fbe9291a...cd970ac64968|cd970ac>) of dueyfinster\/blackteam@develop by OLarry passed in 1 min 3 sec",
                "text": "Build <http:\/\/magnum.travis-ci.com\/dueyfinster\/blackteam\/builds\/12786541|#144> (<https:\/\/github.com\/dueyfinster\/blackteam\/compare\/2b63fbe9291a...cd970ac64968|cd970ac>) of dueyfinster\/blackteam@develop by OLarry passed in 1 min 3 sec",
                "id": 1,
                "color": "36a64f"
            }
        ],
        "type": "message",
        "subtype": "bot_message",
        "ts": "1434412891.000009"
    },
    {
        "text": "",
        "bot_id": "B056P06D5",
        "attachments": [
            {
                "fallback": "Fixed:  OLarry's build (<https:\/\/circleci.com\/gh\/dueyfinster\/blackteam\/149|#149>; push in <https:\/\/circleci.com\/gh\/dueyfinster\/blackteam|dueyfinster\/blackteam> (<https:\/\/circleci.com\/gh\/dueyfinster\/blackteam\/tree\/develop|develop>)\n - Small change to make test less strict by checking if number of news items &gt;= 10. (<https:\/\/github.com\/dueyfinster\/blackteam\/commit\/cd970ac64968a4e7cffe066b69f7b2d8e8e4d90e|cd970ac> by OLarry)\n",
                "text": "Fixed:  OLarry's build (<https:\/\/circleci.com\/gh\/dueyfinster\/blackteam\/149|#149>; push in <https:\/\/circleci.com\/gh\/dueyfinster\/blackteam|dueyfinster\/blackteam> (<https:\/\/circleci.com\/gh\/dueyfinster\/blackteam\/tree\/develop|develop>)\n - Small change to make test less strict by checking if number of news items &gt;= 10. (<https:\/\/github.com\/dueyfinster\/blackteam\/commit\/cd970ac64968a4e7cffe066b69f7b2d8e8e4d90e|cd970ac> by OLarry)\n",
                "id": 1,
                "color": "41aa58"
            }
        ],
        "type": "message",
        "subtype": "bot_message",
        "ts": "1434412897.000010"
    }
]