[
    {
        "text": "",
        "bot_id": "B052T590M",
        "attachments": [
            {
                "fallback": "[blackteam:develop] <https:\/\/github.com\/dueyfinster\/blackteam\/commit\/a278414fb016227adf0486451f6dcde5da794085|1 new commit> by GarryDavitt",
                "text": "<https:\/\/github.com\/dueyfinster\/blackteam\/commit\/a278414fb016227adf0486451f6dcde5da794085|a278414>: changing some feeds - GarryDavitt",
                "pretext": "[blackteam:develop] 1 new commit by GarryDavitt:",
                "id": 1,
                "color": "4183C4",
                "mrkdwn_in": [
                    "text",
                    "pretext"
                ]
            }
        ],
        "type": "message",
        "subtype": "bot_message",
        "ts": "1439725280.000122"
    },
    {
        "text": "",
        "bot_id": "B056P06D5",
        "attachments": [
            {
                "fallback": "Success:  GarryDavitt's build (<https:\/\/circleci.com\/gh\/dueyfinster\/blackteam\/420|#420>; push in <https:\/\/circleci.com\/gh\/dueyfinster\/blackteam|dueyfinster\/blackteam> (<https:\/\/circleci.com\/gh\/dueyfinster\/blackteam\/tree\/develop|develop>)\n - changing some feeds (<https:\/\/github.com\/dueyfinster\/blackteam\/commit\/a278414fb016227adf0486451f6dcde5da794085|a278414> by GarryDavitt)\n",
                "text": "Success:  GarryDavitt's build (<https:\/\/circleci.com\/gh\/dueyfinster\/blackteam\/420|#420>; push in <https:\/\/circleci.com\/gh\/dueyfinster\/blackteam|dueyfinster\/blackteam> (<https:\/\/circleci.com\/gh\/dueyfinster\/blackteam\/tree\/develop|develop>)\n - changing some feeds (<https:\/\/github.com\/dueyfinster\/blackteam\/commit\/a278414fb016227adf0486451f6dcde5da794085|a278414> by GarryDavitt)\n",
                "id": 1,
                "color": "41aa58"
            }
        ],
        "type": "message",
        "subtype": "bot_message",
        "ts": "1439725342.000123"
    },
    {
        "text": "",
        "bot_id": "B0506GF16",
        "attachments": [
            {
                "fallback": "Build <https:\/\/magnum.travis-ci.com\/dueyfinster\/blackteam\/builds\/14609878|#343> (<https:\/\/github.com\/dueyfinster\/blackteam\/compare\/8421822af494...a278414fb016|a278414>) of dueyfinster\/blackteam@develop by GarryDavitt passed in 4 min 24 sec",
                "text": "Build <https:\/\/magnum.travis-ci.com\/dueyfinster\/blackteam\/builds\/14609878|#343> (<https:\/\/github.com\/dueyfinster\/blackteam\/compare\/8421822af494...a278414fb016|a278414>) of dueyfinster\/blackteam@develop by GarryDavitt passed in 4 min 24 sec",
                "id": 1,
                "color": "36a64f"
            }
        ],
        "type": "message",
        "subtype": "bot_message",
        "ts": "1439725554.000124"
    },
    {
        "text": "",
        "bot_id": "B052T590M",
        "attachments": [
            {
                "fallback": "[blackteam:develop] <https:\/\/github.com\/dueyfinster\/blackteam\/commit\/ec2cd7346987ee2acf7df5f676b16017ea34bcf3|1 new commit> by GarryDavitt",
                "text": "<https:\/\/github.com\/dueyfinster\/blackteam\/commit\/ec2cd7346987ee2acf7df5f676b16017ea34bcf3|ec2cd73>: removing duplicate feed - GarryDavitt",
                "pretext": "[blackteam:develop] 1 new commit by GarryDavitt:",
                "id": 1,
                "color": "4183C4",
                "mrkdwn_in": [
                    "text",
                    "pretext"
                ]
            }
        ],
        "type": "message",
        "subtype": "bot_message",
        "ts": "1439754078.000125"
    },
    {
        "text": "",
        "bot_id": "B056P06D5",
        "attachments": [
            {
                "fallback": "Success:  GarryDavitt's build (<https:\/\/circleci.com\/gh\/dueyfinster\/blackteam\/421|#421>; push in <https:\/\/circleci.com\/gh\/dueyfinster\/blackteam|dueyfinster\/blackteam> (<https:\/\/circleci.com\/gh\/dueyfinster\/blackteam\/tree\/develop|develop>)\n - removing duplicate feed (<https:\/\/github.com\/dueyfinster\/blackteam\/commit\/ec2cd7346987ee2acf7df5f676b16017ea34bcf3|ec2cd73> by GarryDavitt)\n",
                "text": "Success:  GarryDavitt's build (<https:\/\/circleci.com\/gh\/dueyfinster\/blackteam\/421|#421>; push in <https:\/\/circleci.com\/gh\/dueyfinster\/blackteam|dueyfinster\/blackteam> (<https:\/\/circleci.com\/gh\/dueyfinster\/blackteam\/tree\/develop|develop>)\n - removing duplicate feed (<https:\/\/github.com\/dueyfinster\/blackteam\/commit\/ec2cd7346987ee2acf7df5f676b16017ea34bcf3|ec2cd73> by GarryDavitt)\n",
                "id": 1,
                "color": "41aa58"
            }
        ],
        "type": "message",
        "subtype": "bot_message",
        "ts": "1439754135.000126"
    },
    {
        "text": "",
        "bot_id": "B0506GF16",
        "attachments": [
            {
                "fallback": "Build <https:\/\/magnum.travis-ci.com\/dueyfinster\/blackteam\/builds\/14611672|#344> (<https:\/\/github.com\/dueyfinster\/blackteam\/compare\/a278414fb016...ec2cd7346987|ec2cd73>) of dueyfinster\/blackteam@develop by GarryDavitt passed in 4 min 8 sec",
                "text": "Build <https:\/\/magnum.travis-ci.com\/dueyfinster\/blackteam\/builds\/14611672|#344> (<https:\/\/github.com\/dueyfinster\/blackteam\/compare\/a278414fb016...ec2cd7346987|ec2cd73>) of dueyfinster\/blackteam@develop by GarryDavitt passed in 4 min 8 sec",
                "id": 1,
                "color": "36a64f"
            }
        ],
        "type": "message",
        "subtype": "bot_message",
        "ts": "1439754335.000127"
    },
    {
        "text": "",
        "bot_id": "B052T590M",
        "attachments": [
            {
                "fallback": "[blackteam:develop] <https:\/\/github.com\/dueyfinster\/blackteam\/commit\/5c7f19441c092f54592125c8a85d0165c7efc09f|1 new commit> by GarryDavitt",
                "text": "<https:\/\/github.com\/dueyfinster\/blackteam\/commit\/5c7f19441c092f54592125c8a85d0165c7efc09f|5c7f194>: ranking scores added - GarryDavitt",
                "pretext": "[blackteam:develop] 1 new commit by GarryDavitt:",
                "id": 1,
                "color": "4183C4",
                "mrkdwn_in": [
                    "text",
                    "pretext"
                ]
            }
        ],
        "type": "message",
        "subtype": "bot_message",
        "ts": "1439765311.000128"
    },
    {
        "text": "",
        "bot_id": "B056P06D5",
        "attachments": [
            {
                "fallback": "Success:  GarryDavitt's build (<https:\/\/circleci.com\/gh\/dueyfinster\/blackteam\/422|#422>; push in <https:\/\/circleci.com\/gh\/dueyfinster\/blackteam|dueyfinster\/blackteam> (<https:\/\/circleci.com\/gh\/dueyfinster\/blackteam\/tree\/develop|develop>)\n - ranking scores added (<https:\/\/github.com\/dueyfinster\/blackteam\/commit\/5c7f19441c092f54592125c8a85d0165c7efc09f|5c7f194> by GarryDavitt)\n",
                "text": "Success:  GarryDavitt's build (<https:\/\/circleci.com\/gh\/dueyfinster\/blackteam\/422|#422>; push in <https:\/\/circleci.com\/gh\/dueyfinster\/blackteam|dueyfinster\/blackteam> (<https:\/\/circleci.com\/gh\/dueyfinster\/blackteam\/tree\/develop|develop>)\n - ranking scores added (<https:\/\/github.com\/dueyfinster\/blackteam\/commit\/5c7f19441c092f54592125c8a85d0165c7efc09f|5c7f194> by GarryDavitt)\n",
                "id": 1,
                "color": "41aa58"
            }
        ],
        "type": "message",
        "subtype": "bot_message",
        "ts": "1439765373.000129"
    },
    {
        "text": "",
        "bot_id": "B0506GF16",
        "attachments": [
            {
                "fallback": "Build <https:\/\/magnum.travis-ci.com\/dueyfinster\/blackteam\/builds\/14612446|#345> (<https:\/\/github.com\/dueyfinster\/blackteam\/compare\/ec2cd7346987...5c7f19441c09|5c7f194>) of dueyfinster\/blackteam@develop by GarryDavitt passed in 3 min 51 sec",
                "text": "Build <https:\/\/magnum.travis-ci.com\/dueyfinster\/blackteam\/builds\/14612446|#345> (<https:\/\/github.com\/dueyfinster\/blackteam\/compare\/ec2cd7346987...5c7f19441c09|5c7f194>) of dueyfinster\/blackteam@develop by GarryDavitt passed in 3 min 51 sec",
                "id": 1,
                "color": "36a64f"
            }
        ],
        "type": "message",
        "subtype": "bot_message",
        "ts": "1439765550.000130"
    }
]