[
    {
        "text": "",
        "bot_id": "B052T590M",
        "attachments": [
            {
                "fallback": "[blackteam:develop] <https:\/\/github.com\/dueyfinster\/blackteam\/commit\/1a4f817a8842b28611f1c77f3cee485472023c8c|1 new commit> by OLarry",
                "text": "<https:\/\/github.com\/dueyfinster\/blackteam\/commit\/1a4f817a8842b28611f1c77f3cee485472023c8c|1a4f817>: add tweepy import and model changes for possible feature - OLarry",
                "pretext": "[blackteam:develop] 1 new commit by OLarry:",
                "id": 1,
                "color": "4183C4",
                "mrkdwn_in": [
                    "text",
                    "pretext"
                ]
            }
        ],
        "type": "message",
        "subtype": "bot_message",
        "ts": "1438937615.000260"
    },
    {
        "text": "",
        "bot_id": "B056P06D5",
        "attachments": [
            {
                "fallback": "Success:  OLarry's build (<https:\/\/circleci.com\/gh\/dueyfinster\/blackteam\/368|#368>; push in <https:\/\/circleci.com\/gh\/dueyfinster\/blackteam|dueyfinster\/blackteam> (<https:\/\/circleci.com\/gh\/dueyfinster\/blackteam\/tree\/develop|develop>)\n - add tweepy import and model changes for possible feature (<https:\/\/github.com\/dueyfinster\/blackteam\/commit\/1a4f817a8842b28611f1c77f3cee485472023c8c|1a4f817> by OLarry)\n",
                "text": "Success:  OLarry's build (<https:\/\/circleci.com\/gh\/dueyfinster\/blackteam\/368|#368>; push in <https:\/\/circleci.com\/gh\/dueyfinster\/blackteam|dueyfinster\/blackteam> (<https:\/\/circleci.com\/gh\/dueyfinster\/blackteam\/tree\/develop|develop>)\n - add tweepy import and model changes for possible feature (<https:\/\/github.com\/dueyfinster\/blackteam\/commit\/1a4f817a8842b28611f1c77f3cee485472023c8c|1a4f817> by OLarry)\n",
                "id": 1,
                "color": "41aa58"
            }
        ],
        "type": "message",
        "subtype": "bot_message",
        "ts": "1438937683.000261"
    },
    {
        "text": "",
        "bot_id": "B0506GF16",
        "attachments": [
            {
                "fallback": "Build <https:\/\/magnum.travis-ci.com\/dueyfinster\/blackteam\/builds\/14362605|#291> (<https:\/\/github.com\/dueyfinster\/blackteam\/compare\/fb0803b1acff...1a4f817a8842|1a4f817>) of dueyfinster\/blackteam@develop by OLarry passed in 4 min 6 sec",
                "text": "Build <https:\/\/magnum.travis-ci.com\/dueyfinster\/blackteam\/builds\/14362605|#291> (<https:\/\/github.com\/dueyfinster\/blackteam\/compare\/fb0803b1acff...1a4f817a8842|1a4f817>) of dueyfinster\/blackteam@develop by OLarry passed in 4 min 6 sec",
                "id": 1,
                "color": "36a64f"
            }
        ],
        "type": "message",
        "subtype": "bot_message",
        "ts": "1438937868.000262"
    },
    {
        "text": "",
        "bot_id": "B052T590M",
        "attachments": [
            {
                "fallback": "[blackteam:develop] <https:\/\/github.com\/dueyfinster\/blackteam\/commit\/fc73398bac9c6fdb01afd03d4d24fe1f3f63767c|1 new commit> by OLarry",
                "text": "<https:\/\/github.com\/dueyfinster\/blackteam\/commit\/fc73398bac9c6fdb01afd03d4d24fe1f3f63767c|fc73398>: Hardcode tweet search to apple for Garry - OLarry",
                "pretext": "[blackteam:develop] 1 new commit by OLarry:",
                "id": 1,
                "color": "4183C4",
                "mrkdwn_in": [
                    "text",
                    "pretext"
                ]
            }
        ],
        "type": "message",
        "subtype": "bot_message",
        "ts": "1438986725.000002"
    },
    {
        "text": "",
        "bot_id": "B056P06D5",
        "attachments": [
            {
                "fallback": "Success:  OLarry's build (<https:\/\/circleci.com\/gh\/dueyfinster\/blackteam\/369|#369>; push in <https:\/\/circleci.com\/gh\/dueyfinster\/blackteam|dueyfinster\/blackteam> (<https:\/\/circleci.com\/gh\/dueyfinster\/blackteam\/tree\/develop|develop>)\n - Hardcode tweet search to apple for Garry (<https:\/\/github.com\/dueyfinster\/blackteam\/commit\/fc73398bac9c6fdb01afd03d4d24fe1f3f63767c|fc73398> by OLarry)\n",
                "text": "Success:  OLarry's build (<https:\/\/circleci.com\/gh\/dueyfinster\/blackteam\/369|#369>; push in <https:\/\/circleci.com\/gh\/dueyfinster\/blackteam|dueyfinster\/blackteam> (<https:\/\/circleci.com\/gh\/dueyfinster\/blackteam\/tree\/develop|develop>)\n - Hardcode tweet search to apple for Garry (<https:\/\/github.com\/dueyfinster\/blackteam\/commit\/fc73398bac9c6fdb01afd03d4d24fe1f3f63767c|fc73398> by OLarry)\n",
                "id": 1,
                "color": "41aa58"
            }
        ],
        "type": "message",
        "subtype": "bot_message",
        "ts": "1438986790.000003"
    },
    {
        "text": "",
        "bot_id": "B0506GF16",
        "attachments": [
            {
                "fallback": "Build <https:\/\/magnum.travis-ci.com\/dueyfinster\/blackteam\/builds\/14388814|#292> (<https:\/\/github.com\/dueyfinster\/blackteam\/compare\/1a4f817a8842...fc73398bac9c|fc73398>) of dueyfinster\/blackteam@develop by OLarry passed in 4 min 46 sec",
                "text": "Build <https:\/\/magnum.travis-ci.com\/dueyfinster\/blackteam\/builds\/14388814|#292> (<https:\/\/github.com\/dueyfinster\/blackteam\/compare\/1a4f817a8842...fc73398bac9c|fc73398>) of dueyfinster\/blackteam@develop by OLarry passed in 4 min 46 sec",
                "id": 1,
                "color": "36a64f"
            }
        ],
        "type": "message",
        "subtype": "bot_message",
        "ts": "1438987019.000004"
    }
]