[
    {
        "text": "",
        "bot_id": "B052T590M",
        "attachments": [
            {
                "fallback": "[blackteam:develop] <https:\/\/github.com\/dueyfinster\/blackteam\/commit\/ca189c88f8cc0a3291eb11f5f41801429126dcae|1 new commit> by OLarry",
                "text": "<https:\/\/github.com\/dueyfinster\/blackteam\/commit\/ca189c88f8cc0a3291eb11f5f41801429126dcae|ca189c8>: Add protection so duplicates can't be added to Articles - OLarry",
                "pretext": "[blackteam:develop] 1 new commit by OLarry:",
                "id": 1,
                "color": "4183C4",
                "mrkdwn_in": [
                    "text",
                    "pretext"
                ]
            }
        ],
        "type": "message",
        "subtype": "bot_message",
        "ts": "1438609144.000188"
    },
    {
        "text": "",
        "bot_id": "B056P06D5",
        "attachments": [
            {
                "fallback": "Success:  OLarry's build (<https:\/\/circleci.com\/gh\/dueyfinster\/blackteam\/344|#344>; push in <https:\/\/circleci.com\/gh\/dueyfinster\/blackteam|dueyfinster\/blackteam> (<https:\/\/circleci.com\/gh\/dueyfinster\/blackteam\/tree\/develop|develop>)\n - Add protection so duplicates can't be added to Articles (<https:\/\/github.com\/dueyfinster\/blackteam\/commit\/ca189c88f8cc0a3291eb11f5f41801429126dcae|ca189c8> by OLarry)\n",
                "text": "Success:  OLarry's build (<https:\/\/circleci.com\/gh\/dueyfinster\/blackteam\/344|#344>; push in <https:\/\/circleci.com\/gh\/dueyfinster\/blackteam|dueyfinster\/blackteam> (<https:\/\/circleci.com\/gh\/dueyfinster\/blackteam\/tree\/develop|develop>)\n - Add protection so duplicates can't be added to Articles (<https:\/\/github.com\/dueyfinster\/blackteam\/commit\/ca189c88f8cc0a3291eb11f5f41801429126dcae|ca189c8> by OLarry)\n",
                "id": 1,
                "color": "41aa58"
            }
        ],
        "type": "message",
        "subtype": "bot_message",
        "ts": "1438609223.000189"
    },
    {
        "text": "",
        "bot_id": "B0506GF16",
        "attachments": [
            {
                "fallback": "Build <https:\/\/magnum.travis-ci.com\/dueyfinster\/blackteam\/builds\/14204596|#267> (<https:\/\/github.com\/dueyfinster\/blackteam\/compare\/a0b800754bd8...ca189c88f8cc|ca189c8>) of dueyfinster\/blackteam@develop by OLarry passed in 5 min 0 sec",
                "text": "Build <https:\/\/magnum.travis-ci.com\/dueyfinster\/blackteam\/builds\/14204596|#267> (<https:\/\/github.com\/dueyfinster\/blackteam\/compare\/a0b800754bd8...ca189c88f8cc|ca189c8>) of dueyfinster\/blackteam@develop by OLarry passed in 5 min 0 sec",
                "id": 1,
                "color": "36a64f"
            }
        ],
        "type": "message",
        "subtype": "bot_message",
        "ts": "1438609457.000190"
    },
    {
        "text": "",
        "bot_id": "B052T590M",
        "attachments": [
            {
                "fallback": "[blackteam:develop] <https:\/\/github.com\/dueyfinster\/blackteam\/commit\/fdf35e711785ba61c5d4e0f84d18079da3fe162a|1 new commit> by Neil Grogan",
                "text": "<https:\/\/github.com\/dueyfinster\/blackteam\/commit\/fdf35e711785ba61c5d4e0f84d18079da3fe162a|fdf35e7>: Started landing page - template up - needs to be customised - Neil Grogan",
                "pretext": "[blackteam:develop] 1 new commit by Neil Grogan:",
                "id": 1,
                "color": "4183C4",
                "mrkdwn_in": [
                    "text",
                    "pretext"
                ]
            }
        ],
        "type": "message",
        "subtype": "bot_message",
        "ts": "1438620786.000191"
    },
    {
        "text": "",
        "bot_id": "B056P06D5",
        "attachments": [
            {
                "fallback": "Success:  dueyfinster's build (<https:\/\/circleci.com\/gh\/dueyfinster\/blackteam\/345|#345>; push in <https:\/\/circleci.com\/gh\/dueyfinster\/blackteam|dueyfinster\/blackteam> (<https:\/\/circleci.com\/gh\/dueyfinster\/blackteam\/tree\/develop|develop>)\n - Started landing page - template up - needs to be customised (<https:\/\/github.com\/dueyfinster\/blackteam\/commit\/fdf35e711785ba61c5d4e0f84d18079da3fe162a|fdf35e7> by dueyfinster)\n",
                "text": "Success:  dueyfinster's build (<https:\/\/circleci.com\/gh\/dueyfinster\/blackteam\/345|#345>; push in <https:\/\/circleci.com\/gh\/dueyfinster\/blackteam|dueyfinster\/blackteam> (<https:\/\/circleci.com\/gh\/dueyfinster\/blackteam\/tree\/develop|develop>)\n - Started landing page - template up - needs to be customised (<https:\/\/github.com\/dueyfinster\/blackteam\/commit\/fdf35e711785ba61c5d4e0f84d18079da3fe162a|fdf35e7> by dueyfinster)\n",
                "id": 1,
                "color": "41aa58"
            }
        ],
        "type": "message",
        "subtype": "bot_message",
        "ts": "1438620876.000192"
    },
    {
        "text": "",
        "bot_id": "B0506GF16",
        "attachments": [
            {
                "fallback": "Build <https:\/\/magnum.travis-ci.com\/dueyfinster\/blackteam\/builds\/14212711|#268> (<https:\/\/github.com\/dueyfinster\/blackteam\/compare\/ca189c88f8cc...fdf35e711785|fdf35e7>) of dueyfinster\/blackteam@develop by Neil Grogan passed in 4 min 54 sec",
                "text": "Build <https:\/\/magnum.travis-ci.com\/dueyfinster\/blackteam\/builds\/14212711|#268> (<https:\/\/github.com\/dueyfinster\/blackteam\/compare\/ca189c88f8cc...fdf35e711785|fdf35e7>) of dueyfinster\/blackteam@develop by Neil Grogan passed in 4 min 54 sec",
                "id": 1,
                "color": "36a64f"
            }
        ],
        "type": "message",
        "subtype": "bot_message",
        "ts": "1438621106.000193"
    },
    {
        "text": "",
        "bot_id": "B052T590M",
        "attachments": [
            {
                "fallback": "[blackteam:develop] <https:\/\/github.com\/dueyfinster\/blackteam\/commit\/3ad369fe445e4b25c6925e3b0e26a7dc3813a1aa|1 new commit> by Neil Grogan",
                "text": "<https:\/\/github.com\/dueyfinster\/blackteam\/commit\/3ad369fe445e4b25c6925e3b0e26a7dc3813a1aa|3ad369f>: Added initial code to downrank older articles - not functional yet - Neil Grogan",
                "pretext": "[blackteam:develop] 1 new commit by Neil Grogan:",
                "id": 1,
                "color": "4183C4",
                "mrkdwn_in": [
                    "text",
                    "pretext"
                ]
            }
        ],
        "type": "message",
        "subtype": "bot_message",
        "ts": "1438621854.000194"
    },
    {
        "text": "",
        "bot_id": "B056P06D5",
        "attachments": [
            {
                "fallback": "Success:  dueyfinster's build (<https:\/\/circleci.com\/gh\/dueyfinster\/blackteam\/346|#346>; push in <https:\/\/circleci.com\/gh\/dueyfinster\/blackteam|dueyfinster\/blackteam> (<https:\/\/circleci.com\/gh\/dueyfinster\/blackteam\/tree\/develop|develop>)\n - Added initial code to downrank older articles - not functional yet (<https:\/\/github.com\/dueyfinster\/blackteam\/commit\/3ad369fe445e4b25c6925e3b0e26a7dc3813a1aa|3ad369f> by dueyfinster)\n",
                "text": "Success:  dueyfinster's build (<https:\/\/circleci.com\/gh\/dueyfinster\/blackteam\/346|#346>; push in <https:\/\/circleci.com\/gh\/dueyfinster\/blackteam|dueyfinster\/blackteam> (<https:\/\/circleci.com\/gh\/dueyfinster\/blackteam\/tree\/develop|develop>)\n - Added initial code to downrank older articles - not functional yet (<https:\/\/github.com\/dueyfinster\/blackteam\/commit\/3ad369fe445e4b25c6925e3b0e26a7dc3813a1aa|3ad369f> by dueyfinster)\n",
                "id": 1,
                "color": "41aa58"
            }
        ],
        "type": "message",
        "subtype": "bot_message",
        "ts": "1438621936.000195"
    },
    {
        "text": "",
        "bot_id": "B052T590M",
        "attachments": [
            {
                "fallback": "[blackteam:develop] <https:\/\/github.com\/dueyfinster\/blackteam\/commit\/683a5dfd8263004bcedf85406cd4c57473ff6742|1 new commit> by Neil Grogan",
                "text": "<https:\/\/github.com\/dueyfinster\/blackteam\/commit\/683a5dfd8263004bcedf85406cd4c57473ff6742|683a5df>: Added schedule for older article job - Neil Grogan",
                "pretext": "[blackteam:develop] 1 new commit by Neil Grogan:",
                "id": 1,
                "color": "4183C4",
                "mrkdwn_in": [
                    "text",
                    "pretext"
                ]
            }
        ],
        "type": "message",
        "subtype": "bot_message",
        "ts": "1438622018.000196"
    },
    {
        "text": "",
        "bot_id": "B056P06D5",
        "attachments": [
            {
                "fallback": "Success:  dueyfinster's build (<https:\/\/circleci.com\/gh\/dueyfinster\/blackteam\/347|#347>; push in <https:\/\/circleci.com\/gh\/dueyfinster\/blackteam|dueyfinster\/blackteam> (<https:\/\/circleci.com\/gh\/dueyfinster\/blackteam\/tree\/develop|develop>)\n - Added schedule for older article job (<https:\/\/github.com\/dueyfinster\/blackteam\/commit\/683a5dfd8263004bcedf85406cd4c57473ff6742|683a5df> by dueyfinster)\n",
                "text": "Success:  dueyfinster's build (<https:\/\/circleci.com\/gh\/dueyfinster\/blackteam\/347|#347>; push in <https:\/\/circleci.com\/gh\/dueyfinster\/blackteam|dueyfinster\/blackteam> (<https:\/\/circleci.com\/gh\/dueyfinster\/blackteam\/tree\/develop|develop>)\n - Added schedule for older article job (<https:\/\/github.com\/dueyfinster\/blackteam\/commit\/683a5dfd8263004bcedf85406cd4c57473ff6742|683a5df> by dueyfinster)\n",
                "id": 1,
                "color": "41aa58"
            }
        ],
        "type": "message",
        "subtype": "bot_message",
        "ts": "1438622102.000197"
    },
    {
        "text": "",
        "bot_id": "B0506GF16",
        "attachments": [
            {
                "fallback": "Build <https:\/\/magnum.travis-ci.com\/dueyfinster\/blackteam\/builds\/14213348|#269> (<https:\/\/github.com\/dueyfinster\/blackteam\/compare\/fdf35e711785...3ad369fe445e|3ad369f>) of dueyfinster\/blackteam@develop by Neil Grogan passed in 4 min 23 sec",
                "text": "Build <https:\/\/magnum.travis-ci.com\/dueyfinster\/blackteam\/builds\/14213348|#269> (<https:\/\/github.com\/dueyfinster\/blackteam\/compare\/fdf35e711785...3ad369fe445e|3ad369f>) of dueyfinster\/blackteam@develop by Neil Grogan passed in 4 min 23 sec",
                "id": 1,
                "color": "36a64f"
            }
        ],
        "type": "message",
        "subtype": "bot_message",
        "ts": "1438622139.000198"
    },
    {
        "text": "",
        "bot_id": "B052T590M",
        "attachments": [
            {
                "fallback": "[blackteam:develop] <https:\/\/github.com\/dueyfinster\/blackteam\/commit\/ba2718c549ead318525a812b0cc4de6bc2100ccf|1 new commit> by GarryDavitt",
                "text": "<https:\/\/github.com\/dueyfinster\/blackteam\/commit\/ba2718c549ead318525a812b0cc4de6bc2100ccf|ba2718c>: fixing for chrome and make user close article before opening new one - GarryDavitt",
                "pretext": "[blackteam:develop] 1 new commit by GarryDavitt:",
                "id": 1,
                "color": "4183C4",
                "mrkdwn_in": [
                    "text",
                    "pretext"
                ]
            }
        ],
        "type": "message",
        "subtype": "bot_message",
        "ts": "1438622170.000199"
    },
    {
        "text": "",
        "bot_id": "B056P06D5",
        "attachments": [
            {
                "fallback": "Success:  GarryDavitt's build (<https:\/\/circleci.com\/gh\/dueyfinster\/blackteam\/348|#348>; push in <https:\/\/circleci.com\/gh\/dueyfinster\/blackteam|dueyfinster\/blackteam> (<https:\/\/circleci.com\/gh\/dueyfinster\/blackteam\/tree\/develop|develop>)\n - fixing for chrome and make user close article before opening new one (<https:\/\/github.com\/dueyfinster\/blackteam\/commit\/ba2718c549ead318525a812b0cc4de6bc2100ccf|ba2718c> by GarryDavitt)\n",
                "text": "Success:  GarryDavitt's build (<https:\/\/circleci.com\/gh\/dueyfinster\/blackteam\/348|#348>; push in <https:\/\/circleci.com\/gh\/dueyfinster\/blackteam|dueyfinster\/blackteam> (<https:\/\/circleci.com\/gh\/dueyfinster\/blackteam\/tree\/develop|develop>)\n - fixing for chrome and make user close article before opening new one (<https:\/\/github.com\/dueyfinster\/blackteam\/commit\/ba2718c549ead318525a812b0cc4de6bc2100ccf|ba2718c> by GarryDavitt)\n",
                "id": 1,
                "color": "41aa58"
            }
        ],
        "type": "message",
        "subtype": "bot_message",
        "ts": "1438622252.000200"
    },
    {
        "text": "",
        "bot_id": "B0506GF16",
        "attachments": [
            {
                "fallback": "Build <https:\/\/magnum.travis-ci.com\/dueyfinster\/blackteam\/builds\/14213450|#270> (<https:\/\/github.com\/dueyfinster\/blackteam\/compare\/3ad369fe445e...683a5dfd8263|683a5df>) of dueyfinster\/blackteam@develop by Neil Grogan passed in 4 min 39 sec",
                "text": "Build <https:\/\/magnum.travis-ci.com\/dueyfinster\/blackteam\/builds\/14213450|#270> (<https:\/\/github.com\/dueyfinster\/blackteam\/compare\/3ad369fe445e...683a5dfd8263|683a5df>) of dueyfinster\/blackteam@develop by Neil Grogan passed in 4 min 39 sec",
                "id": 1,
                "color": "36a64f"
            }
        ],
        "type": "message",
        "subtype": "bot_message",
        "ts": "1438622433.000201"
    },
    {
        "text": "",
        "bot_id": "B0506GF16",
        "attachments": [
            {
                "fallback": "Build <https:\/\/magnum.travis-ci.com\/dueyfinster\/blackteam\/builds\/14213541|#271> (<https:\/\/github.com\/dueyfinster\/blackteam\/compare\/683a5dfd8263...ba2718c549ea|ba2718c>) of dueyfinster\/blackteam@develop by GarryDavitt passed in 4 min 33 sec",
                "text": "Build <https:\/\/magnum.travis-ci.com\/dueyfinster\/blackteam\/builds\/14213541|#271> (<https:\/\/github.com\/dueyfinster\/blackteam\/compare\/683a5dfd8263...ba2718c549ea|ba2718c>) of dueyfinster\/blackteam@develop by GarryDavitt passed in 4 min 33 sec",
                "id": 1,
                "color": "36a64f"
            }
        ],
        "type": "message",
        "subtype": "bot_message",
        "ts": "1438622715.000202"
    },
    {
        "text": "",
        "bot_id": "B052T590M",
        "attachments": [
            {
                "fallback": "[blackteam:develop] <https:\/\/github.com\/dueyfinster\/blackteam\/compare\/ba2718c549ea...594f4adda43c|2 new commits> by Neil Grogan",
                "text": "<https:\/\/github.com\/dueyfinster\/blackteam\/commit\/d400265b5e5b1181254ffaab808a18d03403c690|d400265>: Save modified ranked article - Neil Grogan\n <https:\/\/github.com\/dueyfinster\/blackteam\/commit\/594f4adda43c28e4fd95524f042b17f2f9ad3395|594f4ad>: Updated Ranking code for new articles coming in - Neil Grogan",
                "pretext": "[blackteam:develop] <https:\/\/github.com\/dueyfinster\/blackteam\/compare\/ba2718c549ea...594f4adda43c|2 new commits> by Neil Grogan:",
                "id": 1,
                "color": "4183C4",
                "mrkdwn_in": [
                    "text",
                    "pretext"
                ]
            }
        ],
        "type": "message",
        "subtype": "bot_message",
        "ts": "1438623015.000203"
    },
    {
        "text": "",
        "bot_id": "B056P06D5",
        "attachments": [
            {
                "fallback": "Success:  dueyfinster's build (<https:\/\/circleci.com\/gh\/dueyfinster\/blackteam\/349|#349>; push in <https:\/\/circleci.com\/gh\/dueyfinster\/blackteam|dueyfinster\/blackteam> (<https:\/\/circleci.com\/gh\/dueyfinster\/blackteam\/tree\/develop|develop>)\n - Updated Ranking code for new articles coming in (<https:\/\/github.com\/dueyfinster\/blackteam\/commit\/594f4adda43c28e4fd95524f042b17f2f9ad3395|594f4ad> by dueyfinster) and <https:\/\/github.com\/dueyfinster\/blackteam\/compare\/ba2718c549ea...594f4adda43c|1 more>\n",
                "text": "Success:  dueyfinster's build (<https:\/\/circleci.com\/gh\/dueyfinster\/blackteam\/349|#349>; push in <https:\/\/circleci.com\/gh\/dueyfinster\/blackteam|dueyfinster\/blackteam> (<https:\/\/circleci.com\/gh\/dueyfinster\/blackteam\/tree\/develop|develop>)\n - Updated Ranking code for new articles coming in (<https:\/\/github.com\/dueyfinster\/blackteam\/commit\/594f4adda43c28e4fd95524f042b17f2f9ad3395|594f4ad> by dueyfinster) and <https:\/\/github.com\/dueyfinster\/blackteam\/compare\/ba2718c549ea...594f4adda43c|1 more>\n",
                "id": 1,
                "color": "41aa58"
            }
        ],
        "type": "message",
        "subtype": "bot_message",
        "ts": "1438623109.000204"
    },
    {
        "text": "",
        "bot_id": "B0506GF16",
        "attachments": [
            {
                "fallback": "Build <https:\/\/magnum.travis-ci.com\/dueyfinster\/blackteam\/builds\/14214048|#272> (<https:\/\/github.com\/dueyfinster\/blackteam\/compare\/ba2718c549ea...594f4adda43c|594f4ad>) of dueyfinster\/blackteam@develop by Neil Grogan passed in 4 min 40 sec",
                "text": "Build <https:\/\/magnum.travis-ci.com\/dueyfinster\/blackteam\/builds\/14214048|#272> (<https:\/\/github.com\/dueyfinster\/blackteam\/compare\/ba2718c549ea...594f4adda43c|594f4ad>) of dueyfinster\/blackteam@develop by Neil Grogan passed in 4 min 40 sec",
                "id": 1,
                "color": "36a64f"
            }
        ],
        "type": "message",
        "subtype": "bot_message",
        "ts": "1438623323.000205"
    },
    {
        "text": "",
        "bot_id": "B052T590M",
        "attachments": [
            {
                "fallback": "[blackteam:develop] <https:\/\/github.com\/dueyfinster\/blackteam\/commit\/1feae205c9c0cb06a650d0502f07f1dff6b5948e|1 new commit> by OLarry",
                "text": "<https:\/\/github.com\/dueyfinster\/blackteam\/commit\/1feae205c9c0cb06a650d0502f07f1dff6b5948e|1feae20>: Put mapping of me to user function back to set topics - OLarry",
                "pretext": "[blackteam:develop] 1 new commit by OLarry:",
                "id": 1,
                "color": "4183C4",
                "mrkdwn_in": [
                    "text",
                    "pretext"
                ]
            }
        ],
        "type": "message",
        "subtype": "bot_message",
        "ts": "1438624762.000206"
    },
    {
        "text": "",
        "bot_id": "B056P06D5",
        "attachments": [
            {
                "fallback": "Success:  OLarry's build (<https:\/\/circleci.com\/gh\/dueyfinster\/blackteam\/350|#350>; push in <https:\/\/circleci.com\/gh\/dueyfinster\/blackteam|dueyfinster\/blackteam> (<https:\/\/circleci.com\/gh\/dueyfinster\/blackteam\/tree\/develop|develop>)\n - Put mapping of me to user function back to set topics (<https:\/\/github.com\/dueyfinster\/blackteam\/commit\/1feae205c9c0cb06a650d0502f07f1dff6b5948e|1feae20> by OLarry)\n",
                "text": "Success:  OLarry's build (<https:\/\/circleci.com\/gh\/dueyfinster\/blackteam\/350|#350>; push in <https:\/\/circleci.com\/gh\/dueyfinster\/blackteam|dueyfinster\/blackteam> (<https:\/\/circleci.com\/gh\/dueyfinster\/blackteam\/tree\/develop|develop>)\n - Put mapping of me to user function back to set topics (<https:\/\/github.com\/dueyfinster\/blackteam\/commit\/1feae205c9c0cb06a650d0502f07f1dff6b5948e|1feae20> by OLarry)\n",
                "id": 1,
                "color": "41aa58"
            }
        ],
        "type": "message",
        "subtype": "bot_message",
        "ts": "1438624847.000207"
    },
    {
        "text": "",
        "bot_id": "B0506GF16",
        "attachments": [
            {
                "fallback": "Build <https:\/\/magnum.travis-ci.com\/dueyfinster\/blackteam\/builds\/14215117|#273> (<https:\/\/github.com\/dueyfinster\/blackteam\/compare\/594f4adda43c...1feae205c9c0|1feae20>) of dueyfinster\/blackteam@develop by OLarry passed in 4 min 14 sec",
                "text": "Build <https:\/\/magnum.travis-ci.com\/dueyfinster\/blackteam\/builds\/14215117|#273> (<https:\/\/github.com\/dueyfinster\/blackteam\/compare\/594f4adda43c...1feae205c9c0|1feae20>) of dueyfinster\/blackteam@develop by OLarry passed in 4 min 14 sec",
                "id": 1,
                "color": "36a64f"
            }
        ],
        "type": "message",
        "subtype": "bot_message",
        "ts": "1438625033.000208"
    },
    {
        "text": "",
        "bot_id": "B052T590M",
        "attachments": [
            {
                "fallback": "[blackteam:develop] <https:\/\/github.com\/dueyfinster\/blackteam\/commit\/702090582e81919095c79edd3000c1d92b6cc9f4|1 new commit> by Neil Grogan",
                "text": "<https:\/\/github.com\/dueyfinster\/blackteam\/commit\/702090582e81919095c79edd3000c1d92b6cc9f4|7020905>: Started synonyms and offensive words for ranking - Neil Grogan",
                "pretext": "[blackteam:develop] 1 new commit by Neil Grogan:",
                "id": 1,
                "color": "4183C4",
                "mrkdwn_in": [
                    "text",
                    "pretext"
                ]
            }
        ],
        "type": "message",
        "subtype": "bot_message",
        "ts": "1438627633.000209"
    },
    {
        "text": "",
        "bot_id": "B056P06D5",
        "attachments": [
            {
                "fallback": "Success:  dueyfinster's build (<https:\/\/circleci.com\/gh\/dueyfinster\/blackteam\/351|#351>; push in <https:\/\/circleci.com\/gh\/dueyfinster\/blackteam|dueyfinster\/blackteam> (<https:\/\/circleci.com\/gh\/dueyfinster\/blackteam\/tree\/develop|develop>)\n - Started synonyms and offensive words for ranking (<https:\/\/github.com\/dueyfinster\/blackteam\/commit\/702090582e81919095c79edd3000c1d92b6cc9f4|7020905> by dueyfinster)\n",
                "text": "Success:  dueyfinster's build (<https:\/\/circleci.com\/gh\/dueyfinster\/blackteam\/351|#351>; push in <https:\/\/circleci.com\/gh\/dueyfinster\/blackteam|dueyfinster\/blackteam> (<https:\/\/circleci.com\/gh\/dueyfinster\/blackteam\/tree\/develop|develop>)\n - Started synonyms and offensive words for ranking (<https:\/\/github.com\/dueyfinster\/blackteam\/commit\/702090582e81919095c79edd3000c1d92b6cc9f4|7020905> by dueyfinster)\n",
                "id": 1,
                "color": "41aa58"
            }
        ],
        "type": "message",
        "subtype": "bot_message",
        "ts": "1438627717.000210"
    },
    {
        "text": "",
        "bot_id": "B052T590M",
        "attachments": [
            {
                "fallback": "[blackteam:develop] <https:\/\/github.com\/dueyfinster\/blackteam\/commit\/2b155224da5ae1c92f7509b98ed60a10d3c9627c|1 new commit> by Neil Grogan",
                "text": "<https:\/\/github.com\/dueyfinster\/blackteam\/commit\/2b155224da5ae1c92f7509b98ed60a10d3c9627c|2b15522>: Added task to import offensive words - Neil Grogan",
                "pretext": "[blackteam:develop] 1 new commit by Neil Grogan:",
                "id": 1,
                "color": "4183C4",
                "mrkdwn_in": [
                    "text",
                    "pretext"
                ]
            }
        ],
        "type": "message",
        "subtype": "bot_message",
        "ts": "1438627906.000211"
    },
    {
        "text": "",
        "bot_id": "B056P06D5",
        "attachments": [
            {
                "fallback": "Success:  dueyfinster's build (<https:\/\/circleci.com\/gh\/dueyfinster\/blackteam\/352|#352>; push in <https:\/\/circleci.com\/gh\/dueyfinster\/blackteam|dueyfinster\/blackteam> (<https:\/\/circleci.com\/gh\/dueyfinster\/blackteam\/tree\/develop|develop>)\n - Added task to import offensive words (<https:\/\/github.com\/dueyfinster\/blackteam\/commit\/2b155224da5ae1c92f7509b98ed60a10d3c9627c|2b15522> by dueyfinster)\n",
                "text": "Success:  dueyfinster's build (<https:\/\/circleci.com\/gh\/dueyfinster\/blackteam\/352|#352>; push in <https:\/\/circleci.com\/gh\/dueyfinster\/blackteam|dueyfinster\/blackteam> (<https:\/\/circleci.com\/gh\/dueyfinster\/blackteam\/tree\/develop|develop>)\n - Added task to import offensive words (<https:\/\/github.com\/dueyfinster\/blackteam\/commit\/2b155224da5ae1c92f7509b98ed60a10d3c9627c|2b15522> by dueyfinster)\n",
                "id": 1,
                "color": "41aa58"
            }
        ],
        "type": "message",
        "subtype": "bot_message",
        "ts": "1438628000.000212"
    },
    {
        "text": "",
        "bot_id": "B0506GF16",
        "attachments": [
            {
                "fallback": "Build <https:\/\/magnum.travis-ci.com\/dueyfinster\/blackteam\/builds\/14216883|#274> (<https:\/\/github.com\/dueyfinster\/blackteam\/compare\/1feae205c9c0...702090582e81|7020905>) of dueyfinster\/blackteam@develop by Neil Grogan errored in 5 min 14 sec",
                "text": "Build <https:\/\/magnum.travis-ci.com\/dueyfinster\/blackteam\/builds\/14216883|#274> (<https:\/\/github.com\/dueyfinster\/blackteam\/compare\/1feae205c9c0...702090582e81|7020905>) of dueyfinster\/blackteam@develop by Neil Grogan errored in 5 min 14 sec",
                "id": 1,
                "color": "daa038"
            }
        ],
        "type": "message",
        "subtype": "bot_message",
        "ts": "1438628005.000213"
    },
    {
        "text": "",
        "bot_id": "B0506GF16",
        "attachments": [
            {
                "fallback": "Build <https:\/\/magnum.travis-ci.com\/dueyfinster\/blackteam\/builds\/14217058|#275> (<https:\/\/github.com\/dueyfinster\/blackteam\/compare\/702090582e81...2b155224da5a|2b15522>) of dueyfinster\/blackteam@develop by Neil Grogan errored in 4 min 31 sec",
                "text": "Build <https:\/\/magnum.travis-ci.com\/dueyfinster\/blackteam\/builds\/14217058|#275> (<https:\/\/github.com\/dueyfinster\/blackteam\/compare\/702090582e81...2b155224da5a|2b15522>) of dueyfinster\/blackteam@develop by Neil Grogan errored in 4 min 31 sec",
                "id": 1,
                "color": "daa038"
            }
        ],
        "type": "message",
        "subtype": "bot_message",
        "ts": "1438628309.000214"
    },
    {
        "text": "",
        "bot_id": "B052T590M",
        "attachments": [
            {
                "fallback": "[blackteam:develop] <https:\/\/github.com\/dueyfinster\/blackteam\/commit\/b960ea1d13a7765f93e47de27b60de8152bd36af|1 new commit> by Neil Grogan",
                "text": "<https:\/\/github.com\/dueyfinster\/blackteam\/commit\/b960ea1d13a7765f93e47de27b60de8152bd36af|b960ea1>: Fixing issues with DB for synonyms models - Neil Grogan",
                "pretext": "[blackteam:develop] 1 new commit by Neil Grogan:",
                "id": 1,
                "color": "4183C4",
                "mrkdwn_in": [
                    "text",
                    "pretext"
                ]
            }
        ],
        "type": "message",
        "subtype": "bot_message",
        "ts": "1438628465.000215"
    },
    {
        "text": "",
        "bot_id": "B056P06D5",
        "attachments": [
            {
                "fallback": "Success:  dueyfinster's build (<https:\/\/circleci.com\/gh\/dueyfinster\/blackteam\/353|#353>; push in <https:\/\/circleci.com\/gh\/dueyfinster\/blackteam|dueyfinster\/blackteam> (<https:\/\/circleci.com\/gh\/dueyfinster\/blackteam\/tree\/develop|develop>)\n - Fixing issues with DB for synonyms models (<https:\/\/github.com\/dueyfinster\/blackteam\/commit\/b960ea1d13a7765f93e47de27b60de8152bd36af|b960ea1> by dueyfinster)\n",
                "text": "Success:  dueyfinster's build (<https:\/\/circleci.com\/gh\/dueyfinster\/blackteam\/353|#353>; push in <https:\/\/circleci.com\/gh\/dueyfinster\/blackteam|dueyfinster\/blackteam> (<https:\/\/circleci.com\/gh\/dueyfinster\/blackteam\/tree\/develop|develop>)\n - Fixing issues with DB for synonyms models (<https:\/\/github.com\/dueyfinster\/blackteam\/commit\/b960ea1d13a7765f93e47de27b60de8152bd36af|b960ea1> by dueyfinster)\n",
                "id": 1,
                "color": "41aa58"
            }
        ],
        "type": "message",
        "subtype": "bot_message",
        "ts": "1438628546.000216"
    },
    {
        "text": "",
        "bot_id": "B052T590M",
        "attachments": [
            {
                "fallback": "[blackteam:develop] <https:\/\/github.com\/dueyfinster\/blackteam\/commit\/12c1e58d085cf4efe010b001d966b5cfd1c71272|1 new commit> by Neil Grogan",
                "text": "<https:\/\/github.com\/dueyfinster\/blackteam\/commit\/12c1e58d085cf4efe010b001d966b5cfd1c71272|12c1e58>: Dropping s for models, looks weird in Admin - Neil Grogan",
                "pretext": "[blackteam:develop] 1 new commit by Neil Grogan:",
                "id": 1,
                "color": "4183C4",
                "mrkdwn_in": [
                    "text",
                    "pretext"
                ]
            }
        ],
        "type": "message",
        "subtype": "bot_message",
        "ts": "1438628637.000217"
    },
    {
        "text": "",
        "bot_id": "B056P06D5",
        "attachments": [
            {
                "fallback": "Success:  dueyfinster's build (<https:\/\/circleci.com\/gh\/dueyfinster\/blackteam\/354|#354>; push in <https:\/\/circleci.com\/gh\/dueyfinster\/blackteam|dueyfinster\/blackteam> (<https:\/\/circleci.com\/gh\/dueyfinster\/blackteam\/tree\/develop|develop>)\n - Dropping s for models, looks weird in Admin (<https:\/\/github.com\/dueyfinster\/blackteam\/commit\/12c1e58d085cf4efe010b001d966b5cfd1c71272|12c1e58> by dueyfinster)\n",
                "text": "Success:  dueyfinster's build (<https:\/\/circleci.com\/gh\/dueyfinster\/blackteam\/354|#354>; push in <https:\/\/circleci.com\/gh\/dueyfinster\/blackteam|dueyfinster\/blackteam> (<https:\/\/circleci.com\/gh\/dueyfinster\/blackteam\/tree\/develop|develop>)\n - Dropping s for models, looks weird in Admin (<https:\/\/github.com\/dueyfinster\/blackteam\/commit\/12c1e58d085cf4efe010b001d966b5cfd1c71272|12c1e58> by dueyfinster)\n",
                "id": 1,
                "color": "41aa58"
            }
        ],
        "type": "message",
        "subtype": "bot_message",
        "ts": "1438628717.000218"
    },
    {
        "text": "",
        "bot_id": "B0506GF16",
        "attachments": [
            {
                "fallback": "Build <https:\/\/magnum.travis-ci.com\/dueyfinster\/blackteam\/builds\/14217453|#276> (<https:\/\/github.com\/dueyfinster\/blackteam\/compare\/2b155224da5a...b960ea1d13a7|b960ea1>) of dueyfinster\/blackteam@develop by Neil Grogan passed in 4 min 40 sec",
                "text": "Build <https:\/\/magnum.travis-ci.com\/dueyfinster\/blackteam\/builds\/14217453|#276> (<https:\/\/github.com\/dueyfinster\/blackteam\/compare\/2b155224da5a...b960ea1d13a7|b960ea1>) of dueyfinster\/blackteam@develop by Neil Grogan passed in 4 min 40 sec",
                "id": 1,
                "color": "36a64f"
            }
        ],
        "type": "message",
        "subtype": "bot_message",
        "ts": "1438628763.000219"
    },
    {
        "text": "",
        "bot_id": "B052T590M",
        "attachments": [
            {
                "fallback": "[blackteam:develop] <https:\/\/github.com\/dueyfinster\/blackteam\/commit\/f2ca1b93cae74ee5e747b46ef92e66723a44e0e0|1 new commit> by Neil Grogan",
                "text": "<https:\/\/github.com\/dueyfinster\/blackteam\/commit\/f2ca1b93cae74ee5e747b46ef92e66723a44e0e0|f2ca1b9>: Added processing of synonyms - Neil Grogan",
                "pretext": "[blackteam:develop] 1 new commit by Neil Grogan:",
                "id": 1,
                "color": "4183C4",
                "mrkdwn_in": [
                    "text",
                    "pretext"
                ]
            }
        ],
        "type": "message",
        "subtype": "bot_message",
        "ts": "1438629031.000220"
    },
    {
        "text": "",
        "bot_id": "B0506GF16",
        "attachments": [
            {
                "fallback": "Build <https:\/\/magnum.travis-ci.com\/dueyfinster\/blackteam\/builds\/14217544|#277> (<https:\/\/github.com\/dueyfinster\/blackteam\/compare\/b960ea1d13a7...12c1e58d085c|12c1e58>) of dueyfinster\/blackteam@develop by Neil Grogan passed in 4 min 20 sec",
                "text": "Build <https:\/\/magnum.travis-ci.com\/dueyfinster\/blackteam\/builds\/14217544|#277> (<https:\/\/github.com\/dueyfinster\/blackteam\/compare\/b960ea1d13a7...12c1e58d085c|12c1e58>) of dueyfinster\/blackteam@develop by Neil Grogan passed in 4 min 20 sec",
                "id": 1,
                "color": "36a64f"
            }
        ],
        "type": "message",
        "subtype": "bot_message",
        "ts": "1438629035.000221"
    },
    {
        "text": "",
        "bot_id": "B056P06D5",
        "attachments": [
            {
                "fallback": "Success:  dueyfinster's build (<https:\/\/circleci.com\/gh\/dueyfinster\/blackteam\/355|#355>; push in <https:\/\/circleci.com\/gh\/dueyfinster\/blackteam|dueyfinster\/blackteam> (<https:\/\/circleci.com\/gh\/dueyfinster\/blackteam\/tree\/develop|develop>)\n - Added processing of synonyms (<https:\/\/github.com\/dueyfinster\/blackteam\/commit\/f2ca1b93cae74ee5e747b46ef92e66723a44e0e0|f2ca1b9> by dueyfinster)\n",
                "text": "Success:  dueyfinster's build (<https:\/\/circleci.com\/gh\/dueyfinster\/blackteam\/355|#355>; push in <https:\/\/circleci.com\/gh\/dueyfinster\/blackteam|dueyfinster\/blackteam> (<https:\/\/circleci.com\/gh\/dueyfinster\/blackteam\/tree\/develop|develop>)\n - Added processing of synonyms (<https:\/\/github.com\/dueyfinster\/blackteam\/commit\/f2ca1b93cae74ee5e747b46ef92e66723a44e0e0|f2ca1b9> by dueyfinster)\n",
                "id": 1,
                "color": "41aa58"
            }
        ],
        "type": "message",
        "subtype": "bot_message",
        "ts": "1438629112.000222"
    },
    {
        "text": "",
        "bot_id": "B0506GF16",
        "attachments": [
            {
                "fallback": "Build <https:\/\/magnum.travis-ci.com\/dueyfinster\/blackteam\/builds\/14217744|#278> (<https:\/\/github.com\/dueyfinster\/blackteam\/compare\/12c1e58d085c...f2ca1b93cae7|f2ca1b9>) of dueyfinster\/blackteam@develop by Neil Grogan passed in 4 min 18 sec",
                "text": "Build <https:\/\/magnum.travis-ci.com\/dueyfinster\/blackteam\/builds\/14217744|#278> (<https:\/\/github.com\/dueyfinster\/blackteam\/compare\/12c1e58d085c...f2ca1b93cae7|f2ca1b9>) of dueyfinster\/blackteam@develop by Neil Grogan passed in 4 min 18 sec",
                "id": 1,
                "color": "36a64f"
            }
        ],
        "type": "message",
        "subtype": "bot_message",
        "ts": "1438629305.000223"
    },
    {
        "text": "",
        "bot_id": "B052T590M",
        "attachments": [
            {
                "fallback": "[blackteam:develop] <https:\/\/github.com\/dueyfinster\/blackteam\/compare\/f2ca1b93cae7...47dc7962f977|2 new commits> by Neil Grogan",
                "text": "<https:\/\/github.com\/dueyfinster\/blackteam\/commit\/0f826415de36bba0eb84af91972a75a7f5c14544|0f82641>: Chnaged synonyms to topic and not using NLPTechKeyword - Neil Grogan\n <https:\/\/github.com\/dueyfinster\/blackteam\/commit\/47dc7962f97780533a7de6d51839d81454e88171|47dc796>: Updating synonym task code - Neil Grogan",
                "pretext": "[blackteam:develop] <https:\/\/github.com\/dueyfinster\/blackteam\/compare\/f2ca1b93cae7...47dc7962f977|2 new commits> by Neil Grogan:",
                "id": 1,
                "color": "4183C4",
                "mrkdwn_in": [
                    "text",
                    "pretext"
                ]
            }
        ],
        "type": "message",
        "subtype": "bot_message",
        "ts": "1438631297.000224"
    },
    {
        "text": "",
        "bot_id": "B056P06D5",
        "attachments": [
            {
                "fallback": "Success:  dueyfinster's build (<https:\/\/circleci.com\/gh\/dueyfinster\/blackteam\/356|#356>; push in <https:\/\/circleci.com\/gh\/dueyfinster\/blackteam|dueyfinster\/blackteam> (<https:\/\/circleci.com\/gh\/dueyfinster\/blackteam\/tree\/develop|develop>)\n - Updating synonym task code (<https:\/\/github.com\/dueyfinster\/blackteam\/commit\/47dc7962f97780533a7de6d51839d81454e88171|47dc796> by dueyfinster) and <https:\/\/github.com\/dueyfinster\/blackteam\/compare\/f2ca1b93cae7...47dc7962f977|1 more>\n",
                "text": "Success:  dueyfinster's build (<https:\/\/circleci.com\/gh\/dueyfinster\/blackteam\/356|#356>; push in <https:\/\/circleci.com\/gh\/dueyfinster\/blackteam|dueyfinster\/blackteam> (<https:\/\/circleci.com\/gh\/dueyfinster\/blackteam\/tree\/develop|develop>)\n - Updating synonym task code (<https:\/\/github.com\/dueyfinster\/blackteam\/commit\/47dc7962f97780533a7de6d51839d81454e88171|47dc796> by dueyfinster) and <https:\/\/github.com\/dueyfinster\/blackteam\/compare\/f2ca1b93cae7...47dc7962f977|1 more>\n",
                "id": 1,
                "color": "41aa58"
            }
        ],
        "type": "message",
        "subtype": "bot_message",
        "ts": "1438631377.000225"
    },
    {
        "text": "",
        "bot_id": "B0506GF16",
        "attachments": [
            {
                "fallback": "Build <https:\/\/magnum.travis-ci.com\/dueyfinster\/blackteam\/builds\/14219066|#279> (<https:\/\/github.com\/dueyfinster\/blackteam\/compare\/f2ca1b93cae7...47dc7962f977|47dc796>) of dueyfinster\/blackteam@develop by Neil Grogan passed in 5 min 20 sec",
                "text": "Build <https:\/\/magnum.travis-ci.com\/dueyfinster\/blackteam\/builds\/14219066|#279> (<https:\/\/github.com\/dueyfinster\/blackteam\/compare\/f2ca1b93cae7...47dc7962f977|47dc796>) of dueyfinster\/blackteam@develop by Neil Grogan passed in 5 min 20 sec",
                "id": 1,
                "color": "36a64f"
            }
        ],
        "type": "message",
        "subtype": "bot_message",
        "ts": "1438631633.000226"
    },
    {
        "text": "",
        "bot_id": "B052T590M",
        "attachments": [
            {
                "fallback": "[blackteam:develop] <https:\/\/github.com\/dueyfinster\/blackteam\/commit\/acaf3bee5042c2cfb5df86797d8b4bc0cdd05c2f|1 new commit> by Neil Grogan",
                "text": "<https:\/\/github.com\/dueyfinster\/blackteam\/commit\/acaf3bee5042c2cfb5df86797d8b4bc0cdd05c2f|acaf3be>: Added missing imports, updating keywords with true if synonym - Neil Grogan",
                "pretext": "[blackteam:develop] 1 new commit by Neil Grogan:",
                "id": 1,
                "color": "4183C4",
                "mrkdwn_in": [
                    "text",
                    "pretext"
                ]
            }
        ],
        "type": "message",
        "subtype": "bot_message",
        "ts": "1438631776.000227"
    },
    {
        "text": "",
        "bot_id": "B056P06D5",
        "attachments": [
            {
                "fallback": "Success:  dueyfinster's build (<https:\/\/circleci.com\/gh\/dueyfinster\/blackteam\/357|#357>; push in <https:\/\/circleci.com\/gh\/dueyfinster\/blackteam|dueyfinster\/blackteam> (<https:\/\/circleci.com\/gh\/dueyfinster\/blackteam\/tree\/develop|develop>)\n - Added missing imports, updating keywords with true if synonym (<https:\/\/github.com\/dueyfinster\/blackteam\/commit\/acaf3bee5042c2cfb5df86797d8b4bc0cdd05c2f|acaf3be> by dueyfinster)\n",
                "text": "Success:  dueyfinster's build (<https:\/\/circleci.com\/gh\/dueyfinster\/blackteam\/357|#357>; push in <https:\/\/circleci.com\/gh\/dueyfinster\/blackteam|dueyfinster\/blackteam> (<https:\/\/circleci.com\/gh\/dueyfinster\/blackteam\/tree\/develop|develop>)\n - Added missing imports, updating keywords with true if synonym (<https:\/\/github.com\/dueyfinster\/blackteam\/commit\/acaf3bee5042c2cfb5df86797d8b4bc0cdd05c2f|acaf3be> by dueyfinster)\n",
                "id": 1,
                "color": "41aa58"
            }
        ],
        "type": "message",
        "subtype": "bot_message",
        "ts": "1438631857.000228"
    },
    {
        "text": "",
        "bot_id": "B0506GF16",
        "attachments": [
            {
                "fallback": "Build <https:\/\/magnum.travis-ci.com\/dueyfinster\/blackteam\/builds\/14219334|#280> (<https:\/\/github.com\/dueyfinster\/blackteam\/compare\/47dc7962f977...acaf3bee5042|acaf3be>) of dueyfinster\/blackteam@develop by Neil Grogan passed in 4 min 49 sec",
                "text": "Build <https:\/\/magnum.travis-ci.com\/dueyfinster\/blackteam\/builds\/14219334|#280> (<https:\/\/github.com\/dueyfinster\/blackteam\/compare\/47dc7962f977...acaf3bee5042|acaf3be>) of dueyfinster\/blackteam@develop by Neil Grogan passed in 4 min 49 sec",
                "id": 1,
                "color": "36a64f"
            }
        ],
        "type": "message",
        "subtype": "bot_message",
        "ts": "1438632084.000229"
    },
    {
        "text": "",
        "bot_id": "B052T590M",
        "attachments": [
            {
                "fallback": "[blackteam:develop] <https:\/\/github.com\/dueyfinster\/blackteam\/compare\/acaf3bee5042...1fe98046fce9|2 new commits> by OLarry",
                "text": "<https:\/\/github.com\/dueyfinster\/blackteam\/commit\/894dc4f0c416c817d1092a6b7112a98f4b97d9ce|894dc4f>: Remove 4 Rss feeds that were not tech related or unsuitable. Remove set topics call from home in views. Remove function from db_utils as not used and not working - OLarry\n <https:\/\/github.com\/dueyfinster\/blackteam\/commit\/1fe98046fce91792239999f10c83c54d13a30a81|1fe9804>: Merge branch 'feature\/related-topics' into develop - OLarry",
                "pretext": "[blackteam:develop] <https:\/\/github.com\/dueyfinster\/blackteam\/compare\/acaf3bee5042...1fe98046fce9|2 new commits> by OLarry:",
                "id": 1,
                "color": "4183C4",
                "mrkdwn_in": [
                    "text",
                    "pretext"
                ]
            }
        ],
        "type": "message",
        "subtype": "bot_message",
        "ts": "1438635226.000230"
    },
    {
        "text": "",
        "bot_id": "B056P06D5",
        "attachments": [
            {
                "fallback": "Success:  OLarry's build (<https:\/\/circleci.com\/gh\/dueyfinster\/blackteam\/358|#358>; push in <https:\/\/circleci.com\/gh\/dueyfinster\/blackteam|dueyfinster\/blackteam> (<https:\/\/circleci.com\/gh\/dueyfinster\/blackteam\/tree\/develop|develop>)\n - Merge branch 'feature\/related-topics' into develop (<https:\/\/github.com\/dueyfinster\/blackteam\/commit\/1fe98046fce91792239999f10c83c54d13a30a81|1fe9804> by OLarry) and <https:\/\/github.com\/dueyfinster\/blackteam\/compare\/acaf3bee5042...1fe98046fce9|1 more>\n",
                "text": "Success:  OLarry's build (<https:\/\/circleci.com\/gh\/dueyfinster\/blackteam\/358|#358>; push in <https:\/\/circleci.com\/gh\/dueyfinster\/blackteam|dueyfinster\/blackteam> (<https:\/\/circleci.com\/gh\/dueyfinster\/blackteam\/tree\/develop|develop>)\n - Merge branch 'feature\/related-topics' into develop (<https:\/\/github.com\/dueyfinster\/blackteam\/commit\/1fe98046fce91792239999f10c83c54d13a30a81|1fe9804> by OLarry) and <https:\/\/github.com\/dueyfinster\/blackteam\/compare\/acaf3bee5042...1fe98046fce9|1 more>\n",
                "id": 1,
                "color": "41aa58"
            }
        ],
        "type": "message",
        "subtype": "bot_message",
        "ts": "1438635312.000231"
    },
    {
        "text": "",
        "bot_id": "B0506GF16",
        "attachments": [
            {
                "fallback": "Build <https:\/\/magnum.travis-ci.com\/dueyfinster\/blackteam\/builds\/14221642|#281> (<https:\/\/github.com\/dueyfinster\/blackteam\/compare\/acaf3bee5042...1fe98046fce9|1fe9804>) of dueyfinster\/blackteam@develop by OLarry passed in 4 min 2 sec",
                "text": "Build <https:\/\/magnum.travis-ci.com\/dueyfinster\/blackteam\/builds\/14221642|#281> (<https:\/\/github.com\/dueyfinster\/blackteam\/compare\/acaf3bee5042...1fe98046fce9|1fe9804>) of dueyfinster\/blackteam@develop by OLarry passed in 4 min 2 sec",
                "id": 1,
                "color": "36a64f"
            }
        ],
        "type": "message",
        "subtype": "bot_message",
        "ts": "1438635483.000232"
    },
    {
        "text": "",
        "bot_id": "B052T590M",
        "attachments": [
            {
                "fallback": "[blackteam:develop] <https:\/\/github.com\/dueyfinster\/blackteam\/commit\/7e7b8de27c233694d6d8cf759a7007d1852721f3|1 new commit> by OLarry",
                "text": "<https:\/\/github.com\/dueyfinster\/blackteam\/commit\/7e7b8de27c233694d6d8cf759a7007d1852721f3|7e7b8de>: Order topic list and change iphone - OLarry",
                "pretext": "[blackteam:develop] 1 new commit by OLarry:",
                "id": 1,
                "color": "4183C4",
                "mrkdwn_in": [
                    "text",
                    "pretext"
                ]
            }
        ],
        "type": "message",
        "subtype": "bot_message",
        "ts": "1438636837.000233"
    },
    {
        "text": "",
        "bot_id": "B056P06D5",
        "attachments": [
            {
                "fallback": "Success:  OLarry's build (<https:\/\/circleci.com\/gh\/dueyfinster\/blackteam\/359|#359>; push in <https:\/\/circleci.com\/gh\/dueyfinster\/blackteam|dueyfinster\/blackteam> (<https:\/\/circleci.com\/gh\/dueyfinster\/blackteam\/tree\/develop|develop>)\n - Order topic list and change iphone (<https:\/\/github.com\/dueyfinster\/blackteam\/commit\/7e7b8de27c233694d6d8cf759a7007d1852721f3|7e7b8de> by OLarry)\n",
                "text": "Success:  OLarry's build (<https:\/\/circleci.com\/gh\/dueyfinster\/blackteam\/359|#359>; push in <https:\/\/circleci.com\/gh\/dueyfinster\/blackteam|dueyfinster\/blackteam> (<https:\/\/circleci.com\/gh\/dueyfinster\/blackteam\/tree\/develop|develop>)\n - Order topic list and change iphone (<https:\/\/github.com\/dueyfinster\/blackteam\/commit\/7e7b8de27c233694d6d8cf759a7007d1852721f3|7e7b8de> by OLarry)\n",
                "id": 1,
                "color": "41aa58"
            }
        ],
        "type": "message",
        "subtype": "bot_message",
        "ts": "1438636919.000234"
    },
    {
        "text": "",
        "bot_id": "B0506GF16",
        "attachments": [
            {
                "fallback": "Build <https:\/\/magnum.travis-ci.com\/dueyfinster\/blackteam\/builds\/14222742|#282> (<https:\/\/github.com\/dueyfinster\/blackteam\/compare\/1fe98046fce9...7e7b8de27c23|7e7b8de>) of dueyfinster\/blackteam@develop by OLarry passed in 4 min 59 sec",
                "text": "Build <https:\/\/magnum.travis-ci.com\/dueyfinster\/blackteam\/builds\/14222742|#282> (<https:\/\/github.com\/dueyfinster\/blackteam\/compare\/1fe98046fce9...7e7b8de27c23|7e7b8de>) of dueyfinster\/blackteam@develop by OLarry passed in 4 min 59 sec",
                "id": 1,
                "color": "36a64f"
            }
        ],
        "type": "message",
        "subtype": "bot_message",
        "ts": "1438637159.000235"
    },
    {
        "text": "",
        "bot_id": "B052T590M",
        "attachments": [
            {
                "fallback": "[blackteam:develop] <https:\/\/github.com\/dueyfinster\/blackteam\/commit\/b142be4b52c87283494c0a86308a8e74556a6d2b|1 new commit> by OLarry",
                "text": "<https:\/\/github.com\/dueyfinster\/blackteam\/commit\/b142be4b52c87283494c0a86308a8e74556a6d2b|b142be4>: Ensure Topics are ordered alphbetically in checkbox - OLarry",
                "pretext": "[blackteam:develop] 1 new commit by OLarry:",
                "id": 1,
                "color": "4183C4",
                "mrkdwn_in": [
                    "text",
                    "pretext"
                ]
            }
        ],
        "type": "message",
        "subtype": "bot_message",
        "ts": "1438641952.000236"
    },
    {
        "text": "",
        "bot_id": "B056P06D5",
        "attachments": [
            {
                "fallback": "Success:  OLarry's build (<https:\/\/circleci.com\/gh\/dueyfinster\/blackteam\/360|#360>; push in <https:\/\/circleci.com\/gh\/dueyfinster\/blackteam|dueyfinster\/blackteam> (<https:\/\/circleci.com\/gh\/dueyfinster\/blackteam\/tree\/develop|develop>)\n - Ensure Topics are ordered alphbetically in checkbox (<https:\/\/github.com\/dueyfinster\/blackteam\/commit\/b142be4b52c87283494c0a86308a8e74556a6d2b|b142be4> by OLarry)\n",
                "text": "Success:  OLarry's build (<https:\/\/circleci.com\/gh\/dueyfinster\/blackteam\/360|#360>; push in <https:\/\/circleci.com\/gh\/dueyfinster\/blackteam|dueyfinster\/blackteam> (<https:\/\/circleci.com\/gh\/dueyfinster\/blackteam\/tree\/develop|develop>)\n - Ensure Topics are ordered alphbetically in checkbox (<https:\/\/github.com\/dueyfinster\/blackteam\/commit\/b142be4b52c87283494c0a86308a8e74556a6d2b|b142be4> by OLarry)\n",
                "id": 1,
                "color": "41aa58"
            }
        ],
        "type": "message",
        "subtype": "bot_message",
        "ts": "1438642028.000237"
    },
    {
        "text": "",
        "bot_id": "B0506GF16",
        "attachments": [
            {
                "fallback": "Build <https:\/\/magnum.travis-ci.com\/dueyfinster\/blackteam\/builds\/14225532|#283> (<https:\/\/github.com\/dueyfinster\/blackteam\/compare\/7e7b8de27c23...b142be4b52c8|b142be4>) of dueyfinster\/blackteam@develop by OLarry passed in 4 min 45 sec",
                "text": "Build <https:\/\/magnum.travis-ci.com\/dueyfinster\/blackteam\/builds\/14225532|#283> (<https:\/\/github.com\/dueyfinster\/blackteam\/compare\/7e7b8de27c23...b142be4b52c8|b142be4>) of dueyfinster\/blackteam@develop by OLarry passed in 4 min 45 sec",
                "id": 1,
                "color": "36a64f"
            }
        ],
        "type": "message",
        "subtype": "bot_message",
        "ts": "1438642255.000238"
    },
    {
        "text": "",
        "bot_id": "B052T590M",
        "attachments": [
            {
                "fallback": "[blackteam:develop] <https:\/\/github.com\/dueyfinster\/blackteam\/commit\/f1d5ebdfe19f6b5cf962c06b5d959eb8663bb27c|1 new commit> by GarryDavitt",
                "text": "<https:\/\/github.com\/dueyfinster\/blackteam\/commit\/f1d5ebdfe19f6b5cf962c06b5d959eb8663bb27c|f1d5ebd>: changes to overlay allow clicking on other articles and changes to checkboxes, have 2 columns - GarryDavitt",
                "pretext": "[blackteam:develop] 1 new commit by GarryDavitt:",
                "id": 1,
                "color": "4183C4",
                "mrkdwn_in": [
                    "text",
                    "pretext"
                ]
            }
        ],
        "type": "message",
        "subtype": "bot_message",
        "ts": "1438645214.000239"
    },
    {
        "text": "",
        "bot_id": "B056P06D5",
        "attachments": [
            {
                "fallback": "Success:  GarryDavitt's build (<https:\/\/circleci.com\/gh\/dueyfinster\/blackteam\/361|#361>; push in <https:\/\/circleci.com\/gh\/dueyfinster\/blackteam|dueyfinster\/blackteam> (<https:\/\/circleci.com\/gh\/dueyfinster\/blackteam\/tree\/develop|develop>)\n - changes to overlay allow clicking on other articles and changes to checkboxes, h (<https:\/\/github.com\/dueyfinster\/blackteam\/commit\/f1d5ebdfe19f6b5cf962c06b5d959eb8663bb27c|f1d5ebd> by GarryDavitt)\n",
                "text": "Success:  GarryDavitt's build (<https:\/\/circleci.com\/gh\/dueyfinster\/blackteam\/361|#361>; push in <https:\/\/circleci.com\/gh\/dueyfinster\/blackteam|dueyfinster\/blackteam> (<https:\/\/circleci.com\/gh\/dueyfinster\/blackteam\/tree\/develop|develop>)\n - changes to overlay allow clicking on other articles and changes to checkboxes, h (<https:\/\/github.com\/dueyfinster\/blackteam\/commit\/f1d5ebdfe19f6b5cf962c06b5d959eb8663bb27c|f1d5ebd> by GarryDavitt)\n",
                "id": 1,
                "color": "41aa58"
            }
        ],
        "type": "message",
        "subtype": "bot_message",
        "ts": "1438645290.000240"
    },
    {
        "text": "",
        "bot_id": "B0506GF16",
        "attachments": [
            {
                "fallback": "Build <https:\/\/magnum.travis-ci.com\/dueyfinster\/blackteam\/builds\/14226787|#284> (<https:\/\/github.com\/dueyfinster\/blackteam\/compare\/b142be4b52c8...f1d5ebdfe19f|f1d5ebd>) of dueyfinster\/blackteam@develop by GarryDavitt passed in 3 min 48 sec",
                "text": "Build <https:\/\/magnum.travis-ci.com\/dueyfinster\/blackteam\/builds\/14226787|#284> (<https:\/\/github.com\/dueyfinster\/blackteam\/compare\/b142be4b52c8...f1d5ebdfe19f|f1d5ebd>) of dueyfinster\/blackteam@develop by GarryDavitt passed in 3 min 48 sec",
                "id": 1,
                "color": "36a64f"
            }
        ],
        "type": "message",
        "subtype": "bot_message",
        "ts": "1438645460.000241"
    }
]