[
    {
        "text": "",
        "bot_id": "B052T590M",
        "attachments": [
            {
                "fallback": "[blackteam:develop] <https:\/\/github.com\/dueyfinster\/blackteam\/commit\/e491302|1 new commit> by Neil Grogan",
                "text": "<https:\/\/github.com\/dueyfinster\/blackteam\/commit\/e491302|e491302>: Some lovely new tests - Neil Grogan",
                "pretext": "[blackteam:develop] 1 new commit by Neil Grogan:",
                "id": 1,
                "color": "4183C4",
                "mrkdwn_in": [
                    "text",
                    "pretext"
                ]
            }
        ],
        "type": "message",
        "subtype": "bot_message",
        "ts": "1436302430.000157"
    },
    {
        "text": "",
        "bot_id": "B052T590M",
        "attachments": [
            {
                "fallback": "[blackteam:develop] <https:\/\/github.com\/dueyfinster\/blackteam\/commit\/29d2cae|1 new commit> by Neil Grogan",
                "text": "<https:\/\/github.com\/dueyfinster\/blackteam\/commit\/29d2cae|29d2cae>: Updates to unit tests - Neil Grogan",
                "pretext": "[blackteam:develop] 1 new commit by Neil Grogan:",
                "id": 1,
                "color": "4183C4",
                "mrkdwn_in": [
                    "text",
                    "pretext"
                ]
            }
        ],
        "type": "message",
        "subtype": "bot_message",
        "ts": "1436302670.000158"
    },
    {
        "text": "",
        "bot_id": "B052T590M",
        "attachments": [
            {
                "fallback": "[blackteam:develop] <https:\/\/github.com\/dueyfinster\/blackteam\/commit\/cf3f77c|1 new commit> by Neil Grogan",
                "text": "<https:\/\/github.com\/dueyfinster\/blackteam\/commit\/cf3f77c|cf3f77c>: Updates to unit tests - fixed topic test - Neil Grogan",
                "pretext": "[blackteam:develop] 1 new commit by Neil Grogan:",
                "id": 1,
                "color": "4183C4",
                "mrkdwn_in": [
                    "text",
                    "pretext"
                ]
            }
        ],
        "type": "message",
        "subtype": "bot_message",
        "ts": "1436303091.000160"
    },
    {
        "text": "",
        "bot_id": "B0506GF16",
        "attachments": [
            {
                "fallback": "Build <https:\/\/magnum.travis-ci.com\/dueyfinster\/blackteam\/builds\/13419477|#149> (<https:\/\/github.com\/dueyfinster\/blackteam\/compare\/29d2cae2dbc1...cf3f77cef433|cf3f77c>) of dueyfinster\/blackteam@develop by Neil Grogan failed in 4 min 15 sec",
                "text": "Build <https:\/\/magnum.travis-ci.com\/dueyfinster\/blackteam\/builds\/13419477|#149> (<https:\/\/github.com\/dueyfinster\/blackteam\/compare\/29d2cae2dbc1...cf3f77cef433|cf3f77c>) of dueyfinster\/blackteam@develop by Neil Grogan failed in 4 min 15 sec",
                "id": 1,
                "color": "d00000"
            }
        ],
        "type": "message",
        "subtype": "bot_message",
        "ts": "1436303367.000161"
    },
    {
        "text": "",
        "bot_id": "B056P06D5",
        "attachments": [
            {
                "fallback": "Failed:  dueyfinster's build (<https:\/\/circleci.com\/gh\/dueyfinster\/blackteam\/226|#226>; push in <https:\/\/circleci.com\/gh\/dueyfinster\/blackteam|dueyfinster\/blackteam> (<https:\/\/circleci.com\/gh\/dueyfinster\/blackteam\/tree\/develop|develop>)\n -  (<https:\/\/github.com\/dueyfinster\/blackteam\/commit\/04ca93026efa4a877e5d55e90691f7145dac41d6|04ca930> by )\n",
                "text": "Failed:  dueyfinster's build (<https:\/\/circleci.com\/gh\/dueyfinster\/blackteam\/226|#226>; push in <https:\/\/circleci.com\/gh\/dueyfinster\/blackteam|dueyfinster\/blackteam> (<https:\/\/circleci.com\/gh\/dueyfinster\/blackteam\/tree\/develop|develop>)\n -  (<https:\/\/github.com\/dueyfinster\/blackteam\/commit\/04ca93026efa4a877e5d55e90691f7145dac41d6|04ca930> by )\n",
                "id": 1,
                "color": "d10c20"
            }
        ],
        "type": "message",
        "subtype": "bot_message",
        "ts": "1436304508.000162"
    },
    {
        "text": "",
        "bot_id": "B0506GF16",
        "attachments": [
            {
                "fallback": "Build <https:\/\/magnum.travis-ci.com\/dueyfinster\/blackteam\/builds\/13420214|#150> (<https:\/\/github.com\/dueyfinster\/blackteam\/compare\/cf3f77cef433...04ca93026efa|04ca930>) of dueyfinster\/blackteam@develop by GarryDavitt passed in 4 min 38 sec",
                "text": "Build <https:\/\/magnum.travis-ci.com\/dueyfinster\/blackteam\/builds\/13420214|#150> (<https:\/\/github.com\/dueyfinster\/blackteam\/compare\/cf3f77cef433...04ca93026efa|04ca930>) of dueyfinster\/blackteam@develop by GarryDavitt passed in 4 min 38 sec",
                "id": 1,
                "color": "36a64f"
            }
        ],
        "type": "message",
        "subtype": "bot_message",
        "ts": "1436304600.000163"
    },
    {
        "text": "",
        "bot_id": "B052T590M",
        "attachments": [
            {
                "fallback": "[blackteam:develop] <https:\/\/github.com\/dueyfinster\/blackteam\/commit\/2c5cb32|1 new commit> by Neil Grogan",
                "text": "<https:\/\/github.com\/dueyfinster\/blackteam\/commit\/2c5cb32|2c5cb32>: Added more unit tests - Neil Grogan",
                "pretext": "[blackteam:develop] 1 new commit by Neil Grogan:",
                "id": 1,
                "color": "4183C4",
                "mrkdwn_in": [
                    "text",
                    "pretext"
                ]
            }
        ],
        "type": "message",
        "subtype": "bot_message",
        "ts": "1436307352.000164"
    },
    {
        "text": "",
        "bot_id": "B052T590M",
        "attachments": [
            {
                "fallback": "[blackteam:develop] <https:\/\/github.com\/dueyfinster\/blackteam\/commit\/dcac7f5|1 new commit> by Neil Grogan",
                "text": "<https:\/\/github.com\/dueyfinster\/blackteam\/commit\/dcac7f5|dcac7f5>: Formatted unit tests and celery tasks with PEP8 - Neil Grogan",
                "pretext": "[blackteam:develop] 1 new commit by Neil Grogan:",
                "id": 1,
                "color": "4183C4",
                "mrkdwn_in": [
                    "text",
                    "pretext"
                ]
            }
        ],
        "type": "message",
        "subtype": "bot_message",
        "ts": "1436307504.000165"
    },
    {
        "text": "",
        "bot_id": "B056P06D5",
        "attachments": [
            {
                "fallback": "Fixed:  dueyfinster's build (<https:\/\/circleci.com\/gh\/dueyfinster\/blackteam\/227|#227>; push in <https:\/\/circleci.com\/gh\/dueyfinster\/blackteam|dueyfinster\/blackteam> (<https:\/\/circleci.com\/gh\/dueyfinster\/blackteam\/tree\/develop|develop>)\n - Added more unit tests (<https:\/\/github.com\/dueyfinster\/blackteam\/commit\/2c5cb3222bffba343fb495c12048da59ec125875|2c5cb32> by Neil Grogan)\n",
                "text": "Fixed:  dueyfinster's build (<https:\/\/circleci.com\/gh\/dueyfinster\/blackteam\/227|#227>; push in <https:\/\/circleci.com\/gh\/dueyfinster\/blackteam|dueyfinster\/blackteam> (<https:\/\/circleci.com\/gh\/dueyfinster\/blackteam\/tree\/develop|develop>)\n - Added more unit tests (<https:\/\/github.com\/dueyfinster\/blackteam\/commit\/2c5cb3222bffba343fb495c12048da59ec125875|2c5cb32> by Neil Grogan)\n",
                "id": 1,
                "color": "41aa58"
            }
        ],
        "type": "message",
        "subtype": "bot_message",
        "ts": "1436307553.000166"
    },
    {
        "text": "",
        "bot_id": "B052T590M",
        "attachments": [
            {
                "fallback": "[blackteam:develop] <https:\/\/github.com\/dueyfinster\/blackteam\/commit\/72d469d|1 new commit> by Neil Grogan",
                "text": "<https:\/\/github.com\/dueyfinster\/blackteam\/commit\/72d469d|72d469d>: Formatted NLP code with PEP8 - Neil Grogan",
                "pretext": "[blackteam:develop] 1 new commit by Neil Grogan:",
                "id": 1,
                "color": "4183C4",
                "mrkdwn_in": [
                    "text",
                    "pretext"
                ]
            }
        ],
        "type": "message",
        "subtype": "bot_message",
        "ts": "1436307616.000167"
    },
    {
        "text": "",
        "bot_id": "B0506GF16",
        "attachments": [
            {
                "fallback": "Build <https:\/\/magnum.travis-ci.com\/dueyfinster\/blackteam\/builds\/13422064|#151> (<https:\/\/github.com\/dueyfinster\/blackteam\/compare\/04ca93026efa...2c5cb3222bff|2c5cb32>) of dueyfinster\/blackteam@develop by Neil Grogan passed in 4 min 18 sec",
                "text": "Build <https:\/\/magnum.travis-ci.com\/dueyfinster\/blackteam\/builds\/13422064|#151> (<https:\/\/github.com\/dueyfinster\/blackteam\/compare\/04ca93026efa...2c5cb3222bff|2c5cb32>) of dueyfinster\/blackteam@develop by Neil Grogan passed in 4 min 18 sec",
                "id": 1,
                "color": "36a64f"
            }
        ],
        "type": "message",
        "subtype": "bot_message",
        "ts": "1436307634.000168"
    },
    {
        "text": "",
        "bot_id": "B052T590M",
        "attachments": [
            {
                "fallback": "[blackteam:develop] <https:\/\/github.com\/dueyfinster\/blackteam\/commit\/b936d81|1 new commit> by Neil Grogan",
                "text": "<https:\/\/github.com\/dueyfinster\/blackteam\/commit\/b936d81|b936d81>: Formatted DButils with pep8 - Neil Grogan",
                "pretext": "[blackteam:develop] 1 new commit by Neil Grogan:",
                "id": 1,
                "color": "4183C4",
                "mrkdwn_in": [
                    "text",
                    "pretext"
                ]
            }
        ],
        "type": "message",
        "subtype": "bot_message",
        "ts": "1436307735.000169"
    },
    {
        "text": "",
        "bot_id": "B056P06D5",
        "attachments": [
            {
                "fallback": "Failed:  dueyfinster's build (<https:\/\/circleci.com\/gh\/dueyfinster\/blackteam\/228|#228>; push in <https:\/\/circleci.com\/gh\/dueyfinster\/blackteam|dueyfinster\/blackteam> (<https:\/\/circleci.com\/gh\/dueyfinster\/blackteam\/tree\/develop|develop>)\n - Formatted unit tests and celery tasks with PEP8 (<https:\/\/github.com\/dueyfinster\/blackteam\/commit\/dcac7f54f05460fd9f9de7ec7a32984feeee987f|dcac7f5> by Neil Grogan)\n",
                "text": "Failed:  dueyfinster's build (<https:\/\/circleci.com\/gh\/dueyfinster\/blackteam\/228|#228>; push in <https:\/\/circleci.com\/gh\/dueyfinster\/blackteam|dueyfinster\/blackteam> (<https:\/\/circleci.com\/gh\/dueyfinster\/blackteam\/tree\/develop|develop>)\n - Formatted unit tests and celery tasks with PEP8 (<https:\/\/github.com\/dueyfinster\/blackteam\/commit\/dcac7f54f05460fd9f9de7ec7a32984feeee987f|dcac7f5> by Neil Grogan)\n",
                "id": 1,
                "color": "d10c20"
            }
        ],
        "type": "message",
        "subtype": "bot_message",
        "ts": "1436307768.000170"
    },
    {
        "text": "",
        "bot_id": "B052T590M",
        "attachments": [
            {
                "fallback": "[blackteam:develop] <https:\/\/github.com\/dueyfinster\/blackteam\/commit\/986350f|1 new commit> by Neil Grogan",
                "text": "<https:\/\/github.com\/dueyfinster\/blackteam\/commit\/986350f|986350f>: Formatted models with PEP8 - Neil Grogan",
                "pretext": "[blackteam:develop] 1 new commit by Neil Grogan:",
                "id": 1,
                "color": "4183C4",
                "mrkdwn_in": [
                    "text",
                    "pretext"
                ]
            }
        ],
        "type": "message",
        "subtype": "bot_message",
        "ts": "1436307810.000171"
    },
    {
        "text": "",
        "bot_id": "B0506GF16",
        "attachments": [
            {
                "fallback": "Build <https:\/\/magnum.travis-ci.com\/dueyfinster\/blackteam\/builds\/13422166|#152> (<https:\/\/github.com\/dueyfinster\/blackteam\/compare\/2c5cb3222bff...dcac7f54f054|dcac7f5>) of dueyfinster\/blackteam@develop by Neil Grogan passed in 4 min 7 sec",
                "text": "Build <https:\/\/magnum.travis-ci.com\/dueyfinster\/blackteam\/builds\/13422166|#152> (<https:\/\/github.com\/dueyfinster\/blackteam\/compare\/2c5cb3222bff...dcac7f54f054|dcac7f5>) of dueyfinster\/blackteam@develop by Neil Grogan passed in 4 min 7 sec",
                "id": 1,
                "color": "36a64f"
            }
        ],
        "type": "message",
        "subtype": "bot_message",
        "ts": "1436307898.000172"
    },
    {
        "text": "",
        "bot_id": "B056P06D5",
        "attachments": [
            {
                "fallback": "Failed:  dueyfinster's build (<https:\/\/circleci.com\/gh\/dueyfinster\/blackteam\/229|#229>; push in <https:\/\/circleci.com\/gh\/dueyfinster\/blackteam|dueyfinster\/blackteam> (<https:\/\/circleci.com\/gh\/dueyfinster\/blackteam\/tree\/develop|develop>)\n - Formatted NLP code with PEP8 (<https:\/\/github.com\/dueyfinster\/blackteam\/commit\/72d469d85a7c184844c1589c96e8fc86674e18da|72d469d> by Neil Grogan)\n",
                "text": "Failed:  dueyfinster's build (<https:\/\/circleci.com\/gh\/dueyfinster\/blackteam\/229|#229>; push in <https:\/\/circleci.com\/gh\/dueyfinster\/blackteam|dueyfinster\/blackteam> (<https:\/\/circleci.com\/gh\/dueyfinster\/blackteam\/tree\/develop|develop>)\n - Formatted NLP code with PEP8 (<https:\/\/github.com\/dueyfinster\/blackteam\/commit\/72d469d85a7c184844c1589c96e8fc86674e18da|72d469d> by Neil Grogan)\n",
                "id": 1,
                "color": "d10c20"
            }
        ],
        "type": "message",
        "subtype": "bot_message",
        "ts": "1436307909.000173"
    },
    {
        "text": "",
        "bot_id": "B056P06D5",
        "attachments": [
            {
                "fallback": "Fixed:  dueyfinster's build (<https:\/\/circleci.com\/gh\/dueyfinster\/blackteam\/230|#230>; push in <https:\/\/circleci.com\/gh\/dueyfinster\/blackteam|dueyfinster\/blackteam> (<https:\/\/circleci.com\/gh\/dueyfinster\/blackteam\/tree\/develop|develop>)\n - Formatted DButils with pep8 (<https:\/\/github.com\/dueyfinster\/blackteam\/commit\/b936d81904597d32a8affb9140f77da23d295fbe|b936d81> by Neil Grogan)\n",
                "text": "Fixed:  dueyfinster's build (<https:\/\/circleci.com\/gh\/dueyfinster\/blackteam\/230|#230>; push in <https:\/\/circleci.com\/gh\/dueyfinster\/blackteam|dueyfinster\/blackteam> (<https:\/\/circleci.com\/gh\/dueyfinster\/blackteam\/tree\/develop|develop>)\n - Formatted DButils with pep8 (<https:\/\/github.com\/dueyfinster\/blackteam\/commit\/b936d81904597d32a8affb9140f77da23d295fbe|b936d81> by Neil Grogan)\n",
                "id": 1,
                "color": "41aa58"
            }
        ],
        "type": "message",
        "subtype": "bot_message",
        "ts": "1436308131.000174"
    },
    {
        "text": "",
        "bot_id": "B0506GF16",
        "attachments": [
            {
                "fallback": "Build <https:\/\/magnum.travis-ci.com\/dueyfinster\/blackteam\/builds\/13422228|#153> (<https:\/\/github.com\/dueyfinster\/blackteam\/compare\/dcac7f54f054...72d469d85a7c|72d469d>) of dueyfinster\/blackteam@develop by Neil Grogan passed in 3 min 57 sec",
                "text": "Build <https:\/\/magnum.travis-ci.com\/dueyfinster\/blackteam\/builds\/13422228|#153> (<https:\/\/github.com\/dueyfinster\/blackteam\/compare\/dcac7f54f054...72d469d85a7c|72d469d>) of dueyfinster\/blackteam@develop by Neil Grogan passed in 3 min 57 sec",
                "id": 1,
                "color": "36a64f"
            }
        ],
        "type": "message",
        "subtype": "bot_message",
        "ts": "1436308144.000175"
    },
    {
        "text": "",
        "bot_id": "B056P06D5",
        "attachments": [
            {
                "fallback": "Failed:  dueyfinster's build (<https:\/\/circleci.com\/gh\/dueyfinster\/blackteam\/231|#231>; push in <https:\/\/circleci.com\/gh\/dueyfinster\/blackteam|dueyfinster\/blackteam> (<https:\/\/circleci.com\/gh\/dueyfinster\/blackteam\/tree\/develop|develop>)\n - Formatted models with PEP8 (<https:\/\/github.com\/dueyfinster\/blackteam\/commit\/986350f0525d95879d5e2894dd66db3811fe87ec|986350f> by Neil Grogan)\n",
                "text": "Failed:  dueyfinster's build (<https:\/\/circleci.com\/gh\/dueyfinster\/blackteam\/231|#231>; push in <https:\/\/circleci.com\/gh\/dueyfinster\/blackteam|dueyfinster\/blackteam> (<https:\/\/circleci.com\/gh\/dueyfinster\/blackteam\/tree\/develop|develop>)\n - Formatted models with PEP8 (<https:\/\/github.com\/dueyfinster\/blackteam\/commit\/986350f0525d95879d5e2894dd66db3811fe87ec|986350f> by Neil Grogan)\n",
                "id": 1,
                "color": "d10c20"
            }
        ],
        "type": "message",
        "subtype": "bot_message",
        "ts": "1436308329.000176"
    },
    {
        "text": "",
        "bot_id": "B0506GF16",
        "attachments": [
            {
                "fallback": "Build <https:\/\/magnum.travis-ci.com\/dueyfinster\/blackteam\/builds\/13422288|#154> (<https:\/\/github.com\/dueyfinster\/blackteam\/compare\/72d469d85a7c...b936d8190459|b936d81>) of dueyfinster\/blackteam@develop by Neil Grogan passed in 3 min 53 sec",
                "text": "Build <https:\/\/magnum.travis-ci.com\/dueyfinster\/blackteam\/builds\/13422288|#154> (<https:\/\/github.com\/dueyfinster\/blackteam\/compare\/72d469d85a7c...b936d8190459|b936d81>) of dueyfinster\/blackteam@develop by Neil Grogan passed in 3 min 53 sec",
                "id": 1,
                "color": "36a64f"
            }
        ],
        "type": "message",
        "subtype": "bot_message",
        "ts": "1436308389.000177"
    },
    {
        "text": "",
        "bot_id": "B052T590M",
        "attachments": [
            {
                "fallback": "[blackteam:develop] <https:\/\/github.com\/dueyfinster\/blackteam\/commit\/ea33dd4|1 new commit> by Neil Grogan",
                "text": "<https:\/\/github.com\/dueyfinster\/blackteam\/commit\/ea33dd4|ea33dd4>: Refactored unit tests into view tests and model tests - Neil Grogan",
                "pretext": "[blackteam:develop] 1 new commit by Neil Grogan:",
                "id": 1,
                "color": "4183C4",
                "mrkdwn_in": [
                    "text",
                    "pretext"
                ]
            }
        ],
        "type": "message",
        "subtype": "bot_message",
        "ts": "1436308557.000178"
    },
    {
        "text": "",
        "bot_id": "B0506GF16",
        "attachments": [
            {
                "fallback": "Build <https:\/\/magnum.travis-ci.com\/dueyfinster\/blackteam\/builds\/13422330|#155> (<https:\/\/github.com\/dueyfinster\/blackteam\/compare\/b936d8190459...986350f0525d|986350f>) of dueyfinster\/blackteam@develop by Neil Grogan passed in 3 min 42 sec",
                "text": "Build <https:\/\/magnum.travis-ci.com\/dueyfinster\/blackteam\/builds\/13422330|#155> (<https:\/\/github.com\/dueyfinster\/blackteam\/compare\/b936d8190459...986350f0525d|986350f>) of dueyfinster\/blackteam@develop by Neil Grogan passed in 3 min 42 sec",
                "id": 1,
                "color": "36a64f"
            }
        ],
        "type": "message",
        "subtype": "bot_message",
        "ts": "1436308631.000179"
    },
    {
        "text": "",
        "bot_id": "B056P06D5",
        "attachments": [
            {
                "fallback": "Fixed:  dueyfinster's build (<https:\/\/circleci.com\/gh\/dueyfinster\/blackteam\/232|#232>; push in <https:\/\/circleci.com\/gh\/dueyfinster\/blackteam|dueyfinster\/blackteam> (<https:\/\/circleci.com\/gh\/dueyfinster\/blackteam\/tree\/develop|develop>)\n - Refactored unit tests into view tests and model tests (<https:\/\/github.com\/dueyfinster\/blackteam\/commit\/ea33dd42e2709d8ac6631960ad717c7eee5b483d|ea33dd4> by Neil Grogan)\n",
                "text": "Fixed:  dueyfinster's build (<https:\/\/circleci.com\/gh\/dueyfinster\/blackteam\/232|#232>; push in <https:\/\/circleci.com\/gh\/dueyfinster\/blackteam|dueyfinster\/blackteam> (<https:\/\/circleci.com\/gh\/dueyfinster\/blackteam\/tree\/develop|develop>)\n - Refactored unit tests into view tests and model tests (<https:\/\/github.com\/dueyfinster\/blackteam\/commit\/ea33dd42e2709d8ac6631960ad717c7eee5b483d|ea33dd4> by Neil Grogan)\n",
                "id": 1,
                "color": "41aa58"
            }
        ],
        "type": "message",
        "subtype": "bot_message",
        "ts": "1436308725.000180"
    },
    {
        "text": "",
        "bot_id": "B0506GF16",
        "attachments": [
            {
                "fallback": "Build <https:\/\/magnum.travis-ci.com\/dueyfinster\/blackteam\/builds\/13422741|#156> (<https:\/\/github.com\/dueyfinster\/blackteam\/compare\/986350f0525d...ea33dd42e270|ea33dd4>) of dueyfinster\/blackteam@develop by Neil Grogan passed in 4 min 55 sec",
                "text": "Build <https:\/\/magnum.travis-ci.com\/dueyfinster\/blackteam\/builds\/13422741|#156> (<https:\/\/github.com\/dueyfinster\/blackteam\/compare\/986350f0525d...ea33dd42e270|ea33dd4>) of dueyfinster\/blackteam@develop by Neil Grogan passed in 4 min 55 sec",
                "id": 1,
                "color": "36a64f"
            }
        ],
        "type": "message",
        "subtype": "bot_message",
        "ts": "1436308931.000181"
    },
    {
        "text": "",
        "bot_id": "B052T590M",
        "attachments": [
            {
                "fallback": "[blackteam:develop] <https:\/\/github.com\/dueyfinster\/blackteam\/commit\/996ef45|1 new commit> by Neil Grogan",
                "text": "<https:\/\/github.com\/dueyfinster\/blackteam\/commit\/996ef45|996ef45>: Added storage in postgres for UserTopics - Neil Grogan",
                "pretext": "[blackteam:develop] 1 new commit by Neil Grogan:",
                "id": 1,
                "color": "4183C4",
                "mrkdwn_in": [
                    "text",
                    "pretext"
                ]
            }
        ],
        "type": "message",
        "subtype": "bot_message",
        "ts": "1436309607.000182"
    },
    {
        "text": "",
        "bot_id": "B056P06D5",
        "attachments": [
            {
                "fallback": "Success:  dueyfinster's build (<https:\/\/circleci.com\/gh\/dueyfinster\/blackteam\/233|#233>; push in <https:\/\/circleci.com\/gh\/dueyfinster\/blackteam|dueyfinster\/blackteam> (<https:\/\/circleci.com\/gh\/dueyfinster\/blackteam\/tree\/develop|develop>)\n - Added storage in postgres for UserTopics (<https:\/\/github.com\/dueyfinster\/blackteam\/commit\/996ef45d2b51a356d8aa483e03994cf5a9628672|996ef45> by Neil Grogan)\n",
                "text": "Success:  dueyfinster's build (<https:\/\/circleci.com\/gh\/dueyfinster\/blackteam\/233|#233>; push in <https:\/\/circleci.com\/gh\/dueyfinster\/blackteam|dueyfinster\/blackteam> (<https:\/\/circleci.com\/gh\/dueyfinster\/blackteam\/tree\/develop|develop>)\n - Added storage in postgres for UserTopics (<https:\/\/github.com\/dueyfinster\/blackteam\/commit\/996ef45d2b51a356d8aa483e03994cf5a9628672|996ef45> by Neil Grogan)\n",
                "id": 1,
                "color": "41aa58"
            }
        ],
        "type": "message",
        "subtype": "bot_message",
        "ts": "1436309807.000183"
    },
    {
        "text": "",
        "bot_id": "B052T590M",
        "attachments": [
            {
                "fallback": "[blackteam:develop] <https:\/\/github.com\/dueyfinster\/blackteam\/commit\/018134a|1 new commit> by Neil Grogan",
                "text": "<https:\/\/github.com\/dueyfinster\/blackteam\/commit\/018134a|018134a>: Added unit tests for usertopic model - Neil Grogan",
                "pretext": "[blackteam:develop] 1 new commit by Neil Grogan:",
                "id": 1,
                "color": "4183C4",
                "mrkdwn_in": [
                    "text",
                    "pretext"
                ]
            }
        ],
        "type": "message",
        "subtype": "bot_message",
        "ts": "1436309845.000184"
    },
    {
        "text": "",
        "bot_id": "B0506GF16",
        "attachments": [
            {
                "fallback": "Build <https:\/\/magnum.travis-ci.com\/dueyfinster\/blackteam\/builds\/13423257|#157> (<https:\/\/github.com\/dueyfinster\/blackteam\/compare\/ea33dd42e270...996ef45d2b51|996ef45>) of dueyfinster\/blackteam@develop by Neil Grogan passed in 3 min 47 sec",
                "text": "Build <https:\/\/magnum.travis-ci.com\/dueyfinster\/blackteam\/builds\/13423257|#157> (<https:\/\/github.com\/dueyfinster\/blackteam\/compare\/ea33dd42e270...996ef45d2b51|996ef45>) of dueyfinster\/blackteam@develop by Neil Grogan passed in 3 min 47 sec",
                "id": 1,
                "color": "36a64f"
            }
        ],
        "type": "message",
        "subtype": "bot_message",
        "ts": "1436309867.000185"
    },
    {
        "text": "",
        "bot_id": "B056P06D5",
        "attachments": [
            {
                "fallback": "Success:  dueyfinster's build (<https:\/\/circleci.com\/gh\/dueyfinster\/blackteam\/234|#234>; push in <https:\/\/circleci.com\/gh\/dueyfinster\/blackteam|dueyfinster\/blackteam> (<https:\/\/circleci.com\/gh\/dueyfinster\/blackteam\/tree\/develop|develop>)\n - Added unit tests for usertopic model (<https:\/\/github.com\/dueyfinster\/blackteam\/commit\/018134a1c676d181ad214f680f726517e3b23ee8|018134a> by Neil Grogan)\n",
                "text": "Success:  dueyfinster's build (<https:\/\/circleci.com\/gh\/dueyfinster\/blackteam\/234|#234>; push in <https:\/\/circleci.com\/gh\/dueyfinster\/blackteam|dueyfinster\/blackteam> (<https:\/\/circleci.com\/gh\/dueyfinster\/blackteam\/tree\/develop|develop>)\n - Added unit tests for usertopic model (<https:\/\/github.com\/dueyfinster\/blackteam\/commit\/018134a1c676d181ad214f680f726517e3b23ee8|018134a> by Neil Grogan)\n",
                "id": 1,
                "color": "41aa58"
            }
        ],
        "type": "message",
        "subtype": "bot_message",
        "ts": "1436310087.000186"
    },
    {
        "text": "",
        "bot_id": "B0506GF16",
        "attachments": [
            {
                "fallback": "Build <https:\/\/magnum.travis-ci.com\/dueyfinster\/blackteam\/builds\/13423391|#158> (<https:\/\/github.com\/dueyfinster\/blackteam\/compare\/996ef45d2b51...018134a1c676|018134a>) of dueyfinster\/blackteam@develop by Neil Grogan passed in 4 min 6 sec",
                "text": "Build <https:\/\/magnum.travis-ci.com\/dueyfinster\/blackteam\/builds\/13423391|#158> (<https:\/\/github.com\/dueyfinster\/blackteam\/compare\/996ef45d2b51...018134a1c676|018134a>) of dueyfinster\/blackteam@develop by Neil Grogan passed in 4 min 6 sec",
                "id": 1,
                "color": "36a64f"
            }
        ],
        "type": "message",
        "subtype": "bot_message",
        "ts": "1436310121.000187"
    },
    {
        "text": "",
        "bot_id": "B052T590M",
        "attachments": [
            {
                "fallback": "[blackteam:develop] <https:\/\/github.com\/dueyfinster\/blackteam\/commit\/034ae56|1 new commit> by Neil Grogan",
                "text": "<https:\/\/github.com\/dueyfinster\/blackteam\/commit\/034ae56|034ae56>: Added a styled page to show topics - Neil Grogan",
                "pretext": "[blackteam:develop] 1 new commit by Neil Grogan:",
                "id": 1,
                "color": "4183C4",
                "mrkdwn_in": [
                    "text",
                    "pretext"
                ]
            }
        ],
        "type": "message",
        "subtype": "bot_message",
        "ts": "1436310602.000188"
    },
    {
        "text": "",
        "bot_id": "B056P06D5",
        "attachments": [
            {
                "fallback": "Success:  dueyfinster's build (<https:\/\/circleci.com\/gh\/dueyfinster\/blackteam\/235|#235>; push in <https:\/\/circleci.com\/gh\/dueyfinster\/blackteam|dueyfinster\/blackteam> (<https:\/\/circleci.com\/gh\/dueyfinster\/blackteam\/tree\/develop|develop>)\n - Added a styled page to show topics (<https:\/\/github.com\/dueyfinster\/blackteam\/commit\/034ae56a41f858a801c0786a27ed56b6f909c892|034ae56> by Neil Grogan)\n",
                "text": "Success:  dueyfinster's build (<https:\/\/circleci.com\/gh\/dueyfinster\/blackteam\/235|#235>; push in <https:\/\/circleci.com\/gh\/dueyfinster\/blackteam|dueyfinster\/blackteam> (<https:\/\/circleci.com\/gh\/dueyfinster\/blackteam\/tree\/develop|develop>)\n - Added a styled page to show topics (<https:\/\/github.com\/dueyfinster\/blackteam\/commit\/034ae56a41f858a801c0786a27ed56b6f909c892|034ae56> by Neil Grogan)\n",
                "id": 1,
                "color": "41aa58"
            }
        ],
        "type": "message",
        "subtype": "bot_message",
        "ts": "1436310789.000189"
    },
    {
        "text": "",
        "bot_id": "B0506GF16",
        "attachments": [
            {
                "fallback": "Build <https:\/\/magnum.travis-ci.com\/dueyfinster\/blackteam\/builds\/13423794|#159> (<https:\/\/github.com\/dueyfinster\/blackteam\/compare\/018134a1c676...034ae56a41f8|034ae56>) of dueyfinster\/blackteam@develop by Neil Grogan passed in 3 min 47 sec",
                "text": "Build <https:\/\/magnum.travis-ci.com\/dueyfinster\/blackteam\/builds\/13423794|#159> (<https:\/\/github.com\/dueyfinster\/blackteam\/compare\/018134a1c676...034ae56a41f8|034ae56>) of dueyfinster\/blackteam@develop by Neil Grogan passed in 3 min 47 sec",
                "id": 1,
                "color": "36a64f"
            }
        ],
        "type": "message",
        "subtype": "bot_message",
        "ts": "1436310874.000190"
    },
    {
        "text": "",
        "bot_id": "B052T590M",
        "attachments": [
            {
                "fallback": "[blackteam:develop] <https:\/\/github.com\/dueyfinster\/blackteam\/commit\/a55a679|1 new commit> by Neil Grogan",
                "text": "<https:\/\/github.com\/dueyfinster\/blackteam\/commit\/a55a679|a55a679>: Rudimentary storing of user topics from user on page - Neil Grogan",
                "pretext": "[blackteam:develop] 1 new commit by Neil Grogan:",
                "id": 1,
                "color": "4183C4",
                "mrkdwn_in": [
                    "text",
                    "pretext"
                ]
            }
        ],
        "type": "message",
        "subtype": "bot_message",
        "ts": "1436312027.000191"
    },
    {
        "text": "",
        "bot_id": "B056P06D5",
        "attachments": [
            {
                "fallback": "Success:  dueyfinster's build (<https:\/\/circleci.com\/gh\/dueyfinster\/blackteam\/236|#236>; push in <https:\/\/circleci.com\/gh\/dueyfinster\/blackteam|dueyfinster\/blackteam> (<https:\/\/circleci.com\/gh\/dueyfinster\/blackteam\/tree\/develop|develop>)\n - Rudimentary storing of user topics from user on page (<https:\/\/github.com\/dueyfinster\/blackteam\/commit\/a55a679c9e97a75d4e57a3c0dee313fe5424df90|a55a679> by Neil Grogan)\n",
                "text": "Success:  dueyfinster's build (<https:\/\/circleci.com\/gh\/dueyfinster\/blackteam\/236|#236>; push in <https:\/\/circleci.com\/gh\/dueyfinster\/blackteam|dueyfinster\/blackteam> (<https:\/\/circleci.com\/gh\/dueyfinster\/blackteam\/tree\/develop|develop>)\n - Rudimentary storing of user topics from user on page (<https:\/\/github.com\/dueyfinster\/blackteam\/commit\/a55a679c9e97a75d4e57a3c0dee313fe5424df90|a55a679> by Neil Grogan)\n",
                "id": 1,
                "color": "41aa58"
            }
        ],
        "type": "message",
        "subtype": "bot_message",
        "ts": "1436312223.000192"
    },
    {
        "text": "",
        "bot_id": "B0506GF16",
        "attachments": [
            {
                "fallback": "Build <https:\/\/magnum.travis-ci.com\/dueyfinster\/blackteam\/builds\/13424372|#160> (<https:\/\/github.com\/dueyfinster\/blackteam\/compare\/034ae56a41f8...a55a679c9e97|a55a679>) of dueyfinster\/blackteam@develop by Neil Grogan passed in 4 min 22 sec",
                "text": "Build <https:\/\/magnum.travis-ci.com\/dueyfinster\/blackteam\/builds\/13424372|#160> (<https:\/\/github.com\/dueyfinster\/blackteam\/compare\/034ae56a41f8...a55a679c9e97|a55a679>) of dueyfinster\/blackteam@develop by Neil Grogan passed in 4 min 22 sec",
                "id": 1,
                "color": "36a64f"
            }
        ],
        "type": "message",
        "subtype": "bot_message",
        "ts": "1436312327.000193"
    },
    {
        "text": "",
        "bot_id": "B052T590M",
        "attachments": [
            {
                "fallback": "[blackteam:develop] <https:\/\/github.com\/dueyfinster\/blackteam\/commit\/2138e67|1 new commit> by Neil Grogan",
                "text": "<https:\/\/github.com\/dueyfinster\/blackteam\/commit\/2138e67|2138e67>: Improved formatting for view code - PEP8 - Neil Grogan",
                "pretext": "[blackteam:develop] 1 new commit by Neil Grogan:",
                "id": 1,
                "color": "4183C4",
                "mrkdwn_in": [
                    "text",
                    "pretext"
                ]
            }
        ],
        "type": "message",
        "subtype": "bot_message",
        "ts": "1436312488.000194"
    },
    {
        "text": "",
        "bot_id": "B056P06D5",
        "attachments": [
            {
                "fallback": "Success:  dueyfinster's build (<https:\/\/circleci.com\/gh\/dueyfinster\/blackteam\/237|#237>; push in <https:\/\/circleci.com\/gh\/dueyfinster\/blackteam|dueyfinster\/blackteam> (<https:\/\/circleci.com\/gh\/dueyfinster\/blackteam\/tree\/develop|develop>)\n - Improved formatting for view code - PEP8 (<https:\/\/github.com\/dueyfinster\/blackteam\/commit\/2138e6743644fa830cf1b0bda6554e2790c9881b|2138e67> by Neil Grogan)\n",
                "text": "Success:  dueyfinster's build (<https:\/\/circleci.com\/gh\/dueyfinster\/blackteam\/237|#237>; push in <https:\/\/circleci.com\/gh\/dueyfinster\/blackteam|dueyfinster\/blackteam> (<https:\/\/circleci.com\/gh\/dueyfinster\/blackteam\/tree\/develop|develop>)\n - Improved formatting for view code - PEP8 (<https:\/\/github.com\/dueyfinster\/blackteam\/commit\/2138e6743644fa830cf1b0bda6554e2790c9881b|2138e67> by Neil Grogan)\n",
                "id": 1,
                "color": "41aa58"
            }
        ],
        "type": "message",
        "subtype": "bot_message",
        "ts": "1436312663.000195"
    },
    {
        "text": "",
        "bot_id": "B0506GF16",
        "attachments": [
            {
                "fallback": "Build <https:\/\/magnum.travis-ci.com\/dueyfinster\/blackteam\/builds\/13424556|#161> (<https:\/\/github.com\/dueyfinster\/blackteam\/compare\/a55a679c9e97...2138e6743644|2138e67>) of dueyfinster\/blackteam@develop by Neil Grogan passed in 3 min 47 sec",
                "text": "Build <https:\/\/magnum.travis-ci.com\/dueyfinster\/blackteam\/builds\/13424556|#161> (<https:\/\/github.com\/dueyfinster\/blackteam\/compare\/a55a679c9e97...2138e6743644|2138e67>) of dueyfinster\/blackteam@develop by Neil Grogan passed in 3 min 47 sec",
                "id": 1,
                "color": "36a64f"
            }
        ],
        "type": "message",
        "subtype": "bot_message",
        "ts": "1436312743.000196"
    }
]