[
    {
        "text": "",
        "bot_id": "B052T590M",
        "attachments": [
            {
                "fallback": "[blackteam] New branch \"<https:\/\/github.com\/dueyfinster\/blackteam\/tree\/release%2F0.1-179-cd970ac|release\/0.1-179-cd970ac>\" was pushed by OLarry",
                "text": "[blackteam] New branch \"<https:\/\/github.com\/dueyfinster\/blackteam\/tree\/release%2F0.1-179-cd970ac|release\/0.1-179-cd970ac>\" was pushed by OLarry",
                "id": 1,
                "color": "4183C4",
                "mrkdwn_in": [
                    "text",
                    "pretext"
                ]
            }
        ],
        "type": "message",
        "subtype": "bot_message",
        "ts": "1434446490.000011"
    },
    {
        "text": "",
        "bot_id": "B052T590M",
        "attachments": [
            {
                "fallback": "[blackteam] New tag <https:\/\/github.com\/dueyfinster\/blackteam\/compare\/v-179-cd970ac|v-179-cd970ac> was pushed by OLarry",
                "text": "[blackteam] New tag <https:\/\/github.com\/dueyfinster\/blackteam\/compare\/v-179-cd970ac|v-179-cd970ac> was pushed by OLarry",
                "id": 1,
                "color": "4183C4",
                "mrkdwn_in": [
                    "text",
                    "pretext"
                ]
            }
        ],
        "type": "message",
        "subtype": "bot_message",
        "ts": "1434446506.000012"
    },
    {
        "text": "",
        "bot_id": "B052T590M",
        "attachments": [
            {
                "fallback": "[blackteam] New tag <https:\/\/github.com\/dueyfinster\/blackteam\/compare\/v0.1-179-cd970ac|v0.1-179-cd970ac> was pushed by OLarry",
                "text": "[blackteam] New tag <https:\/\/github.com\/dueyfinster\/blackteam\/compare\/v0.1-179-cd970ac|v0.1-179-cd970ac> was pushed by OLarry",
                "id": 1,
                "color": "4183C4",
                "mrkdwn_in": [
                    "text",
                    "pretext"
                ]
            }
        ],
        "type": "message",
        "subtype": "bot_message",
        "ts": "1434446506.000013"
    },
    {
        "text": "",
        "bot_id": "B0506GF16",
        "attachments": [
            {
                "fallback": "Build <http:\/\/magnum.travis-ci.com\/dueyfinster\/blackteam\/builds\/12796760|#145> (<https:\/\/github.com\/dueyfinster\/blackteam\/commit\/ae1523f92397|ae1523f>) of dueyfinster\/blackteam@release\/0.1-179-cd970ac by OLarry passed in 1 min 15 sec",
                "text": "Build <http:\/\/magnum.travis-ci.com\/dueyfinster\/blackteam\/builds\/12796760|#145> (<https:\/\/github.com\/dueyfinster\/blackteam\/commit\/ae1523f92397|ae1523f>) of dueyfinster\/blackteam@release\/0.1-179-cd970ac by OLarry passed in 1 min 15 sec",
                "id": 1,
                "color": "36a64f"
            }
        ],
        "type": "message",
        "subtype": "bot_message",
        "ts": "1434446582.000014"
    },
    {
        "text": "",
        "bot_id": "B056P06D5",
        "attachments": [
            {
                "fallback": "Success:  OLarry's build (<https:\/\/circleci.com\/gh\/dueyfinster\/blackteam\/150|#150>; push in <https:\/\/circleci.com\/gh\/dueyfinster\/blackteam|dueyfinster\/blackteam> (<https:\/\/circleci.com\/gh\/dueyfinster\/blackteam\/tree\/release%2F0.1-179-cd970ac|release\/0.1-179-cd970ac>)\n - Bumped version number to 0.1-179-cd970ac (<https:\/\/github.com\/dueyfinster\/blackteam\/commit\/ae1523f9239776b50f7bb44a5e4d9a9d0f35232e|ae1523f> by OLarry)\n",
                "text": "Success:  OLarry's build (<https:\/\/circleci.com\/gh\/dueyfinster\/blackteam\/150|#150>; push in <https:\/\/circleci.com\/gh\/dueyfinster\/blackteam|dueyfinster\/blackteam> (<https:\/\/circleci.com\/gh\/dueyfinster\/blackteam\/tree\/release%2F0.1-179-cd970ac|release\/0.1-179-cd970ac>)\n - Bumped version number to 0.1-179-cd970ac (<https:\/\/github.com\/dueyfinster\/blackteam\/commit\/ae1523f9239776b50f7bb44a5e4d9a9d0f35232e|ae1523f> by OLarry)\n",
                "id": 1,
                "color": "41aa58"
            }
        ],
        "type": "message",
        "subtype": "bot_message",
        "ts": "1434446594.000015"
    },
    {
        "text": "",
        "bot_id": "B0506GF16",
        "attachments": [
            {
                "fallback": "Build <http:\/\/magnum.travis-ci.com\/dueyfinster\/blackteam\/builds\/12796769|#146> (<https:\/\/github.com\/dueyfinster\/blackteam\/compare\/v-179-cd970ac|cd970ac>) of dueyfinster\/blackteam@v-179-cd970ac by OLarry passed in 1 min 9 sec",
                "text": "Build <http:\/\/magnum.travis-ci.com\/dueyfinster\/blackteam\/builds\/12796769|#146> (<https:\/\/github.com\/dueyfinster\/blackteam\/compare\/v-179-cd970ac|cd970ac>) of dueyfinster\/blackteam@v-179-cd970ac by OLarry passed in 1 min 9 sec",
                "id": 1,
                "color": "36a64f"
            }
        ],
        "type": "message",
        "subtype": "bot_message",
        "ts": "1434446661.000016"
    },
    {
        "text": "",
        "bot_id": "B0506GF16",
        "attachments": [
            {
                "fallback": "Build <http:\/\/magnum.travis-ci.com\/dueyfinster\/blackteam\/builds\/12796772|#147> (<https:\/\/github.com\/dueyfinster\/blackteam\/compare\/v0.1-179-cd970ac|ae1523f>) of dueyfinster\/blackteam@v0.1-179-cd970ac by OLarry passed in 1 min 32 sec",
                "text": "Build <http:\/\/magnum.travis-ci.com\/dueyfinster\/blackteam\/builds\/12796772|#147> (<https:\/\/github.com\/dueyfinster\/blackteam\/compare\/v0.1-179-cd970ac|ae1523f>) of dueyfinster\/blackteam@v0.1-179-cd970ac by OLarry passed in 1 min 32 sec",
                "id": 1,
                "color": "36a64f"
            }
        ],
        "type": "message",
        "subtype": "bot_message",
        "ts": "1434446758.000017"
    },
    {
        "text": "",
        "bot_id": "B052T590M",
        "attachments": [
            {
                "fallback": "[blackteam] New tag <https:\/\/github.com\/dueyfinster\/blackteam\/commit\/855027c52cba|0.1-179-cd970ac> was pushed by OLarry",
                "text": "[blackteam] New tag <https:\/\/github.com\/dueyfinster\/blackteam\/commit\/855027c52cba|0.1-179-cd970ac> was pushed by OLarry",
                "id": 1,
                "color": "4183C4",
                "mrkdwn_in": [
                    "text",
                    "pretext"
                ]
            }
        ],
        "type": "message",
        "subtype": "bot_message",
        "ts": "1434493503.000018"
    },
    {
        "text": "",
        "bot_id": "B0506GF16",
        "attachments": [
            {
                "fallback": "Build <http:\/\/magnum.travis-ci.com\/dueyfinster\/blackteam\/builds\/12826221|#148> (<https:\/\/github.com\/dueyfinster\/blackteam\/commit\/855027c52cba|855027c>) of dueyfinster\/blackteam@0.1-179-cd970ac by OLarry passed in 2 min 3 sec",
                "text": "Build <http:\/\/magnum.travis-ci.com\/dueyfinster\/blackteam\/builds\/12826221|#148> (<https:\/\/github.com\/dueyfinster\/blackteam\/commit\/855027c52cba|855027c>) of dueyfinster\/blackteam@0.1-179-cd970ac by OLarry passed in 2 min 3 sec",
                "id": 1,
                "color": "36a64f"
            }
        ],
        "type": "message",
        "subtype": "bot_message",
        "ts": "1434493668.000019"
    }
]