[
    {
        "text": "",
        "bot_id": "B052T590M",
        "attachments": [
            {
                "fallback": "[blackteam:develop] <https:\/\/github.com\/dueyfinster\/blackteam\/commit\/7d0cca1|1 new commit> by Neil Grogan",
                "text": "<https:\/\/github.com\/dueyfinster\/blackteam\/commit\/7d0cca1|7d0cca1>: Updated crispy form - Neil Grogan",
                "pretext": "[blackteam:develop] 1 new commit by Neil Grogan:",
                "id": 1,
                "color": "4183C4",
                "mrkdwn_in": [
                    "text",
                    "pretext"
                ]
            }
        ],
        "type": "message",
        "subtype": "bot_message",
        "ts": "1436986763.000281"
    },
    {
        "text": "",
        "bot_id": "B056P06D5",
        "attachments": [
            {
                "fallback": "Failed:  dueyfinster's build (<https:\/\/circleci.com\/gh\/dueyfinster\/blackteam\/267|#267>; push in <https:\/\/circleci.com\/gh\/dueyfinster\/blackteam|dueyfinster\/blackteam> (<https:\/\/circleci.com\/gh\/dueyfinster\/blackteam\/tree\/develop|develop>)\n - Updated crispy form (<https:\/\/github.com\/dueyfinster\/blackteam\/commit\/7d0cca1b40cc82636152f15ec08b55d8cc356dcb|7d0cca1> by Neil Grogan)\n",
                "text": "Failed:  dueyfinster's build (<https:\/\/circleci.com\/gh\/dueyfinster\/blackteam\/267|#267>; push in <https:\/\/circleci.com\/gh\/dueyfinster\/blackteam|dueyfinster\/blackteam> (<https:\/\/circleci.com\/gh\/dueyfinster\/blackteam\/tree\/develop|develop>)\n - Updated crispy form (<https:\/\/github.com\/dueyfinster\/blackteam\/commit\/7d0cca1b40cc82636152f15ec08b55d8cc356dcb|7d0cca1> by Neil Grogan)\n",
                "id": 1,
                "color": "d10c20"
            }
        ],
        "type": "message",
        "subtype": "bot_message",
        "ts": "1436987008.000282"
    },
    {
        "text": "",
        "bot_id": "B0506GF16",
        "attachments": [
            {
                "fallback": "Build <https:\/\/magnum.travis-ci.com\/dueyfinster\/blackteam\/builds\/13665032|#190> (<https:\/\/github.com\/dueyfinster\/blackteam\/compare\/3a49470ff017...7d0cca1b40cc|7d0cca1>) of dueyfinster\/blackteam@develop by Neil Grogan passed in 4 min 6 sec",
                "text": "Build <https:\/\/magnum.travis-ci.com\/dueyfinster\/blackteam\/builds\/13665032|#190> (<https:\/\/github.com\/dueyfinster\/blackteam\/compare\/3a49470ff017...7d0cca1b40cc|7d0cca1>) of dueyfinster\/blackteam@develop by Neil Grogan passed in 4 min 6 sec",
                "id": 1,
                "color": "36a64f"
            }
        ],
        "type": "message",
        "subtype": "bot_message",
        "ts": "1436987031.000283"
    },
    {
        "text": "",
        "bot_id": "B052T590M",
        "attachments": [
            {
                "fallback": "[blackteam:develop] <https:\/\/github.com\/dueyfinster\/blackteam\/commit\/754ebac|1 new commit> by Neil Grogan",
                "text": "<https:\/\/github.com\/dueyfinster\/blackteam\/commit\/754ebac|754ebac>: Updates to remove stuff not used with crispy forms - Neil Grogan",
                "pretext": "[blackteam:develop] 1 new commit by Neil Grogan:",
                "id": 1,
                "color": "4183C4",
                "mrkdwn_in": [
                    "text",
                    "pretext"
                ]
            }
        ],
        "type": "message",
        "subtype": "bot_message",
        "ts": "1436987157.000284"
    },
    {
        "text": "",
        "bot_id": "B056P06D5",
        "attachments": [
            {
                "fallback": "Failed:  dueyfinster's build (<https:\/\/circleci.com\/gh\/dueyfinster\/blackteam\/268|#268>; push in <https:\/\/circleci.com\/gh\/dueyfinster\/blackteam|dueyfinster\/blackteam> (<https:\/\/circleci.com\/gh\/dueyfinster\/blackteam\/tree\/develop|develop>)\n - Updates to remove stuff not used with crispy forms (<https:\/\/github.com\/dueyfinster\/blackteam\/commit\/754ebac0bc301fcb11b572955c399930b7810da6|754ebac> by Neil Grogan)\n",
                "text": "Failed:  dueyfinster's build (<https:\/\/circleci.com\/gh\/dueyfinster\/blackteam\/268|#268>; push in <https:\/\/circleci.com\/gh\/dueyfinster\/blackteam|dueyfinster\/blackteam> (<https:\/\/circleci.com\/gh\/dueyfinster\/blackteam\/tree\/develop|develop>)\n - Updates to remove stuff not used with crispy forms (<https:\/\/github.com\/dueyfinster\/blackteam\/commit\/754ebac0bc301fcb11b572955c399930b7810da6|754ebac> by Neil Grogan)\n",
                "id": 1,
                "color": "d10c20"
            }
        ],
        "type": "message",
        "subtype": "bot_message",
        "ts": "1436987382.000285"
    },
    {
        "text": "",
        "bot_id": "B0506GF16",
        "attachments": [
            {
                "fallback": "Build <https:\/\/magnum.travis-ci.com\/dueyfinster\/blackteam\/builds\/13665314|#191> (<https:\/\/github.com\/dueyfinster\/blackteam\/compare\/7d0cca1b40cc...754ebac0bc30|754ebac>) of dueyfinster\/blackteam@develop by Neil Grogan passed in 3 min 53 sec",
                "text": "Build <https:\/\/magnum.travis-ci.com\/dueyfinster\/blackteam\/builds\/13665314|#191> (<https:\/\/github.com\/dueyfinster\/blackteam\/compare\/7d0cca1b40cc...754ebac0bc30|754ebac>) of dueyfinster\/blackteam@develop by Neil Grogan passed in 3 min 53 sec",
                "id": 1,
                "color": "36a64f"
            }
        ],
        "type": "message",
        "subtype": "bot_message",
        "ts": "1436987418.000286"
    },
    {
        "text": "",
        "bot_id": "B052T590M",
        "attachments": [
            {
                "fallback": "[blackteam:develop] <https:\/\/github.com\/dueyfinster\/blackteam\/commit\/bba9159|1 new commit> by OLarry",
                "text": "<https:\/\/github.com\/dueyfinster\/blackteam\/commit\/bba9159|bba9159>: Add change so topics are saved - OLarry",
                "pretext": "[blackteam:develop] 1 new commit by OLarry:",
                "id": 1,
                "color": "4183C4",
                "mrkdwn_in": [
                    "text",
                    "pretext"
                ]
            }
        ],
        "type": "message",
        "subtype": "bot_message",
        "ts": "1437003568.000287"
    },
    {
        "text": "",
        "bot_id": "B056P06D5",
        "attachments": [
            {
                "fallback": "Failed:  OLarry's build (<https:\/\/circleci.com\/gh\/dueyfinster\/blackteam\/269|#269>; push in <https:\/\/circleci.com\/gh\/dueyfinster\/blackteam|dueyfinster\/blackteam> (<https:\/\/circleci.com\/gh\/dueyfinster\/blackteam\/tree\/develop|develop>)\n - Add change so topics are saved (<https:\/\/github.com\/dueyfinster\/blackteam\/commit\/bba91591d876d4dba51176fb82d8d0beec6c9628|bba9159> by OLarry)\n",
                "text": "Failed:  OLarry's build (<https:\/\/circleci.com\/gh\/dueyfinster\/blackteam\/269|#269>; push in <https:\/\/circleci.com\/gh\/dueyfinster\/blackteam|dueyfinster\/blackteam> (<https:\/\/circleci.com\/gh\/dueyfinster\/blackteam\/tree\/develop|develop>)\n - Add change so topics are saved (<https:\/\/github.com\/dueyfinster\/blackteam\/commit\/bba91591d876d4dba51176fb82d8d0beec6c9628|bba9159> by OLarry)\n",
                "id": 1,
                "color": "d10c20"
            }
        ],
        "type": "message",
        "subtype": "bot_message",
        "ts": "1437003805.000288"
    },
    {
        "text": "",
        "bot_id": "B0506GF16",
        "attachments": [
            {
                "fallback": "Build <https:\/\/magnum.travis-ci.com\/dueyfinster\/blackteam\/builds\/13674846|#192> (<https:\/\/github.com\/dueyfinster\/blackteam\/compare\/754ebac0bc30...bba91591d876|bba9159>) of dueyfinster\/blackteam@develop by OLarry passed in 4 min 20 sec",
                "text": "Build <https:\/\/magnum.travis-ci.com\/dueyfinster\/blackteam\/builds\/13674846|#192> (<https:\/\/github.com\/dueyfinster\/blackteam\/compare\/754ebac0bc30...bba91591d876|bba9159>) of dueyfinster\/blackteam@develop by OLarry passed in 4 min 20 sec",
                "id": 1,
                "color": "36a64f"
            }
        ],
        "type": "message",
        "subtype": "bot_message",
        "ts": "1437003840.000289"
    }
]