[
    {
        "text": "",
        "bot_id": "B054UJWJA",
        "attachments": [
            {
                "fallback": "newsfast-build - #4 Success after 1 min 6 sec (&lt;\/job\/newsfast-build\/4\/|Open&gt;)",
                "id": 1,
                "color": "36a64f",
                "fields": [
                    {
                        "title": "",
                        "value": "newsfast-build - #4 Success after 1 min 6 sec (&lt;\/job\/newsfast-build\/4\/|Open&gt;)",
                        "short": false
                    }
                ]
            }
        ],
        "type": "message",
        "subtype": "bot_message",
        "ts": "1433329825.000012"
    },
    {
        "text": "",
        "bot_id": "B052T590M",
        "attachments": [
            {
                "fallback": "[blackteam:master] <https:\/\/github.com\/dueyfinster\/blackteam\/commit\/c96dd02|1 new commit> by GarryDavitt",
                "text": "<https:\/\/github.com\/dueyfinster\/blackteam\/commit\/c96dd02|c96dd02>: test - GarryDavitt",
                "pretext": "[blackteam:master] 1 new commit by GarryDavitt:",
                "id": 1,
                "color": "4183C4",
                "mrkdwn_in": [
                    "text",
                    "pretext"
                ]
            }
        ],
        "type": "message",
        "subtype": "bot_message",
        "ts": "1433369927.000013"
    },
    {
        "text": "",
        "bot_id": "B0506GF16",
        "attachments": [
            {
                "fallback": "Build <http:\/\/magnum.travis-ci.com\/dueyfinster\/blackteam\/builds\/12468201|#26> (<https:\/\/github.com\/dueyfinster\/blackteam\/compare\/c0c4fdd8adc1...c96dd02bb924|c96dd02>) of dueyfinster\/blackteam@master by GarryDavitt passed in 1 min 15 sec",
                "text": "Build <http:\/\/magnum.travis-ci.com\/dueyfinster\/blackteam\/builds\/12468201|#26> (<https:\/\/github.com\/dueyfinster\/blackteam\/compare\/c0c4fdd8adc1...c96dd02bb924|c96dd02>) of dueyfinster\/blackteam@master by GarryDavitt passed in 1 min 15 sec",
                "id": 1,
                "color": "36a64f"
            }
        ],
        "type": "message",
        "subtype": "bot_message",
        "ts": "1433370035.000014"
    },
    {
        "type": "message",
        "user": "U04UVKDC1",
        "text": "<!channel>:  Here are the details for getting an open shift running application  and CI with django\nTutorials for getting up and running with Openshift, github and Tortoise Git(handy if in windows)\n<https:\/\/www.youtube.com\/watch?v=ljl7qXB7hMQ>\n<https:\/\/www.youtube.com\/watch?v=3wp61fN3AQY>\n<https:\/\/www.youtube.com\/watch?v=sk9NiNlW57o>\n\nInstructions for SSH to servers\n<https:\/\/developers.openshift.com\/en\/managing-remote-connection.html>\n\nHere is the jenkins link <https:\/\/jenkins-groupblackteam.rhcloud.com\/>\nHere is the application link <http:\/\/newsfast-groupblackteam.rhcloud.com\/>\n\nIf you like you can set up an account in openshift and I can add you to the openshift project once you give me the openshift username.\n\nI managed to get docker running on my laptop  as well and think it is better option as lecturers would prefer us to use containers. Good to do above anyway and have as a backup. But maybe we could use the jenkins on openshift instead\/with travis, we will see I suppose.",
        "ts": "1433372681.000015"
    }
]