[
    {
        "text": "",
        "bot_id": "B052T590M",
        "attachments": [
            {
                "fallback": "[blackteam:develop] <https:\/\/github.com\/dueyfinster\/blackteam\/commit\/0ac2c9f|1 new commit> by Neil Grogan",
                "text": "<https:\/\/github.com\/dueyfinster\/blackteam\/commit\/0ac2c9f|0ac2c9f>: Remove unused forum code - Neil Grogan",
                "pretext": "[blackteam:develop] 1 new commit by Neil Grogan:",
                "id": 1,
                "color": "4183C4",
                "mrkdwn_in": [
                    "text",
                    "pretext"
                ]
            }
        ],
        "type": "message",
        "subtype": "bot_message",
        "ts": "1437072553.000290"
    },
    {
        "text": "",
        "bot_id": "B056P06D5",
        "attachments": [
            {
                "fallback": "Failed:  dueyfinster's build (<https:\/\/circleci.com\/gh\/dueyfinster\/blackteam\/270|#270>; push in <https:\/\/circleci.com\/gh\/dueyfinster\/blackteam|dueyfinster\/blackteam> (<https:\/\/circleci.com\/gh\/dueyfinster\/blackteam\/tree\/develop|develop>)\n - Remove unused forum code (<https:\/\/github.com\/dueyfinster\/blackteam\/commit\/0ac2c9f437c9d22c59a6c09e9e3c961033941a60|0ac2c9f> by Neil Grogan)\n",
                "text": "Failed:  dueyfinster's build (<https:\/\/circleci.com\/gh\/dueyfinster\/blackteam\/270|#270>; push in <https:\/\/circleci.com\/gh\/dueyfinster\/blackteam|dueyfinster\/blackteam> (<https:\/\/circleci.com\/gh\/dueyfinster\/blackteam\/tree\/develop|develop>)\n - Remove unused forum code (<https:\/\/github.com\/dueyfinster\/blackteam\/commit\/0ac2c9f437c9d22c59a6c09e9e3c961033941a60|0ac2c9f> by Neil Grogan)\n",
                "id": 1,
                "color": "d10c20"
            }
        ],
        "type": "message",
        "subtype": "bot_message",
        "ts": "1437072783.000291"
    },
    {
        "text": "",
        "bot_id": "B0506GF16",
        "attachments": [
            {
                "fallback": "Build <https:\/\/magnum.travis-ci.com\/dueyfinster\/blackteam\/builds\/13706026|#193> (<https:\/\/github.com\/dueyfinster\/blackteam\/compare\/bba91591d876...0ac2c9f437c9|0ac2c9f>) of dueyfinster\/blackteam@develop by Neil Grogan passed in 4 min 5 sec",
                "text": "Build <https:\/\/magnum.travis-ci.com\/dueyfinster\/blackteam\/builds\/13706026|#193> (<https:\/\/github.com\/dueyfinster\/blackteam\/compare\/bba91591d876...0ac2c9f437c9|0ac2c9f>) of dueyfinster\/blackteam@develop by Neil Grogan passed in 4 min 5 sec",
                "id": 1,
                "color": "36a64f"
            }
        ],
        "type": "message",
        "subtype": "bot_message",
        "ts": "1437072822.000292"
    },
    {
        "text": "",
        "bot_id": "B052T590M",
        "attachments": [
            {
                "fallback": "[blackteam:develop] <https:\/\/github.com\/dueyfinster\/blackteam\/commit\/ac0c753|1 new commit> by Neil Grogan",
                "text": "<https:\/\/github.com\/dueyfinster\/blackteam\/commit\/ac0c753|ac0c753>: Crispy form takes topics from db to display - not inserted correctly to DB just yet - Neil Grogan",
                "pretext": "[blackteam:develop] 1 new commit by Neil Grogan:",
                "id": 1,
                "color": "4183C4",
                "mrkdwn_in": [
                    "text",
                    "pretext"
                ]
            }
        ],
        "type": "message",
        "subtype": "bot_message",
        "ts": "1437076877.000293"
    },
    {
        "text": "",
        "bot_id": "B056P06D5",
        "attachments": [
            {
                "fallback": "Failed:  dueyfinster's build (<https:\/\/circleci.com\/gh\/dueyfinster\/blackteam\/271|#271>; push in <https:\/\/circleci.com\/gh\/dueyfinster\/blackteam|dueyfinster\/blackteam> (<https:\/\/circleci.com\/gh\/dueyfinster\/blackteam\/tree\/develop|develop>)\n - Crispy form takes topics from db to display - not inserted correctly to DB just  (<https:\/\/github.com\/dueyfinster\/blackteam\/commit\/ac0c753cb6220c8da7227952b885629f99416720|ac0c753> by Neil Grogan)\n",
                "text": "Failed:  dueyfinster's build (<https:\/\/circleci.com\/gh\/dueyfinster\/blackteam\/271|#271>; push in <https:\/\/circleci.com\/gh\/dueyfinster\/blackteam|dueyfinster\/blackteam> (<https:\/\/circleci.com\/gh\/dueyfinster\/blackteam\/tree\/develop|develop>)\n - Crispy form takes topics from db to display - not inserted correctly to DB just  (<https:\/\/github.com\/dueyfinster\/blackteam\/commit\/ac0c753cb6220c8da7227952b885629f99416720|ac0c753> by Neil Grogan)\n",
                "id": 1,
                "color": "d10c20"
            }
        ],
        "type": "message",
        "subtype": "bot_message",
        "ts": "1437077108.000294"
    },
    {
        "text": "",
        "bot_id": "B0506GF16",
        "attachments": [
            {
                "fallback": "Build <https:\/\/magnum.travis-ci.com\/dueyfinster\/blackteam\/builds\/13708949|#194> (<https:\/\/github.com\/dueyfinster\/blackteam\/compare\/0ac2c9f437c9...ac0c753cb622|ac0c753>) of dueyfinster\/blackteam@develop by Neil Grogan passed in 4 min 8 sec",
                "text": "Build <https:\/\/magnum.travis-ci.com\/dueyfinster\/blackteam\/builds\/13708949|#194> (<https:\/\/github.com\/dueyfinster\/blackteam\/compare\/0ac2c9f437c9...ac0c753cb622|ac0c753>) of dueyfinster\/blackteam@develop by Neil Grogan passed in 4 min 8 sec",
                "id": 1,
                "color": "36a64f"
            }
        ],
        "type": "message",
        "subtype": "bot_message",
        "ts": "1437077139.000295"
    },
    {
        "text": "",
        "bot_id": "B052T590M",
        "attachments": [
            {
                "fallback": "[blackteam:develop] <https:\/\/github.com\/dueyfinster\/blackteam\/commit\/3e3a1d1|1 new commit> by Neil Grogan",
                "text": "<https:\/\/github.com\/dueyfinster\/blackteam\/commit\/3e3a1d1|3e3a1d1>: Added README to build docker hub images - Neil Grogan",
                "pretext": "[blackteam:develop] 1 new commit by Neil Grogan:",
                "id": 1,
                "color": "4183C4",
                "mrkdwn_in": [
                    "text",
                    "pretext"
                ]
            }
        ],
        "type": "message",
        "subtype": "bot_message",
        "ts": "1437081288.000296"
    },
    {
        "text": "",
        "bot_id": "B056P06D5",
        "attachments": [
            {
                "fallback": "Failed:  dueyfinster's build (<https:\/\/circleci.com\/gh\/dueyfinster\/blackteam\/272|#272>; push in <https:\/\/circleci.com\/gh\/dueyfinster\/blackteam|dueyfinster\/blackteam> (<https:\/\/circleci.com\/gh\/dueyfinster\/blackteam\/tree\/develop|develop>)\n - Added README to build docker hub images (<https:\/\/github.com\/dueyfinster\/blackteam\/commit\/3e3a1d16c1b44b92fc06920fe255d8c3cae5701c|3e3a1d1> by Neil Grogan)\n",
                "text": "Failed:  dueyfinster's build (<https:\/\/circleci.com\/gh\/dueyfinster\/blackteam\/272|#272>; push in <https:\/\/circleci.com\/gh\/dueyfinster\/blackteam|dueyfinster\/blackteam> (<https:\/\/circleci.com\/gh\/dueyfinster\/blackteam\/tree\/develop|develop>)\n - Added README to build docker hub images (<https:\/\/github.com\/dueyfinster\/blackteam\/commit\/3e3a1d16c1b44b92fc06920fe255d8c3cae5701c|3e3a1d1> by Neil Grogan)\n",
                "id": 1,
                "color": "d10c20"
            }
        ],
        "type": "message",
        "subtype": "bot_message",
        "ts": "1437081513.000297"
    },
    {
        "text": "",
        "bot_id": "B0506GF16",
        "attachments": [
            {
                "fallback": "Build <https:\/\/magnum.travis-ci.com\/dueyfinster\/blackteam\/builds\/13711794|#195> (<https:\/\/github.com\/dueyfinster\/blackteam\/compare\/ac0c753cb622...3e3a1d16c1b4|3e3a1d1>) of dueyfinster\/blackteam@develop by Neil Grogan passed in 4 min 48 sec",
                "text": "Build <https:\/\/magnum.travis-ci.com\/dueyfinster\/blackteam\/builds\/13711794|#195> (<https:\/\/github.com\/dueyfinster\/blackteam\/compare\/ac0c753cb622...3e3a1d16c1b4|3e3a1d1>) of dueyfinster\/blackteam@develop by Neil Grogan passed in 4 min 48 sec",
                "id": 1,
                "color": "36a64f"
            }
        ],
        "type": "message",
        "subtype": "bot_message",
        "ts": "1437081592.000298"
    },
    {
        "text": "",
        "bot_id": "B052T590M",
        "attachments": [
            {
                "fallback": "[blackteam:develop] <https:\/\/github.com\/dueyfinster\/blackteam\/commit\/11168e9|1 new commit> by Neil Grogan",
                "text": "<https:\/\/github.com\/dueyfinster\/blackteam\/commit\/11168e9|11168e9>: Finishing off fixing deploy and docker hub updates - Neil Grogan",
                "pretext": "[blackteam:develop] 1 new commit by Neil Grogan:",
                "id": 1,
                "color": "4183C4",
                "mrkdwn_in": [
                    "text",
                    "pretext"
                ]
            }
        ],
        "type": "message",
        "subtype": "bot_message",
        "ts": "1437082346.000299"
    },
    {
        "text": "",
        "bot_id": "B052T590M",
        "attachments": [
            {
                "fallback": "[blackteam:develop] <https:\/\/github.com\/dueyfinster\/blackteam\/commit\/58aca93|1 new commit> by Neil Grogan",
                "text": "<https:\/\/github.com\/dueyfinster\/blackteam\/commit\/58aca93|58aca93>: Fixing deployment script - Neil Grogan",
                "pretext": "[blackteam:develop] 1 new commit by Neil Grogan:",
                "id": 1,
                "color": "4183C4",
                "mrkdwn_in": [
                    "text",
                    "pretext"
                ]
            }
        ],
        "type": "message",
        "subtype": "bot_message",
        "ts": "1437082494.000300"
    },
    {
        "text": "",
        "bot_id": "B056P06D5",
        "attachments": [
            {
                "fallback": "Failed:  dueyfinster's build (<https:\/\/circleci.com\/gh\/dueyfinster\/blackteam\/273|#273>; push in <https:\/\/circleci.com\/gh\/dueyfinster\/blackteam|dueyfinster\/blackteam> (<https:\/\/circleci.com\/gh\/dueyfinster\/blackteam\/tree\/develop|develop>)\n - Finishing off fixing deploy and docker hub updates (<https:\/\/github.com\/dueyfinster\/blackteam\/commit\/11168e9e700fe54735473099ddd0ad5b9aed7991|11168e9> by Neil Grogan)\n",
                "text": "Failed:  dueyfinster's build (<https:\/\/circleci.com\/gh\/dueyfinster\/blackteam\/273|#273>; push in <https:\/\/circleci.com\/gh\/dueyfinster\/blackteam|dueyfinster\/blackteam> (<https:\/\/circleci.com\/gh\/dueyfinster\/blackteam\/tree\/develop|develop>)\n - Finishing off fixing deploy and docker hub updates (<https:\/\/github.com\/dueyfinster\/blackteam\/commit\/11168e9e700fe54735473099ddd0ad5b9aed7991|11168e9> by Neil Grogan)\n",
                "id": 1,
                "color": "d10c20"
            }
        ],
        "type": "message",
        "subtype": "bot_message",
        "ts": "1437082598.000301"
    },
    {
        "text": "",
        "bot_id": "B0506GF16",
        "attachments": [
            {
                "fallback": "Build <https:\/\/magnum.travis-ci.com\/dueyfinster\/blackteam\/builds\/13712462|#196> (<https:\/\/github.com\/dueyfinster\/blackteam\/compare\/3e3a1d16c1b4...11168e9e700f|11168e9>) of dueyfinster\/blackteam@develop by Neil Grogan passed in 4 min 14 sec",
                "text": "Build <https:\/\/magnum.travis-ci.com\/dueyfinster\/blackteam\/builds\/13712462|#196> (<https:\/\/github.com\/dueyfinster\/blackteam\/compare\/3e3a1d16c1b4...11168e9e700f|11168e9>) of dueyfinster\/blackteam@develop by Neil Grogan passed in 4 min 14 sec",
                "id": 1,
                "color": "36a64f"
            }
        ],
        "type": "message",
        "subtype": "bot_message",
        "ts": "1437082625.000302"
    },
    {
        "text": "",
        "bot_id": "B0506GF16",
        "attachments": [
            {
                "fallback": "Build <https:\/\/magnum.travis-ci.com\/dueyfinster\/blackteam\/builds\/13712555|#197> (<https:\/\/github.com\/dueyfinster\/blackteam\/compare\/11168e9e700f...58aca9348d31|58aca93>) of dueyfinster\/blackteam@develop by Neil Grogan passed in 4 min 50 sec",
                "text": "Build <https:\/\/magnum.travis-ci.com\/dueyfinster\/blackteam\/builds\/13712555|#197> (<https:\/\/github.com\/dueyfinster\/blackteam\/compare\/11168e9e700f...58aca9348d31|58aca93>) of dueyfinster\/blackteam@develop by Neil Grogan passed in 4 min 50 sec",
                "id": 1,
                "color": "36a64f"
            }
        ],
        "type": "message",
        "subtype": "bot_message",
        "ts": "1437082923.000303"
    },
    {
        "text": "",
        "bot_id": "B056P06D5",
        "attachments": [
            {
                "fallback": "Fixed:  dueyfinster's build (<https:\/\/circleci.com\/gh\/dueyfinster\/blackteam\/274|#274>; push in <https:\/\/circleci.com\/gh\/dueyfinster\/blackteam|dueyfinster\/blackteam> (<https:\/\/circleci.com\/gh\/dueyfinster\/blackteam\/tree\/develop|develop>)\n - Fixing deployment script (<https:\/\/github.com\/dueyfinster\/blackteam\/commit\/58aca9348d31504f603ca4a571d10b12511a712c|58aca93> by Neil Grogan)\n",
                "text": "Fixed:  dueyfinster's build (<https:\/\/circleci.com\/gh\/dueyfinster\/blackteam\/274|#274>; push in <https:\/\/circleci.com\/gh\/dueyfinster\/blackteam|dueyfinster\/blackteam> (<https:\/\/circleci.com\/gh\/dueyfinster\/blackteam\/tree\/develop|develop>)\n - Fixing deployment script (<https:\/\/github.com\/dueyfinster\/blackteam\/commit\/58aca9348d31504f603ca4a571d10b12511a712c|58aca93> by Neil Grogan)\n",
                "id": 1,
                "color": "41aa58"
            }
        ],
        "type": "message",
        "subtype": "bot_message",
        "ts": "1437083171.000304"
    },
    {
        "text": "",
        "bot_id": "B052T590M",
        "attachments": [
            {
                "fallback": "[blackteam:develop] <https:\/\/github.com\/dueyfinster\/blackteam\/commit\/fc92266|1 new commit> by Neil Grogan",
                "text": "<https:\/\/github.com\/dueyfinster\/blackteam\/commit\/fc92266|fc92266>: Split user pages - :musical_note:  Rage Against the Machine - Killing in the name - Neil Grogan",
                "pretext": "[blackteam:develop] 1 new commit by Neil Grogan:",
                "id": 1,
                "color": "4183C4",
                "mrkdwn_in": [
                    "text",
                    "pretext"
                ]
            }
        ],
        "type": "message",
        "subtype": "bot_message",
        "ts": "1437084832.000305"
    },
    {
        "text": "",
        "bot_id": "B056P06D5",
        "attachments": [
            {
                "fallback": "Success:  dueyfinster's build (<https:\/\/circleci.com\/gh\/dueyfinster\/blackteam\/275|#275>; push in <https:\/\/circleci.com\/gh\/dueyfinster\/blackteam|dueyfinster\/blackteam> (<https:\/\/circleci.com\/gh\/dueyfinster\/blackteam\/tree\/develop|develop>)\n - Split user pages - :musical_note:  Rage Against the Machine - Killing in the name (<https:\/\/github.com\/dueyfinster\/blackteam\/commit\/fc92266d1c1b893534ebb5f2557ce573ae49e41e|fc92266> by Neil Grogan)\n",
                "text": "Success:  dueyfinster's build (<https:\/\/circleci.com\/gh\/dueyfinster\/blackteam\/275|#275>; push in <https:\/\/circleci.com\/gh\/dueyfinster\/blackteam|dueyfinster\/blackteam> (<https:\/\/circleci.com\/gh\/dueyfinster\/blackteam\/tree\/develop|develop>)\n - Split user pages - :musical_note:  Rage Against the Machine - Killing in the name (<https:\/\/github.com\/dueyfinster\/blackteam\/commit\/fc92266d1c1b893534ebb5f2557ce573ae49e41e|fc92266> by Neil Grogan)\n",
                "id": 1,
                "color": "41aa58"
            }
        ],
        "type": "message",
        "subtype": "bot_message",
        "ts": "1437085040.000306"
    },
    {
        "text": "",
        "bot_id": "B0506GF16",
        "attachments": [
            {
                "fallback": "Build <https:\/\/magnum.travis-ci.com\/dueyfinster\/blackteam\/builds\/13713871|#198> (<https:\/\/github.com\/dueyfinster\/blackteam\/compare\/58aca9348d31...fc92266d1c1b|fc92266>) of dueyfinster\/blackteam@develop by Neil Grogan passed in 4 min 15 sec",
                "text": "Build <https:\/\/magnum.travis-ci.com\/dueyfinster\/blackteam\/builds\/13713871|#198> (<https:\/\/github.com\/dueyfinster\/blackteam\/compare\/58aca9348d31...fc92266d1c1b|fc92266>) of dueyfinster\/blackteam@develop by Neil Grogan passed in 4 min 15 sec",
                "id": 1,
                "color": "36a64f"
            }
        ],
        "type": "message",
        "subtype": "bot_message",
        "ts": "1437085101.000307"
    },
    {
        "text": "",
        "bot_id": "B052T590M",
        "attachments": [
            {
                "fallback": "[blackteam:develop] <https:\/\/github.com\/dueyfinster\/blackteam\/commit\/676af8c|1 new commit> by Neil Grogan",
                "text": "<https:\/\/github.com\/dueyfinster\/blackteam\/commit\/676af8c|676af8c>: Disabling auto deploy to beta, need to make more reliable - Neil Grogan",
                "pretext": "[blackteam:develop] 1 new commit by Neil Grogan:",
                "id": 1,
                "color": "4183C4",
                "mrkdwn_in": [
                    "text",
                    "pretext"
                ]
            }
        ],
        "type": "message",
        "subtype": "bot_message",
        "ts": "1437086476.000308"
    },
    {
        "text": "",
        "bot_id": "B056P06D5",
        "attachments": [
            {
                "fallback": "Success:  dueyfinster's build (<https:\/\/circleci.com\/gh\/dueyfinster\/blackteam\/276|#276>; push in <https:\/\/circleci.com\/gh\/dueyfinster\/blackteam|dueyfinster\/blackteam> (<https:\/\/circleci.com\/gh\/dueyfinster\/blackteam\/tree\/develop|develop>)\n - Disabling auto deploy to beta, need to make more reliable (<https:\/\/github.com\/dueyfinster\/blackteam\/commit\/676af8c1386b10919de7be58163400d3ed4d9b69|676af8c> by Neil Grogan)\n",
                "text": "Success:  dueyfinster's build (<https:\/\/circleci.com\/gh\/dueyfinster\/blackteam\/276|#276>; push in <https:\/\/circleci.com\/gh\/dueyfinster\/blackteam|dueyfinster\/blackteam> (<https:\/\/circleci.com\/gh\/dueyfinster\/blackteam\/tree\/develop|develop>)\n - Disabling auto deploy to beta, need to make more reliable (<https:\/\/github.com\/dueyfinster\/blackteam\/commit\/676af8c1386b10919de7be58163400d3ed4d9b69|676af8c> by Neil Grogan)\n",
                "id": 1,
                "color": "41aa58"
            }
        ],
        "type": "message",
        "subtype": "bot_message",
        "ts": "1437086560.000309"
    },
    {
        "text": "",
        "bot_id": "B0506GF16",
        "attachments": [
            {
                "fallback": "Build <https:\/\/magnum.travis-ci.com\/dueyfinster\/blackteam\/builds\/13714661|#199> (<https:\/\/github.com\/dueyfinster\/blackteam\/compare\/fc92266d1c1b...676af8c1386b|676af8c>) of dueyfinster\/blackteam@develop by Neil Grogan passed in 5 min 8 sec",
                "text": "Build <https:\/\/magnum.travis-ci.com\/dueyfinster\/blackteam\/builds\/13714661|#199> (<https:\/\/github.com\/dueyfinster\/blackteam\/compare\/fc92266d1c1b...676af8c1386b|676af8c>) of dueyfinster\/blackteam@develop by Neil Grogan passed in 5 min 8 sec",
                "id": 1,
                "color": "36a64f"
            }
        ],
        "type": "message",
        "subtype": "bot_message",
        "ts": "1437086827.000310"
    },
    {
        "text": "",
        "bot_id": "B052T590M",
        "attachments": [
            {
                "fallback": "[blackteam:develop] <https:\/\/github.com\/dueyfinster\/blackteam\/compare\/676af8c1386b...84259e6b934d|2 new commits> by iberdnikov",
                "text": "<https:\/\/github.com\/dueyfinster\/blackteam\/commit\/34e84a2|34e84a2>: kNN Classification for Article Rank - iberdnikov\n <https:\/\/github.com\/dueyfinster\/blackteam\/commit\/84259e6|84259e6>: Merge branch 'develop' of <https:\/\/github.com\/dueyfinster\/blackteam> into develop - iberdnikov",
                "pretext": "[blackteam:develop] <https:\/\/github.com\/dueyfinster\/blackteam\/compare\/676af8c1386b...84259e6b934d|2 new commits> by iberdnikov:",
                "id": 1,
                "color": "4183C4",
                "mrkdwn_in": [
                    "text",
                    "pretext"
                ]
            }
        ],
        "type": "message",
        "subtype": "bot_message",
        "ts": "1437088678.000311"
    },
    {
        "text": "",
        "bot_id": "B056P06D5",
        "attachments": [
            {
                "fallback": "Success:  iberdnikov's build (<https:\/\/circleci.com\/gh\/dueyfinster\/blackteam\/277|#277>; push in <https:\/\/circleci.com\/gh\/dueyfinster\/blackteam|dueyfinster\/blackteam> (<https:\/\/circleci.com\/gh\/dueyfinster\/blackteam\/tree\/develop|develop>)\n - Merge branch 'develop' of <https:\/\/github.com\/dueyfinster\/blackteam> into develop (<https:\/\/github.com\/dueyfinster\/blackteam\/commit\/84259e6b934d087788a55ab4c8404631dc1aa258|84259e6> by iberdnikov) and <https:\/\/github.com\/dueyfinster\/blackteam\/compare\/676af8c1386b...84259e6b934d|1 more>\n",
                "text": "Success:  iberdnikov's build (<https:\/\/circleci.com\/gh\/dueyfinster\/blackteam\/277|#277>; push in <https:\/\/circleci.com\/gh\/dueyfinster\/blackteam|dueyfinster\/blackteam> (<https:\/\/circleci.com\/gh\/dueyfinster\/blackteam\/tree\/develop|develop>)\n - Merge branch 'develop' of <https:\/\/github.com\/dueyfinster\/blackteam> into develop (<https:\/\/github.com\/dueyfinster\/blackteam\/commit\/84259e6b934d087788a55ab4c8404631dc1aa258|84259e6> by iberdnikov) and <https:\/\/github.com\/dueyfinster\/blackteam\/compare\/676af8c1386b...84259e6b934d|1 more>\n",
                "id": 1,
                "color": "41aa58"
            }
        ],
        "type": "message",
        "subtype": "bot_message",
        "ts": "1437088756.000312"
    },
    {
        "text": "",
        "bot_id": "B052T590M",
        "attachments": [
            {
                "fallback": "[blackteam:develop] <https:\/\/github.com\/dueyfinster\/blackteam\/commit\/177e76d|1 new commit> by Neil Grogan",
                "text": "<https:\/\/github.com\/dueyfinster\/blackteam\/commit\/177e76d|177e76d>: finished off crispy form - Neil Grogan",
                "pretext": "[blackteam:develop] 1 new commit by Neil Grogan:",
                "id": 1,
                "color": "4183C4",
                "mrkdwn_in": [
                    "text",
                    "pretext"
                ]
            }
        ],
        "type": "message",
        "subtype": "bot_message",
        "ts": "1437088953.000313"
    },
    {
        "text": "",
        "bot_id": "B0506GF16",
        "attachments": [
            {
                "fallback": "Build <https:\/\/magnum.travis-ci.com\/dueyfinster\/blackteam\/builds\/13715595|#200> (<https:\/\/github.com\/dueyfinster\/blackteam\/compare\/676af8c1386b...84259e6b934d|84259e6>) of dueyfinster\/blackteam@develop by iberdnikov passed in 4 min 25 sec",
                "text": "Build <https:\/\/magnum.travis-ci.com\/dueyfinster\/blackteam\/builds\/13715595|#200> (<https:\/\/github.com\/dueyfinster\/blackteam\/compare\/676af8c1386b...84259e6b934d|84259e6>) of dueyfinster\/blackteam@develop by iberdnikov passed in 4 min 25 sec",
                "id": 1,
                "color": "36a64f"
            }
        ],
        "type": "message",
        "subtype": "bot_message",
        "ts": "1437088957.000314"
    },
    {
        "text": "",
        "bot_id": "B056P06D5",
        "attachments": [
            {
                "fallback": "Failed:  dueyfinster's build (<https:\/\/circleci.com\/gh\/dueyfinster\/blackteam\/278|#278>; push in <https:\/\/circleci.com\/gh\/dueyfinster\/blackteam|dueyfinster\/blackteam> (<https:\/\/circleci.com\/gh\/dueyfinster\/blackteam\/tree\/develop|develop>)\n - finished off crispy form (<https:\/\/github.com\/dueyfinster\/blackteam\/commit\/177e76db8987074a485f744b83f1de058fc4995d|177e76d> by Neil Grogan)\n",
                "text": "Failed:  dueyfinster's build (<https:\/\/circleci.com\/gh\/dueyfinster\/blackteam\/278|#278>; push in <https:\/\/circleci.com\/gh\/dueyfinster\/blackteam|dueyfinster\/blackteam> (<https:\/\/circleci.com\/gh\/dueyfinster\/blackteam\/tree\/develop|develop>)\n - finished off crispy form (<https:\/\/github.com\/dueyfinster\/blackteam\/commit\/177e76db8987074a485f744b83f1de058fc4995d|177e76d> by Neil Grogan)\n",
                "id": 1,
                "color": "d10c20"
            }
        ],
        "type": "message",
        "subtype": "bot_message",
        "ts": "1437089032.000315"
    },
    {
        "text": "",
        "bot_id": "B0506GF16",
        "attachments": [
            {
                "fallback": "Build <https:\/\/magnum.travis-ci.com\/dueyfinster\/blackteam\/builds\/13715718|#201> (<https:\/\/github.com\/dueyfinster\/blackteam\/compare\/84259e6b934d...177e76db8987|177e76d>) of dueyfinster\/blackteam@develop by Neil Grogan failed in 4 min 44 sec",
                "text": "Build <https:\/\/magnum.travis-ci.com\/dueyfinster\/blackteam\/builds\/13715718|#201> (<https:\/\/github.com\/dueyfinster\/blackteam\/compare\/84259e6b934d...177e76db8987|177e76d>) of dueyfinster\/blackteam@develop by Neil Grogan failed in 4 min 44 sec",
                "id": 1,
                "color": "d00000"
            }
        ],
        "type": "message",
        "subtype": "bot_message",
        "ts": "1437089253.000316"
    },
    {
        "text": "",
        "bot_id": "B052T590M",
        "attachments": [
            {
                "fallback": "[blackteam:develop] <https:\/\/github.com\/dueyfinster\/blackteam\/commit\/860f39d|1 new commit> by Neil Grogan",
                "text": "<https:\/\/github.com\/dueyfinster\/blackteam\/commit\/860f39d|860f39d>: Trying to fix user model test - Neil Grogan",
                "pretext": "[blackteam:develop] 1 new commit by Neil Grogan:",
                "id": 1,
                "color": "4183C4",
                "mrkdwn_in": [
                    "text",
                    "pretext"
                ]
            }
        ],
        "type": "message",
        "subtype": "bot_message",
        "ts": "1437089269.000317"
    },
    {
        "text": "",
        "bot_id": "B056P06D5",
        "attachments": [
            {
                "fallback": "Failed:  dueyfinster's build (<https:\/\/circleci.com\/gh\/dueyfinster\/blackteam\/279|#279>; push in <https:\/\/circleci.com\/gh\/dueyfinster\/blackteam|dueyfinster\/blackteam> (<https:\/\/circleci.com\/gh\/dueyfinster\/blackteam\/tree\/develop|develop>)\n - Trying to fix user model test (<https:\/\/github.com\/dueyfinster\/blackteam\/commit\/860f39d43888439a29ff017b3ac71653fb765a69|860f39d> by Neil Grogan)\n",
                "text": "Failed:  dueyfinster's build (<https:\/\/circleci.com\/gh\/dueyfinster\/blackteam\/279|#279>; push in <https:\/\/circleci.com\/gh\/dueyfinster\/blackteam|dueyfinster\/blackteam> (<https:\/\/circleci.com\/gh\/dueyfinster\/blackteam\/tree\/develop|develop>)\n - Trying to fix user model test (<https:\/\/github.com\/dueyfinster\/blackteam\/commit\/860f39d43888439a29ff017b3ac71653fb765a69|860f39d> by Neil Grogan)\n",
                "id": 1,
                "color": "d10c20"
            }
        ],
        "type": "message",
        "subtype": "bot_message",
        "ts": "1437089349.000318"
    },
    {
        "text": "",
        "bot_id": "B056P06D5",
        "attachments": [
            {
                "fallback": "Fixed:  dueyfinster's build (<https:\/\/circleci.com\/gh\/dueyfinster\/blackteam\/280|#280>; push in <https:\/\/circleci.com\/gh\/dueyfinster\/blackteam|dueyfinster\/blackteam> (<https:\/\/circleci.com\/gh\/dueyfinster\/blackteam\/tree\/develop|develop>)\n - Trying to fix user model test (<https:\/\/github.com\/dueyfinster\/blackteam\/commit\/4a33012a882af5ee514f4147c2785a9384829bd7|4a33012> by Neil Grogan)\n",
                "text": "Fixed:  dueyfinster's build (<https:\/\/circleci.com\/gh\/dueyfinster\/blackteam\/280|#280>; push in <https:\/\/circleci.com\/gh\/dueyfinster\/blackteam|dueyfinster\/blackteam> (<https:\/\/circleci.com\/gh\/dueyfinster\/blackteam\/tree\/develop|develop>)\n - Trying to fix user model test (<https:\/\/github.com\/dueyfinster\/blackteam\/commit\/4a33012a882af5ee514f4147c2785a9384829bd7|4a33012> by Neil Grogan)\n",
                "id": 1,
                "color": "41aa58"
            }
        ],
        "type": "message",
        "subtype": "bot_message",
        "ts": "1437089469.000319"
    },
    {
        "text": "",
        "bot_id": "B0506GF16",
        "attachments": [
            {
                "fallback": "Build <https:\/\/magnum.travis-ci.com\/dueyfinster\/blackteam\/builds\/13715843|#202> (<https:\/\/github.com\/dueyfinster\/blackteam\/compare\/177e76db8987...860f39d43888|860f39d>) of dueyfinster\/blackteam@develop by Neil Grogan failed in 4 min 28 sec",
                "text": "Build <https:\/\/magnum.travis-ci.com\/dueyfinster\/blackteam\/builds\/13715843|#202> (<https:\/\/github.com\/dueyfinster\/blackteam\/compare\/177e76db8987...860f39d43888|860f39d>) of dueyfinster\/blackteam@develop by Neil Grogan failed in 4 min 28 sec",
                "id": 1,
                "color": "d00000"
            }
        ],
        "type": "message",
        "subtype": "bot_message",
        "ts": "1437089550.000320"
    },
    {
        "text": "",
        "bot_id": "B0506GF16",
        "attachments": [
            {
                "fallback": "Build <https:\/\/magnum.travis-ci.com\/dueyfinster\/blackteam\/builds\/13715889|#203> (<https:\/\/github.com\/dueyfinster\/blackteam\/compare\/860f39d43888...4a33012a882a|4a33012>) of dueyfinster\/blackteam@develop by Neil Grogan passed in 3 min 47 sec",
                "text": "Build <https:\/\/magnum.travis-ci.com\/dueyfinster\/blackteam\/builds\/13715889|#203> (<https:\/\/github.com\/dueyfinster\/blackteam\/compare\/860f39d43888...4a33012a882a|4a33012>) of dueyfinster\/blackteam@develop by Neil Grogan passed in 3 min 47 sec",
                "id": 1,
                "color": "36a64f"
            }
        ],
        "type": "message",
        "subtype": "bot_message",
        "ts": "1437089783.000321"
    }
]