[
    {
        "text": "",
        "bot_id": "B052T590M",
        "attachments": [
            {
                "fallback": "[blackteam:develop] <https:\/\/github.com\/dueyfinster\/blackteam\/commit\/46277ef3b192e796b8cca1ad70af68e3cc4125d0|1 new commit> by OLarry",
                "text": "<https:\/\/github.com\/dueyfinster\/blackteam\/commit\/46277ef3b192e796b8cca1ad70af68e3cc4125d0|46277ef>: Minor fixes for Decimal \/ Float ranking - Neil can double check - seems to fix issue - OLarry",
                "pretext": "[blackteam:develop] 1 new commit by OLarry:",
                "id": 1,
                "color": "4183C4",
                "mrkdwn_in": [
                    "text",
                    "pretext"
                ]
            }
        ],
        "type": "message",
        "subtype": "bot_message",
        "ts": "1438527906.000158"
    },
    {
        "text": "",
        "bot_id": "B056P06D5",
        "attachments": [
            {
                "fallback": "Success:  OLarry's build (<https:\/\/circleci.com\/gh\/dueyfinster\/blackteam\/334|#334>; push in <https:\/\/circleci.com\/gh\/dueyfinster\/blackteam|dueyfinster\/blackteam> (<https:\/\/circleci.com\/gh\/dueyfinster\/blackteam\/tree\/develop|develop>)\n - Minor fixes for Decimal \/ Float ranking - Neil can double check - seems to fix i (<https:\/\/github.com\/dueyfinster\/blackteam\/commit\/46277ef3b192e796b8cca1ad70af68e3cc4125d0|46277ef> by OLarry)\n",
                "text": "Success:  OLarry's build (<https:\/\/circleci.com\/gh\/dueyfinster\/blackteam\/334|#334>; push in <https:\/\/circleci.com\/gh\/dueyfinster\/blackteam|dueyfinster\/blackteam> (<https:\/\/circleci.com\/gh\/dueyfinster\/blackteam\/tree\/develop|develop>)\n - Minor fixes for Decimal \/ Float ranking - Neil can double check - seems to fix i (<https:\/\/github.com\/dueyfinster\/blackteam\/commit\/46277ef3b192e796b8cca1ad70af68e3cc4125d0|46277ef> by OLarry)\n",
                "id": 1,
                "color": "41aa58"
            }
        ],
        "type": "message",
        "subtype": "bot_message",
        "ts": "1438527986.000159"
    },
    {
        "text": "",
        "bot_id": "B0506GF16",
        "attachments": [
            {
                "fallback": "Build <https:\/\/magnum.travis-ci.com\/dueyfinster\/blackteam\/builds\/14188032|#257> (<https:\/\/github.com\/dueyfinster\/blackteam\/compare\/cf79e66836fe...46277ef3b192|46277ef>) of dueyfinster\/blackteam@develop by OLarry passed in 3 min 45 sec",
                "text": "Build <https:\/\/magnum.travis-ci.com\/dueyfinster\/blackteam\/builds\/14188032|#257> (<https:\/\/github.com\/dueyfinster\/blackteam\/compare\/cf79e66836fe...46277ef3b192|46277ef>) of dueyfinster\/blackteam@develop by OLarry passed in 3 min 45 sec",
                "id": 1,
                "color": "36a64f"
            }
        ],
        "type": "message",
        "subtype": "bot_message",
        "ts": "1438528140.000160"
    },
    {
        "text": "",
        "bot_id": "B052T590M",
        "attachments": [
            {
                "fallback": "[blackteam:develop] <https:\/\/github.com\/dueyfinster\/blackteam\/commit\/0c0ec8b48316d84ff0a2054ffcedf73131c4c9c1|1 new commit> by Neil Grogan",
                "text": "<https:\/\/github.com\/dueyfinster\/blackteam\/commit\/0c0ec8b48316d84ff0a2054ffcedf73131c4c9c1|0c0ec8b>: Move ranking code to seperate file - Neil Grogan",
                "pretext": "[blackteam:develop] 1 new commit by Neil Grogan:",
                "id": 1,
                "color": "4183C4",
                "mrkdwn_in": [
                    "text",
                    "pretext"
                ]
            }
        ],
        "type": "message",
        "subtype": "bot_message",
        "ts": "1438533650.000161"
    },
    {
        "text": "",
        "bot_id": "B056P06D5",
        "attachments": [
            {
                "fallback": "Success:  dueyfinster's build (<https:\/\/circleci.com\/gh\/dueyfinster\/blackteam\/335|#335>; push in <https:\/\/circleci.com\/gh\/dueyfinster\/blackteam|dueyfinster\/blackteam> (<https:\/\/circleci.com\/gh\/dueyfinster\/blackteam\/tree\/develop|develop>)\n - Move ranking code to seperate file (<https:\/\/github.com\/dueyfinster\/blackteam\/commit\/0c0ec8b48316d84ff0a2054ffcedf73131c4c9c1|0c0ec8b> by dueyfinster)\n",
                "text": "Success:  dueyfinster's build (<https:\/\/circleci.com\/gh\/dueyfinster\/blackteam\/335|#335>; push in <https:\/\/circleci.com\/gh\/dueyfinster\/blackteam|dueyfinster\/blackteam> (<https:\/\/circleci.com\/gh\/dueyfinster\/blackteam\/tree\/develop|develop>)\n - Move ranking code to seperate file (<https:\/\/github.com\/dueyfinster\/blackteam\/commit\/0c0ec8b48316d84ff0a2054ffcedf73131c4c9c1|0c0ec8b> by dueyfinster)\n",
                "id": 1,
                "color": "41aa58"
            }
        ],
        "type": "message",
        "subtype": "bot_message",
        "ts": "1438533727.000162"
    },
    {
        "text": "",
        "bot_id": "B052T590M",
        "attachments": [
            {
                "fallback": "[blackteam:develop] <https:\/\/github.com\/dueyfinster\/blackteam\/compare\/0c0ec8b48316...a135dffe7a88|2 new commits> by GarryDavitt",
                "text": "<https:\/\/github.com\/dueyfinster\/blackteam\/commit\/eada1352a89c1c5f786dc9416bdd721ba762586b|eada135>: style changes mainly - images -show large image in overlay - GarryDavitt\n <https:\/\/github.com\/dueyfinster\/blackteam\/commit\/a135dffe7a8875df40985c8c1b13e51e9960d9af|a135dff>: Merge branch 'develop' of <http:\/\/github.com:dueyfinster\/blackteam|github.com:dueyfinster\/blackteam> into develop - GarryDavitt",
                "pretext": "[blackteam:develop] <https:\/\/github.com\/dueyfinster\/blackteam\/compare\/0c0ec8b48316...a135dffe7a88|2 new commits> by GarryDavitt:",
                "id": 1,
                "color": "4183C4",
                "mrkdwn_in": [
                    "text",
                    "pretext"
                ]
            }
        ],
        "type": "message",
        "subtype": "bot_message",
        "ts": "1438533735.000163"
    },
    {
        "text": "",
        "bot_id": "B056P06D5",
        "attachments": [
            {
                "fallback": "Success:  GarryDavitt's build (<https:\/\/circleci.com\/gh\/dueyfinster\/blackteam\/336|#336>; push in <https:\/\/circleci.com\/gh\/dueyfinster\/blackteam|dueyfinster\/blackteam> (<https:\/\/circleci.com\/gh\/dueyfinster\/blackteam\/tree\/develop|develop>)\n - Merge branch 'develop' of <http:\/\/github.com:dueyfinster\/blackteam|github.com:dueyfinster\/blackteam> into develop (<https:\/\/github.com\/dueyfinster\/blackteam\/commit\/a135dffe7a8875df40985c8c1b13e51e9960d9af|a135dff> by GarryDavitt) and <https:\/\/github.com\/dueyfinster\/blackteam\/compare\/0c0ec8b48316...a135dffe7a88|1 more>\n",
                "text": "Success:  GarryDavitt's build (<https:\/\/circleci.com\/gh\/dueyfinster\/blackteam\/336|#336>; push in <https:\/\/circleci.com\/gh\/dueyfinster\/blackteam|dueyfinster\/blackteam> (<https:\/\/circleci.com\/gh\/dueyfinster\/blackteam\/tree\/develop|develop>)\n - Merge branch 'develop' of <http:\/\/github.com:dueyfinster\/blackteam|github.com:dueyfinster\/blackteam> into develop (<https:\/\/github.com\/dueyfinster\/blackteam\/commit\/a135dffe7a8875df40985c8c1b13e51e9960d9af|a135dff> by GarryDavitt) and <https:\/\/github.com\/dueyfinster\/blackteam\/compare\/0c0ec8b48316...a135dffe7a88|1 more>\n",
                "id": 1,
                "color": "41aa58"
            }
        ],
        "type": "message",
        "subtype": "bot_message",
        "ts": "1438533812.000164"
    },
    {
        "text": "",
        "bot_id": "B052T590M",
        "attachments": [
            {
                "fallback": "[blackteam:develop] <https:\/\/github.com\/dueyfinster\/blackteam\/commit\/93d42fc97fc2066e8ba4d755faa4c9d4013dd320|1 new commit> by GarryDavitt",
                "text": "<https:\/\/github.com\/dueyfinster\/blackteam\/commit\/93d42fc97fc2066e8ba4d755faa4c9d4013dd320|93d42fc>: style changes mainly - images -show large image in overlay - GarryDavitt",
                "pretext": "[blackteam:develop] 1 new commit by GarryDavitt:",
                "id": 1,
                "color": "4183C4",
                "mrkdwn_in": [
                    "text",
                    "pretext"
                ]
            }
        ],
        "type": "message",
        "subtype": "bot_message",
        "ts": "1438533821.000165"
    },
    {
        "text": "",
        "bot_id": "B0506GF16",
        "attachments": [
            {
                "fallback": "Build <https:\/\/magnum.travis-ci.com\/dueyfinster\/blackteam\/builds\/14188398|#258> (<https:\/\/github.com\/dueyfinster\/blackteam\/compare\/46277ef3b192...0c0ec8b48316|0c0ec8b>) of dueyfinster\/blackteam@develop by Neil Grogan passed in 3 min 47 sec",
                "text": "Build <https:\/\/magnum.travis-ci.com\/dueyfinster\/blackteam\/builds\/14188398|#258> (<https:\/\/github.com\/dueyfinster\/blackteam\/compare\/46277ef3b192...0c0ec8b48316|0c0ec8b>) of dueyfinster\/blackteam@develop by Neil Grogan passed in 3 min 47 sec",
                "id": 1,
                "color": "36a64f"
            }
        ],
        "type": "message",
        "subtype": "bot_message",
        "ts": "1438533890.000166"
    },
    {
        "text": "",
        "bot_id": "B056P06D5",
        "attachments": [
            {
                "fallback": "Success:  dueyfinster's build (<https:\/\/circleci.com\/gh\/dueyfinster\/blackteam\/337|#337>; push in <https:\/\/circleci.com\/gh\/dueyfinster\/blackteam|dueyfinster\/blackteam> (<https:\/\/circleci.com\/gh\/dueyfinster\/blackteam\/tree\/develop|develop>)\n -  (<https:\/\/github.com\/dueyfinster\/blackteam\/commit\/0c0ec8b48316d84ff0a2054ffcedf73131c4c9c1|0c0ec8b> by )\n",
                "text": "Success:  dueyfinster's build (<https:\/\/circleci.com\/gh\/dueyfinster\/blackteam\/337|#337>; push in <https:\/\/circleci.com\/gh\/dueyfinster\/blackteam|dueyfinster\/blackteam> (<https:\/\/circleci.com\/gh\/dueyfinster\/blackteam\/tree\/develop|develop>)\n -  (<https:\/\/github.com\/dueyfinster\/blackteam\/commit\/0c0ec8b48316d84ff0a2054ffcedf73131c4c9c1|0c0ec8b> by )\n",
                "id": 1,
                "color": "41aa58"
            }
        ],
        "type": "message",
        "subtype": "bot_message",
        "ts": "1438533896.000167"
    },
    {
        "text": "",
        "bot_id": "B056P06D5",
        "attachments": [
            {
                "fallback": "Success:  GarryDavitt's build (<https:\/\/circleci.com\/gh\/dueyfinster\/blackteam\/338|#338>; push in <https:\/\/circleci.com\/gh\/dueyfinster\/blackteam|dueyfinster\/blackteam> (<https:\/\/circleci.com\/gh\/dueyfinster\/blackteam\/tree\/develop|develop>)\n - style changes mainly - images -show large image in overlay (<https:\/\/github.com\/dueyfinster\/blackteam\/commit\/93d42fc97fc2066e8ba4d755faa4c9d4013dd320|93d42fc> by GarryDavitt)\n",
                "text": "Success:  GarryDavitt's build (<https:\/\/circleci.com\/gh\/dueyfinster\/blackteam\/338|#338>; push in <https:\/\/circleci.com\/gh\/dueyfinster\/blackteam|dueyfinster\/blackteam> (<https:\/\/circleci.com\/gh\/dueyfinster\/blackteam\/tree\/develop|develop>)\n - style changes mainly - images -show large image in overlay (<https:\/\/github.com\/dueyfinster\/blackteam\/commit\/93d42fc97fc2066e8ba4d755faa4c9d4013dd320|93d42fc> by GarryDavitt)\n",
                "id": 1,
                "color": "41aa58"
            }
        ],
        "type": "message",
        "subtype": "bot_message",
        "ts": "1438533975.000170"
    },
    {
        "text": "",
        "bot_id": "B0506GF16",
        "attachments": [
            {
                "fallback": "Build <https:\/\/magnum.travis-ci.com\/dueyfinster\/blackteam\/builds\/14188408|#260> (<https:\/\/github.com\/dueyfinster\/blackteam\/compare\/a135dffe7a88...0c0ec8b48316|0c0ec8b>) of dueyfinster\/blackteam@develop by Neil Grogan passed in 3 min 40 sec",
                "text": "Build <https:\/\/magnum.travis-ci.com\/dueyfinster\/blackteam\/builds\/14188408|#260> (<https:\/\/github.com\/dueyfinster\/blackteam\/compare\/a135dffe7a88...0c0ec8b48316|0c0ec8b>) of dueyfinster\/blackteam@develop by Neil Grogan passed in 3 min 40 sec",
                "id": 1,
                "color": "36a64f"
            }
        ],
        "type": "message",
        "subtype": "bot_message",
        "ts": "1438534126.000171"
    },
    {
        "text": "",
        "bot_id": "B056P06D5",
        "attachments": [
            {
                "fallback": "Success:  dueyfinster's build (<https:\/\/circleci.com\/gh\/dueyfinster\/blackteam\/339|#339>; push in <https:\/\/circleci.com\/gh\/dueyfinster\/blackteam|dueyfinster\/blackteam> (<https:\/\/circleci.com\/gh\/dueyfinster\/blackteam\/tree\/develop|develop>)\n -  (<https:\/\/github.com\/dueyfinster\/blackteam\/commit\/0c0ec8b48316d84ff0a2054ffcedf73131c4c9c1|0c0ec8b> by )\n",
                "text": "Success:  dueyfinster's build (<https:\/\/circleci.com\/gh\/dueyfinster\/blackteam\/339|#339>; push in <https:\/\/circleci.com\/gh\/dueyfinster\/blackteam|dueyfinster\/blackteam> (<https:\/\/circleci.com\/gh\/dueyfinster\/blackteam\/tree\/develop|develop>)\n -  (<https:\/\/github.com\/dueyfinster\/blackteam\/commit\/0c0ec8b48316d84ff0a2054ffcedf73131c4c9c1|0c0ec8b> by )\n",
                "id": 1,
                "color": "41aa58"
            }
        ],
        "type": "message",
        "subtype": "bot_message",
        "ts": "1438534138.000173"
    },
    {
        "text": "",
        "bot_id": "B0506GF16",
        "attachments": [
            {
                "fallback": "Build <https:\/\/magnum.travis-ci.com\/dueyfinster\/blackteam\/builds\/14188422|#262> (<https:\/\/github.com\/dueyfinster\/blackteam\/compare\/93d42fc97fc2...0c0ec8b48316|0c0ec8b>) of dueyfinster\/blackteam@develop by Neil Grogan passed in 3 min 40 sec",
                "text": "Build <https:\/\/magnum.travis-ci.com\/dueyfinster\/blackteam\/builds\/14188422|#262> (<https:\/\/github.com\/dueyfinster\/blackteam\/compare\/93d42fc97fc2...0c0ec8b48316|0c0ec8b>) of dueyfinster\/blackteam@develop by Neil Grogan passed in 3 min 40 sec",
                "id": 1,
                "color": "36a64f"
            }
        ],
        "type": "message",
        "subtype": "bot_message",
        "ts": "1438534365.000175"
    },
    {
        "text": "",
        "bot_id": "B052T590M",
        "attachments": [
            {
                "fallback": "[blackteam:develop] <https:\/\/github.com\/dueyfinster\/blackteam\/commit\/f0d79db91b822b7b9af50a9199363607d57a864f|1 new commit> by GarryDavitt",
                "text": "<https:\/\/github.com\/dueyfinster\/blackteam\/commit\/f0d79db91b822b7b9af50a9199363607d57a864f|f0d79db>: style changes mainly - images -show large image in overlay - GarryDavitt",
                "pretext": "[blackteam:develop] 1 new commit by GarryDavitt:",
                "id": 1,
                "color": "4183C4",
                "mrkdwn_in": [
                    "text",
                    "pretext"
                ]
            }
        ],
        "type": "message",
        "subtype": "bot_message",
        "ts": "1438539399.000176"
    },
    {
        "text": "",
        "bot_id": "B056P06D5",
        "attachments": [
            {
                "fallback": "Success:  GarryDavitt's build (<https:\/\/circleci.com\/gh\/dueyfinster\/blackteam\/340|#340>; push in <https:\/\/circleci.com\/gh\/dueyfinster\/blackteam|dueyfinster\/blackteam> (<https:\/\/circleci.com\/gh\/dueyfinster\/blackteam\/tree\/develop|develop>)\n - style changes mainly - images -show large image in overlay (<https:\/\/github.com\/dueyfinster\/blackteam\/commit\/f0d79db91b822b7b9af50a9199363607d57a864f|f0d79db> by GarryDavitt)\n",
                "text": "Success:  GarryDavitt's build (<https:\/\/circleci.com\/gh\/dueyfinster\/blackteam\/340|#340>; push in <https:\/\/circleci.com\/gh\/dueyfinster\/blackteam|dueyfinster\/blackteam> (<https:\/\/circleci.com\/gh\/dueyfinster\/blackteam\/tree\/develop|develop>)\n - style changes mainly - images -show large image in overlay (<https:\/\/github.com\/dueyfinster\/blackteam\/commit\/f0d79db91b822b7b9af50a9199363607d57a864f|f0d79db> by GarryDavitt)\n",
                "id": 1,
                "color": "41aa58"
            }
        ],
        "type": "message",
        "subtype": "bot_message",
        "ts": "1438539476.000177"
    },
    {
        "text": "",
        "bot_id": "B0506GF16",
        "attachments": [
            {
                "fallback": "Build <https:\/\/magnum.travis-ci.com\/dueyfinster\/blackteam\/builds\/14188780|#263> (<https:\/\/github.com\/dueyfinster\/blackteam\/compare\/0c0ec8b48316...f0d79db91b82|f0d79db>) of dueyfinster\/blackteam@develop by GarryDavitt passed in 3 min 39 sec",
                "text": "Build <https:\/\/magnum.travis-ci.com\/dueyfinster\/blackteam\/builds\/14188780|#263> (<https:\/\/github.com\/dueyfinster\/blackteam\/compare\/0c0ec8b48316...f0d79db91b82|f0d79db>) of dueyfinster\/blackteam@develop by GarryDavitt passed in 3 min 39 sec",
                "id": 1,
                "color": "36a64f"
            }
        ],
        "type": "message",
        "subtype": "bot_message",
        "ts": "1438539631.000178"
    },
    {
        "text": "",
        "bot_id": "B052T590M",
        "attachments": [
            {
                "fallback": "[blackteam:develop] <https:\/\/github.com\/dueyfinster\/blackteam\/commit\/74d5615fad8c892b04acc8696484ab65a0e110ef|1 new commit> by OLarry",
                "text": "<https:\/\/github.com\/dueyfinster\/blackteam\/commit\/74d5615fad8c892b04acc8696484ab65a0e110ef|74d5615>: Add more default topics based on most popular topics, and update user based on home - OLarry",
                "pretext": "[blackteam:develop] 1 new commit by OLarry:",
                "id": 1,
                "color": "4183C4",
                "mrkdwn_in": [
                    "text",
                    "pretext"
                ]
            }
        ],
        "type": "message",
        "subtype": "bot_message",
        "ts": "1438559768.000179"
    },
    {
        "text": "",
        "bot_id": "B056P06D5",
        "attachments": [
            {
                "fallback": "Success:  OLarry's build (<https:\/\/circleci.com\/gh\/dueyfinster\/blackteam\/341|#341>; push in <https:\/\/circleci.com\/gh\/dueyfinster\/blackteam|dueyfinster\/blackteam> (<https:\/\/circleci.com\/gh\/dueyfinster\/blackteam\/tree\/develop|develop>)\n - Add more default topics based on most popular topics, and update user based on h (<https:\/\/github.com\/dueyfinster\/blackteam\/commit\/74d5615fad8c892b04acc8696484ab65a0e110ef|74d5615> by OLarry)\n",
                "text": "Success:  OLarry's build (<https:\/\/circleci.com\/gh\/dueyfinster\/blackteam\/341|#341>; push in <https:\/\/circleci.com\/gh\/dueyfinster\/blackteam|dueyfinster\/blackteam> (<https:\/\/circleci.com\/gh\/dueyfinster\/blackteam\/tree\/develop|develop>)\n - Add more default topics based on most popular topics, and update user based on h (<https:\/\/github.com\/dueyfinster\/blackteam\/commit\/74d5615fad8c892b04acc8696484ab65a0e110ef|74d5615> by OLarry)\n",
                "id": 1,
                "color": "41aa58"
            }
        ],
        "type": "message",
        "subtype": "bot_message",
        "ts": "1438559874.000180"
    },
    {
        "text": "",
        "bot_id": "B0506GF16",
        "attachments": [
            {
                "fallback": "Build <https:\/\/magnum.travis-ci.com\/dueyfinster\/blackteam\/builds\/14190218|#264> (<https:\/\/github.com\/dueyfinster\/blackteam\/compare\/f0d79db91b82...74d5615fad8c|74d5615>) of dueyfinster\/blackteam@develop by OLarry passed in 3 min 43 sec",
                "text": "Build <https:\/\/magnum.travis-ci.com\/dueyfinster\/blackteam\/builds\/14190218|#264> (<https:\/\/github.com\/dueyfinster\/blackteam\/compare\/f0d79db91b82...74d5615fad8c|74d5615>) of dueyfinster\/blackteam@develop by OLarry passed in 3 min 43 sec",
                "id": 1,
                "color": "36a64f"
            }
        ],
        "type": "message",
        "subtype": "bot_message",
        "ts": "1438560003.000181"
    },
    {
        "text": "",
        "bot_id": "B052T590M",
        "attachments": [
            {
                "fallback": "[blackteam:develop] <https:\/\/github.com\/dueyfinster\/blackteam\/commit\/597d649c46cb56ceb5be745a51a09ca4e3c4c599|1 new commit> by OLarry",
                "text": "<https:\/\/github.com\/dueyfinster\/blackteam\/commit\/597d649c46cb56ceb5be745a51a09ca4e3c4c599|597d649>: Change so user not logged in doesn't see duplicate - show latest first then left hand side - OLarry",
                "pretext": "[blackteam:develop] 1 new commit by OLarry:",
                "id": 1,
                "color": "4183C4",
                "mrkdwn_in": [
                    "text",
                    "pretext"
                ]
            }
        ],
        "type": "message",
        "subtype": "bot_message",
        "ts": "1438563296.000182"
    },
    {
        "text": "",
        "bot_id": "B056P06D5",
        "attachments": [
            {
                "fallback": "Success:  OLarry's build (<https:\/\/circleci.com\/gh\/dueyfinster\/blackteam\/342|#342>; push in <https:\/\/circleci.com\/gh\/dueyfinster\/blackteam|dueyfinster\/blackteam> (<https:\/\/circleci.com\/gh\/dueyfinster\/blackteam\/tree\/develop|develop>)\n - Change so user not logged in doesn't see duplicate - show latest first then left (<https:\/\/github.com\/dueyfinster\/blackteam\/commit\/597d649c46cb56ceb5be745a51a09ca4e3c4c599|597d649> by OLarry)\n",
                "text": "Success:  OLarry's build (<https:\/\/circleci.com\/gh\/dueyfinster\/blackteam\/342|#342>; push in <https:\/\/circleci.com\/gh\/dueyfinster\/blackteam|dueyfinster\/blackteam> (<https:\/\/circleci.com\/gh\/dueyfinster\/blackteam\/tree\/develop|develop>)\n - Change so user not logged in doesn't see duplicate - show latest first then left (<https:\/\/github.com\/dueyfinster\/blackteam\/commit\/597d649c46cb56ceb5be745a51a09ca4e3c4c599|597d649> by OLarry)\n",
                "id": 1,
                "color": "41aa58"
            }
        ],
        "type": "message",
        "subtype": "bot_message",
        "ts": "1438563430.000183"
    },
    {
        "text": "",
        "bot_id": "B0506GF16",
        "attachments": [
            {
                "fallback": "Build <https:\/\/magnum.travis-ci.com\/dueyfinster\/blackteam\/builds\/14190529|#265> (<https:\/\/github.com\/dueyfinster\/blackteam\/compare\/74d5615fad8c...597d649c46cb|597d649>) of dueyfinster\/blackteam@develop by OLarry passed in 4 min 37 sec",
                "text": "Build <https:\/\/magnum.travis-ci.com\/dueyfinster\/blackteam\/builds\/14190529|#265> (<https:\/\/github.com\/dueyfinster\/blackteam\/compare\/74d5615fad8c...597d649c46cb|597d649>) of dueyfinster\/blackteam@develop by OLarry passed in 4 min 37 sec",
                "id": 1,
                "color": "36a64f"
            }
        ],
        "type": "message",
        "subtype": "bot_message",
        "ts": "1438563585.000184"
    },
    {
        "text": "",
        "bot_id": "B052T590M",
        "attachments": [
            {
                "fallback": "[blackteam:develop] <https:\/\/github.com\/dueyfinster\/blackteam\/commit\/a0b800754bd81a77a990f7936f79df613b84b1df|1 new commit> by GarryDavitt",
                "text": "<https:\/\/github.com\/dueyfinster\/blackteam\/commit\/a0b800754bd81a77a990f7936f79df613b84b1df|a0b8007>: different overlay with slide in and close button -fix to select all div and highlight it - GarryDavitt",
                "pretext": "[blackteam:develop] 1 new commit by GarryDavitt:",
                "id": 1,
                "color": "4183C4",
                "mrkdwn_in": [
                    "text",
                    "pretext"
                ]
            }
        ],
        "type": "message",
        "subtype": "bot_message",
        "ts": "1438576273.000185"
    },
    {
        "text": "",
        "bot_id": "B056P06D5",
        "attachments": [
            {
                "fallback": "Success:  GarryDavitt's build (<https:\/\/circleci.com\/gh\/dueyfinster\/blackteam\/343|#343>; push in <https:\/\/circleci.com\/gh\/dueyfinster\/blackteam|dueyfinster\/blackteam> (<https:\/\/circleci.com\/gh\/dueyfinster\/blackteam\/tree\/develop|develop>)\n - different overlay with slide in and close button -fix to select all div and high (<https:\/\/github.com\/dueyfinster\/blackteam\/commit\/a0b800754bd81a77a990f7936f79df613b84b1df|a0b8007> by GarryDavitt)\n",
                "text": "Success:  GarryDavitt's build (<https:\/\/circleci.com\/gh\/dueyfinster\/blackteam\/343|#343>; push in <https:\/\/circleci.com\/gh\/dueyfinster\/blackteam|dueyfinster\/blackteam> (<https:\/\/circleci.com\/gh\/dueyfinster\/blackteam\/tree\/develop|develop>)\n - different overlay with slide in and close button -fix to select all div and high (<https:\/\/github.com\/dueyfinster\/blackteam\/commit\/a0b800754bd81a77a990f7936f79df613b84b1df|a0b8007> by GarryDavitt)\n",
                "id": 1,
                "color": "41aa58"
            }
        ],
        "type": "message",
        "subtype": "bot_message",
        "ts": "1438576350.000186"
    },
    {
        "text": "",
        "bot_id": "B0506GF16",
        "attachments": [
            {
                "fallback": "Build <https:\/\/magnum.travis-ci.com\/dueyfinster\/blackteam\/builds\/14192330|#266> (<https:\/\/github.com\/dueyfinster\/blackteam\/compare\/597d649c46cb...a0b800754bd8|a0b8007>) of dueyfinster\/blackteam@develop by GarryDavitt passed in 4 min 11 sec",
                "text": "Build <https:\/\/magnum.travis-ci.com\/dueyfinster\/blackteam\/builds\/14192330|#266> (<https:\/\/github.com\/dueyfinster\/blackteam\/compare\/597d649c46cb...a0b800754bd8|a0b8007>) of dueyfinster\/blackteam@develop by GarryDavitt passed in 4 min 11 sec",
                "id": 1,
                "color": "36a64f"
            }
        ],
        "type": "message",
        "subtype": "bot_message",
        "ts": "1438576537.000187"
    }
]