[
    {
        "text": "",
        "bot_id": "B052T590M",
        "attachments": [
            {
                "fallback": "[blackteam:feature\/version_nums] <https:\/\/github.com\/dueyfinster\/blackteam\/commit\/ffddc59|1 new commit> by Neil Grogan",
                "text": "<https:\/\/github.com\/dueyfinster\/blackteam\/commit\/ffddc59|ffddc59>: Added version to footer - Neil Grogan",
                "pretext": "[blackteam:feature\/version_nums] 1 new commit by Neil Grogan:",
                "id": 1,
                "color": "4183C4",
                "mrkdwn_in": [
                    "text",
                    "pretext"
                ]
            }
        ],
        "type": "message",
        "subtype": "bot_message",
        "ts": "1433933045.000259"
    },
    {
        "text": "",
        "bot_id": "B056P06D5",
        "attachments": [
            {
                "fallback": "Failed:  dueyfinster's build (<https:\/\/circleci.com\/gh\/dueyfinster\/blackteam\/104|#104>; push in <https:\/\/circleci.com\/gh\/dueyfinster\/blackteam|dueyfinster\/blackteam> (<https:\/\/circleci.com\/gh\/dueyfinster\/blackteam\/tree\/feature%2Fversion_nums|feature\/version_nums>)\n - Added version to footer (<https:\/\/github.com\/dueyfinster\/blackteam\/commit\/ffddc59d3307ee90da1abc18db36186be9b2bfcc|ffddc59> by Neil Grogan)\n",
                "text": "Failed:  dueyfinster's build (<https:\/\/circleci.com\/gh\/dueyfinster\/blackteam\/104|#104>; push in <https:\/\/circleci.com\/gh\/dueyfinster\/blackteam|dueyfinster\/blackteam> (<https:\/\/circleci.com\/gh\/dueyfinster\/blackteam\/tree\/feature%2Fversion_nums|feature\/version_nums>)\n - Added version to footer (<https:\/\/github.com\/dueyfinster\/blackteam\/commit\/ffddc59d3307ee90da1abc18db36186be9b2bfcc|ffddc59> by Neil Grogan)\n",
                "id": 1,
                "color": "d10c20"
            }
        ],
        "type": "message",
        "subtype": "bot_message",
        "ts": "1433933115.000260"
    },
    {
        "text": "",
        "bot_id": "B0506GF16",
        "attachments": [
            {
                "fallback": "Build <http:\/\/magnum.travis-ci.com\/dueyfinster\/blackteam\/builds\/12638200|#107> (<https:\/\/github.com\/dueyfinster\/blackteam\/compare\/4494a0614848...ffddc59d3307|ffddc59>) of dueyfinster\/blackteam@feature\/version_nums by Neil Grogan failed in 1 min 11 sec",
                "text": "Build <http:\/\/magnum.travis-ci.com\/dueyfinster\/blackteam\/builds\/12638200|#107> (<https:\/\/github.com\/dueyfinster\/blackteam\/compare\/4494a0614848...ffddc59d3307|ffddc59>) of dueyfinster\/blackteam@feature\/version_nums by Neil Grogan failed in 1 min 11 sec",
                "id": 1,
                "color": "d00000"
            }
        ],
        "type": "message",
        "subtype": "bot_message",
        "ts": "1433933190.000261"
    },
    {
        "text": "",
        "bot_id": "B052T590M",
        "attachments": [
            {
                "fallback": "[blackteam:feature\/version_nums] <https:\/\/github.com\/dueyfinster\/blackteam\/compare\/ffddc59d3307...c13f8ae1a125|2 new commits> by Neil Grogan",
                "text": "<https:\/\/github.com\/dueyfinster\/blackteam\/commit\/85b53b1|85b53b1>: Bumped version number to 0.1-131-ffddc59 - Neil Grogan\n <https:\/\/github.com\/dueyfinster\/blackteam\/commit\/c13f8ae|c13f8ae>: Finished first version of versioning script - Neil Grogan",
                "pretext": "[blackteam:feature\/version_nums] <https:\/\/github.com\/dueyfinster\/blackteam\/compare\/ffddc59d3307...c13f8ae1a125|2 new commits> by Neil Grogan:",
                "id": 1,
                "color": "4183C4",
                "mrkdwn_in": [
                    "text",
                    "pretext"
                ]
            }
        ],
        "type": "message",
        "subtype": "bot_message",
        "ts": "1433940072.000262"
    },
    {
        "text": "",
        "bot_id": "B052T590M",
        "attachments": [
            {
                "fallback": "[blackteam] The branch \"feature\/version_nums\" was deleted by dueyfinster",
                "text": "[blackteam] The branch \"feature\/version_nums\" was deleted by dueyfinster",
                "id": 1,
                "color": "4183C4",
                "mrkdwn_in": [
                    "text",
                    "pretext"
                ]
            }
        ],
        "type": "message",
        "subtype": "bot_message",
        "ts": "1433940115.000263"
    },
    {
        "text": "",
        "bot_id": "B0506GF16",
        "attachments": [
            {
                "fallback": "Build <http:\/\/magnum.travis-ci.com\/dueyfinster\/blackteam\/builds\/12641545|#108> (<https:\/\/github.com\/dueyfinster\/blackteam\/compare\/ffddc59d3307...c13f8ae1a125|c13f8ae>) of dueyfinster\/blackteam@feature\/version_nums by Neil Grogan errored in 0 min 9 sec",
                "text": "Build <http:\/\/magnum.travis-ci.com\/dueyfinster\/blackteam\/builds\/12641545|#108> (<https:\/\/github.com\/dueyfinster\/blackteam\/compare\/ffddc59d3307...c13f8ae1a125|c13f8ae>) of dueyfinster\/blackteam@feature\/version_nums by Neil Grogan errored in 0 min 9 sec",
                "id": 1,
                "color": "daa038"
            }
        ],
        "type": "message",
        "subtype": "bot_message",
        "ts": "1433940119.000264"
    },
    {
        "text": "",
        "bot_id": "B052T590M",
        "attachments": [
            {
                "fallback": "[blackteam:develop] <https:\/\/github.com\/dueyfinster\/blackteam\/compare\/24d911a89bab...a0350899ea98|6 new commits> by Neil Grogan",
                "text": "<https:\/\/github.com\/dueyfinster\/blackteam\/commit\/45c3ed7|45c3ed7>: Moved deployment scripts to folder to cleanup root - Neil Grogan\n <https:\/\/github.com\/dueyfinster\/blackteam\/commit\/4494a06|4494a06>: Updated circle yml to updated path deployment script - Neil Grogan\n <https:\/\/github.com\/dueyfinster\/blackteam\/commit\/ffddc59|ffddc59>: Added version to footer - Neil Grogan\n <https:\/\/github.com\/dueyfinster\/blackteam\/commit\/85b53b1|85b53b1>: Bumped version number to 0.1-131-ffddc59 - Neil Grogan\n <https:\/\/github.com\/dueyfinster\/blackteam\/commit\/c13f8ae|c13f8ae>: Finished first version of versioning script - Neil Grogan\n <https:\/\/github.com\/dueyfinster\/blackteam\/commit\/a035089|a035089>: Merge branch 'feature\/version_nums' into develop - Neil Grogan",
                "pretext": "[blackteam:develop] <https:\/\/github.com\/dueyfinster\/blackteam\/compare\/24d911a89bab...a0350899ea98|6 new commits> by Neil Grogan:",
                "id": 1,
                "color": "4183C4",
                "mrkdwn_in": [
                    "text",
                    "pretext"
                ]
            }
        ],
        "type": "message",
        "subtype": "bot_message",
        "ts": "1433940121.000265"
    },
    {
        "text": "",
        "bot_id": "B056P06D5",
        "attachments": [
            {
                "fallback": "Failed:  dueyfinster's build (<https:\/\/circleci.com\/gh\/dueyfinster\/blackteam\/105|#105>; push in <https:\/\/circleci.com\/gh\/dueyfinster\/blackteam|dueyfinster\/blackteam> (<https:\/\/circleci.com\/gh\/dueyfinster\/blackteam\/tree\/feature%2Fversion_nums|feature\/version_nums>)\n - Finished first version of versioning script (<https:\/\/github.com\/dueyfinster\/blackteam\/commit\/c13f8ae1a125559fa41e27d50c50465ad429470c|c13f8ae> by Neil Grogan) and <https:\/\/github.com\/dueyfinster\/blackteam\/compare\/ffddc59d3307...c13f8ae1a125|1 more>\n",
                "text": "Failed:  dueyfinster's build (<https:\/\/circleci.com\/gh\/dueyfinster\/blackteam\/105|#105>; push in <https:\/\/circleci.com\/gh\/dueyfinster\/blackteam|dueyfinster\/blackteam> (<https:\/\/circleci.com\/gh\/dueyfinster\/blackteam\/tree\/feature%2Fversion_nums|feature\/version_nums>)\n - Finished first version of versioning script (<https:\/\/github.com\/dueyfinster\/blackteam\/commit\/c13f8ae1a125559fa41e27d50c50465ad429470c|c13f8ae> by Neil Grogan) and <https:\/\/github.com\/dueyfinster\/blackteam\/compare\/ffddc59d3307...c13f8ae1a125|1 more>\n",
                "id": 1,
                "color": "d10c20"
            }
        ],
        "type": "message",
        "subtype": "bot_message",
        "ts": "1433940178.000266"
    },
    {
        "text": "",
        "bot_id": "B0506GF16",
        "attachments": [
            {
                "fallback": "Build <http:\/\/magnum.travis-ci.com\/dueyfinster\/blackteam\/builds\/12641569|#109> (<https:\/\/github.com\/dueyfinster\/blackteam\/compare\/24d911a89bab...a0350899ea98|a035089>) of dueyfinster\/blackteam@develop by Neil Grogan failed in 1 min 10 sec",
                "text": "Build <http:\/\/magnum.travis-ci.com\/dueyfinster\/blackteam\/builds\/12641569|#109> (<https:\/\/github.com\/dueyfinster\/blackteam\/compare\/24d911a89bab...a0350899ea98|a035089>) of dueyfinster\/blackteam@develop by Neil Grogan failed in 1 min 10 sec",
                "id": 1,
                "color": "d00000"
            }
        ],
        "type": "message",
        "subtype": "bot_message",
        "ts": "1433940241.000267"
    },
    {
        "text": "",
        "bot_id": "B056P06D5",
        "attachments": [
            {
                "fallback": "Failed:  dueyfinster's build (<https:\/\/circleci.com\/gh\/dueyfinster\/blackteam\/106|#106>; push in <https:\/\/circleci.com\/gh\/dueyfinster\/blackteam|dueyfinster\/blackteam> (<https:\/\/circleci.com\/gh\/dueyfinster\/blackteam\/tree\/develop|develop>)\n - Merge branch 'feature\/version_nums' into develop (<https:\/\/github.com\/dueyfinster\/blackteam\/commit\/a0350899ea983693f3a5b4400c11f3bca4ba0cf4|a035089> by Neil Grogan) and <https:\/\/github.com\/dueyfinster\/blackteam\/compare\/24d911a89bab...a0350899ea98|5 more>\n",
                "text": "Failed:  dueyfinster's build (<https:\/\/circleci.com\/gh\/dueyfinster\/blackteam\/106|#106>; push in <https:\/\/circleci.com\/gh\/dueyfinster\/blackteam|dueyfinster\/blackteam> (<https:\/\/circleci.com\/gh\/dueyfinster\/blackteam\/tree\/develop|develop>)\n - Merge branch 'feature\/version_nums' into develop (<https:\/\/github.com\/dueyfinster\/blackteam\/commit\/a0350899ea983693f3a5b4400c11f3bca4ba0cf4|a035089> by Neil Grogan) and <https:\/\/github.com\/dueyfinster\/blackteam\/compare\/24d911a89bab...a0350899ea98|5 more>\n",
                "id": 1,
                "color": "d10c20"
            }
        ],
        "type": "message",
        "subtype": "bot_message",
        "ts": "1433940249.000268"
    },
    {
        "text": "",
        "bot_id": "B052T590M",
        "attachments": [
            {
                "fallback": "[blackteam] New branch \"<https:\/\/github.com\/dueyfinster\/blackteam\/tree\/release%2FRELEASE|release\/RELEASE>\" was pushed by dueyfinster",
                "text": "[blackteam] New branch \"<https:\/\/github.com\/dueyfinster\/blackteam\/tree\/release%2FRELEASE|release\/RELEASE>\" was pushed by dueyfinster",
                "id": 1,
                "color": "4183C4",
                "mrkdwn_in": [
                    "text",
                    "pretext"
                ]
            }
        ],
        "type": "message",
        "subtype": "bot_message",
        "ts": "1433940560.000269"
    },
    {
        "text": "",
        "bot_id": "B056P06D5",
        "attachments": [
            {
                "fallback": "Failed:  dueyfinster's build (<https:\/\/circleci.com\/gh\/dueyfinster\/blackteam\/107|#107>; push in <https:\/\/circleci.com\/gh\/dueyfinster\/blackteam|dueyfinster\/blackteam> (<https:\/\/circleci.com\/gh\/dueyfinster\/blackteam\/tree\/release%2FRELEASE|release\/RELEASE>)\n - Bumped version number to 0.1-137-d135af1 (<https:\/\/github.com\/dueyfinster\/blackteam\/commit\/536c53c29a976ed49f0f2a816a63aad31e5e259c|536c53c> by Neil Grogan) and <https:\/\/github.com\/dueyfinster\/blackteam\/compare\/ca88ed24b831^...536c53c29a97|3 more>\n",
                "text": "Failed:  dueyfinster's build (<https:\/\/circleci.com\/gh\/dueyfinster\/blackteam\/107|#107>; push in <https:\/\/circleci.com\/gh\/dueyfinster\/blackteam|dueyfinster\/blackteam> (<https:\/\/circleci.com\/gh\/dueyfinster\/blackteam\/tree\/release%2FRELEASE|release\/RELEASE>)\n - Bumped version number to 0.1-137-d135af1 (<https:\/\/github.com\/dueyfinster\/blackteam\/commit\/536c53c29a976ed49f0f2a816a63aad31e5e259c|536c53c> by Neil Grogan) and <https:\/\/github.com\/dueyfinster\/blackteam\/compare\/ca88ed24b831^...536c53c29a97|3 more>\n",
                "id": 1,
                "color": "d10c20"
            }
        ],
        "type": "message",
        "subtype": "bot_message",
        "ts": "1433940634.000270"
    },
    {
        "text": "",
        "bot_id": "B0506GF16",
        "attachments": [
            {
                "fallback": "Build <http:\/\/magnum.travis-ci.com\/dueyfinster\/blackteam\/builds\/12641822|#110> (<https:\/\/github.com\/dueyfinster\/blackteam\/compare\/ca88ed24b831^...536c53c29a97|536c53c>) of dueyfinster\/blackteam@release\/RELEASE by Neil Grogan failed in 1 min 10 sec",
                "text": "Build <http:\/\/magnum.travis-ci.com\/dueyfinster\/blackteam\/builds\/12641822|#110> (<https:\/\/github.com\/dueyfinster\/blackteam\/compare\/ca88ed24b831^...536c53c29a97|536c53c>) of dueyfinster\/blackteam@release\/RELEASE by Neil Grogan failed in 1 min 10 sec",
                "id": 1,
                "color": "d00000"
            }
        ],
        "type": "message",
        "subtype": "bot_message",
        "ts": "1433940707.000271"
    },
    {
        "text": "",
        "bot_id": "B052T590M",
        "attachments": [
            {
                "fallback": "[blackteam:master] <https:\/\/github.com\/dueyfinster\/blackteam\/compare\/fdeaafcd6d3a...c8e5b4f0e060|11 new commits> by Neil Grogan",
                "text": "<https:\/\/github.com\/dueyfinster\/blackteam\/commit\/45c3ed7|45c3ed7>: Moved deployment scripts to folder to cleanup root - Neil Grogan\n <https:\/\/github.com\/dueyfinster\/blackteam\/commit\/4494a06|4494a06>: Updated circle yml to updated path deployment script - Neil Grogan\n <https:\/\/github.com\/dueyfinster\/blackteam\/commit\/ffddc59|ffddc59>: Added version to footer - Neil Grogan\n <https:\/\/github.com\/dueyfinster\/blackteam\/commit\/85b53b1|85b53b1>: Bumped version number to 0.1-131-ffddc59 - Neil Grogan\n <https:\/\/github.com\/dueyfinster\/blackteam\/commit\/c13f8ae|c13f8ae>: Finished first version of versioning script - Neil Grogan\n <https:\/\/github.com\/dueyfinster\/blackteam\/commit\/a035089|a035089>: Merge branch 'feature\/version_nums' into develop - Neil Grogan\n <https:\/\/github.com\/dueyfinster\/blackteam\/commit\/ca88ed2|ca88ed2>: Cleaned up release script - Neil Grogan\n <https:\/\/github.com\/dueyfinster\/blackteam\/commit\/3812d73|3812d73>: Bumped version number to 0.1-135-ca88ed2 - Neil Grogan\n <https:\/\/github.com\/dueyfinster\/blackteam\/commit\/d135af1|d135af1>: Added tagging to release script - Neil Grogan\n <https:\/\/github.com\/dueyfinster\/blackteam\/commit\/536c53c|536c53c>: Bumped version number to 0.1-137-d135af1 - Neil Grogan\n <https:\/\/github.com\/dueyfinster\/blackteam\/commit\/c8e5b4f|c8e5b4f>: Added in versioning support - Neil Grogan",
                "pretext": "[blackteam:master] <https:\/\/github.com\/dueyfinster\/blackteam\/compare\/fdeaafcd6d3a...c8e5b4f0e060|11 new commits> by Neil Grogan:",
                "id": 1,
                "color": "4183C4",
                "mrkdwn_in": [
                    "text",
                    "pretext"
                ]
            }
        ],
        "type": "message",
        "subtype": "bot_message",
        "ts": "1433940832.000272"
    },
    {
        "text": "",
        "bot_id": "B056P06D5",
        "attachments": [
            {
                "fallback": "Failed:  dueyfinster's build (<https:\/\/circleci.com\/gh\/dueyfinster\/blackteam\/108|#108>; push in <https:\/\/circleci.com\/gh\/dueyfinster\/blackteam|dueyfinster\/blackteam> (<https:\/\/circleci.com\/gh\/dueyfinster\/blackteam\/tree\/master|master>)\n - Added in versioning support (<https:\/\/github.com\/dueyfinster\/blackteam\/commit\/c8e5b4f0e06052b32c41f9a863154caf5ba3cc09|c8e5b4f> by Neil Grogan) and <https:\/\/github.com\/dueyfinster\/blackteam\/compare\/fdeaafcd6d3a...c8e5b4f0e060|10 more>\n",
                "text": "Failed:  dueyfinster's build (<https:\/\/circleci.com\/gh\/dueyfinster\/blackteam\/108|#108>; push in <https:\/\/circleci.com\/gh\/dueyfinster\/blackteam|dueyfinster\/blackteam> (<https:\/\/circleci.com\/gh\/dueyfinster\/blackteam\/tree\/master|master>)\n - Added in versioning support (<https:\/\/github.com\/dueyfinster\/blackteam\/commit\/c8e5b4f0e06052b32c41f9a863154caf5ba3cc09|c8e5b4f> by Neil Grogan) and <https:\/\/github.com\/dueyfinster\/blackteam\/compare\/fdeaafcd6d3a...c8e5b4f0e060|10 more>\n",
                "id": 1,
                "color": "d10c20"
            }
        ],
        "type": "message",
        "subtype": "bot_message",
        "ts": "1433940919.000273"
    },
    {
        "text": "",
        "bot_id": "B0506GF16",
        "attachments": [
            {
                "fallback": "Build <http:\/\/magnum.travis-ci.com\/dueyfinster\/blackteam\/builds\/12641984|#111> (<https:\/\/github.com\/dueyfinster\/blackteam\/compare\/fdeaafcd6d3a...c8e5b4f0e060|c8e5b4f>) of dueyfinster\/blackteam@master by Neil Grogan failed in 1 min 9 sec",
                "text": "Build <http:\/\/magnum.travis-ci.com\/dueyfinster\/blackteam\/builds\/12641984|#111> (<https:\/\/github.com\/dueyfinster\/blackteam\/compare\/fdeaafcd6d3a...c8e5b4f0e060|c8e5b4f>) of dueyfinster\/blackteam@master by Neil Grogan failed in 1 min 9 sec",
                "id": 1,
                "color": "d00000"
            }
        ],
        "type": "message",
        "subtype": "bot_message",
        "ts": "1433940988.000274"
    },
    {
        "text": "",
        "bot_id": "B052T590M",
        "attachments": [
            {
                "fallback": "[blackteam] New branch \"<https:\/\/github.com\/dueyfinster\/blackteam\/tree\/newbranch|newbranch>\" was pushed by iberdnikov",
                "text": "[blackteam] New branch \"<https:\/\/github.com\/dueyfinster\/blackteam\/tree\/newbranch|newbranch>\" was pushed by iberdnikov",
                "id": 1,
                "color": "4183C4",
                "mrkdwn_in": [
                    "text",
                    "pretext"
                ]
            }
        ],
        "type": "message",
        "subtype": "bot_message",
        "ts": "1433945576.000275"
    },
    {
        "text": "",
        "bot_id": "B0506GF16",
        "attachments": [
            {
                "fallback": "Build <http:\/\/magnum.travis-ci.com\/dueyfinster\/blackteam\/builds\/12645374|#112> (<https:\/\/github.com\/dueyfinster\/blackteam\/commit\/fcadf2248331|fcadf22>) of dueyfinster\/blackteam@newbranch by iberdnikov failed in 1 min 43 sec",
                "text": "Build <http:\/\/magnum.travis-ci.com\/dueyfinster\/blackteam\/builds\/12645374|#112> (<https:\/\/github.com\/dueyfinster\/blackteam\/commit\/fcadf2248331|fcadf22>) of dueyfinster\/blackteam@newbranch by iberdnikov failed in 1 min 43 sec",
                "id": 1,
                "color": "d00000"
            }
        ],
        "type": "message",
        "subtype": "bot_message",
        "ts": "1433945752.000276"
    },
    {
        "text": "",
        "bot_id": "B056P06D5",
        "attachments": [
            {
                "fallback": "Failed:  iberdnikov's build (<https:\/\/circleci.com\/gh\/dueyfinster\/blackteam\/110|#110>; push in <https:\/\/circleci.com\/gh\/dueyfinster\/blackteam|dueyfinster\/blackteam> (<https:\/\/circleci.com\/gh\/dueyfinster\/blackteam\/tree\/newbranch|newbranch>)\n - Functionality to display news in more compact way (<https:\/\/github.com\/dueyfinster\/blackteam\/commit\/fcadf22483319e3f3c6bc546bb8f53ae15525fe2|fcadf22> by iberdnikov)\n",
                "text": "Failed:  iberdnikov's build (<https:\/\/circleci.com\/gh\/dueyfinster\/blackteam\/110|#110>; push in <https:\/\/circleci.com\/gh\/dueyfinster\/blackteam|dueyfinster\/blackteam> (<https:\/\/circleci.com\/gh\/dueyfinster\/blackteam\/tree\/newbranch|newbranch>)\n - Functionality to display news in more compact way (<https:\/\/github.com\/dueyfinster\/blackteam\/commit\/fcadf22483319e3f3c6bc546bb8f53ae15525fe2|fcadf22> by iberdnikov)\n",
                "id": 1,
                "color": "d10c20"
            }
        ],
        "type": "message",
        "subtype": "bot_message",
        "ts": "1433946092.000277"
    },
    {
        "text": "",
        "bot_id": "B052T590M",
        "attachments": [
            {
                "fallback": "[blackteam:master] <https:\/\/github.com\/dueyfinster\/blackteam\/compare\/c8e5b4f0e060...c31c53dfb812|3 new commits> by iberdnikov",
                "text": "<https:\/\/github.com\/dueyfinster\/blackteam\/commit\/8508e20|8508e20>: Functionality to display news in more compact way - iberdnikov\n <https:\/\/github.com\/dueyfinster\/blackteam\/commit\/9f7c82a|9f7c82a>: Merge remote-tracking branch 'origin\/master' - iberdnikov\n <https:\/\/github.com\/dueyfinster\/blackteam\/commit\/c31c53d|c31c53d>: Displays news in compact way - iberdnikov",
                "pretext": "[blackteam:master] <https:\/\/github.com\/dueyfinster\/blackteam\/compare\/c8e5b4f0e060...c31c53dfb812|3 new commits> by iberdnikov:",
                "id": 1,
                "color": "4183C4",
                "mrkdwn_in": [
                    "text",
                    "pretext"
                ]
            }
        ],
        "type": "message",
        "subtype": "bot_message",
        "ts": "1433946433.000278"
    },
    {
        "text": "",
        "bot_id": "B052T590M",
        "attachments": [
            {
                "fallback": "[blackteam] The branch \"newbranch\" was deleted by iberdnikov",
                "text": "[blackteam] The branch \"newbranch\" was deleted by iberdnikov",
                "id": 1,
                "color": "4183C4",
                "mrkdwn_in": [
                    "text",
                    "pretext"
                ]
            }
        ],
        "type": "message",
        "subtype": "bot_message",
        "ts": "1433946516.000279"
    },
    {
        "text": "",
        "bot_id": "B0506GF16",
        "attachments": [
            {
                "fallback": "Build <http:\/\/magnum.travis-ci.com\/dueyfinster\/blackteam\/builds\/12641984|#111> (<https:\/\/github.com\/dueyfinster\/blackteam\/compare\/fdeaafcd6d3a...c8e5b4f0e060|c8e5b4f>) of dueyfinster\/blackteam@master by Neil Grogan failed in 1 min 19 sec",
                "text": "Build <http:\/\/magnum.travis-ci.com\/dueyfinster\/blackteam\/builds\/12641984|#111> (<https:\/\/github.com\/dueyfinster\/blackteam\/compare\/fdeaafcd6d3a...c8e5b4f0e060|c8e5b4f>) of dueyfinster\/blackteam@master by Neil Grogan failed in 1 min 19 sec",
                "id": 1,
                "color": "d00000"
            }
        ],
        "type": "message",
        "subtype": "bot_message",
        "ts": "1433946584.000280"
    },
    {
        "text": "",
        "bot_id": "B056P06D5",
        "attachments": [
            {
                "fallback": "Failed:  dueyfinster's build (<https:\/\/circleci.com\/gh\/dueyfinster\/blackteam\/113|#113>; retry by dueyfinster in <https:\/\/circleci.com\/gh\/dueyfinster\/blackteam|dueyfinster\/blackteam> (<https:\/\/circleci.com\/gh\/dueyfinster\/blackteam\/tree\/master|master>)\n - Added in versioning support (<https:\/\/github.com\/dueyfinster\/blackteam\/commit\/c8e5b4f0e06052b32c41f9a863154caf5ba3cc09|c8e5b4f> by Neil Grogan) and <https:\/\/github.com\/dueyfinster\/blackteam\/compare\/fdeaafcd6d3a...c8e5b4f0e060|10 more>\n",
                "text": "Failed:  dueyfinster's build (<https:\/\/circleci.com\/gh\/dueyfinster\/blackteam\/113|#113>; retry by dueyfinster in <https:\/\/circleci.com\/gh\/dueyfinster\/blackteam|dueyfinster\/blackteam> (<https:\/\/circleci.com\/gh\/dueyfinster\/blackteam\/tree\/master|master>)\n - Added in versioning support (<https:\/\/github.com\/dueyfinster\/blackteam\/commit\/c8e5b4f0e06052b32c41f9a863154caf5ba3cc09|c8e5b4f> by Neil Grogan) and <https:\/\/github.com\/dueyfinster\/blackteam\/compare\/fdeaafcd6d3a...c8e5b4f0e060|10 more>\n",
                "id": 1,
                "color": "d10c20"
            }
        ],
        "type": "message",
        "subtype": "bot_message",
        "ts": "1433946737.000281"
    },
    {
        "text": "",
        "bot_id": "B052T590M",
        "attachments": [
            {
                "fallback": "[blackteam:master] <https:\/\/github.com\/dueyfinster\/blackteam\/commit\/e948fe0|1 new commit> by iberdnikov",
                "text": "<https:\/\/github.com\/dueyfinster\/blackteam\/commit\/e948fe0|e948fe0>: Update _base.html - iberdnikov",
                "pretext": "[blackteam:master] 1 new commit by iberdnikov:",
                "id": 1,
                "color": "4183C4",
                "mrkdwn_in": [
                    "text",
                    "pretext"
                ]
            }
        ],
        "type": "message",
        "subtype": "bot_message",
        "ts": "1433946828.000282"
    },
    {
        "text": "",
        "bot_id": "B056P06D5",
        "attachments": [
            {
                "fallback": "Success:  iberdnikov's build (<https:\/\/circleci.com\/gh\/dueyfinster\/blackteam\/114|#114>; push in <https:\/\/circleci.com\/gh\/dueyfinster\/blackteam|dueyfinster\/blackteam> (<https:\/\/circleci.com\/gh\/dueyfinster\/blackteam\/tree\/master|master>)\n - Update _base.html (<https:\/\/github.com\/dueyfinster\/blackteam\/commit\/e948fe09aa3192c4153a9156456433221790a7a6|e948fe0> by iberdnikov)\n",
                "text": "Success:  iberdnikov's build (<https:\/\/circleci.com\/gh\/dueyfinster\/blackteam\/114|#114>; push in <https:\/\/circleci.com\/gh\/dueyfinster\/blackteam|dueyfinster\/blackteam> (<https:\/\/circleci.com\/gh\/dueyfinster\/blackteam\/tree\/master|master>)\n - Update _base.html (<https:\/\/github.com\/dueyfinster\/blackteam\/commit\/e948fe09aa3192c4153a9156456433221790a7a6|e948fe0> by iberdnikov)\n",
                "id": 1,
                "color": "41aa58"
            }
        ],
        "type": "message",
        "subtype": "bot_message",
        "ts": "1433946944.000283"
    },
    {
        "text": "",
        "bot_id": "B0506GF16",
        "attachments": [
            {
                "fallback": "Build <http:\/\/magnum.travis-ci.com\/dueyfinster\/blackteam\/builds\/12646415|#114> (<https:\/\/github.com\/dueyfinster\/blackteam\/compare\/c31c53dfb812...e948fe09aa31|e948fe0>) of dueyfinster\/blackteam@master by iberdnikov passed in 1 min 13 sec",
                "text": "Build <http:\/\/magnum.travis-ci.com\/dueyfinster\/blackteam\/builds\/12646415|#114> (<https:\/\/github.com\/dueyfinster\/blackteam\/compare\/c31c53dfb812...e948fe09aa31|e948fe0>) of dueyfinster\/blackteam@master by iberdnikov passed in 1 min 13 sec",
                "id": 1,
                "color": "36a64f"
            }
        ],
        "type": "message",
        "subtype": "bot_message",
        "ts": "1433947004.000284"
    },
    {
        "text": "",
        "bot_id": "B052T590M",
        "attachments": [
            {
                "fallback": "[blackteam:master] <https:\/\/github.com\/dueyfinster\/blackteam\/commit\/d64e209|1 new commit> by iberdnikov",
                "text": "<https:\/\/github.com\/dueyfinster\/blackteam\/commit\/d64e209|d64e209>: Update views.py - iberdnikov",
                "pretext": "[blackteam:master] 1 new commit by iberdnikov:",
                "id": 1,
                "color": "4183C4",
                "mrkdwn_in": [
                    "text",
                    "pretext"
                ]
            }
        ],
        "type": "message",
        "subtype": "bot_message",
        "ts": "1433947054.000285"
    },
    {
        "text": "",
        "bot_id": "B056P06D5",
        "attachments": [
            {
                "fallback": "Failed:  iberdnikov's build (<https:\/\/circleci.com\/gh\/dueyfinster\/blackteam\/115|#115>; push in <https:\/\/circleci.com\/gh\/dueyfinster\/blackteam|dueyfinster\/blackteam> (<https:\/\/circleci.com\/gh\/dueyfinster\/blackteam\/tree\/master|master>)\n - Update views.py (<https:\/\/github.com\/dueyfinster\/blackteam\/commit\/d64e2090469bfb9853eca3c28b4a7657bdc165b9|d64e209> by iberdnikov)\n",
                "text": "Failed:  iberdnikov's build (<https:\/\/circleci.com\/gh\/dueyfinster\/blackteam\/115|#115>; push in <https:\/\/circleci.com\/gh\/dueyfinster\/blackteam|dueyfinster\/blackteam> (<https:\/\/circleci.com\/gh\/dueyfinster\/blackteam\/tree\/master|master>)\n - Update views.py (<https:\/\/github.com\/dueyfinster\/blackteam\/commit\/d64e2090469bfb9853eca3c28b4a7657bdc165b9|d64e209> by iberdnikov)\n",
                "id": 1,
                "color": "d10c20"
            }
        ],
        "type": "message",
        "subtype": "bot_message",
        "ts": "1433947140.000286"
    },
    {
        "text": "",
        "bot_id": "B052T590M",
        "attachments": [
            {
                "fallback": "[blackteam:master] <https:\/\/github.com\/dueyfinster\/blackteam\/commit\/1a20751|1 new commit> by iberdnikov",
                "text": "<https:\/\/github.com\/dueyfinster\/blackteam\/commit\/1a20751|1a20751>: Update .env - iberdnikov",
                "pretext": "[blackteam:master] 1 new commit by iberdnikov:",
                "id": 1,
                "color": "4183C4",
                "mrkdwn_in": [
                    "text",
                    "pretext"
                ]
            }
        ],
        "type": "message",
        "subtype": "bot_message",
        "ts": "1433947187.000287"
    },
    {
        "text": "",
        "bot_id": "B0506GF16",
        "attachments": [
            {
                "fallback": "Build <http:\/\/magnum.travis-ci.com\/dueyfinster\/blackteam\/builds\/12646581|#115> (<https:\/\/github.com\/dueyfinster\/blackteam\/compare\/e948fe09aa31...d64e2090469b|d64e209>) of dueyfinster\/blackteam@master by iberdnikov failed in 1 min 20 sec",
                "text": "Build <http:\/\/magnum.travis-ci.com\/dueyfinster\/blackteam\/builds\/12646581|#115> (<https:\/\/github.com\/dueyfinster\/blackteam\/compare\/e948fe09aa31...d64e2090469b|d64e209>) of dueyfinster\/blackteam@master by iberdnikov failed in 1 min 20 sec",
                "id": 1,
                "color": "d00000"
            }
        ],
        "type": "message",
        "subtype": "bot_message",
        "ts": "1433947208.000288"
    },
    {
        "text": "",
        "bot_id": "B056P06D5",
        "attachments": [
            {
                "fallback": "Failed:  iberdnikov's build (<https:\/\/circleci.com\/gh\/dueyfinster\/blackteam\/116|#116>; push in <https:\/\/circleci.com\/gh\/dueyfinster\/blackteam|dueyfinster\/blackteam> (<https:\/\/circleci.com\/gh\/dueyfinster\/blackteam\/tree\/master|master>)\n - Update .env (<https:\/\/github.com\/dueyfinster\/blackteam\/commit\/1a20751e881d6f75acefc62946802b03e5a7339f|1a20751> by iberdnikov)\n",
                "text": "Failed:  iberdnikov's build (<https:\/\/circleci.com\/gh\/dueyfinster\/blackteam\/116|#116>; push in <https:\/\/circleci.com\/gh\/dueyfinster\/blackteam|dueyfinster\/blackteam> (<https:\/\/circleci.com\/gh\/dueyfinster\/blackteam\/tree\/master|master>)\n - Update .env (<https:\/\/github.com\/dueyfinster\/blackteam\/commit\/1a20751e881d6f75acefc62946802b03e5a7339f|1a20751> by iberdnikov)\n",
                "id": 1,
                "color": "d10c20"
            }
        ],
        "type": "message",
        "subtype": "bot_message",
        "ts": "1433947275.000289"
    },
    {
        "text": "",
        "bot_id": "B0506GF16",
        "attachments": [
            {
                "fallback": "Build <http:\/\/magnum.travis-ci.com\/dueyfinster\/blackteam\/builds\/12646701|#116> (<https:\/\/github.com\/dueyfinster\/blackteam\/compare\/d64e2090469b...1a20751e881d|1a20751>) of dueyfinster\/blackteam@master by iberdnikov failed in 1 min 12 sec",
                "text": "Build <http:\/\/magnum.travis-ci.com\/dueyfinster\/blackteam\/builds\/12646701|#116> (<https:\/\/github.com\/dueyfinster\/blackteam\/compare\/d64e2090469b...1a20751e881d|1a20751>) of dueyfinster\/blackteam@master by iberdnikov failed in 1 min 12 sec",
                "id": 1,
                "color": "d00000"
            }
        ],
        "type": "message",
        "subtype": "bot_message",
        "ts": "1433947357.000290"
    },
    {
        "text": "",
        "bot_id": "B052T590M",
        "attachments": [
            {
                "fallback": "[blackteam:master] <https:\/\/github.com\/dueyfinster\/blackteam\/commit\/83cbb55|1 new commit> by iberdnikov",
                "text": "<https:\/\/github.com\/dueyfinster\/blackteam\/commit\/83cbb55|83cbb55>: Update style.css - iberdnikov",
                "pretext": "[blackteam:master] 1 new commit by iberdnikov:",
                "id": 1,
                "color": "4183C4",
                "mrkdwn_in": [
                    "text",
                    "pretext"
                ]
            }
        ],
        "type": "message",
        "subtype": "bot_message",
        "ts": "1433947497.000291"
    },
    {
        "text": "",
        "bot_id": "B0506GF16",
        "attachments": [
            {
                "fallback": "Build <http:\/\/magnum.travis-ci.com\/dueyfinster\/blackteam\/builds\/12646954|#117> (<https:\/\/github.com\/dueyfinster\/blackteam\/compare\/1a20751e881d...83cbb55f823a|83cbb55>) of dueyfinster\/blackteam@master by iberdnikov failed in 1 min 35 sec",
                "text": "Build <http:\/\/magnum.travis-ci.com\/dueyfinster\/blackteam\/builds\/12646954|#117> (<https:\/\/github.com\/dueyfinster\/blackteam\/compare\/1a20751e881d...83cbb55f823a|83cbb55>) of dueyfinster\/blackteam@master by iberdnikov failed in 1 min 35 sec",
                "id": 1,
                "color": "d00000"
            }
        ],
        "type": "message",
        "subtype": "bot_message",
        "ts": "1433947653.000292"
    },
    {
        "text": "",
        "bot_id": "B052T590M",
        "attachments": [
            {
                "fallback": "[blackteam:master] <https:\/\/github.com\/dueyfinster\/blackteam\/commit\/4e89ff2|1 new commit> by iberdnikov",
                "text": "<https:\/\/github.com\/dueyfinster\/blackteam\/commit\/4e89ff2|4e89ff2>: Update _base.html - iberdnikov",
                "pretext": "[blackteam:master] 1 new commit by iberdnikov:",
                "id": 1,
                "color": "4183C4",
                "mrkdwn_in": [
                    "text",
                    "pretext"
                ]
            }
        ],
        "type": "message",
        "subtype": "bot_message",
        "ts": "1433947653.000293"
    },
    {
        "text": "",
        "bot_id": "B056P06D5",
        "attachments": [
            {
                "fallback": "Failed:  iberdnikov's build (<https:\/\/circleci.com\/gh\/dueyfinster\/blackteam\/117|#117>; push in <https:\/\/circleci.com\/gh\/dueyfinster\/blackteam|dueyfinster\/blackteam> (<https:\/\/circleci.com\/gh\/dueyfinster\/blackteam\/tree\/master|master>)\n - Update style.css (<https:\/\/github.com\/dueyfinster\/blackteam\/commit\/83cbb55f823a218589deb823bc5fb559d2463449|83cbb55> by iberdnikov)\n",
                "text": "Failed:  iberdnikov's build (<https:\/\/circleci.com\/gh\/dueyfinster\/blackteam\/117|#117>; push in <https:\/\/circleci.com\/gh\/dueyfinster\/blackteam|dueyfinster\/blackteam> (<https:\/\/circleci.com\/gh\/dueyfinster\/blackteam\/tree\/master|master>)\n - Update style.css (<https:\/\/github.com\/dueyfinster\/blackteam\/commit\/83cbb55f823a218589deb823bc5fb559d2463449|83cbb55> by iberdnikov)\n",
                "id": 1,
                "color": "d10c20"
            }
        ],
        "type": "message",
        "subtype": "bot_message",
        "ts": "1433947656.000294"
    },
    {
        "text": "",
        "bot_id": "B056P06D5",
        "attachments": [
            {
                "fallback": "Failed:  iberdnikov's build (<https:\/\/circleci.com\/gh\/dueyfinster\/blackteam\/118|#118>; push in <https:\/\/circleci.com\/gh\/dueyfinster\/blackteam|dueyfinster\/blackteam> (<https:\/\/circleci.com\/gh\/dueyfinster\/blackteam\/tree\/master|master>)\n - Update _base.html (<https:\/\/github.com\/dueyfinster\/blackteam\/commit\/4e89ff2591fb5c22ad9b521c862444fd5e33f537|4e89ff2> by iberdnikov)\n",
                "text": "Failed:  iberdnikov's build (<https:\/\/circleci.com\/gh\/dueyfinster\/blackteam\/118|#118>; push in <https:\/\/circleci.com\/gh\/dueyfinster\/blackteam|dueyfinster\/blackteam> (<https:\/\/circleci.com\/gh\/dueyfinster\/blackteam\/tree\/master|master>)\n - Update _base.html (<https:\/\/github.com\/dueyfinster\/blackteam\/commit\/4e89ff2591fb5c22ad9b521c862444fd5e33f537|4e89ff2> by iberdnikov)\n",
                "id": 1,
                "color": "d10c20"
            }
        ],
        "type": "message",
        "subtype": "bot_message",
        "ts": "1433947738.000295"
    },
    {
        "text": "",
        "bot_id": "B0506GF16",
        "attachments": [
            {
                "fallback": "Build <http:\/\/magnum.travis-ci.com\/dueyfinster\/blackteam\/builds\/12647101|#118> (<https:\/\/github.com\/dueyfinster\/blackteam\/compare\/83cbb55f823a...4e89ff2591fb|4e89ff2>) of dueyfinster\/blackteam@master by iberdnikov failed in 1 min 12 sec",
                "text": "Build <http:\/\/magnum.travis-ci.com\/dueyfinster\/blackteam\/builds\/12647101|#118> (<https:\/\/github.com\/dueyfinster\/blackteam\/compare\/83cbb55f823a...4e89ff2591fb|4e89ff2>) of dueyfinster\/blackteam@master by iberdnikov failed in 1 min 12 sec",
                "id": 1,
                "color": "d00000"
            }
        ],
        "type": "message",
        "subtype": "bot_message",
        "ts": "1433947799.000296"
    },
    {
        "text": "",
        "bot_id": "B052T590M",
        "attachments": [
            {
                "fallback": "[blackteam:master] <https:\/\/github.com\/dueyfinster\/blackteam\/commit\/d1b9ec6|1 new commit> by iberdnikov",
                "text": "<https:\/\/github.com\/dueyfinster\/blackteam\/commit\/d1b9ec6|d1b9ec6>: Update views.py - iberdnikov",
                "pretext": "[blackteam:master] 1 new commit by iberdnikov:",
                "id": 1,
                "color": "4183C4",
                "mrkdwn_in": [
                    "text",
                    "pretext"
                ]
            }
        ],
        "type": "message",
        "subtype": "bot_message",
        "ts": "1433948578.000297"
    },
    {
        "text": "",
        "bot_id": "B056P06D5",
        "attachments": [
            {
                "fallback": "Failed:  iberdnikov's build (<https:\/\/circleci.com\/gh\/dueyfinster\/blackteam\/119|#119>; push in <https:\/\/circleci.com\/gh\/dueyfinster\/blackteam|dueyfinster\/blackteam> (<https:\/\/circleci.com\/gh\/dueyfinster\/blackteam\/tree\/master|master>)\n - Update views.py (<https:\/\/github.com\/dueyfinster\/blackteam\/commit\/d1b9ec6b52ed16829737112c8bd9386e925fe2a2|d1b9ec6> by iberdnikov)\n",
                "text": "Failed:  iberdnikov's build (<https:\/\/circleci.com\/gh\/dueyfinster\/blackteam\/119|#119>; push in <https:\/\/circleci.com\/gh\/dueyfinster\/blackteam|dueyfinster\/blackteam> (<https:\/\/circleci.com\/gh\/dueyfinster\/blackteam\/tree\/master|master>)\n - Update views.py (<https:\/\/github.com\/dueyfinster\/blackteam\/commit\/d1b9ec6b52ed16829737112c8bd9386e925fe2a2|d1b9ec6> by iberdnikov)\n",
                "id": 1,
                "color": "d10c20"
            }
        ],
        "type": "message",
        "subtype": "bot_message",
        "ts": "1433948683.000298"
    },
    {
        "text": "",
        "bot_id": "B0506GF16",
        "attachments": [
            {
                "fallback": "Build <http:\/\/magnum.travis-ci.com\/dueyfinster\/blackteam\/builds\/12647863|#119> (<https:\/\/github.com\/dueyfinster\/blackteam\/compare\/4e89ff2591fb...d1b9ec6b52ed|d1b9ec6>) of dueyfinster\/blackteam@master by iberdnikov failed in 1 min 13 sec",
                "text": "Build <http:\/\/magnum.travis-ci.com\/dueyfinster\/blackteam\/builds\/12647863|#119> (<https:\/\/github.com\/dueyfinster\/blackteam\/compare\/4e89ff2591fb...d1b9ec6b52ed|d1b9ec6>) of dueyfinster\/blackteam@master by iberdnikov failed in 1 min 13 sec",
                "id": 1,
                "color": "d00000"
            }
        ],
        "type": "message",
        "subtype": "bot_message",
        "ts": "1433948727.000299"
    },
    {
        "text": "",
        "bot_id": "B052T590M",
        "attachments": [
            {
                "fallback": "[blackteam:develop] <https:\/\/github.com\/dueyfinster\/blackteam\/compare\/a0350899ea98...d1b9ec6b52ed|19 new commits>",
                "text": "<https:\/\/github.com\/dueyfinster\/blackteam\/commit\/cdbea0c|cdbea0c>: Added tweepy to python notebook requirements - Neil Grogan\n <https:\/\/github.com\/dueyfinster\/blackteam\/commit\/e24a5e1|e24a5e1>: Merge remote-tracking branch 'origin\/master' - iberdnikov\n <https:\/\/github.com\/dueyfinster\/blackteam\/commit\/7a5cd74|7a5cd74>: Initial feedparser RSS - iberdnikov\n <https:\/\/github.com\/dueyfinster\/blackteam\/commit\/856875c|856875c>: Page Title changed for Selenium tests - iberdnikov\n <https:\/\/github.com\/dueyfinster\/blackteam\/commit\/fdeaafc|fdeaafc>: Page Title changed for Selenium tests, code amended - iberdnikov\n <https:\/\/github.com\/dueyfinster\/blackteam\/commit\/8508e20|8508e20>: Functionality to display news in more compact way - iberdnikov\n <https:\/\/github.com\/dueyfinster\/blackteam\/commit\/9f7c82a|9f7c82a>: Merge remote-tracking branch 'origin\/master' - iberdnikov\n <https:\/\/github.com\/dueyfinster\/blackteam\/commit\/ca88ed2|ca88ed2>: Cleaned up release script - Neil Grogan\n <https:\/\/github.com\/dueyfinster\/blackteam\/commit\/3812d73|3812d73>: Bumped version number to 0.1-135-ca88ed2 - Neil Grogan\n <https:\/\/github.com\/dueyfinster\/blackteam\/commit\/d135af1|d135af1>: Added tagging to release script - Neil Grogan\n <https:\/\/github.com\/dueyfinster\/blackteam\/commit\/536c53c|536c53c>: Bumped version number to 0.1-137-d135af1 - Neil Grogan\n <https:\/\/github.com\/dueyfinster\/blackteam\/commit\/c8e5b4f|c8e5b4f>: Added in versioning support - Neil Grogan\n <https:\/\/github.com\/dueyfinster\/blackteam\/commit\/c31c53d|c31c53d>: Displays news in compact way - iberdnikov\n <https:\/\/github.com\/dueyfinster\/blackteam\/commit\/e948fe0|e948fe0>: Update _base.html - iberdnikov\n <https:\/\/github.com\/dueyfinster\/blackteam\/commit\/d64e209|d64e209>: Update views.py - iberdnikov\n <https:\/\/github.com\/dueyfinster\/blackteam\/commit\/1a20751|1a20751>: Update .env - iberdnikov\n <https:\/\/github.com\/dueyfinster\/blackteam\/commit\/83cbb55|83cbb55>: Update style.css - iberdnikov\n <https:\/\/github.com\/dueyfinster\/blackteam\/commit\/4e89ff2|4e89ff2>: Update _base.html - iberdnikov\n <https:\/\/github.com\/dueyfinster\/blackteam\/commit\/d1b9ec6|d1b9ec6>: Update views.py - iberdnikov",
                "pretext": "[blackteam:develop] <https:\/\/github.com\/dueyfinster\/blackteam\/compare\/a0350899ea98...d1b9ec6b52ed|19 new commits>:",
                "id": 1,
                "color": "4183C4",
                "mrkdwn_in": [
                    "text",
                    "pretext"
                ]
            }
        ],
        "type": "message",
        "subtype": "bot_message",
        "ts": "1433949147.000300"
    },
    {
        "text": "",
        "bot_id": "B056P06D5",
        "attachments": [
            {
                "fallback": "Failed:  dueyfinster's build (<https:\/\/circleci.com\/gh\/dueyfinster\/blackteam\/120|#120>; push in <https:\/\/circleci.com\/gh\/dueyfinster\/blackteam|dueyfinster\/blackteam> (<https:\/\/circleci.com\/gh\/dueyfinster\/blackteam\/tree\/develop|develop>)\n - Update views.py (<https:\/\/github.com\/dueyfinster\/blackteam\/commit\/d1b9ec6b52ed16829737112c8bd9386e925fe2a2|d1b9ec6> by iberdnikov) and <https:\/\/github.com\/dueyfinster\/blackteam\/compare\/a0350899ea98...d1b9ec6b52ed|18 more>\n",
                "text": "Failed:  dueyfinster's build (<https:\/\/circleci.com\/gh\/dueyfinster\/blackteam\/120|#120>; push in <https:\/\/circleci.com\/gh\/dueyfinster\/blackteam|dueyfinster\/blackteam> (<https:\/\/circleci.com\/gh\/dueyfinster\/blackteam\/tree\/develop|develop>)\n - Update views.py (<https:\/\/github.com\/dueyfinster\/blackteam\/commit\/d1b9ec6b52ed16829737112c8bd9386e925fe2a2|d1b9ec6> by iberdnikov) and <https:\/\/github.com\/dueyfinster\/blackteam\/compare\/a0350899ea98...d1b9ec6b52ed|18 more>\n",
                "id": 1,
                "color": "d10c20"
            }
        ],
        "type": "message",
        "subtype": "bot_message",
        "ts": "1433949252.000301"
    },
    {
        "text": "",
        "bot_id": "B0506GF16",
        "attachments": [
            {
                "fallback": "Build <http:\/\/magnum.travis-ci.com\/dueyfinster\/blackteam\/builds\/12648300|#120> (<https:\/\/github.com\/dueyfinster\/blackteam\/compare\/a0350899ea98...d1b9ec6b52ed|d1b9ec6>) of dueyfinster\/blackteam@develop by iberdnikov failed in 1 min 15 sec",
                "text": "Build <http:\/\/magnum.travis-ci.com\/dueyfinster\/blackteam\/builds\/12648300|#120> (<https:\/\/github.com\/dueyfinster\/blackteam\/compare\/a0350899ea98...d1b9ec6b52ed|d1b9ec6>) of dueyfinster\/blackteam@develop by iberdnikov failed in 1 min 15 sec",
                "id": 1,
                "color": "d00000"
            }
        ],
        "type": "message",
        "subtype": "bot_message",
        "ts": "1433949287.000302"
    },
    {
        "text": "",
        "bot_id": "B052T590M",
        "attachments": [
            {
                "fallback": "[blackteam:develop] <https:\/\/github.com\/dueyfinster\/blackteam\/commit\/b71b437|1 new commit> by Neil Grogan",
                "text": "<https:\/\/github.com\/dueyfinster\/blackteam\/commit\/b71b437|b71b437>: Silence failing selenium test - Neil Grogan",
                "pretext": "[blackteam:develop] 1 new commit by Neil Grogan:",
                "id": 1,
                "color": "4183C4",
                "mrkdwn_in": [
                    "text",
                    "pretext"
                ]
            }
        ],
        "type": "message",
        "subtype": "bot_message",
        "ts": "1433949492.000303"
    },
    {
        "text": "",
        "bot_id": "B052T590M",
        "attachments": [
            {
                "fallback": "[blackteam:master] <https:\/\/github.com\/dueyfinster\/blackteam\/commit\/f2e3e7b|1 new commit> by iberdnikov",
                "text": "<https:\/\/github.com\/dueyfinster\/blackteam\/commit\/f2e3e7b|f2e3e7b>: Update .env - iberdnikov",
                "pretext": "[blackteam:master] 1 new commit by iberdnikov:",
                "id": 1,
                "color": "4183C4",
                "mrkdwn_in": [
                    "text",
                    "pretext"
                ]
            }
        ],
        "type": "message",
        "subtype": "bot_message",
        "ts": "1433949510.000304"
    },
    {
        "text": "",
        "bot_id": "B0506GF16",
        "attachments": [
            {
                "fallback": "Build <http:\/\/magnum.travis-ci.com\/dueyfinster\/blackteam\/builds\/12648553|#121> (<https:\/\/github.com\/dueyfinster\/blackteam\/compare\/d1b9ec6b52ed...b71b437099a9|b71b437>) of dueyfinster\/blackteam@develop by Neil Grogan passed in 1 min 18 sec",
                "text": "Build <http:\/\/magnum.travis-ci.com\/dueyfinster\/blackteam\/builds\/12648553|#121> (<https:\/\/github.com\/dueyfinster\/blackteam\/compare\/d1b9ec6b52ed...b71b437099a9|b71b437>) of dueyfinster\/blackteam@develop by Neil Grogan passed in 1 min 18 sec",
                "id": 1,
                "color": "36a64f"
            }
        ],
        "type": "message",
        "subtype": "bot_message",
        "ts": "1433949620.000305"
    },
    {
        "text": "",
        "bot_id": "B056P06D5",
        "attachments": [
            {
                "fallback": "Success:  dueyfinster's build (<https:\/\/circleci.com\/gh\/dueyfinster\/blackteam\/123|#123>; retry by dueyfinster in <https:\/\/circleci.com\/gh\/dueyfinster\/blackteam|dueyfinster\/blackteam> (<https:\/\/circleci.com\/gh\/dueyfinster\/blackteam\/tree\/develop|develop>)\n - Silence failing selenium test (<https:\/\/github.com\/dueyfinster\/blackteam\/commit\/b71b437099a9692111d3be10635fa0477d76c8a0|b71b437> by Neil Grogan)\n",
                "text": "Success:  dueyfinster's build (<https:\/\/circleci.com\/gh\/dueyfinster\/blackteam\/123|#123>; retry by dueyfinster in <https:\/\/circleci.com\/gh\/dueyfinster\/blackteam|dueyfinster\/blackteam> (<https:\/\/circleci.com\/gh\/dueyfinster\/blackteam\/tree\/develop|develop>)\n - Silence failing selenium test (<https:\/\/github.com\/dueyfinster\/blackteam\/commit\/b71b437099a9692111d3be10635fa0477d76c8a0|b71b437> by Neil Grogan)\n",
                "id": 1,
                "color": "41aa58"
            }
        ],
        "type": "message",
        "subtype": "bot_message",
        "ts": "1433949682.000306"
    },
    {
        "text": "",
        "bot_id": "B052T590M",
        "attachments": [
            {
                "fallback": "[blackteam:develop] <https:\/\/github.com\/dueyfinster\/blackteam\/compare\/b71b437099a9...fe988867b056|4 new commits>",
                "text": "<https:\/\/github.com\/dueyfinster\/blackteam\/commit\/f2e3e7b|f2e3e7b>: Update .env - iberdnikov\n <https:\/\/github.com\/dueyfinster\/blackteam\/commit\/20f04fa|20f04fa>: Bumped version number to 0.1-154-b71b437 - Neil Grogan\n <https:\/\/github.com\/dueyfinster\/blackteam\/commit\/5b3869d|5b3869d>: Fixed release - Neil Grogan\n <https:\/\/github.com\/dueyfinster\/blackteam\/commit\/fe98886|fe98886>: Merge tag 'release' into develop - Neil Grogan",
                "pretext": "[blackteam:develop] <https:\/\/github.com\/dueyfinster\/blackteam\/compare\/b71b437099a9...fe988867b056|4 new commits>:",
                "id": 1,
                "color": "4183C4",
                "mrkdwn_in": [
                    "text",
                    "pretext"
                ]
            }
        ],
        "type": "message",
        "subtype": "bot_message",
        "ts": "1433949872.000307"
    },
    {
        "text": "",
        "bot_id": "B056P06D5",
        "attachments": [
            {
                "fallback": "Success:  dueyfinster's build (<https:\/\/circleci.com\/gh\/dueyfinster\/blackteam\/124|#124>; push in <https:\/\/circleci.com\/gh\/dueyfinster\/blackteam|dueyfinster\/blackteam> (<https:\/\/circleci.com\/gh\/dueyfinster\/blackteam\/tree\/develop|develop>)\n - Merge tag 'release' into develop (<https:\/\/github.com\/dueyfinster\/blackteam\/commit\/fe988867b05605f0e3d33086f59c36feb1a53965|fe98886> by Neil Grogan) and <https:\/\/github.com\/dueyfinster\/blackteam\/compare\/b71b437099a9...fe988867b056|3 more>\n",
                "text": "Success:  dueyfinster's build (<https:\/\/circleci.com\/gh\/dueyfinster\/blackteam\/124|#124>; push in <https:\/\/circleci.com\/gh\/dueyfinster\/blackteam|dueyfinster\/blackteam> (<https:\/\/circleci.com\/gh\/dueyfinster\/blackteam\/tree\/develop|develop>)\n - Merge tag 'release' into develop (<https:\/\/github.com\/dueyfinster\/blackteam\/commit\/fe988867b05605f0e3d33086f59c36feb1a53965|fe98886> by Neil Grogan) and <https:\/\/github.com\/dueyfinster\/blackteam\/compare\/b71b437099a9...fe988867b056|3 more>\n",
                "id": 1,
                "color": "41aa58"
            }
        ],
        "type": "message",
        "subtype": "bot_message",
        "ts": "1433949960.000308"
    },
    {
        "text": "",
        "bot_id": "B052T590M",
        "attachments": [
            {
                "fallback": "[blackteam] The branch \"release\/RELEASE\" was deleted by dueyfinster",
                "text": "[blackteam] The branch \"release\/RELEASE\" was deleted by dueyfinster",
                "id": 1,
                "color": "4183C4",
                "mrkdwn_in": [
                    "text",
                    "pretext"
                ]
            }
        ],
        "type": "message",
        "subtype": "bot_message",
        "ts": "1433949972.000309"
    },
    {
        "text": "",
        "bot_id": "B0506GF16",
        "attachments": [
            {
                "fallback": "Build <http:\/\/magnum.travis-ci.com\/dueyfinster\/blackteam\/builds\/12648805|#123> (<https:\/\/github.com\/dueyfinster\/blackteam\/compare\/b71b437099a9...fe988867b056|fe98886>) of dueyfinster\/blackteam@develop by Neil Grogan passed in 1 min 8 sec",
                "text": "Build <http:\/\/magnum.travis-ci.com\/dueyfinster\/blackteam\/builds\/12648805|#123> (<https:\/\/github.com\/dueyfinster\/blackteam\/compare\/b71b437099a9...fe988867b056|fe98886>) of dueyfinster\/blackteam@develop by Neil Grogan passed in 1 min 8 sec",
                "id": 1,
                "color": "36a64f"
            }
        ],
        "type": "message",
        "subtype": "bot_message",
        "ts": "1433950021.000310"
    },
    {
        "text": "",
        "bot_id": "B052T590M",
        "attachments": [
            {
                "fallback": "[blackteam:master] <https:\/\/github.com\/dueyfinster\/blackteam\/compare\/f2e3e7b904e7...5b3869d4b602|3 new commits> by Neil Grogan",
                "text": "<https:\/\/github.com\/dueyfinster\/blackteam\/commit\/b71b437|b71b437>: Silence failing selenium test - Neil Grogan\n <https:\/\/github.com\/dueyfinster\/blackteam\/commit\/20f04fa|20f04fa>: Bumped version number to 0.1-154-b71b437 - Neil Grogan\n <https:\/\/github.com\/dueyfinster\/blackteam\/commit\/5b3869d|5b3869d>: Fixed release - Neil Grogan",
                "pretext": "[blackteam:master] <https:\/\/github.com\/dueyfinster\/blackteam\/compare\/f2e3e7b904e7...5b3869d4b602|3 new commits> by Neil Grogan:",
                "id": 1,
                "color": "4183C4",
                "mrkdwn_in": [
                    "text",
                    "pretext"
                ]
            }
        ],
        "type": "message",
        "subtype": "bot_message",
        "ts": "1433950428.000311"
    },
    {
        "text": "",
        "bot_id": "B056P06D5",
        "attachments": [
            {
                "fallback": "Success:  dueyfinster's build (<https:\/\/circleci.com\/gh\/dueyfinster\/blackteam\/125|#125>; push in <https:\/\/circleci.com\/gh\/dueyfinster\/blackteam|dueyfinster\/blackteam> (<https:\/\/circleci.com\/gh\/dueyfinster\/blackteam\/tree\/master|master>)\n - Fixed release (<https:\/\/github.com\/dueyfinster\/blackteam\/commit\/5b3869d4b60254a5bb119d2f75ea8f583cf06305|5b3869d> by Neil Grogan) and <https:\/\/github.com\/dueyfinster\/blackteam\/compare\/f2e3e7b904e7...5b3869d4b602|2 more>\n",
                "text": "Success:  dueyfinster's build (<https:\/\/circleci.com\/gh\/dueyfinster\/blackteam\/125|#125>; push in <https:\/\/circleci.com\/gh\/dueyfinster\/blackteam|dueyfinster\/blackteam> (<https:\/\/circleci.com\/gh\/dueyfinster\/blackteam\/tree\/master|master>)\n - Fixed release (<https:\/\/github.com\/dueyfinster\/blackteam\/commit\/5b3869d4b60254a5bb119d2f75ea8f583cf06305|5b3869d> by Neil Grogan) and <https:\/\/github.com\/dueyfinster\/blackteam\/compare\/f2e3e7b904e7...5b3869d4b602|2 more>\n",
                "id": 1,
                "color": "41aa58"
            }
        ],
        "type": "message",
        "subtype": "bot_message",
        "ts": "1433950528.000312"
    },
    {
        "text": "",
        "bot_id": "B0506GF16",
        "attachments": [
            {
                "fallback": "Build <http:\/\/magnum.travis-ci.com\/dueyfinster\/blackteam\/builds\/12649258|#124> (<https:\/\/github.com\/dueyfinster\/blackteam\/compare\/f2e3e7b904e7...5b3869d4b602|5b3869d>) of dueyfinster\/blackteam@master by Neil Grogan passed in 1 min 20 sec",
                "text": "Build <http:\/\/magnum.travis-ci.com\/dueyfinster\/blackteam\/builds\/12649258|#124> (<https:\/\/github.com\/dueyfinster\/blackteam\/compare\/f2e3e7b904e7...5b3869d4b602|5b3869d>) of dueyfinster\/blackteam@master by Neil Grogan passed in 1 min 20 sec",
                "id": 1,
                "color": "36a64f"
            }
        ],
        "type": "message",
        "subtype": "bot_message",
        "ts": "1433950712.000313"
    },
    {
        "text": "",
        "bot_id": "B052T590M",
        "attachments": [
            {
                "fallback": "[blackteam] <https:\/\/github.com\/dueyfinster\/blackteam\/tree\/feature%2Ffix-selenium-tests|feature\/fix-selenium-tests> was branched from \"develop\" and pushed by dueyfinster",
                "text": "[blackteam] <https:\/\/github.com\/dueyfinster\/blackteam\/tree\/feature%2Ffix-selenium-tests|feature\/fix-selenium-tests> was branched from \"develop\" and pushed by dueyfinster",
                "id": 1,
                "color": "4183C4",
                "mrkdwn_in": [
                    "text",
                    "pretext"
                ]
            }
        ],
        "type": "message",
        "subtype": "bot_message",
        "ts": "1433951281.000314"
    },
    {
        "text": "",
        "bot_id": "B056P06D5",
        "attachments": [
            {
                "fallback": "Success:  dueyfinster's build (<https:\/\/circleci.com\/gh\/dueyfinster\/blackteam\/126|#126>; push in <https:\/\/circleci.com\/gh\/dueyfinster\/blackteam|dueyfinster\/blackteam> (<https:\/\/circleci.com\/gh\/dueyfinster\/blackteam\/tree\/feature%2Ffix-selenium-tests|feature\/fix-selenium-tests>)\n -  (<https:\/\/github.com\/dueyfinster\/blackteam\/commit\/fe988867b05605f0e3d33086f59c36feb1a53965|fe98886> by )\n",
                "text": "Success:  dueyfinster's build (<https:\/\/circleci.com\/gh\/dueyfinster\/blackteam\/126|#126>; push in <https:\/\/circleci.com\/gh\/dueyfinster\/blackteam|dueyfinster\/blackteam> (<https:\/\/circleci.com\/gh\/dueyfinster\/blackteam\/tree\/feature%2Ffix-selenium-tests|feature\/fix-selenium-tests>)\n -  (<https:\/\/github.com\/dueyfinster\/blackteam\/commit\/fe988867b05605f0e3d33086f59c36feb1a53965|fe98886> by )\n",
                "id": 1,
                "color": "41aa58"
            }
        ],
        "type": "message",
        "subtype": "bot_message",
        "ts": "1433951390.000315"
    },
    {
        "text": "",
        "bot_id": "B0506GF16",
        "attachments": [
            {
                "fallback": "Build <http:\/\/magnum.travis-ci.com\/dueyfinster\/blackteam\/builds\/12649881|#125> (<https:\/\/github.com\/dueyfinster\/blackteam\/compare\/feature\/fix-selenium-tests|fe98886>) of dueyfinster\/blackteam@feature\/fix-selenium-tests by Neil Grogan passed in 1 min 15 sec",
                "text": "Build <http:\/\/magnum.travis-ci.com\/dueyfinster\/blackteam\/builds\/12649881|#125> (<https:\/\/github.com\/dueyfinster\/blackteam\/compare\/feature\/fix-selenium-tests|fe98886>) of dueyfinster\/blackteam@feature\/fix-selenium-tests by Neil Grogan passed in 1 min 15 sec",
                "id": 1,
                "color": "36a64f"
            }
        ],
        "type": "message",
        "subtype": "bot_message",
        "ts": "1433951479.000316"
    },
    {
        "text": "",
        "bot_id": "B052T590M",
        "attachments": [
            {
                "fallback": "[blackteam:feature\/fix-selenium-tests] <https:\/\/github.com\/dueyfinster\/blackteam\/commit\/f8e7bc3|1 new commit> by Neil Grogan",
                "text": "<https:\/\/github.com\/dueyfinster\/blackteam\/commit\/f8e7bc3|f8e7bc3>: Printing out webdriver to see if issue can be solved - Neil Grogan",
                "pretext": "[blackteam:feature\/fix-selenium-tests] 1 new commit by Neil Grogan:",
                "id": 1,
                "color": "4183C4",
                "mrkdwn_in": [
                    "text",
                    "pretext"
                ]
            }
        ],
        "type": "message",
        "subtype": "bot_message",
        "ts": "1433951725.000317"
    },
    {
        "text": "",
        "bot_id": "B056P06D5",
        "attachments": [
            {
                "fallback": "Failed:  dueyfinster's build (<https:\/\/circleci.com\/gh\/dueyfinster\/blackteam\/127|#127>; push in <https:\/\/circleci.com\/gh\/dueyfinster\/blackteam|dueyfinster\/blackteam> (<https:\/\/circleci.com\/gh\/dueyfinster\/blackteam\/tree\/feature%2Ffix-selenium-tests|feature\/fix-selenium-tests>)\n - Printing out webdriver to see if issue can be solved (<https:\/\/github.com\/dueyfinster\/blackteam\/commit\/f8e7bc34f9d3fddb3044ff3409ed83e86a7fda6c|f8e7bc3> by Neil Grogan)\n",
                "text": "Failed:  dueyfinster's build (<https:\/\/circleci.com\/gh\/dueyfinster\/blackteam\/127|#127>; push in <https:\/\/circleci.com\/gh\/dueyfinster\/blackteam|dueyfinster\/blackteam> (<https:\/\/circleci.com\/gh\/dueyfinster\/blackteam\/tree\/feature%2Ffix-selenium-tests|feature\/fix-selenium-tests>)\n - Printing out webdriver to see if issue can be solved (<https:\/\/github.com\/dueyfinster\/blackteam\/commit\/f8e7bc34f9d3fddb3044ff3409ed83e86a7fda6c|f8e7bc3> by Neil Grogan)\n",
                "id": 1,
                "color": "d10c20"
            }
        ],
        "type": "message",
        "subtype": "bot_message",
        "ts": "1433951816.000318"
    },
    {
        "text": "",
        "bot_id": "B0506GF16",
        "attachments": [
            {
                "fallback": "Build <http:\/\/magnum.travis-ci.com\/dueyfinster\/blackteam\/builds\/12650198|#126> (<https:\/\/github.com\/dueyfinster\/blackteam\/compare\/fe988867b056...f8e7bc34f9d3|f8e7bc3>) of dueyfinster\/blackteam@feature\/fix-selenium-tests by Neil Grogan failed in 1 min 12 sec",
                "text": "Build <http:\/\/magnum.travis-ci.com\/dueyfinster\/blackteam\/builds\/12650198|#126> (<https:\/\/github.com\/dueyfinster\/blackteam\/compare\/fe988867b056...f8e7bc34f9d3|f8e7bc3>) of dueyfinster\/blackteam@feature\/fix-selenium-tests by Neil Grogan failed in 1 min 12 sec",
                "id": 1,
                "color": "d00000"
            }
        ],
        "type": "message",
        "subtype": "bot_message",
        "ts": "1433951845.000319"
    },
    {
        "text": "",
        "bot_id": "B056P06D5",
        "attachments": [
            {
                "fallback": "Failed:  dueyfinster's build (<https:\/\/circleci.com\/gh\/dueyfinster\/blackteam\/128|#128>; ssh by dueyfinster in <https:\/\/circleci.com\/gh\/dueyfinster\/blackteam|dueyfinster\/blackteam> (<https:\/\/circleci.com\/gh\/dueyfinster\/blackteam\/tree\/feature%2Ffix-selenium-tests|feature\/fix-selenium-tests>)\n - Printing out webdriver to see if issue can be solved (<https:\/\/github.com\/dueyfinster\/blackteam\/commit\/f8e7bc34f9d3fddb3044ff3409ed83e86a7fda6c|f8e7bc3> by Neil Grogan)\n",
                "text": "Failed:  dueyfinster's build (<https:\/\/circleci.com\/gh\/dueyfinster\/blackteam\/128|#128>; ssh by dueyfinster in <https:\/\/circleci.com\/gh\/dueyfinster\/blackteam|dueyfinster\/blackteam> (<https:\/\/circleci.com\/gh\/dueyfinster\/blackteam\/tree\/feature%2Ffix-selenium-tests|feature\/fix-selenium-tests>)\n - Printing out webdriver to see if issue can be solved (<https:\/\/github.com\/dueyfinster\/blackteam\/commit\/f8e7bc34f9d3fddb3044ff3409ed83e86a7fda6c|f8e7bc3> by Neil Grogan)\n",
                "id": 1,
                "color": "d10c20"
            }
        ],
        "type": "message",
        "subtype": "bot_message",
        "ts": "1433954059.000320"
    },
    {
        "text": "",
        "bot_id": "B052T590M",
        "attachments": [
            {
                "fallback": "[blackteam:feature\/fix-selenium-tests] <https:\/\/github.com\/dueyfinster\/blackteam\/commit\/5889228|1 new commit> by Neil Grogan",
                "text": "<https:\/\/github.com\/dueyfinster\/blackteam\/commit\/5889228|5889228>: Fixed NEWSFAST_VERSION not getting exported - Neil Grogan",
                "pretext": "[blackteam:feature\/fix-selenium-tests] 1 new commit by Neil Grogan:",
                "id": 1,
                "color": "4183C4",
                "mrkdwn_in": [
                    "text",
                    "pretext"
                ]
            }
        ],
        "type": "message",
        "subtype": "bot_message",
        "ts": "1433954080.000321"
    },
    {
        "text": "",
        "bot_id": "B056P06D5",
        "attachments": [
            {
                "fallback": "Failed:  dueyfinster's build (<https:\/\/circleci.com\/gh\/dueyfinster\/blackteam\/129|#129>; push in <https:\/\/circleci.com\/gh\/dueyfinster\/blackteam|dueyfinster\/blackteam> (<https:\/\/circleci.com\/gh\/dueyfinster\/blackteam\/tree\/feature%2Ffix-selenium-tests|feature\/fix-selenium-tests>)\n - Fixed NEWSFAST_VERSION not getting exported (<https:\/\/github.com\/dueyfinster\/blackteam\/commit\/58892281aa0d4a7272f52c143411c0eec87322ed|5889228> by Neil Grogan)\n",
                "text": "Failed:  dueyfinster's build (<https:\/\/circleci.com\/gh\/dueyfinster\/blackteam\/129|#129>; push in <https:\/\/circleci.com\/gh\/dueyfinster\/blackteam|dueyfinster\/blackteam> (<https:\/\/circleci.com\/gh\/dueyfinster\/blackteam\/tree\/feature%2Ffix-selenium-tests|feature\/fix-selenium-tests>)\n - Fixed NEWSFAST_VERSION not getting exported (<https:\/\/github.com\/dueyfinster\/blackteam\/commit\/58892281aa0d4a7272f52c143411c0eec87322ed|5889228> by Neil Grogan)\n",
                "id": 1,
                "color": "d10c20"
            }
        ],
        "type": "message",
        "subtype": "bot_message",
        "ts": "1433954167.000322"
    },
    {
        "text": "",
        "bot_id": "B0506GF16",
        "attachments": [
            {
                "fallback": "Build <http:\/\/magnum.travis-ci.com\/dueyfinster\/blackteam\/builds\/12651866|#127> (<https:\/\/github.com\/dueyfinster\/blackteam\/compare\/f8e7bc34f9d3...58892281aa0d|5889228>) of dueyfinster\/blackteam@feature\/fix-selenium-tests by Neil Grogan passed in 1 min 13 sec",
                "text": "Build <http:\/\/magnum.travis-ci.com\/dueyfinster\/blackteam\/builds\/12651866|#127> (<https:\/\/github.com\/dueyfinster\/blackteam\/compare\/f8e7bc34f9d3...58892281aa0d|5889228>) of dueyfinster\/blackteam@feature\/fix-selenium-tests by Neil Grogan passed in 1 min 13 sec",
                "id": 1,
                "color": "36a64f"
            }
        ],
        "type": "message",
        "subtype": "bot_message",
        "ts": "1433954189.000323"
    },
    {
        "text": "",
        "bot_id": "B052T590M",
        "attachments": [
            {
                "fallback": "[blackteam:feature\/fix-selenium-tests] <https:\/\/github.com\/dueyfinster\/blackteam\/commit\/78e5d58|1 new commit> by Neil Grogan",
                "text": "<https:\/\/github.com\/dueyfinster\/blackteam\/commit\/78e5d58|78e5d58>: Circle Ci forgets between commands - doing export with running the tests - Neil Grogan",
                "pretext": "[blackteam:feature\/fix-selenium-tests] 1 new commit by Neil Grogan:",
                "id": 1,
                "color": "4183C4",
                "mrkdwn_in": [
                    "text",
                    "pretext"
                ]
            }
        ],
        "type": "message",
        "subtype": "bot_message",
        "ts": "1433954457.000324"
    },
    {
        "text": "",
        "bot_id": "B056P06D5",
        "attachments": [
            {
                "fallback": "Failed:  dueyfinster's build (<https:\/\/circleci.com\/gh\/dueyfinster\/blackteam\/131|#131>; push in <https:\/\/circleci.com\/gh\/dueyfinster\/blackteam|dueyfinster\/blackteam> (<https:\/\/circleci.com\/gh\/dueyfinster\/blackteam\/tree\/feature%2Ffix-selenium-tests|feature\/fix-selenium-tests>)\n - Circle Ci forgets between commands - doing export with running the tests (<https:\/\/github.com\/dueyfinster\/blackteam\/commit\/78e5d58e4a1c4158a55a51e8a7457f2136a098ea|78e5d58> by Neil Grogan)\n",
                "text": "Failed:  dueyfinster's build (<https:\/\/circleci.com\/gh\/dueyfinster\/blackteam\/131|#131>; push in <https:\/\/circleci.com\/gh\/dueyfinster\/blackteam|dueyfinster\/blackteam> (<https:\/\/circleci.com\/gh\/dueyfinster\/blackteam\/tree\/feature%2Ffix-selenium-tests|feature\/fix-selenium-tests>)\n - Circle Ci forgets between commands - doing export with running the tests (<https:\/\/github.com\/dueyfinster\/blackteam\/commit\/78e5d58e4a1c4158a55a51e8a7457f2136a098ea|78e5d58> by Neil Grogan)\n",
                "id": 1,
                "color": "d10c20"
            }
        ],
        "type": "message",
        "subtype": "bot_message",
        "ts": "1433954523.000325"
    },
    {
        "text": "",
        "bot_id": "B0506GF16",
        "attachments": [
            {
                "fallback": "Build <http:\/\/magnum.travis-ci.com\/dueyfinster\/blackteam\/builds\/12652089|#128> (<https:\/\/github.com\/dueyfinster\/blackteam\/compare\/58892281aa0d...78e5d58e4a1c|78e5d58>) of dueyfinster\/blackteam@feature\/fix-selenium-tests by Neil Grogan passed in 1 min 31 sec",
                "text": "Build <http:\/\/magnum.travis-ci.com\/dueyfinster\/blackteam\/builds\/12652089|#128> (<https:\/\/github.com\/dueyfinster\/blackteam\/compare\/58892281aa0d...78e5d58e4a1c|78e5d58>) of dueyfinster\/blackteam@feature\/fix-selenium-tests by Neil Grogan passed in 1 min 31 sec",
                "id": 1,
                "color": "36a64f"
            }
        ],
        "type": "message",
        "subtype": "bot_message",
        "ts": "1433954630.000326"
    },
    {
        "text": "",
        "bot_id": "B052T590M",
        "attachments": [
            {
                "fallback": "[blackteam:feature\/fix-selenium-tests] <https:\/\/github.com\/dueyfinster\/blackteam\/commit\/48736a3|1 new commit> by Neil Grogan",
                "text": "<https:\/\/github.com\/dueyfinster\/blackteam\/commit\/48736a3|48736a3>: Updated circle yml to combine lines - Neil Grogan",
                "pretext": "[blackteam:feature\/fix-selenium-tests] 1 new commit by Neil Grogan:",
                "id": 1,
                "color": "4183C4",
                "mrkdwn_in": [
                    "text",
                    "pretext"
                ]
            }
        ],
        "type": "message",
        "subtype": "bot_message",
        "ts": "1433954760.000327"
    },
    {
        "text": "",
        "bot_id": "B056P06D5",
        "attachments": [
            {
                "fallback": "Failed:  dueyfinster's build (<https:\/\/circleci.com\/gh\/dueyfinster\/blackteam\/132|#132>; push in <https:\/\/circleci.com\/gh\/dueyfinster\/blackteam|dueyfinster\/blackteam> (<https:\/\/circleci.com\/gh\/dueyfinster\/blackteam\/tree\/feature%2Ffix-selenium-tests|feature\/fix-selenium-tests>)\n - Updated circle yml to combine lines (<https:\/\/github.com\/dueyfinster\/blackteam\/commit\/48736a3f0b31c8225aeca8f009a461d537caaa7f|48736a3> by Neil Grogan)\n",
                "text": "Failed:  dueyfinster's build (<https:\/\/circleci.com\/gh\/dueyfinster\/blackteam\/132|#132>; push in <https:\/\/circleci.com\/gh\/dueyfinster\/blackteam|dueyfinster\/blackteam> (<https:\/\/circleci.com\/gh\/dueyfinster\/blackteam\/tree\/feature%2Ffix-selenium-tests|feature\/fix-selenium-tests>)\n - Updated circle yml to combine lines (<https:\/\/github.com\/dueyfinster\/blackteam\/commit\/48736a3f0b31c8225aeca8f009a461d537caaa7f|48736a3> by Neil Grogan)\n",
                "id": 1,
                "color": "d10c20"
            }
        ],
        "type": "message",
        "subtype": "bot_message",
        "ts": "1433954866.000328"
    },
    {
        "text": "",
        "bot_id": "B056P06D5",
        "attachments": [
            {
                "fallback": "Fixed:  dueyfinster's build (<https:\/\/circleci.com\/gh\/dueyfinster\/blackteam\/133|#133>; retry by dueyfinster in <https:\/\/circleci.com\/gh\/dueyfinster\/blackteam|dueyfinster\/blackteam> (<https:\/\/circleci.com\/gh\/dueyfinster\/blackteam\/tree\/feature%2Ffix-selenium-tests|feature\/fix-selenium-tests>)\n - Updated circle yml to combine lines (<https:\/\/github.com\/dueyfinster\/blackteam\/commit\/48736a3f0b31c8225aeca8f009a461d537caaa7f|48736a3> by Neil Grogan)\n",
                "text": "Fixed:  dueyfinster's build (<https:\/\/circleci.com\/gh\/dueyfinster\/blackteam\/133|#133>; retry by dueyfinster in <https:\/\/circleci.com\/gh\/dueyfinster\/blackteam|dueyfinster\/blackteam> (<https:\/\/circleci.com\/gh\/dueyfinster\/blackteam\/tree\/feature%2Ffix-selenium-tests|feature\/fix-selenium-tests>)\n - Updated circle yml to combine lines (<https:\/\/github.com\/dueyfinster\/blackteam\/commit\/48736a3f0b31c8225aeca8f009a461d537caaa7f|48736a3> by Neil Grogan)\n",
                "id": 1,
                "color": "41aa58"
            }
        ],
        "type": "message",
        "subtype": "bot_message",
        "ts": "1433954983.000329"
    },
    {
        "text": "",
        "bot_id": "B052T590M",
        "attachments": [
            {
                "fallback": "[blackteam:feature\/fix-selenium-tests] <https:\/\/github.com\/dueyfinster\/blackteam\/commit\/6388c51|1 new commit> by Neil Grogan",
                "text": "<https:\/\/github.com\/dueyfinster\/blackteam\/commit\/6388c51|6388c51>: Removed setting env variables, need to do in circle ci website - Neil Grogan",
                "pretext": "[blackteam:feature\/fix-selenium-tests] 1 new commit by Neil Grogan:",
                "id": 1,
                "color": "4183C4",
                "mrkdwn_in": [
                    "text",
                    "pretext"
                ]
            }
        ],
        "type": "message",
        "subtype": "bot_message",
        "ts": "1433955014.000330"
    },
    {
        "text": "",
        "bot_id": "B0506GF16",
        "attachments": [
            {
                "fallback": "Build <http:\/\/magnum.travis-ci.com\/dueyfinster\/blackteam\/builds\/12652272|#129> (<https:\/\/github.com\/dueyfinster\/blackteam\/compare\/78e5d58e4a1c...48736a3f0b31|48736a3>) of dueyfinster\/blackteam@feature\/fix-selenium-tests by Neil Grogan passed in 3 min 25 sec",
                "text": "Build <http:\/\/magnum.travis-ci.com\/dueyfinster\/blackteam\/builds\/12652272|#129> (<https:\/\/github.com\/dueyfinster\/blackteam\/compare\/78e5d58e4a1c...48736a3f0b31|48736a3>) of dueyfinster\/blackteam@feature\/fix-selenium-tests by Neil Grogan passed in 3 min 25 sec",
                "id": 1,
                "color": "36a64f"
            }
        ],
        "type": "message",
        "subtype": "bot_message",
        "ts": "1433955042.000331"
    },
    {
        "text": "",
        "bot_id": "B052T590M",
        "attachments": [
            {
                "fallback": "[blackteam:feature\/fix-selenium-tests] <https:\/\/github.com\/dueyfinster\/blackteam\/commit\/85a63e1|1 new commit> by Neil Grogan",
                "text": "<https:\/\/github.com\/dueyfinster\/blackteam\/commit\/85a63e1|85a63e1>: Removed printing webdriver object - was useless - Neil Grogan",
                "pretext": "[blackteam:feature\/fix-selenium-tests] 1 new commit by Neil Grogan:",
                "id": 1,
                "color": "4183C4",
                "mrkdwn_in": [
                    "text",
                    "pretext"
                ]
            }
        ],
        "type": "message",
        "subtype": "bot_message",
        "ts": "1433955090.000332"
    },
    {
        "text": "",
        "bot_id": "B056P06D5",
        "attachments": [
            {
                "fallback": "Success:  dueyfinster's build (<https:\/\/circleci.com\/gh\/dueyfinster\/blackteam\/134|#134>; push in <https:\/\/circleci.com\/gh\/dueyfinster\/blackteam|dueyfinster\/blackteam> (<https:\/\/circleci.com\/gh\/dueyfinster\/blackteam\/tree\/feature%2Ffix-selenium-tests|feature\/fix-selenium-tests>)\n - Removed setting env variables, need to do in circle ci website (<https:\/\/github.com\/dueyfinster\/blackteam\/commit\/6388c511ed11ac3ee9aeb8188e2a95b341ff9d66|6388c51> by Neil Grogan)\n",
                "text": "Success:  dueyfinster's build (<https:\/\/circleci.com\/gh\/dueyfinster\/blackteam\/134|#134>; push in <https:\/\/circleci.com\/gh\/dueyfinster\/blackteam|dueyfinster\/blackteam> (<https:\/\/circleci.com\/gh\/dueyfinster\/blackteam\/tree\/feature%2Ffix-selenium-tests|feature\/fix-selenium-tests>)\n - Removed setting env variables, need to do in circle ci website (<https:\/\/github.com\/dueyfinster\/blackteam\/commit\/6388c511ed11ac3ee9aeb8188e2a95b341ff9d66|6388c51> by Neil Grogan)\n",
                "id": 1,
                "color": "41aa58"
            }
        ],
        "type": "message",
        "subtype": "bot_message",
        "ts": "1433955119.000333"
    },
    {
        "text": "",
        "bot_id": "B052T590M",
        "attachments": [
            {
                "fallback": "[blackteam] The branch \"feature\/fix-selenium-tests\" was deleted by dueyfinster",
                "text": "[blackteam] The branch \"feature\/fix-selenium-tests\" was deleted by dueyfinster",
                "id": 1,
                "color": "4183C4",
                "mrkdwn_in": [
                    "text",
                    "pretext"
                ]
            }
        ],
        "type": "message",
        "subtype": "bot_message",
        "ts": "1433955154.000334"
    },
    {
        "text": "",
        "bot_id": "B0506GF16",
        "attachments": [
            {
                "fallback": "Build <http:\/\/magnum.travis-ci.com\/dueyfinster\/blackteam\/builds\/12652426|#130> (<https:\/\/github.com\/dueyfinster\/blackteam\/compare\/48736a3f0b31...6388c511ed11|6388c51>) of dueyfinster\/blackteam@feature\/fix-selenium-tests by Neil Grogan passed in 1 min 26 sec",
                "text": "Build <http:\/\/magnum.travis-ci.com\/dueyfinster\/blackteam\/builds\/12652426|#130> (<https:\/\/github.com\/dueyfinster\/blackteam\/compare\/48736a3f0b31...6388c511ed11|6388c51>) of dueyfinster\/blackteam@feature\/fix-selenium-tests by Neil Grogan passed in 1 min 26 sec",
                "id": 1,
                "color": "36a64f"
            }
        ],
        "type": "message",
        "subtype": "bot_message",
        "ts": "1433955156.000335"
    },
    {
        "text": "",
        "bot_id": "B052T590M",
        "attachments": [
            {
                "fallback": "[blackteam:develop] <https:\/\/github.com\/dueyfinster\/blackteam\/compare\/fe988867b056...a210af02c5de|7 new commits> by Neil Grogan",
                "text": "<https:\/\/github.com\/dueyfinster\/blackteam\/commit\/f8e7bc3|f8e7bc3>: Printing out webdriver to see if issue can be solved - Neil Grogan\n <https:\/\/github.com\/dueyfinster\/blackteam\/commit\/5889228|5889228>: Fixed NEWSFAST_VERSION not getting exported - Neil Grogan\n <https:\/\/github.com\/dueyfinster\/blackteam\/commit\/78e5d58|78e5d58>: Circle Ci forgets between commands - doing export with running the tests - Neil Grogan\n <https:\/\/github.com\/dueyfinster\/blackteam\/commit\/48736a3|48736a3>: Updated circle yml to combine lines - Neil Grogan\n <https:\/\/github.com\/dueyfinster\/blackteam\/commit\/6388c51|6388c51>: Removed setting env variables, need to do in circle ci website - Neil Grogan\n <https:\/\/github.com\/dueyfinster\/blackteam\/commit\/85a63e1|85a63e1>: Removed printing webdriver object - was useless - Neil Grogan\n <https:\/\/github.com\/dueyfinster\/blackteam\/commit\/a210af0|a210af0>: Merge branch 'feature\/fix-selenium-tests' into develop - Neil Grogan",
                "pretext": "[blackteam:develop] <https:\/\/github.com\/dueyfinster\/blackteam\/compare\/fe988867b056...a210af02c5de|7 new commits> by Neil Grogan:",
                "id": 1,
                "color": "4183C4",
                "mrkdwn_in": [
                    "text",
                    "pretext"
                ]
            }
        ],
        "type": "message",
        "subtype": "bot_message",
        "ts": "1433955179.000336"
    },
    {
        "text": "",
        "bot_id": "B0506GF16",
        "attachments": [
            {
                "fallback": "Build <http:\/\/magnum.travis-ci.com\/dueyfinster\/blackteam\/builds\/12652478|#131> (<https:\/\/github.com\/dueyfinster\/blackteam\/compare\/6388c511ed11...85a63e1b74ba|85a63e1>) of dueyfinster\/blackteam@feature\/fix-selenium-tests by Neil Grogan errored in 0 min 5 sec",
                "text": "Build <http:\/\/magnum.travis-ci.com\/dueyfinster\/blackteam\/builds\/12652478|#131> (<https:\/\/github.com\/dueyfinster\/blackteam\/compare\/6388c511ed11...85a63e1b74ba|85a63e1>) of dueyfinster\/blackteam@feature\/fix-selenium-tests by Neil Grogan errored in 0 min 5 sec",
                "id": 1,
                "color": "daa038"
            }
        ],
        "type": "message",
        "subtype": "bot_message",
        "ts": "1433955190.000337"
    },
    {
        "text": "",
        "bot_id": "B056P06D5",
        "attachments": [
            {
                "fallback": "Success:  dueyfinster's build (<https:\/\/circleci.com\/gh\/dueyfinster\/blackteam\/135|#135>; push in <https:\/\/circleci.com\/gh\/dueyfinster\/blackteam|dueyfinster\/blackteam> (<https:\/\/circleci.com\/gh\/dueyfinster\/blackteam\/tree\/feature%2Ffix-selenium-tests|feature\/fix-selenium-tests>)\n - Removed printing webdriver object - was useless (<https:\/\/github.com\/dueyfinster\/blackteam\/commit\/85a63e1b74ba2acb911ac77f1e5a585b100eb25b|85a63e1> by Neil Grogan)\n",
                "text": "Success:  dueyfinster's build (<https:\/\/circleci.com\/gh\/dueyfinster\/blackteam\/135|#135>; push in <https:\/\/circleci.com\/gh\/dueyfinster\/blackteam|dueyfinster\/blackteam> (<https:\/\/circleci.com\/gh\/dueyfinster\/blackteam\/tree\/feature%2Ffix-selenium-tests|feature\/fix-selenium-tests>)\n - Removed printing webdriver object - was useless (<https:\/\/github.com\/dueyfinster\/blackteam\/commit\/85a63e1b74ba2acb911ac77f1e5a585b100eb25b|85a63e1> by Neil Grogan)\n",
                "id": 1,
                "color": "41aa58"
            }
        ],
        "type": "message",
        "subtype": "bot_message",
        "ts": "1433955201.000338"
    },
    {
        "text": "",
        "bot_id": "B056P06D5",
        "attachments": [
            {
                "fallback": "Success:  dueyfinster's build (<https:\/\/circleci.com\/gh\/dueyfinster\/blackteam\/136|#136>; push in <https:\/\/circleci.com\/gh\/dueyfinster\/blackteam|dueyfinster\/blackteam> (<https:\/\/circleci.com\/gh\/dueyfinster\/blackteam\/tree\/develop|develop>)\n - Merge branch 'feature\/fix-selenium-tests' into develop (<https:\/\/github.com\/dueyfinster\/blackteam\/commit\/a210af02c5de53d6640ac69435c82341025f877b|a210af0> by Neil Grogan) and <https:\/\/github.com\/dueyfinster\/blackteam\/compare\/fe988867b056...a210af02c5de|6 more>\n",
                "text": "Success:  dueyfinster's build (<https:\/\/circleci.com\/gh\/dueyfinster\/blackteam\/136|#136>; push in <https:\/\/circleci.com\/gh\/dueyfinster\/blackteam|dueyfinster\/blackteam> (<https:\/\/circleci.com\/gh\/dueyfinster\/blackteam\/tree\/develop|develop>)\n - Merge branch 'feature\/fix-selenium-tests' into develop (<https:\/\/github.com\/dueyfinster\/blackteam\/commit\/a210af02c5de53d6640ac69435c82341025f877b|a210af0> by Neil Grogan) and <https:\/\/github.com\/dueyfinster\/blackteam\/compare\/fe988867b056...a210af02c5de|6 more>\n",
                "id": 1,
                "color": "41aa58"
            }
        ],
        "type": "message",
        "subtype": "bot_message",
        "ts": "1433955298.000339"
    },
    {
        "text": "",
        "bot_id": "B0506GF16",
        "attachments": [
            {
                "fallback": "Build <http:\/\/magnum.travis-ci.com\/dueyfinster\/blackteam\/builds\/12652530|#132> (<https:\/\/github.com\/dueyfinster\/blackteam\/compare\/fe988867b056...a210af02c5de|a210af0>) of dueyfinster\/blackteam@develop by Neil Grogan passed in 1 min 24 sec",
                "text": "Build <http:\/\/magnum.travis-ci.com\/dueyfinster\/blackteam\/builds\/12652530|#132> (<https:\/\/github.com\/dueyfinster\/blackteam\/compare\/fe988867b056...a210af02c5de|a210af0>) of dueyfinster\/blackteam@develop by Neil Grogan passed in 1 min 24 sec",
                "id": 1,
                "color": "36a64f"
            }
        ],
        "type": "message",
        "subtype": "bot_message",
        "ts": "1433955313.000340"
    }
]