[
    {
        "text": "",
        "bot_id": "B052T590M",
        "attachments": [
            {
                "fallback": "[blackteam:develop] <https:\/\/github.com\/dueyfinster\/blackteam\/commit\/94132d684877cd87f903ad722e20658eff6ac279|1 new commit> by GarryDavitt",
                "text": "<https:\/\/github.com\/dueyfinster\/blackteam\/commit\/94132d684877cd87f903ad722e20658eff6ac279|94132d6>: fix for token error needs to be tested -minor changes to homepage -text - GarryDavitt",
                "pretext": "[blackteam:develop] 1 new commit by GarryDavitt:",
                "id": 1,
                "color": "4183C4",
                "mrkdwn_in": [
                    "text",
                    "pretext"
                ]
            }
        ],
        "type": "message",
        "subtype": "bot_message",
        "ts": "1438123587.000090"
    },
    {
        "text": "",
        "bot_id": "B056P06D5",
        "attachments": [
            {
                "fallback": "Success:  GarryDavitt's build (<https:\/\/circleci.com\/gh\/dueyfinster\/blackteam\/312|#312>; push in <https:\/\/circleci.com\/gh\/dueyfinster\/blackteam|dueyfinster\/blackteam> (<https:\/\/circleci.com\/gh\/dueyfinster\/blackteam\/tree\/develop|develop>)\n - fix for token error needs to be tested -minor changes to homepage -text (<https:\/\/github.com\/dueyfinster\/blackteam\/commit\/94132d684877cd87f903ad722e20658eff6ac279|94132d6> by GarryDavitt)\n",
                "text": "Success:  GarryDavitt's build (<https:\/\/circleci.com\/gh\/dueyfinster\/blackteam\/312|#312>; push in <https:\/\/circleci.com\/gh\/dueyfinster\/blackteam|dueyfinster\/blackteam> (<https:\/\/circleci.com\/gh\/dueyfinster\/blackteam\/tree\/develop|develop>)\n - fix for token error needs to be tested -minor changes to homepage -text (<https:\/\/github.com\/dueyfinster\/blackteam\/commit\/94132d684877cd87f903ad722e20658eff6ac279|94132d6> by GarryDavitt)\n",
                "id": 1,
                "color": "41aa58"
            }
        ],
        "type": "message",
        "subtype": "bot_message",
        "ts": "1438123666.000091"
    },
    {
        "text": "",
        "bot_id": "B0506GF16",
        "attachments": [
            {
                "fallback": "Build <https:\/\/magnum.travis-ci.com\/dueyfinster\/blackteam\/builds\/14055543|#235> (<https:\/\/github.com\/dueyfinster\/blackteam\/compare\/46a6706d5014...94132d684877|94132d6>) of dueyfinster\/blackteam@develop by GarryDavitt passed in 3 min 52 sec",
                "text": "Build <https:\/\/magnum.travis-ci.com\/dueyfinster\/blackteam\/builds\/14055543|#235> (<https:\/\/github.com\/dueyfinster\/blackteam\/compare\/46a6706d5014...94132d684877|94132d6>) of dueyfinster\/blackteam@develop by GarryDavitt passed in 3 min 52 sec",
                "id": 1,
                "color": "36a64f"
            }
        ],
        "type": "message",
        "subtype": "bot_message",
        "ts": "1438123884.000092"
    }
]