[
    {
        "text": "",
        "bot_id": "B052T590M",
        "attachments": [
            {
                "fallback": "[blackteam:develop] <https:\/\/github.com\/dueyfinster\/blackteam\/commit\/a81d19510d7e9f84e2343a91856fbd33b3c2e3c4|1 new commit> by GarryDavitt",
                "text": "<https:\/\/github.com\/dueyfinster\/blackteam\/commit\/a81d19510d7e9f84e2343a91856fbd33b3c2e3c4|a81d195>: fix for preferences cancel -adding tweets not complete - style changes for site and mobile - GarryDavitt",
                "pretext": "[blackteam:develop] 1 new commit by GarryDavitt:",
                "id": 1,
                "color": "4183C4",
                "mrkdwn_in": [
                    "text",
                    "pretext"
                ]
            }
        ],
        "type": "message",
        "subtype": "bot_message",
        "ts": "1439044172.000002"
    },
    {
        "text": "",
        "bot_id": "B056P06D5",
        "attachments": [
            {
                "fallback": "Success:  GarryDavitt's build (<https:\/\/circleci.com\/gh\/dueyfinster\/blackteam\/370|#370>; push in <https:\/\/circleci.com\/gh\/dueyfinster\/blackteam|dueyfinster\/blackteam> (<https:\/\/circleci.com\/gh\/dueyfinster\/blackteam\/tree\/develop|develop>)\n - fix for preferences cancel -adding tweets not complete - style changes for site  (<https:\/\/github.com\/dueyfinster\/blackteam\/commit\/a81d19510d7e9f84e2343a91856fbd33b3c2e3c4|a81d195> by GarryDavitt)\n",
                "text": "Success:  GarryDavitt's build (<https:\/\/circleci.com\/gh\/dueyfinster\/blackteam\/370|#370>; push in <https:\/\/circleci.com\/gh\/dueyfinster\/blackteam|dueyfinster\/blackteam> (<https:\/\/circleci.com\/gh\/dueyfinster\/blackteam\/tree\/develop|develop>)\n - fix for preferences cancel -adding tweets not complete - style changes for site  (<https:\/\/github.com\/dueyfinster\/blackteam\/commit\/a81d19510d7e9f84e2343a91856fbd33b3c2e3c4|a81d195> by GarryDavitt)\n",
                "id": 1,
                "color": "41aa58"
            }
        ],
        "type": "message",
        "subtype": "bot_message",
        "ts": "1439044238.000003"
    },
    {
        "text": "",
        "bot_id": "B0506GF16",
        "attachments": [
            {
                "fallback": "Build <https:\/\/magnum.travis-ci.com\/dueyfinster\/blackteam\/builds\/14393452|#293> (<https:\/\/github.com\/dueyfinster\/blackteam\/compare\/fc73398bac9c...a81d19510d7e|a81d195>) of dueyfinster\/blackteam@develop by GarryDavitt passed in 3 min 43 sec",
                "text": "Build <https:\/\/magnum.travis-ci.com\/dueyfinster\/blackteam\/builds\/14393452|#293> (<https:\/\/github.com\/dueyfinster\/blackteam\/compare\/fc73398bac9c...a81d19510d7e|a81d195>) of dueyfinster\/blackteam@develop by GarryDavitt passed in 3 min 43 sec",
                "id": 1,
                "color": "36a64f"
            }
        ],
        "type": "message",
        "subtype": "bot_message",
        "ts": "1439044403.000004"
    },
    {
        "text": "",
        "bot_id": "B052T590M",
        "attachments": [
            {
                "fallback": "[blackteam:develop] <https:\/\/github.com\/dueyfinster\/blackteam\/commit\/f5e69a7546557acf3867a1de83f8d146d00e4c6a|1 new commit> by GarryDavitt",
                "text": "<https:\/\/github.com\/dueyfinster\/blackteam\/commit\/f5e69a7546557acf3867a1de83f8d146d00e4c6a|f5e69a7>: fix for navbar on mobile - GarryDavitt",
                "pretext": "[blackteam:develop] 1 new commit by GarryDavitt:",
                "id": 1,
                "color": "4183C4",
                "mrkdwn_in": [
                    "text",
                    "pretext"
                ]
            }
        ],
        "type": "message",
        "subtype": "bot_message",
        "ts": "1439045741.000005"
    },
    {
        "text": "",
        "bot_id": "B056P06D5",
        "attachments": [
            {
                "fallback": "Success:  GarryDavitt's build (<https:\/\/circleci.com\/gh\/dueyfinster\/blackteam\/371|#371>; push in <https:\/\/circleci.com\/gh\/dueyfinster\/blackteam|dueyfinster\/blackteam> (<https:\/\/circleci.com\/gh\/dueyfinster\/blackteam\/tree\/develop|develop>)\n - fix for navbar on mobile (<https:\/\/github.com\/dueyfinster\/blackteam\/commit\/f5e69a7546557acf3867a1de83f8d146d00e4c6a|f5e69a7> by GarryDavitt)\n",
                "text": "Success:  GarryDavitt's build (<https:\/\/circleci.com\/gh\/dueyfinster\/blackteam\/371|#371>; push in <https:\/\/circleci.com\/gh\/dueyfinster\/blackteam|dueyfinster\/blackteam> (<https:\/\/circleci.com\/gh\/dueyfinster\/blackteam\/tree\/develop|develop>)\n - fix for navbar on mobile (<https:\/\/github.com\/dueyfinster\/blackteam\/commit\/f5e69a7546557acf3867a1de83f8d146d00e4c6a|f5e69a7> by GarryDavitt)\n",
                "id": 1,
                "color": "41aa58"
            }
        ],
        "type": "message",
        "subtype": "bot_message",
        "ts": "1439045834.000006"
    },
    {
        "text": "",
        "bot_id": "B0506GF16",
        "attachments": [
            {
                "fallback": "Build <https:\/\/magnum.travis-ci.com\/dueyfinster\/blackteam\/builds\/14393528|#294> (<https:\/\/github.com\/dueyfinster\/blackteam\/compare\/a81d19510d7e...f5e69a754655|f5e69a7>) of dueyfinster\/blackteam@develop by GarryDavitt passed in 3 min 42 sec",
                "text": "Build <https:\/\/magnum.travis-ci.com\/dueyfinster\/blackteam\/builds\/14393528|#294> (<https:\/\/github.com\/dueyfinster\/blackteam\/compare\/a81d19510d7e...f5e69a754655|f5e69a7>) of dueyfinster\/blackteam@develop by GarryDavitt passed in 3 min 42 sec",
                "id": 1,
                "color": "36a64f"
            }
        ],
        "type": "message",
        "subtype": "bot_message",
        "ts": "1439045969.000007"
    },
    {
        "text": "",
        "bot_id": "B052T590M",
        "attachments": [
            {
                "fallback": "[blackteam:develop] <https:\/\/github.com\/dueyfinster\/blackteam\/commit\/30c130697a1347fc5524c66467b7ad8b29e266d5|1 new commit> by GarryDavitt",
                "text": "<https:\/\/github.com\/dueyfinster\/blackteam\/commit\/30c130697a1347fc5524c66467b7ad8b29e266d5|30c1306>: fix for navbar on mobile - GarryDavitt",
                "pretext": "[blackteam:develop] 1 new commit by GarryDavitt:",
                "id": 1,
                "color": "4183C4",
                "mrkdwn_in": [
                    "text",
                    "pretext"
                ]
            }
        ],
        "type": "message",
        "subtype": "bot_message",
        "ts": "1439046006.000008"
    },
    {
        "text": "",
        "bot_id": "B056P06D5",
        "attachments": [
            {
                "fallback": "Success:  GarryDavitt's build (<https:\/\/circleci.com\/gh\/dueyfinster\/blackteam\/372|#372>; push in <https:\/\/circleci.com\/gh\/dueyfinster\/blackteam|dueyfinster\/blackteam> (<https:\/\/circleci.com\/gh\/dueyfinster\/blackteam\/tree\/develop|develop>)\n - fix for navbar on mobile (<https:\/\/github.com\/dueyfinster\/blackteam\/commit\/30c130697a1347fc5524c66467b7ad8b29e266d5|30c1306> by GarryDavitt)\n",
                "text": "Success:  GarryDavitt's build (<https:\/\/circleci.com\/gh\/dueyfinster\/blackteam\/372|#372>; push in <https:\/\/circleci.com\/gh\/dueyfinster\/blackteam|dueyfinster\/blackteam> (<https:\/\/circleci.com\/gh\/dueyfinster\/blackteam\/tree\/develop|develop>)\n - fix for navbar on mobile (<https:\/\/github.com\/dueyfinster\/blackteam\/commit\/30c130697a1347fc5524c66467b7ad8b29e266d5|30c1306> by GarryDavitt)\n",
                "id": 1,
                "color": "41aa58"
            }
        ],
        "type": "message",
        "subtype": "bot_message",
        "ts": "1439046078.000009"
    },
    {
        "text": "",
        "bot_id": "B0506GF16",
        "attachments": [
            {
                "fallback": "Build <https:\/\/magnum.travis-ci.com\/dueyfinster\/blackteam\/builds\/14393554|#295> (<https:\/\/github.com\/dueyfinster\/blackteam\/compare\/f5e69a754655...30c130697a13|30c1306>) of dueyfinster\/blackteam@develop by GarryDavitt passed in 4 min 4 sec",
                "text": "Build <https:\/\/magnum.travis-ci.com\/dueyfinster\/blackteam\/builds\/14393554|#295> (<https:\/\/github.com\/dueyfinster\/blackteam\/compare\/f5e69a754655...30c130697a13|30c1306>) of dueyfinster\/blackteam@develop by GarryDavitt passed in 4 min 4 sec",
                "id": 1,
                "color": "36a64f"
            }
        ],
        "type": "message",
        "subtype": "bot_message",
        "ts": "1439046257.000010"
    },
    {
        "text": "",
        "bot_id": "B052T590M",
        "attachments": [
            {
                "fallback": "[blackteam:develop] <https:\/\/github.com\/dueyfinster\/blackteam\/commit\/4790b5dd2a616ea988b0637dfa538f0a76f83729|1 new commit> by Neil Grogan",
                "text": "<https:\/\/github.com\/dueyfinster\/blackteam\/commit\/4790b5dd2a616ea988b0637dfa538f0a76f83729|4790b5d>: Job favicons in place - Neil Grogan",
                "pretext": "[blackteam:develop] 1 new commit by Neil Grogan:",
                "id": 1,
                "color": "4183C4",
                "mrkdwn_in": [
                    "text",
                    "pretext"
                ]
            }
        ],
        "type": "message",
        "subtype": "bot_message",
        "ts": "1439070323.000011"
    },
    {
        "text": "",
        "bot_id": "B052T590M",
        "attachments": [
            {
                "fallback": "[blackteam:develop] <https:\/\/github.com\/dueyfinster\/blackteam\/commit\/6b9a8fcde12e73b6aa3cd4bbbde7059e887acd3d|1 new commit> by Neil Grogan",
                "text": "<https:\/\/github.com\/dueyfinster\/blackteam\/commit\/6b9a8fcde12e73b6aa3cd4bbbde7059e887acd3d|6b9a8fc>: fixed missing job favicon - Neil Grogan",
                "pretext": "[blackteam:develop] 1 new commit by Neil Grogan:",
                "id": 1,
                "color": "4183C4",
                "mrkdwn_in": [
                    "text",
                    "pretext"
                ]
            }
        ],
        "type": "message",
        "subtype": "bot_message",
        "ts": "1439070389.000012"
    },
    {
        "text": "",
        "bot_id": "B056P06D5",
        "attachments": [
            {
                "fallback": "Success:  dueyfinster's build (<https:\/\/circleci.com\/gh\/dueyfinster\/blackteam\/373|#373>; push in <https:\/\/circleci.com\/gh\/dueyfinster\/blackteam|dueyfinster\/blackteam> (<https:\/\/circleci.com\/gh\/dueyfinster\/blackteam\/tree\/develop|develop>)\n - Job favicons in place (<https:\/\/github.com\/dueyfinster\/blackteam\/commit\/4790b5dd2a616ea988b0637dfa538f0a76f83729|4790b5d> by dueyfinster)\n",
                "text": "Success:  dueyfinster's build (<https:\/\/circleci.com\/gh\/dueyfinster\/blackteam\/373|#373>; push in <https:\/\/circleci.com\/gh\/dueyfinster\/blackteam|dueyfinster\/blackteam> (<https:\/\/circleci.com\/gh\/dueyfinster\/blackteam\/tree\/develop|develop>)\n - Job favicons in place (<https:\/\/github.com\/dueyfinster\/blackteam\/commit\/4790b5dd2a616ea988b0637dfa538f0a76f83729|4790b5d> by dueyfinster)\n",
                "id": 1,
                "color": "41aa58"
            }
        ],
        "type": "message",
        "subtype": "bot_message",
        "ts": "1439070390.000013"
    },
    {
        "text": "",
        "bot_id": "B056P06D5",
        "attachments": [
            {
                "fallback": "Success:  dueyfinster's build (<https:\/\/circleci.com\/gh\/dueyfinster\/blackteam\/374|#374>; push in <https:\/\/circleci.com\/gh\/dueyfinster\/blackteam|dueyfinster\/blackteam> (<https:\/\/circleci.com\/gh\/dueyfinster\/blackteam\/tree\/develop|develop>)\n - fixed missing job favicon (<https:\/\/github.com\/dueyfinster\/blackteam\/commit\/6b9a8fcde12e73b6aa3cd4bbbde7059e887acd3d|6b9a8fc> by dueyfinster)\n",
                "text": "Success:  dueyfinster's build (<https:\/\/circleci.com\/gh\/dueyfinster\/blackteam\/374|#374>; push in <https:\/\/circleci.com\/gh\/dueyfinster\/blackteam|dueyfinster\/blackteam> (<https:\/\/circleci.com\/gh\/dueyfinster\/blackteam\/tree\/develop|develop>)\n - fixed missing job favicon (<https:\/\/github.com\/dueyfinster\/blackteam\/commit\/6b9a8fcde12e73b6aa3cd4bbbde7059e887acd3d|6b9a8fc> by dueyfinster)\n",
                "id": 1,
                "color": "41aa58"
            }
        ],
        "type": "message",
        "subtype": "bot_message",
        "ts": "1439070459.000014"
    },
    {
        "text": "",
        "bot_id": "B0506GF16",
        "attachments": [
            {
                "fallback": "Build <https:\/\/magnum.travis-ci.com\/dueyfinster\/blackteam\/builds\/14395021|#296> (<https:\/\/github.com\/dueyfinster\/blackteam\/compare\/30c130697a13...4790b5dd2a61|4790b5d>) of dueyfinster\/blackteam@develop by Neil Grogan passed in 3 min 45 sec",
                "text": "Build <https:\/\/magnum.travis-ci.com\/dueyfinster\/blackteam\/builds\/14395021|#296> (<https:\/\/github.com\/dueyfinster\/blackteam\/compare\/30c130697a13...4790b5dd2a61|4790b5d>) of dueyfinster\/blackteam@develop by Neil Grogan passed in 3 min 45 sec",
                "id": 1,
                "color": "36a64f"
            }
        ],
        "type": "message",
        "subtype": "bot_message",
        "ts": "1439070558.000015"
    },
    {
        "text": "",
        "bot_id": "B0506GF16",
        "attachments": [
            {
                "fallback": "Build <https:\/\/magnum.travis-ci.com\/dueyfinster\/blackteam\/builds\/14395028|#297> (<https:\/\/github.com\/dueyfinster\/blackteam\/compare\/4790b5dd2a61...6b9a8fcde12e|6b9a8fc>) of dueyfinster\/blackteam@develop by Neil Grogan passed in 3 min 41 sec",
                "text": "Build <https:\/\/magnum.travis-ci.com\/dueyfinster\/blackteam\/builds\/14395028|#297> (<https:\/\/github.com\/dueyfinster\/blackteam\/compare\/4790b5dd2a61...6b9a8fcde12e|6b9a8fc>) of dueyfinster\/blackteam@develop by Neil Grogan passed in 3 min 41 sec",
                "id": 1,
                "color": "36a64f"
            }
        ],
        "type": "message",
        "subtype": "bot_message",
        "ts": "1439070784.000016"
    },
    {
        "text": "",
        "bot_id": "B052T590M",
        "attachments": [
            {
                "fallback": "[blackteam:develop] <https:\/\/github.com\/dueyfinster\/blackteam\/commit\/76d4811a68f0def96b6426720d9a82707b3e3fe3|1 new commit> by Neil Grogan",
                "text": "<https:\/\/github.com\/dueyfinster\/blackteam\/commit\/76d4811a68f0def96b6426720d9a82707b3e3fe3|76d4811>: Added sponsor images to homepage - Neil Grogan",
                "pretext": "[blackteam:develop] 1 new commit by Neil Grogan:",
                "id": 1,
                "color": "4183C4",
                "mrkdwn_in": [
                    "text",
                    "pretext"
                ]
            }
        ],
        "type": "message",
        "subtype": "bot_message",
        "ts": "1439070986.000017"
    },
    {
        "text": "",
        "bot_id": "B056P06D5",
        "attachments": [
            {
                "fallback": "Success:  dueyfinster's build (<https:\/\/circleci.com\/gh\/dueyfinster\/blackteam\/375|#375>; push in <https:\/\/circleci.com\/gh\/dueyfinster\/blackteam|dueyfinster\/blackteam> (<https:\/\/circleci.com\/gh\/dueyfinster\/blackteam\/tree\/develop|develop>)\n - Added sponsor images to homepage (<https:\/\/github.com\/dueyfinster\/blackteam\/commit\/76d4811a68f0def96b6426720d9a82707b3e3fe3|76d4811> by dueyfinster)\n",
                "text": "Success:  dueyfinster's build (<https:\/\/circleci.com\/gh\/dueyfinster\/blackteam\/375|#375>; push in <https:\/\/circleci.com\/gh\/dueyfinster\/blackteam|dueyfinster\/blackteam> (<https:\/\/circleci.com\/gh\/dueyfinster\/blackteam\/tree\/develop|develop>)\n - Added sponsor images to homepage (<https:\/\/github.com\/dueyfinster\/blackteam\/commit\/76d4811a68f0def96b6426720d9a82707b3e3fe3|76d4811> by dueyfinster)\n",
                "id": 1,
                "color": "41aa58"
            }
        ],
        "type": "message",
        "subtype": "bot_message",
        "ts": "1439071053.000018"
    },
    {
        "text": "",
        "bot_id": "B0506GF16",
        "attachments": [
            {
                "fallback": "Build <https:\/\/magnum.travis-ci.com\/dueyfinster\/blackteam\/builds\/14395054|#298> (<https:\/\/github.com\/dueyfinster\/blackteam\/compare\/6b9a8fcde12e...76d4811a68f0|76d4811>) of dueyfinster\/blackteam@develop by Neil Grogan passed in 3 min 46 sec",
                "text": "Build <https:\/\/magnum.travis-ci.com\/dueyfinster\/blackteam\/builds\/14395054|#298> (<https:\/\/github.com\/dueyfinster\/blackteam\/compare\/6b9a8fcde12e...76d4811a68f0|76d4811>) of dueyfinster\/blackteam@develop by Neil Grogan passed in 3 min 46 sec",
                "id": 1,
                "color": "36a64f"
            }
        ],
        "type": "message",
        "subtype": "bot_message",
        "ts": "1439071220.000019"
    },
    {
        "text": "",
        "bot_id": "B052T590M",
        "attachments": [
            {
                "fallback": "[blackteam:develop] <https:\/\/github.com\/dueyfinster\/blackteam\/commit\/c46b62fbd3ff0427284bbc2e18d6eaf63f077ecf|1 new commit> by Neil Grogan",
                "text": "<https:\/\/github.com\/dueyfinster\/blackteam\/commit\/c46b62fbd3ff0427284bbc2e18d6eaf63f077ecf|c46b62f>: added landing page - Neil Grogan",
                "pretext": "[blackteam:develop] 1 new commit by Neil Grogan:",
                "id": 1,
                "color": "4183C4",
                "mrkdwn_in": [
                    "text",
                    "pretext"
                ]
            }
        ],
        "type": "message",
        "subtype": "bot_message",
        "ts": "1439072120.000020"
    },
    {
        "text": "",
        "bot_id": "B056P06D5",
        "attachments": [
            {
                "fallback": "Failed:  dueyfinster's build (<https:\/\/circleci.com\/gh\/dueyfinster\/blackteam\/376|#376>; push in <https:\/\/circleci.com\/gh\/dueyfinster\/blackteam|dueyfinster\/blackteam> (<https:\/\/circleci.com\/gh\/dueyfinster\/blackteam\/tree\/develop|develop>)\n - added landing page (<https:\/\/github.com\/dueyfinster\/blackteam\/commit\/c46b62fbd3ff0427284bbc2e18d6eaf63f077ecf|c46b62f> by dueyfinster)\n",
                "text": "Failed:  dueyfinster's build (<https:\/\/circleci.com\/gh\/dueyfinster\/blackteam\/376|#376>; push in <https:\/\/circleci.com\/gh\/dueyfinster\/blackteam|dueyfinster\/blackteam> (<https:\/\/circleci.com\/gh\/dueyfinster\/blackteam\/tree\/develop|develop>)\n - added landing page (<https:\/\/github.com\/dueyfinster\/blackteam\/commit\/c46b62fbd3ff0427284bbc2e18d6eaf63f077ecf|c46b62f> by dueyfinster)\n",
                "id": 1,
                "color": "d10c20"
            }
        ],
        "type": "message",
        "subtype": "bot_message",
        "ts": "1439072186.000021"
    },
    {
        "text": "",
        "bot_id": "B052T590M",
        "attachments": [
            {
                "fallback": "[blackteam:develop] <https:\/\/github.com\/dueyfinster\/blackteam\/commit\/2a67fed7411b232ac827fa81bee82ad01045e442|1 new commit> by Neil Grogan",
                "text": "<https:\/\/github.com\/dueyfinster\/blackteam\/commit\/2a67fed7411b232ac827fa81bee82ad01045e442|2a67fed>: fix for selenium title test - Neil Grogan",
                "pretext": "[blackteam:develop] 1 new commit by Neil Grogan:",
                "id": 1,
                "color": "4183C4",
                "mrkdwn_in": [
                    "text",
                    "pretext"
                ]
            }
        ],
        "type": "message",
        "subtype": "bot_message",
        "ts": "1439072332.000022"
    },
    {
        "text": "",
        "bot_id": "B0506GF16",
        "attachments": [
            {
                "fallback": "Build <https:\/\/magnum.travis-ci.com\/dueyfinster\/blackteam\/builds\/14395119|#299> (<https:\/\/github.com\/dueyfinster\/blackteam\/compare\/76d4811a68f0...c46b62fbd3ff|c46b62f>) of dueyfinster\/blackteam@develop by Neil Grogan failed in 3 min 43 sec",
                "text": "Build <https:\/\/magnum.travis-ci.com\/dueyfinster\/blackteam\/builds\/14395119|#299> (<https:\/\/github.com\/dueyfinster\/blackteam\/compare\/76d4811a68f0...c46b62fbd3ff|c46b62f>) of dueyfinster\/blackteam@develop by Neil Grogan failed in 3 min 43 sec",
                "id": 1,
                "color": "d00000"
            }
        ],
        "type": "message",
        "subtype": "bot_message",
        "ts": "1439072352.000023"
    },
    {
        "text": "",
        "bot_id": "B056P06D5",
        "attachments": [
            {
                "fallback": "Fixed:  dueyfinster's build (<https:\/\/circleci.com\/gh\/dueyfinster\/blackteam\/377|#377>; push in <https:\/\/circleci.com\/gh\/dueyfinster\/blackteam|dueyfinster\/blackteam> (<https:\/\/circleci.com\/gh\/dueyfinster\/blackteam\/tree\/develop|develop>)\n - fix for selenium title test (<https:\/\/github.com\/dueyfinster\/blackteam\/commit\/2a67fed7411b232ac827fa81bee82ad01045e442|2a67fed> by dueyfinster)\n",
                "text": "Fixed:  dueyfinster's build (<https:\/\/circleci.com\/gh\/dueyfinster\/blackteam\/377|#377>; push in <https:\/\/circleci.com\/gh\/dueyfinster\/blackteam|dueyfinster\/blackteam> (<https:\/\/circleci.com\/gh\/dueyfinster\/blackteam\/tree\/develop|develop>)\n - fix for selenium title test (<https:\/\/github.com\/dueyfinster\/blackteam\/commit\/2a67fed7411b232ac827fa81bee82ad01045e442|2a67fed> by dueyfinster)\n",
                "id": 1,
                "color": "41aa58"
            }
        ],
        "type": "message",
        "subtype": "bot_message",
        "ts": "1439072401.000024"
    },
    {
        "text": "",
        "bot_id": "B0506GF16",
        "attachments": [
            {
                "fallback": "Build <https:\/\/magnum.travis-ci.com\/dueyfinster\/blackteam\/builds\/14395139|#300> (<https:\/\/github.com\/dueyfinster\/blackteam\/compare\/c46b62fbd3ff...2a67fed7411b|2a67fed>) of dueyfinster\/blackteam@develop by Neil Grogan passed in 3 min 43 sec",
                "text": "Build <https:\/\/magnum.travis-ci.com\/dueyfinster\/blackteam\/builds\/14395139|#300> (<https:\/\/github.com\/dueyfinster\/blackteam\/compare\/c46b62fbd3ff...2a67fed7411b|2a67fed>) of dueyfinster\/blackteam@develop by Neil Grogan passed in 3 min 43 sec",
                "id": 1,
                "color": "36a64f"
            }
        ],
        "type": "message",
        "subtype": "bot_message",
        "ts": "1439072582.000025"
    },
    {
        "text": "",
        "bot_id": "B052T590M",
        "attachments": [
            {
                "fallback": "[blackteam:develop] <https:\/\/github.com\/dueyfinster\/blackteam\/commit\/92026db553cb484777719b5e0007f40838ab7770|1 new commit> by GarryDavitt",
                "text": "<https:\/\/github.com\/dueyfinster\/blackteam\/commit\/92026db553cb484777719b5e0007f40838ab7770|92026db>: adding spinner and -style changes -jquery-linky library for tweets - GarryDavitt",
                "pretext": "[blackteam:develop] 1 new commit by GarryDavitt:",
                "id": 1,
                "color": "4183C4",
                "mrkdwn_in": [
                    "text",
                    "pretext"
                ]
            }
        ],
        "type": "message",
        "subtype": "bot_message",
        "ts": "1439076071.000026"
    },
    {
        "text": "",
        "bot_id": "B056P06D5",
        "attachments": [
            {
                "fallback": "Failed:  GarryDavitt's build (<https:\/\/circleci.com\/gh\/dueyfinster\/blackteam\/378|#378>; push in <https:\/\/circleci.com\/gh\/dueyfinster\/blackteam|dueyfinster\/blackteam> (<https:\/\/circleci.com\/gh\/dueyfinster\/blackteam\/tree\/develop|develop>)\n - adding spinner and -style changes -jquery-linky library for tweets (<https:\/\/github.com\/dueyfinster\/blackteam\/commit\/92026db553cb484777719b5e0007f40838ab7770|92026db> by GarryDavitt)\n",
                "text": "Failed:  GarryDavitt's build (<https:\/\/circleci.com\/gh\/dueyfinster\/blackteam\/378|#378>; push in <https:\/\/circleci.com\/gh\/dueyfinster\/blackteam|dueyfinster\/blackteam> (<https:\/\/circleci.com\/gh\/dueyfinster\/blackteam\/tree\/develop|develop>)\n - adding spinner and -style changes -jquery-linky library for tweets (<https:\/\/github.com\/dueyfinster\/blackteam\/commit\/92026db553cb484777719b5e0007f40838ab7770|92026db> by GarryDavitt)\n",
                "id": 1,
                "color": "d10c20"
            }
        ],
        "type": "message",
        "subtype": "bot_message",
        "ts": "1439076141.000027"
    },
    {
        "text": "",
        "bot_id": "B0506GF16",
        "attachments": [
            {
                "fallback": "Build <https:\/\/magnum.travis-ci.com\/dueyfinster\/blackteam\/builds\/14395365|#301> (<https:\/\/github.com\/dueyfinster\/blackteam\/compare\/2a67fed7411b...92026db553cb|92026db>) of dueyfinster\/blackteam@develop by GarryDavitt failed in 3 min 53 sec",
                "text": "Build <https:\/\/magnum.travis-ci.com\/dueyfinster\/blackteam\/builds\/14395365|#301> (<https:\/\/github.com\/dueyfinster\/blackteam\/compare\/2a67fed7411b...92026db553cb|92026db>) of dueyfinster\/blackteam@develop by GarryDavitt failed in 3 min 53 sec",
                "id": 1,
                "color": "d00000"
            }
        ],
        "type": "message",
        "subtype": "bot_message",
        "ts": "1439076310.000028"
    },
    {
        "text": "",
        "bot_id": "B052T590M",
        "attachments": [
            {
                "fallback": "[blackteam:develop] <https:\/\/github.com\/dueyfinster\/blackteam\/commit\/2a62d395eac19550107f07ea1666fc8e855b2437|1 new commit> by GarryDavitt",
                "text": "<https:\/\/github.com\/dueyfinster\/blackteam\/commit\/2a62d395eac19550107f07ea1666fc8e855b2437|2a62d39>: revert change for landing page -taken out by mistake - GarryDavitt",
                "pretext": "[blackteam:develop] 1 new commit by GarryDavitt:",
                "id": 1,
                "color": "4183C4",
                "mrkdwn_in": [
                    "text",
                    "pretext"
                ]
            }
        ],
        "type": "message",
        "subtype": "bot_message",
        "ts": "1439076376.000029"
    },
    {
        "text": "",
        "bot_id": "B056P06D5",
        "attachments": [
            {
                "fallback": "Fixed:  GarryDavitt's build (<https:\/\/circleci.com\/gh\/dueyfinster\/blackteam\/379|#379>; push in <https:\/\/circleci.com\/gh\/dueyfinster\/blackteam|dueyfinster\/blackteam> (<https:\/\/circleci.com\/gh\/dueyfinster\/blackteam\/tree\/develop|develop>)\n - revert change for landing page -taken out by mistake (<https:\/\/github.com\/dueyfinster\/blackteam\/commit\/2a62d395eac19550107f07ea1666fc8e855b2437|2a62d39> by GarryDavitt)\n",
                "text": "Fixed:  GarryDavitt's build (<https:\/\/circleci.com\/gh\/dueyfinster\/blackteam\/379|#379>; push in <https:\/\/circleci.com\/gh\/dueyfinster\/blackteam|dueyfinster\/blackteam> (<https:\/\/circleci.com\/gh\/dueyfinster\/blackteam\/tree\/develop|develop>)\n - revert change for landing page -taken out by mistake (<https:\/\/github.com\/dueyfinster\/blackteam\/commit\/2a62d395eac19550107f07ea1666fc8e855b2437|2a62d39> by GarryDavitt)\n",
                "id": 1,
                "color": "41aa58"
            }
        ],
        "type": "message",
        "subtype": "bot_message",
        "ts": "1439076438.000030"
    },
    {
        "text": "",
        "bot_id": "B0506GF16",
        "attachments": [
            {
                "fallback": "Build <https:\/\/magnum.travis-ci.com\/dueyfinster\/blackteam\/builds\/14395374|#302> (<https:\/\/github.com\/dueyfinster\/blackteam\/compare\/92026db553cb...2a62d395eac1|2a62d39>) of dueyfinster\/blackteam@develop by GarryDavitt passed in 3 min 41 sec",
                "text": "Build <https:\/\/magnum.travis-ci.com\/dueyfinster\/blackteam\/builds\/14395374|#302> (<https:\/\/github.com\/dueyfinster\/blackteam\/compare\/92026db553cb...2a62d395eac1|2a62d39>) of dueyfinster\/blackteam@develop by GarryDavitt passed in 3 min 41 sec",
                "id": 1,
                "color": "36a64f"
            }
        ],
        "type": "message",
        "subtype": "bot_message",
        "ts": "1439076606.000031"
    }
]