[
    {
        "text": "",
        "bot_id": "B052T590M",
        "attachments": [
            {
                "fallback": "[blackteam:master] <https:\/\/github.com\/dueyfinster\/blackteam\/compare\/1405e642ec6b...370fd29335f2|6 new commits> by Neil Grogan and 1 others",
                "text": "<https:\/\/github.com\/dueyfinster\/blackteam\/commit\/9aab2b6|9aab2b6>: Added test to ensure 10 news stories on page - Neil Grogan\n <https:\/\/github.com\/dueyfinster\/blackteam\/commit\/1e6e839|1e6e839>: Updated Selenium test to check for 10 items on page - Neil Grogan\n <https:\/\/github.com\/dueyfinster\/blackteam\/commit\/2b63fbe|2b63fbe>: Add support for twitter sign-in - OLarry\n <https:\/\/github.com\/dueyfinster\/blackteam\/commit\/cd970ac|cd970ac>: Small change to make test less strict by checking if number of news items &gt;= 10. Will check it with Neil later - OLarry\n <https:\/\/github.com\/dueyfinster\/blackteam\/commit\/7c7bb3b|7c7bb3b>: Bumped version number to 0.1-179-cd970ac - Neil Grogan\n <https:\/\/github.com\/dueyfinster\/blackteam\/commit\/370fd29|370fd29>: Merge branch 'release\/release' - Neil Grogan",
                "pretext": "[blackteam:master] <https:\/\/github.com\/dueyfinster\/blackteam\/compare\/1405e642ec6b...370fd29335f2|6 new commits> by Neil Grogan and 1 others:",
                "id": 1,
                "color": "4183C4",
                "mrkdwn_in": [
                    "text",
                    "pretext"
                ]
            }
        ],
        "type": "message",
        "subtype": "bot_message",
        "ts": "1434527098.000020"
    },
    {
        "text": "",
        "bot_id": "B056P06D5",
        "attachments": [
            {
                "fallback": "Success:  dueyfinster's build (<https:\/\/circleci.com\/gh\/dueyfinster\/blackteam\/151|#151>; push in <https:\/\/circleci.com\/gh\/dueyfinster\/blackteam|dueyfinster\/blackteam> (<https:\/\/circleci.com\/gh\/dueyfinster\/blackteam\/tree\/master|master>)\n - Merge branch 'release\/release' (<https:\/\/github.com\/dueyfinster\/blackteam\/commit\/370fd29335f207a27ce755c11cc5888d5ca8ce3e|370fd29> by Neil Grogan) and <https:\/\/github.com\/dueyfinster\/blackteam\/compare\/1405e642ec6b...370fd29335f2|5 more>\n",
                "text": "Success:  dueyfinster's build (<https:\/\/circleci.com\/gh\/dueyfinster\/blackteam\/151|#151>; push in <https:\/\/circleci.com\/gh\/dueyfinster\/blackteam|dueyfinster\/blackteam> (<https:\/\/circleci.com\/gh\/dueyfinster\/blackteam\/tree\/master|master>)\n - Merge branch 'release\/release' (<https:\/\/github.com\/dueyfinster\/blackteam\/commit\/370fd29335f207a27ce755c11cc5888d5ca8ce3e|370fd29> by Neil Grogan) and <https:\/\/github.com\/dueyfinster\/blackteam\/compare\/1405e642ec6b...370fd29335f2|5 more>\n",
                "id": 1,
                "color": "41aa58"
            }
        ],
        "type": "message",
        "subtype": "bot_message",
        "ts": "1434527502.000021"
    },
    {
        "text": "",
        "bot_id": "B052T590M",
        "attachments": [
            {
                "fallback": "[blackteam:develop] <https:\/\/github.com\/dueyfinster\/blackteam\/commit\/f5dbc6b|1 new commit> by Neil Grogan",
                "text": "<https:\/\/github.com\/dueyfinster\/blackteam\/commit\/f5dbc6b|f5dbc6b>: Added Hacker News API Examples - Neil Grogan",
                "pretext": "[blackteam:develop] 1 new commit by Neil Grogan:",
                "id": 1,
                "color": "4183C4",
                "mrkdwn_in": [
                    "text",
                    "pretext"
                ]
            }
        ],
        "type": "message",
        "subtype": "bot_message",
        "ts": "1434571197.000022"
    },
    {
        "text": "",
        "bot_id": "B056P06D5",
        "attachments": [
            {
                "fallback": "Success:  dueyfinster's build (<https:\/\/circleci.com\/gh\/dueyfinster\/blackteam\/152|#152>; push in <https:\/\/circleci.com\/gh\/dueyfinster\/blackteam|dueyfinster\/blackteam> (<https:\/\/circleci.com\/gh\/dueyfinster\/blackteam\/tree\/develop|develop>)\n - Added Hacker News API Examples (<https:\/\/github.com\/dueyfinster\/blackteam\/commit\/f5dbc6b01bb7cc5c1851fb717c1094fdfac7ab95|f5dbc6b> by Neil Grogan)\n",
                "text": "Success:  dueyfinster's build (<https:\/\/circleci.com\/gh\/dueyfinster\/blackteam\/152|#152>; push in <https:\/\/circleci.com\/gh\/dueyfinster\/blackteam|dueyfinster\/blackteam> (<https:\/\/circleci.com\/gh\/dueyfinster\/blackteam\/tree\/develop|develop>)\n - Added Hacker News API Examples (<https:\/\/github.com\/dueyfinster\/blackteam\/commit\/f5dbc6b01bb7cc5c1851fb717c1094fdfac7ab95|f5dbc6b> by Neil Grogan)\n",
                "id": 1,
                "color": "41aa58"
            }
        ],
        "type": "message",
        "subtype": "bot_message",
        "ts": "1434571290.000023"
    }
]