[
    {
        "text": "",
        "bot_id": "B052T590M",
        "attachments": [
            {
                "fallback": "[blackteam:develop] <https:\/\/github.com\/dueyfinster\/blackteam\/commit\/6dafb78e83d7199b40bef7af635225a95e8ddd9e|1 new commit> by OLarry",
                "text": "<https:\/\/github.com\/dueyfinster\/blackteam\/commit\/6dafb78e83d7199b40bef7af635225a95e8ddd9e|6dafb78>: Make tweets results relevant - OLarry",
                "pretext": "[blackteam:develop] 1 new commit by OLarry:",
                "id": 1,
                "color": "4183C4",
                "mrkdwn_in": [
                    "text",
                    "pretext"
                ]
            }
        ],
        "type": "message",
        "subtype": "bot_message",
        "ts": "1439121549.000002"
    },
    {
        "text": "",
        "bot_id": "B056P06D5",
        "attachments": [
            {
                "fallback": "Success:  OLarry's build (<https:\/\/circleci.com\/gh\/dueyfinster\/blackteam\/380|#380>; push in <https:\/\/circleci.com\/gh\/dueyfinster\/blackteam|dueyfinster\/blackteam> (<https:\/\/circleci.com\/gh\/dueyfinster\/blackteam\/tree\/develop|develop>)\n - Make tweets results relevant (<https:\/\/github.com\/dueyfinster\/blackteam\/commit\/6dafb78e83d7199b40bef7af635225a95e8ddd9e|6dafb78> by OLarry)\n",
                "text": "Success:  OLarry's build (<https:\/\/circleci.com\/gh\/dueyfinster\/blackteam\/380|#380>; push in <https:\/\/circleci.com\/gh\/dueyfinster\/blackteam|dueyfinster\/blackteam> (<https:\/\/circleci.com\/gh\/dueyfinster\/blackteam\/tree\/develop|develop>)\n - Make tweets results relevant (<https:\/\/github.com\/dueyfinster\/blackteam\/commit\/6dafb78e83d7199b40bef7af635225a95e8ddd9e|6dafb78> by OLarry)\n",
                "id": 1,
                "color": "41aa58"
            }
        ],
        "type": "message",
        "subtype": "bot_message",
        "ts": "1439121620.000003"
    },
    {
        "text": "",
        "bot_id": "B0506GF16",
        "attachments": [
            {
                "fallback": "Build <https:\/\/magnum.travis-ci.com\/dueyfinster\/blackteam\/builds\/14397205|#303> (<https:\/\/github.com\/dueyfinster\/blackteam\/compare\/2a62d395eac1...6dafb78e83d7|6dafb78>) of dueyfinster\/blackteam@develop by OLarry passed in 3 min 42 sec",
                "text": "Build <https:\/\/magnum.travis-ci.com\/dueyfinster\/blackteam\/builds\/14397205|#303> (<https:\/\/github.com\/dueyfinster\/blackteam\/compare\/2a62d395eac1...6dafb78e83d7|6dafb78>) of dueyfinster\/blackteam@develop by OLarry passed in 3 min 42 sec",
                "id": 1,
                "color": "36a64f"
            }
        ],
        "type": "message",
        "subtype": "bot_message",
        "ts": "1439121780.000004"
    },
    {
        "text": "",
        "bot_id": "B052T590M",
        "attachments": [
            {
                "fallback": "[blackteam:develop] <https:\/\/github.com\/dueyfinster\/blackteam\/commit\/4732e255d7e4d0326ff6a4431a40ea2092790466|1 new commit> by GarryDavitt",
                "text": "<https:\/\/github.com\/dueyfinster\/blackteam\/commit\/4732e255d7e4d0326ff6a4431a40ea2092790466|4732e25>: fix for images -comment out related tweets stuff - GarryDavitt",
                "pretext": "[blackteam:develop] 1 new commit by GarryDavitt:",
                "id": 1,
                "color": "4183C4",
                "mrkdwn_in": [
                    "text",
                    "pretext"
                ]
            }
        ],
        "type": "message",
        "subtype": "bot_message",
        "ts": "1439139002.000005"
    },
    {
        "text": "",
        "bot_id": "B056P06D5",
        "attachments": [
            {
                "fallback": "Success:  GarryDavitt's build (<https:\/\/circleci.com\/gh\/dueyfinster\/blackteam\/381|#381>; push in <https:\/\/circleci.com\/gh\/dueyfinster\/blackteam|dueyfinster\/blackteam> (<https:\/\/circleci.com\/gh\/dueyfinster\/blackteam\/tree\/develop|develop>)\n - fix for images -comment out related tweets stuff (<https:\/\/github.com\/dueyfinster\/blackteam\/commit\/4732e255d7e4d0326ff6a4431a40ea2092790466|4732e25> by GarryDavitt)\n",
                "text": "Success:  GarryDavitt's build (<https:\/\/circleci.com\/gh\/dueyfinster\/blackteam\/381|#381>; push in <https:\/\/circleci.com\/gh\/dueyfinster\/blackteam|dueyfinster\/blackteam> (<https:\/\/circleci.com\/gh\/dueyfinster\/blackteam\/tree\/develop|develop>)\n - fix for images -comment out related tweets stuff (<https:\/\/github.com\/dueyfinster\/blackteam\/commit\/4732e255d7e4d0326ff6a4431a40ea2092790466|4732e25> by GarryDavitt)\n",
                "id": 1,
                "color": "41aa58"
            }
        ],
        "type": "message",
        "subtype": "bot_message",
        "ts": "1439139067.000006"
    },
    {
        "text": "",
        "bot_id": "B0506GF16",
        "attachments": [
            {
                "fallback": "Build <https:\/\/magnum.travis-ci.com\/dueyfinster\/blackteam\/builds\/14398137|#304> (<https:\/\/github.com\/dueyfinster\/blackteam\/compare\/6dafb78e83d7...4732e255d7e4|4732e25>) of dueyfinster\/blackteam@develop by GarryDavitt passed in 3 min 47 sec",
                "text": "Build <https:\/\/magnum.travis-ci.com\/dueyfinster\/blackteam\/builds\/14398137|#304> (<https:\/\/github.com\/dueyfinster\/blackteam\/compare\/6dafb78e83d7...4732e255d7e4|4732e25>) of dueyfinster\/blackteam@develop by GarryDavitt passed in 3 min 47 sec",
                "id": 1,
                "color": "36a64f"
            }
        ],
        "type": "message",
        "subtype": "bot_message",
        "ts": "1439139237.000007"
    },
    {
        "text": "",
        "bot_id": "B052T590M",
        "attachments": [
            {
                "fallback": "[blackteam:develop] <https:\/\/github.com\/dueyfinster\/blackteam\/commit\/a704a97f3b06c93ee21054c631858af8833fde4b|1 new commit> by GarryDavitt",
                "text": "<https:\/\/github.com\/dueyfinster\/blackteam\/commit\/a704a97f3b06c93ee21054c631858af8833fde4b|a704a97>: fix some other broken links - GarryDavitt",
                "pretext": "[blackteam:develop] 1 new commit by GarryDavitt:",
                "id": 1,
                "color": "4183C4",
                "mrkdwn_in": [
                    "text",
                    "pretext"
                ]
            }
        ],
        "type": "message",
        "subtype": "bot_message",
        "ts": "1439142967.000008"
    },
    {
        "text": "",
        "bot_id": "B056P06D5",
        "attachments": [
            {
                "fallback": "Success:  GarryDavitt's build (<https:\/\/circleci.com\/gh\/dueyfinster\/blackteam\/382|#382>; push in <https:\/\/circleci.com\/gh\/dueyfinster\/blackteam|dueyfinster\/blackteam> (<https:\/\/circleci.com\/gh\/dueyfinster\/blackteam\/tree\/develop|develop>)\n - fix some other broken links (<https:\/\/github.com\/dueyfinster\/blackteam\/commit\/a704a97f3b06c93ee21054c631858af8833fde4b|a704a97> by GarryDavitt)\n",
                "text": "Success:  GarryDavitt's build (<https:\/\/circleci.com\/gh\/dueyfinster\/blackteam\/382|#382>; push in <https:\/\/circleci.com\/gh\/dueyfinster\/blackteam|dueyfinster\/blackteam> (<https:\/\/circleci.com\/gh\/dueyfinster\/blackteam\/tree\/develop|develop>)\n - fix some other broken links (<https:\/\/github.com\/dueyfinster\/blackteam\/commit\/a704a97f3b06c93ee21054c631858af8833fde4b|a704a97> by GarryDavitt)\n",
                "id": 1,
                "color": "41aa58"
            }
        ],
        "type": "message",
        "subtype": "bot_message",
        "ts": "1439143031.000009"
    },
    {
        "text": "",
        "bot_id": "B0506GF16",
        "attachments": [
            {
                "fallback": "Build <https:\/\/magnum.travis-ci.com\/dueyfinster\/blackteam\/builds\/14398358|#305> (<https:\/\/github.com\/dueyfinster\/blackteam\/compare\/4732e255d7e4...a704a97f3b06|a704a97>) of dueyfinster\/blackteam@develop by GarryDavitt passed in 3 min 52 sec",
                "text": "Build <https:\/\/magnum.travis-ci.com\/dueyfinster\/blackteam\/builds\/14398358|#305> (<https:\/\/github.com\/dueyfinster\/blackteam\/compare\/4732e255d7e4...a704a97f3b06|a704a97>) of dueyfinster\/blackteam@develop by GarryDavitt passed in 3 min 52 sec",
                "id": 1,
                "color": "36a64f"
            }
        ],
        "type": "message",
        "subtype": "bot_message",
        "ts": "1439143209.000010"
    },
    {
        "text": "",
        "bot_id": "B052T590M",
        "attachments": [
            {
                "fallback": "[blackteam:develop] <https:\/\/github.com\/dueyfinster\/blackteam\/compare\/a704a97f3b06...960812a745ab|2 new commits> by iberdnikov",
                "text": "<https:\/\/github.com\/dueyfinster\/blackteam\/commit\/7a6b23a53459a43ef714cf0af7172d3d49348628|7a6b23a>: The fix to display selected by user topics - iberdnikov\n <https:\/\/github.com\/dueyfinster\/blackteam\/commit\/960812a745ab8846f09a1bf7aa68d06789e400e2|960812a>: Merge branch 'develop' of <https:\/\/github.com\/dueyfinster\/blackteam> into develop - iberdnikov",
                "pretext": "[blackteam:develop] <https:\/\/github.com\/dueyfinster\/blackteam\/compare\/a704a97f3b06...960812a745ab|2 new commits> by iberdnikov:",
                "id": 1,
                "color": "4183C4",
                "mrkdwn_in": [
                    "text",
                    "pretext"
                ]
            }
        ],
        "type": "message",
        "subtype": "bot_message",
        "ts": "1439153144.000011"
    },
    {
        "text": "",
        "bot_id": "B056P06D5",
        "attachments": [
            {
                "fallback": "Success:  iberdnikov's build (<https:\/\/circleci.com\/gh\/dueyfinster\/blackteam\/383|#383>; push in <https:\/\/circleci.com\/gh\/dueyfinster\/blackteam|dueyfinster\/blackteam> (<https:\/\/circleci.com\/gh\/dueyfinster\/blackteam\/tree\/develop|develop>)\n - Merge branch 'develop' of <https:\/\/github.com\/dueyfinster\/blackteam> into develop (<https:\/\/github.com\/dueyfinster\/blackteam\/commit\/960812a745ab8846f09a1bf7aa68d06789e400e2|960812a> by iberdnikov) and <https:\/\/github.com\/dueyfinster\/blackteam\/compare\/a704a97f3b06...960812a745ab|1 more>\n",
                "text": "Success:  iberdnikov's build (<https:\/\/circleci.com\/gh\/dueyfinster\/blackteam\/383|#383>; push in <https:\/\/circleci.com\/gh\/dueyfinster\/blackteam|dueyfinster\/blackteam> (<https:\/\/circleci.com\/gh\/dueyfinster\/blackteam\/tree\/develop|develop>)\n - Merge branch 'develop' of <https:\/\/github.com\/dueyfinster\/blackteam> into develop (<https:\/\/github.com\/dueyfinster\/blackteam\/commit\/960812a745ab8846f09a1bf7aa68d06789e400e2|960812a> by iberdnikov) and <https:\/\/github.com\/dueyfinster\/blackteam\/compare\/a704a97f3b06...960812a745ab|1 more>\n",
                "id": 1,
                "color": "41aa58"
            }
        ],
        "type": "message",
        "subtype": "bot_message",
        "ts": "1439153213.000012"
    },
    {
        "text": "",
        "bot_id": "B0506GF16",
        "attachments": [
            {
                "fallback": "Build <https:\/\/magnum.travis-ci.com\/dueyfinster\/blackteam\/builds\/14399062|#306> (<https:\/\/github.com\/dueyfinster\/blackteam\/compare\/a704a97f3b06...960812a745ab|960812a>) of dueyfinster\/blackteam@develop by iberdnikov passed in 3 min 40 sec",
                "text": "Build <https:\/\/magnum.travis-ci.com\/dueyfinster\/blackteam\/builds\/14399062|#306> (<https:\/\/github.com\/dueyfinster\/blackteam\/compare\/a704a97f3b06...960812a745ab|960812a>) of dueyfinster\/blackteam@develop by iberdnikov passed in 3 min 40 sec",
                "id": 1,
                "color": "36a64f"
            }
        ],
        "type": "message",
        "subtype": "bot_message",
        "ts": "1439153371.000013"
    },
    {
        "text": "",
        "bot_id": "B052T590M",
        "attachments": [
            {
                "fallback": "[blackteam:develop] <https:\/\/github.com\/dueyfinster\/blackteam\/commit\/14b06e952f76066089644442256146305ff910fd|1 new commit> by iberdnikov",
                "text": "<https:\/\/github.com\/dueyfinster\/blackteam\/commit\/14b06e952f76066089644442256146305ff910fd|14b06e9>: Ranking Changes - iberdnikov",
                "pretext": "[blackteam:develop] 1 new commit by iberdnikov:",
                "id": 1,
                "color": "4183C4",
                "mrkdwn_in": [
                    "text",
                    "pretext"
                ]
            }
        ],
        "type": "message",
        "subtype": "bot_message",
        "ts": "1439162135.000014"
    },
    {
        "text": "",
        "bot_id": "B056P06D5",
        "attachments": [
            {
                "fallback": "Success:  iberdnikov's build (<https:\/\/circleci.com\/gh\/dueyfinster\/blackteam\/384|#384>; push in <https:\/\/circleci.com\/gh\/dueyfinster\/blackteam|dueyfinster\/blackteam> (<https:\/\/circleci.com\/gh\/dueyfinster\/blackteam\/tree\/develop|develop>)\n - Ranking Changes (<https:\/\/github.com\/dueyfinster\/blackteam\/commit\/14b06e952f76066089644442256146305ff910fd|14b06e9> by iberdnikov)\n",
                "text": "Success:  iberdnikov's build (<https:\/\/circleci.com\/gh\/dueyfinster\/blackteam\/384|#384>; push in <https:\/\/circleci.com\/gh\/dueyfinster\/blackteam|dueyfinster\/blackteam> (<https:\/\/circleci.com\/gh\/dueyfinster\/blackteam\/tree\/develop|develop>)\n - Ranking Changes (<https:\/\/github.com\/dueyfinster\/blackteam\/commit\/14b06e952f76066089644442256146305ff910fd|14b06e9> by iberdnikov)\n",
                "id": 1,
                "color": "41aa58"
            }
        ],
        "type": "message",
        "subtype": "bot_message",
        "ts": "1439162205.000015"
    },
    {
        "text": "",
        "bot_id": "B0506GF16",
        "attachments": [
            {
                "fallback": "Build <https:\/\/magnum.travis-ci.com\/dueyfinster\/blackteam\/builds\/14399777|#307> (<https:\/\/github.com\/dueyfinster\/blackteam\/compare\/960812a745ab...14b06e952f76|14b06e9>) of dueyfinster\/blackteam@develop by iberdnikov passed in 4 min 32 sec",
                "text": "Build <https:\/\/magnum.travis-ci.com\/dueyfinster\/blackteam\/builds\/14399777|#307> (<https:\/\/github.com\/dueyfinster\/blackteam\/compare\/960812a745ab...14b06e952f76|14b06e9>) of dueyfinster\/blackteam@develop by iberdnikov passed in 4 min 32 sec",
                "id": 1,
                "color": "36a64f"
            }
        ],
        "type": "message",
        "subtype": "bot_message",
        "ts": "1439162415.000016"
    }
]