[
    {
        "text": "",
        "bot_id": "B052T590M",
        "attachments": [
            {
                "fallback": "[blackteam:develop] <https:\/\/github.com\/dueyfinster\/blackteam\/commit\/f417609832722076acc6391c1515160bad6d16e7|1 new commit> by Neil Grogan",
                "text": "<https:\/\/github.com\/dueyfinster\/blackteam\/commit\/f417609832722076acc6391c1515160bad6d16e7|f417609>: Turning off logging to a file - Neil Grogan",
                "pretext": "[blackteam:develop] 1 new commit by Neil Grogan:",
                "id": 1,
                "color": "4183C4",
                "mrkdwn_in": [
                    "text",
                    "pretext"
                ]
            }
        ],
        "type": "message",
        "subtype": "bot_message",
        "ts": "1438428948.000105"
    },
    {
        "text": "",
        "bot_id": "B056P06D5",
        "attachments": [
            {
                "fallback": "Success:  dueyfinster's build (<https:\/\/circleci.com\/gh\/dueyfinster\/blackteam\/317|#317>; push in <https:\/\/circleci.com\/gh\/dueyfinster\/blackteam|dueyfinster\/blackteam> (<https:\/\/circleci.com\/gh\/dueyfinster\/blackteam\/tree\/develop|develop>)\n - Turning off logging to a file (<https:\/\/github.com\/dueyfinster\/blackteam\/commit\/f417609832722076acc6391c1515160bad6d16e7|f417609> by dueyfinster)\n",
                "text": "Success:  dueyfinster's build (<https:\/\/circleci.com\/gh\/dueyfinster\/blackteam\/317|#317>; push in <https:\/\/circleci.com\/gh\/dueyfinster\/blackteam|dueyfinster\/blackteam> (<https:\/\/circleci.com\/gh\/dueyfinster\/blackteam\/tree\/develop|develop>)\n - Turning off logging to a file (<https:\/\/github.com\/dueyfinster\/blackteam\/commit\/f417609832722076acc6391c1515160bad6d16e7|f417609> by dueyfinster)\n",
                "id": 1,
                "color": "41aa58"
            }
        ],
        "type": "message",
        "subtype": "bot_message",
        "ts": "1438429025.000106"
    },
    {
        "text": "",
        "bot_id": "B0506GF16",
        "attachments": [
            {
                "fallback": "Build <https:\/\/magnum.travis-ci.com\/dueyfinster\/blackteam\/builds\/14183774|#240> (<https:\/\/github.com\/dueyfinster\/blackteam\/compare\/c2e4ca17bb65...f41760983272|f417609>) of dueyfinster\/blackteam@develop by Neil Grogan passed in 4 min 8 sec",
                "text": "Build <https:\/\/magnum.travis-ci.com\/dueyfinster\/blackteam\/builds\/14183774|#240> (<https:\/\/github.com\/dueyfinster\/blackteam\/compare\/c2e4ca17bb65...f41760983272|f417609>) of dueyfinster\/blackteam@develop by Neil Grogan passed in 4 min 8 sec",
                "id": 1,
                "color": "36a64f"
            }
        ],
        "type": "message",
        "subtype": "bot_message",
        "ts": "1438429217.000107"
    },
    {
        "text": "",
        "bot_id": "B052T590M",
        "attachments": [
            {
                "fallback": "[blackteam:develop] <https:\/\/github.com\/dueyfinster\/blackteam\/commit\/07b322807b479f6fd272afa75b9378bf55ad43de|1 new commit> by Neil Grogan",
                "text": "<https:\/\/github.com\/dueyfinster\/blackteam\/commit\/07b322807b479f6fd272afa75b9378bf55ad43de|07b3228>: Created link between article and RSSFeed - Neil Grogan",
                "pretext": "[blackteam:develop] 1 new commit by Neil Grogan:",
                "id": 1,
                "color": "4183C4",
                "mrkdwn_in": [
                    "text",
                    "pretext"
                ]
            }
        ],
        "type": "message",
        "subtype": "bot_message",
        "ts": "1438448910.000108"
    },
    {
        "text": "",
        "bot_id": "B056P06D5",
        "attachments": [
            {
                "fallback": "Failed:  dueyfinster's build (<https:\/\/circleci.com\/gh\/dueyfinster\/blackteam\/318|#318>; push in <https:\/\/circleci.com\/gh\/dueyfinster\/blackteam|dueyfinster\/blackteam> (<https:\/\/circleci.com\/gh\/dueyfinster\/blackteam\/tree\/develop|develop>)\n - Created link between article and RSSFeed (<https:\/\/github.com\/dueyfinster\/blackteam\/commit\/07b322807b479f6fd272afa75b9378bf55ad43de|07b3228> by dueyfinster)\n",
                "text": "Failed:  dueyfinster's build (<https:\/\/circleci.com\/gh\/dueyfinster\/blackteam\/318|#318>; push in <https:\/\/circleci.com\/gh\/dueyfinster\/blackteam|dueyfinster\/blackteam> (<https:\/\/circleci.com\/gh\/dueyfinster\/blackteam\/tree\/develop|develop>)\n - Created link between article and RSSFeed (<https:\/\/github.com\/dueyfinster\/blackteam\/commit\/07b322807b479f6fd272afa75b9378bf55ad43de|07b3228> by dueyfinster)\n",
                "id": 1,
                "color": "d10c20"
            }
        ],
        "type": "message",
        "subtype": "bot_message",
        "ts": "1438448993.000109"
    },
    {
        "text": "",
        "bot_id": "B0506GF16",
        "attachments": [
            {
                "fallback": "Build <https:\/\/magnum.travis-ci.com\/dueyfinster\/blackteam\/builds\/14184663|#241> (<https:\/\/github.com\/dueyfinster\/blackteam\/compare\/f41760983272...07b322807b47|07b3228>) of dueyfinster\/blackteam@develop by Neil Grogan failed in 5 min 3 sec",
                "text": "Build <https:\/\/magnum.travis-ci.com\/dueyfinster\/blackteam\/builds\/14184663|#241> (<https:\/\/github.com\/dueyfinster\/blackteam\/compare\/f41760983272...07b322807b47|07b3228>) of dueyfinster\/blackteam@develop by Neil Grogan failed in 5 min 3 sec",
                "id": 1,
                "color": "d00000"
            }
        ],
        "type": "message",
        "subtype": "bot_message",
        "ts": "1438449234.000110"
    },
    {
        "text": "",
        "bot_id": "B052T590M",
        "attachments": [
            {
                "fallback": "[blackteam:develop] <https:\/\/github.com\/dueyfinster\/blackteam\/commit\/fddc1ce74d485cc0581bcbb27aa80349799b24bf|1 new commit> by Neil Grogan",
                "text": "<https:\/\/github.com\/dueyfinster\/blackteam\/commit\/fddc1ce74d485cc0581bcbb27aa80349799b24bf|fddc1ce>: Fixing tests, adding source bonus - Neil Grogan",
                "pretext": "[blackteam:develop] 1 new commit by Neil Grogan:",
                "id": 1,
                "color": "4183C4",
                "mrkdwn_in": [
                    "text",
                    "pretext"
                ]
            }
        ],
        "type": "message",
        "subtype": "bot_message",
        "ts": "1438449451.000111"
    },
    {
        "text": "",
        "bot_id": "B056P06D5",
        "attachments": [
            {
                "fallback": "Fixed:  dueyfinster's build (<https:\/\/circleci.com\/gh\/dueyfinster\/blackteam\/319|#319>; push in <https:\/\/circleci.com\/gh\/dueyfinster\/blackteam|dueyfinster\/blackteam> (<https:\/\/circleci.com\/gh\/dueyfinster\/blackteam\/tree\/develop|develop>)\n - Fixing tests, adding source bonus (<https:\/\/github.com\/dueyfinster\/blackteam\/commit\/fddc1ce74d485cc0581bcbb27aa80349799b24bf|fddc1ce> by dueyfinster)\n",
                "text": "Fixed:  dueyfinster's build (<https:\/\/circleci.com\/gh\/dueyfinster\/blackteam\/319|#319>; push in <https:\/\/circleci.com\/gh\/dueyfinster\/blackteam|dueyfinster\/blackteam> (<https:\/\/circleci.com\/gh\/dueyfinster\/blackteam\/tree\/develop|develop>)\n - Fixing tests, adding source bonus (<https:\/\/github.com\/dueyfinster\/blackteam\/commit\/fddc1ce74d485cc0581bcbb27aa80349799b24bf|fddc1ce> by dueyfinster)\n",
                "id": 1,
                "color": "41aa58"
            }
        ],
        "type": "message",
        "subtype": "bot_message",
        "ts": "1438449537.000112"
    },
    {
        "text": "",
        "bot_id": "B0506GF16",
        "attachments": [
            {
                "fallback": "Build <https:\/\/magnum.travis-ci.com\/dueyfinster\/blackteam\/builds\/14184694|#242> (<https:\/\/github.com\/dueyfinster\/blackteam\/compare\/07b322807b47...fddc1ce74d48|fddc1ce>) of dueyfinster\/blackteam@develop by Neil Grogan passed in 3 min 47 sec",
                "text": "Build <https:\/\/magnum.travis-ci.com\/dueyfinster\/blackteam\/builds\/14184694|#242> (<https:\/\/github.com\/dueyfinster\/blackteam\/compare\/07b322807b47...fddc1ce74d48|fddc1ce>) of dueyfinster\/blackteam@develop by Neil Grogan passed in 3 min 47 sec",
                "id": 1,
                "color": "36a64f"
            }
        ],
        "type": "message",
        "subtype": "bot_message",
        "ts": "1438449689.000113"
    },
    {
        "text": "",
        "bot_id": "B052T590M",
        "attachments": [
            {
                "fallback": "[blackteam:develop] <https:\/\/github.com\/dueyfinster\/blackteam\/commit\/2784239cf5bee1fa5b6cd1eaa3c39c7c567bd872|1 new commit> by Neil Grogan",
                "text": "<https:\/\/github.com\/dueyfinster\/blackteam\/commit\/2784239cf5bee1fa5b6cd1eaa3c39c7c567bd872|2784239>: Changing rank score on RSSFeed to decimal - Neil Grogan",
                "pretext": "[blackteam:develop] 1 new commit by Neil Grogan:",
                "id": 1,
                "color": "4183C4",
                "mrkdwn_in": [
                    "text",
                    "pretext"
                ]
            }
        ],
        "type": "message",
        "subtype": "bot_message",
        "ts": "1438449788.000114"
    },
    {
        "text": "",
        "bot_id": "B056P06D5",
        "attachments": [
            {
                "fallback": "Failed:  dueyfinster's build (<https:\/\/circleci.com\/gh\/dueyfinster\/blackteam\/320|#320>; push in <https:\/\/circleci.com\/gh\/dueyfinster\/blackteam|dueyfinster\/blackteam> (<https:\/\/circleci.com\/gh\/dueyfinster\/blackteam\/tree\/develop|develop>)\n - Changing rank score on RSSFeed to decimal (<https:\/\/github.com\/dueyfinster\/blackteam\/commit\/2784239cf5bee1fa5b6cd1eaa3c39c7c567bd872|2784239> by dueyfinster)\n",
                "text": "Failed:  dueyfinster's build (<https:\/\/circleci.com\/gh\/dueyfinster\/blackteam\/320|#320>; push in <https:\/\/circleci.com\/gh\/dueyfinster\/blackteam|dueyfinster\/blackteam> (<https:\/\/circleci.com\/gh\/dueyfinster\/blackteam\/tree\/develop|develop>)\n - Changing rank score on RSSFeed to decimal (<https:\/\/github.com\/dueyfinster\/blackteam\/commit\/2784239cf5bee1fa5b6cd1eaa3c39c7c567bd872|2784239> by dueyfinster)\n",
                "id": 1,
                "color": "d10c20"
            }
        ],
        "type": "message",
        "subtype": "bot_message",
        "ts": "1438449866.000115"
    },
    {
        "text": "",
        "bot_id": "B0506GF16",
        "attachments": [
            {
                "fallback": "Build <https:\/\/magnum.travis-ci.com\/dueyfinster\/blackteam\/builds\/14184711|#243> (<https:\/\/github.com\/dueyfinster\/blackteam\/compare\/fddc1ce74d48...2784239cf5be|2784239>) of dueyfinster\/blackteam@develop by Neil Grogan failed in 4 min 54 sec",
                "text": "Build <https:\/\/magnum.travis-ci.com\/dueyfinster\/blackteam\/builds\/14184711|#243> (<https:\/\/github.com\/dueyfinster\/blackteam\/compare\/fddc1ce74d48...2784239cf5be|2784239>) of dueyfinster\/blackteam@develop by Neil Grogan failed in 4 min 54 sec",
                "id": 1,
                "color": "d00000"
            }
        ],
        "type": "message",
        "subtype": "bot_message",
        "ts": "1438450094.000116"
    },
    {
        "text": "",
        "bot_id": "B052T590M",
        "attachments": [
            {
                "fallback": "[blackteam:develop] <https:\/\/github.com\/dueyfinster\/blackteam\/compare\/2784239cf5be...e769382188e7|2 new commits> by Neil Grogan",
                "text": "<https:\/\/github.com\/dueyfinster\/blackteam\/commit\/ef7633b5239cbd74716b9221f87097781ac7006e|ef7633b>: removing old unused urls - Neil Grogan\n <https:\/\/github.com\/dueyfinster\/blackteam\/commit\/e769382188e7ab7506fde9e2689e405bda885eb5|e769382>: Adding rank to article and user article - Neil Grogan",
                "pretext": "[blackteam:develop] <https:\/\/github.com\/dueyfinster\/blackteam\/compare\/2784239cf5be...e769382188e7|2 new commits> by Neil Grogan:",
                "id": 1,
                "color": "4183C4",
                "mrkdwn_in": [
                    "text",
                    "pretext"
                ]
            }
        ],
        "type": "message",
        "subtype": "bot_message",
        "ts": "1438450273.000117"
    },
    {
        "text": "",
        "bot_id": "B056P06D5",
        "attachments": [
            {
                "fallback": "Fixed:  dueyfinster's build (<https:\/\/circleci.com\/gh\/dueyfinster\/blackteam\/321|#321>; push in <https:\/\/circleci.com\/gh\/dueyfinster\/blackteam|dueyfinster\/blackteam> (<https:\/\/circleci.com\/gh\/dueyfinster\/blackteam\/tree\/develop|develop>)\n - Adding rank to article and user article (<https:\/\/github.com\/dueyfinster\/blackteam\/commit\/e769382188e7ab7506fde9e2689e405bda885eb5|e769382> by dueyfinster) and <https:\/\/github.com\/dueyfinster\/blackteam\/compare\/2784239cf5be...e769382188e7|1 more>\n",
                "text": "Fixed:  dueyfinster's build (<https:\/\/circleci.com\/gh\/dueyfinster\/blackteam\/321|#321>; push in <https:\/\/circleci.com\/gh\/dueyfinster\/blackteam|dueyfinster\/blackteam> (<https:\/\/circleci.com\/gh\/dueyfinster\/blackteam\/tree\/develop|develop>)\n - Adding rank to article and user article (<https:\/\/github.com\/dueyfinster\/blackteam\/commit\/e769382188e7ab7506fde9e2689e405bda885eb5|e769382> by dueyfinster) and <https:\/\/github.com\/dueyfinster\/blackteam\/compare\/2784239cf5be...e769382188e7|1 more>\n",
                "id": 1,
                "color": "41aa58"
            }
        ],
        "type": "message",
        "subtype": "bot_message",
        "ts": "1438450354.000118"
    },
    {
        "text": "",
        "bot_id": "B0506GF16",
        "attachments": [
            {
                "fallback": "Build <https:\/\/magnum.travis-ci.com\/dueyfinster\/blackteam\/builds\/14184736|#244> (<https:\/\/github.com\/dueyfinster\/blackteam\/compare\/2784239cf5be...e769382188e7|e769382>) of dueyfinster\/blackteam@develop by Neil Grogan passed in 3 min 48 sec",
                "text": "Build <https:\/\/magnum.travis-ci.com\/dueyfinster\/blackteam\/builds\/14184736|#244> (<https:\/\/github.com\/dueyfinster\/blackteam\/compare\/2784239cf5be...e769382188e7|e769382>) of dueyfinster\/blackteam@develop by Neil Grogan passed in 3 min 48 sec",
                "id": 1,
                "color": "36a64f"
            }
        ],
        "type": "message",
        "subtype": "bot_message",
        "ts": "1438450514.000119"
    },
    {
        "text": "",
        "bot_id": "B052T590M",
        "attachments": [
            {
                "fallback": "[blackteam:develop] <https:\/\/github.com\/dueyfinster\/blackteam\/commit\/15652868c8ce40bff7a5e66e19fdd10017e2081e|1 new commit> by Neil Grogan",
                "text": "<https:\/\/github.com\/dueyfinster\/blackteam\/commit\/15652868c8ce40bff7a5e66e19fdd10017e2081e|1565286>: Linking article score to feed it came from - Neil Grogan",
                "pretext": "[blackteam:develop] 1 new commit by Neil Grogan:",
                "id": 1,
                "color": "4183C4",
                "mrkdwn_in": [
                    "text",
                    "pretext"
                ]
            }
        ],
        "type": "message",
        "subtype": "bot_message",
        "ts": "1438450965.000120"
    },
    {
        "text": "",
        "bot_id": "B056P06D5",
        "attachments": [
            {
                "fallback": "Success:  dueyfinster's build (<https:\/\/circleci.com\/gh\/dueyfinster\/blackteam\/322|#322>; push in <https:\/\/circleci.com\/gh\/dueyfinster\/blackteam|dueyfinster\/blackteam> (<https:\/\/circleci.com\/gh\/dueyfinster\/blackteam\/tree\/develop|develop>)\n - Linking article score to feed it came from (<https:\/\/github.com\/dueyfinster\/blackteam\/commit\/15652868c8ce40bff7a5e66e19fdd10017e2081e|1565286> by dueyfinster)\n",
                "text": "Success:  dueyfinster's build (<https:\/\/circleci.com\/gh\/dueyfinster\/blackteam\/322|#322>; push in <https:\/\/circleci.com\/gh\/dueyfinster\/blackteam|dueyfinster\/blackteam> (<https:\/\/circleci.com\/gh\/dueyfinster\/blackteam\/tree\/develop|develop>)\n - Linking article score to feed it came from (<https:\/\/github.com\/dueyfinster\/blackteam\/commit\/15652868c8ce40bff7a5e66e19fdd10017e2081e|1565286> by dueyfinster)\n",
                "id": 1,
                "color": "41aa58"
            }
        ],
        "type": "message",
        "subtype": "bot_message",
        "ts": "1438451044.000121"
    },
    {
        "text": "",
        "bot_id": "B0506GF16",
        "attachments": [
            {
                "fallback": "Build <https:\/\/magnum.travis-ci.com\/dueyfinster\/blackteam\/builds\/14184783|#245> (<https:\/\/github.com\/dueyfinster\/blackteam\/compare\/e769382188e7...15652868c8ce|1565286>) of dueyfinster\/blackteam@develop by Neil Grogan passed in 4 min 34 sec",
                "text": "Build <https:\/\/magnum.travis-ci.com\/dueyfinster\/blackteam\/builds\/14184783|#245> (<https:\/\/github.com\/dueyfinster\/blackteam\/compare\/e769382188e7...15652868c8ce|1565286>) of dueyfinster\/blackteam@develop by Neil Grogan passed in 4 min 34 sec",
                "id": 1,
                "color": "36a64f"
            }
        ],
        "type": "message",
        "subtype": "bot_message",
        "ts": "1438451253.000122"
    },
    {
        "text": "",
        "bot_id": "B052T590M",
        "attachments": [
            {
                "fallback": "[blackteam:develop] <https:\/\/github.com\/dueyfinster\/blackteam\/commit\/0a5d35bf3e041d1d2ad81fe5eb56631663d30194|1 new commit> by Neil Grogan",
                "text": "<https:\/\/github.com\/dueyfinster\/blackteam\/commit\/0a5d35bf3e041d1d2ad81fe5eb56631663d30194|0a5d35b>: Showing Article score in admin - Neil Grogan",
                "pretext": "[blackteam:develop] 1 new commit by Neil Grogan:",
                "id": 1,
                "color": "4183C4",
                "mrkdwn_in": [
                    "text",
                    "pretext"
                ]
            }
        ],
        "type": "message",
        "subtype": "bot_message",
        "ts": "1438451386.000123"
    },
    {
        "text": "",
        "bot_id": "B056P06D5",
        "attachments": [
            {
                "fallback": "Success:  dueyfinster's build (<https:\/\/circleci.com\/gh\/dueyfinster\/blackteam\/323|#323>; push in <https:\/\/circleci.com\/gh\/dueyfinster\/blackteam|dueyfinster\/blackteam> (<https:\/\/circleci.com\/gh\/dueyfinster\/blackteam\/tree\/develop|develop>)\n - Showing Article score in admin (<https:\/\/github.com\/dueyfinster\/blackteam\/commit\/0a5d35bf3e041d1d2ad81fe5eb56631663d30194|0a5d35b> by dueyfinster)\n",
                "text": "Success:  dueyfinster's build (<https:\/\/circleci.com\/gh\/dueyfinster\/blackteam\/323|#323>; push in <https:\/\/circleci.com\/gh\/dueyfinster\/blackteam|dueyfinster\/blackteam> (<https:\/\/circleci.com\/gh\/dueyfinster\/blackteam\/tree\/develop|develop>)\n - Showing Article score in admin (<https:\/\/github.com\/dueyfinster\/blackteam\/commit\/0a5d35bf3e041d1d2ad81fe5eb56631663d30194|0a5d35b> by dueyfinster)\n",
                "id": 1,
                "color": "41aa58"
            }
        ],
        "type": "message",
        "subtype": "bot_message",
        "ts": "1438451472.000124"
    },
    {
        "text": "",
        "bot_id": "B052T590M",
        "attachments": [
            {
                "fallback": "[blackteam:develop] <https:\/\/github.com\/dueyfinster\/blackteam\/commit\/ef6da818e0e682a94edac3bb7fa82b8c2573738f|1 new commit> by Neil Grogan",
                "text": "<https:\/\/github.com\/dueyfinster\/blackteam\/commit\/ef6da818e0e682a94edac3bb7fa82b8c2573738f|ef6da81>: Trying to fix view for article - Neil Grogan",
                "pretext": "[blackteam:develop] 1 new commit by Neil Grogan:",
                "id": 1,
                "color": "4183C4",
                "mrkdwn_in": [
                    "text",
                    "pretext"
                ]
            }
        ],
        "type": "message",
        "subtype": "bot_message",
        "ts": "1438451537.000125"
    },
    {
        "text": "",
        "bot_id": "B056P06D5",
        "attachments": [
            {
                "fallback": "Success:  dueyfinster's build (<https:\/\/circleci.com\/gh\/dueyfinster\/blackteam\/324|#324>; push in <https:\/\/circleci.com\/gh\/dueyfinster\/blackteam|dueyfinster\/blackteam> (<https:\/\/circleci.com\/gh\/dueyfinster\/blackteam\/tree\/develop|develop>)\n - Trying to fix view for article (<https:\/\/github.com\/dueyfinster\/blackteam\/commit\/ef6da818e0e682a94edac3bb7fa82b8c2573738f|ef6da81> by dueyfinster)\n",
                "text": "Success:  dueyfinster's build (<https:\/\/circleci.com\/gh\/dueyfinster\/blackteam\/324|#324>; push in <https:\/\/circleci.com\/gh\/dueyfinster\/blackteam|dueyfinster\/blackteam> (<https:\/\/circleci.com\/gh\/dueyfinster\/blackteam\/tree\/develop|develop>)\n - Trying to fix view for article (<https:\/\/github.com\/dueyfinster\/blackteam\/commit\/ef6da818e0e682a94edac3bb7fa82b8c2573738f|ef6da81> by dueyfinster)\n",
                "id": 1,
                "color": "41aa58"
            }
        ],
        "type": "message",
        "subtype": "bot_message",
        "ts": "1438451622.000126"
    },
    {
        "text": "",
        "bot_id": "B0506GF16",
        "attachments": [
            {
                "fallback": "Build <https:\/\/magnum.travis-ci.com\/dueyfinster\/blackteam\/builds\/14184800|#246> (<https:\/\/github.com\/dueyfinster\/blackteam\/compare\/15652868c8ce...0a5d35bf3e04|0a5d35b>) of dueyfinster\/blackteam@develop by Neil Grogan passed in 4 min 24 sec",
                "text": "Build <https:\/\/magnum.travis-ci.com\/dueyfinster\/blackteam\/builds\/14184800|#246> (<https:\/\/github.com\/dueyfinster\/blackteam\/compare\/15652868c8ce...0a5d35bf3e04|0a5d35b>) of dueyfinster\/blackteam@develop by Neil Grogan passed in 4 min 24 sec",
                "id": 1,
                "color": "36a64f"
            }
        ],
        "type": "message",
        "subtype": "bot_message",
        "ts": "1438451664.000127"
    },
    {
        "text": "",
        "bot_id": "B0506GF16",
        "attachments": [
            {
                "fallback": "Build <https:\/\/magnum.travis-ci.com\/dueyfinster\/blackteam\/builds\/14184809|#247> (<https:\/\/github.com\/dueyfinster\/blackteam\/compare\/0a5d35bf3e04...ef6da818e0e6|ef6da81>) of dueyfinster\/blackteam@develop by Neil Grogan passed in 3 min 42 sec",
                "text": "Build <https:\/\/magnum.travis-ci.com\/dueyfinster\/blackteam\/builds\/14184809|#247> (<https:\/\/github.com\/dueyfinster\/blackteam\/compare\/0a5d35bf3e04...ef6da818e0e6|ef6da81>) of dueyfinster\/blackteam@develop by Neil Grogan passed in 3 min 42 sec",
                "id": 1,
                "color": "36a64f"
            }
        ],
        "type": "message",
        "subtype": "bot_message",
        "ts": "1438451897.000128"
    },
    {
        "text": "",
        "bot_id": "B052T590M",
        "attachments": [
            {
                "fallback": "[blackteam:develop] <https:\/\/github.com\/dueyfinster\/blackteam\/commit\/21bc34c2121ca2cf05eeca1c6e6cc4a9ff2501cb|1 new commit> by GarryDavitt",
                "text": "<https:\/\/github.com\/dueyfinster\/blackteam\/commit\/21bc34c2121ca2cf05eeca1c6e6cc4a9ff2501cb|21bc34c>: fix article beside summary -ajax for save changes, still work to be done server side - GarryDavitt",
                "pretext": "[blackteam:develop] 1 new commit by GarryDavitt:",
                "id": 1,
                "color": "4183C4",
                "mrkdwn_in": [
                    "text",
                    "pretext"
                ]
            }
        ],
        "type": "message",
        "subtype": "bot_message",
        "ts": "1438452571.000129"
    },
    {
        "text": "",
        "bot_id": "B056P06D5",
        "attachments": [
            {
                "fallback": "Success:  GarryDavitt's build (<https:\/\/circleci.com\/gh\/dueyfinster\/blackteam\/325|#325>; push in <https:\/\/circleci.com\/gh\/dueyfinster\/blackteam|dueyfinster\/blackteam> (<https:\/\/circleci.com\/gh\/dueyfinster\/blackteam\/tree\/develop|develop>)\n - fix article beside summary -ajax for save changes, still work to be done server  (<https:\/\/github.com\/dueyfinster\/blackteam\/commit\/21bc34c2121ca2cf05eeca1c6e6cc4a9ff2501cb|21bc34c> by GarryDavitt)\n",
                "text": "Success:  GarryDavitt's build (<https:\/\/circleci.com\/gh\/dueyfinster\/blackteam\/325|#325>; push in <https:\/\/circleci.com\/gh\/dueyfinster\/blackteam|dueyfinster\/blackteam> (<https:\/\/circleci.com\/gh\/dueyfinster\/blackteam\/tree\/develop|develop>)\n - fix article beside summary -ajax for save changes, still work to be done server  (<https:\/\/github.com\/dueyfinster\/blackteam\/commit\/21bc34c2121ca2cf05eeca1c6e6cc4a9ff2501cb|21bc34c> by GarryDavitt)\n",
                "id": 1,
                "color": "41aa58"
            }
        ],
        "type": "message",
        "subtype": "bot_message",
        "ts": "1438452654.000130"
    },
    {
        "text": "",
        "bot_id": "B052T590M",
        "attachments": [
            {
                "fallback": "[blackteam:develop] <https:\/\/github.com\/dueyfinster\/blackteam\/commit\/2d68ebb864e32e4204c0c3bb5fd946abc782a2ed|1 new commit> by GarryDavitt",
                "text": "<https:\/\/github.com\/dueyfinster\/blackteam\/commit\/2d68ebb864e32e4204c0c3bb5fd946abc782a2ed|2d68ebb>: populate article overlay - GarryDavitt",
                "pretext": "[blackteam:develop] 1 new commit by GarryDavitt:",
                "id": 1,
                "color": "4183C4",
                "mrkdwn_in": [
                    "text",
                    "pretext"
                ]
            }
        ],
        "type": "message",
        "subtype": "bot_message",
        "ts": "1438452749.000131"
    },
    {
        "text": "",
        "bot_id": "B056P06D5",
        "attachments": [
            {
                "fallback": "Success:  GarryDavitt's build (<https:\/\/circleci.com\/gh\/dueyfinster\/blackteam\/326|#326>; push in <https:\/\/circleci.com\/gh\/dueyfinster\/blackteam|dueyfinster\/blackteam> (<https:\/\/circleci.com\/gh\/dueyfinster\/blackteam\/tree\/develop|develop>)\n - populate article overlay (<https:\/\/github.com\/dueyfinster\/blackteam\/commit\/2d68ebb864e32e4204c0c3bb5fd946abc782a2ed|2d68ebb> by GarryDavitt)\n",
                "text": "Success:  GarryDavitt's build (<https:\/\/circleci.com\/gh\/dueyfinster\/blackteam\/326|#326>; push in <https:\/\/circleci.com\/gh\/dueyfinster\/blackteam|dueyfinster\/blackteam> (<https:\/\/circleci.com\/gh\/dueyfinster\/blackteam\/tree\/develop|develop>)\n - populate article overlay (<https:\/\/github.com\/dueyfinster\/blackteam\/commit\/2d68ebb864e32e4204c0c3bb5fd946abc782a2ed|2d68ebb> by GarryDavitt)\n",
                "id": 1,
                "color": "41aa58"
            }
        ],
        "type": "message",
        "subtype": "bot_message",
        "ts": "1438452827.000132"
    },
    {
        "text": "",
        "bot_id": "B052T590M",
        "attachments": [
            {
                "fallback": "[blackteam:develop] <https:\/\/github.com\/dueyfinster\/blackteam\/commit\/9dd954466989d15d5289b79bcf8a8ea3e4ef8f3c|1 new commit> by Neil Grogan",
                "text": "<https:\/\/github.com\/dueyfinster\/blackteam\/commit\/9dd954466989d15d5289b79bcf8a8ea3e4ef8f3c|9dd9544>: Cleaning up article creation - Neil Grogan",
                "pretext": "[blackteam:develop] 1 new commit by Neil Grogan:",
                "id": 1,
                "color": "4183C4",
                "mrkdwn_in": [
                    "text",
                    "pretext"
                ]
            }
        ],
        "type": "message",
        "subtype": "bot_message",
        "ts": "1438452856.000133"
    },
    {
        "text": "",
        "bot_id": "B0506GF16",
        "attachments": [
            {
                "fallback": "Build <https:\/\/magnum.travis-ci.com\/dueyfinster\/blackteam\/builds\/14184876|#248> (<https:\/\/github.com\/dueyfinster\/blackteam\/compare\/ef6da818e0e6...21bc34c2121c|21bc34c>) of dueyfinster\/blackteam@develop by GarryDavitt passed in 4 min 48 sec",
                "text": "Build <https:\/\/magnum.travis-ci.com\/dueyfinster\/blackteam\/builds\/14184876|#248> (<https:\/\/github.com\/dueyfinster\/blackteam\/compare\/ef6da818e0e6...21bc34c2121c|21bc34c>) of dueyfinster\/blackteam@develop by GarryDavitt passed in 4 min 48 sec",
                "id": 1,
                "color": "36a64f"
            }
        ],
        "type": "message",
        "subtype": "bot_message",
        "ts": "1438452872.000134"
    },
    {
        "text": "",
        "bot_id": "B052T590M",
        "attachments": [
            {
                "fallback": "[blackteam:develop] <https:\/\/github.com\/dueyfinster\/blackteam\/commit\/32b91162af6088999b544cafb727f7e663447f6d|1 new commit> by Neil Grogan",
                "text": "<https:\/\/github.com\/dueyfinster\/blackteam\/commit\/32b91162af6088999b544cafb727f7e663447f6d|32b9116>: fixing article test case - Neil Grogan",
                "pretext": "[blackteam:develop] 1 new commit by Neil Grogan:",
                "id": 1,
                "color": "4183C4",
                "mrkdwn_in": [
                    "text",
                    "pretext"
                ]
            }
        ],
        "type": "message",
        "subtype": "bot_message",
        "ts": "1438452930.000135"
    },
    {
        "text": "",
        "bot_id": "B056P06D5",
        "attachments": [
            {
                "fallback": "Fixed:  dueyfinster's build (<https:\/\/circleci.com\/gh\/dueyfinster\/blackteam\/328|#328>; push in <https:\/\/circleci.com\/gh\/dueyfinster\/blackteam|dueyfinster\/blackteam> (<https:\/\/circleci.com\/gh\/dueyfinster\/blackteam\/tree\/develop|develop>)\n - fixing article test case (<https:\/\/github.com\/dueyfinster\/blackteam\/commit\/32b91162af6088999b544cafb727f7e663447f6d|32b9116> by dueyfinster)\n",
                "text": "Fixed:  dueyfinster's build (<https:\/\/circleci.com\/gh\/dueyfinster\/blackteam\/328|#328>; push in <https:\/\/circleci.com\/gh\/dueyfinster\/blackteam|dueyfinster\/blackteam> (<https:\/\/circleci.com\/gh\/dueyfinster\/blackteam\/tree\/develop|develop>)\n - fixing article test case (<https:\/\/github.com\/dueyfinster\/blackteam\/commit\/32b91162af6088999b544cafb727f7e663447f6d|32b9116> by dueyfinster)\n",
                "id": 1,
                "color": "41aa58"
            }
        ],
        "type": "message",
        "subtype": "bot_message",
        "ts": "1438453014.000138"
    },
    {
        "text": "",
        "bot_id": "B0506GF16",
        "attachments": [
            {
                "fallback": "Build <https:\/\/magnum.travis-ci.com\/dueyfinster\/blackteam\/builds\/14184893|#249> (<https:\/\/github.com\/dueyfinster\/blackteam\/compare\/21bc34c2121c...2d68ebb864e3|2d68ebb>) of dueyfinster\/blackteam@develop by GarryDavitt passed in 3 min 42 sec",
                "text": "Build <https:\/\/magnum.travis-ci.com\/dueyfinster\/blackteam\/builds\/14184893|#249> (<https:\/\/github.com\/dueyfinster\/blackteam\/compare\/21bc34c2121c...2d68ebb864e3|2d68ebb>) of dueyfinster\/blackteam@develop by GarryDavitt passed in 3 min 42 sec",
                "id": 1,
                "color": "36a64f"
            }
        ],
        "type": "message",
        "subtype": "bot_message",
        "ts": "1438453101.000139"
    },
    {
        "text": "",
        "bot_id": "B0506GF16",
        "attachments": [
            {
                "fallback": "Build <https:\/\/magnum.travis-ci.com\/dueyfinster\/blackteam\/builds\/14184902|#251> (<https:\/\/github.com\/dueyfinster\/blackteam\/compare\/9dd954466989...32b91162af60|32b9116>) of dueyfinster\/blackteam@develop by Neil Grogan passed in 3 min 44 sec",
                "text": "Build <https:\/\/magnum.travis-ci.com\/dueyfinster\/blackteam\/builds\/14184902|#251> (<https:\/\/github.com\/dueyfinster\/blackteam\/compare\/9dd954466989...32b91162af60|32b9116>) of dueyfinster\/blackteam@develop by Neil Grogan passed in 3 min 44 sec",
                "id": 1,
                "color": "36a64f"
            }
        ],
        "type": "message",
        "subtype": "bot_message",
        "ts": "1438453563.000142"
    },
    {
        "text": "",
        "bot_id": "B052T590M",
        "attachments": [
            {
                "fallback": "[blackteam:develop] <https:\/\/github.com\/dueyfinster\/blackteam\/commit\/6040706a009a71298985e68dfc08fa2a08d90efa|1 new commit> by Neil Grogan",
                "text": "<https:\/\/github.com\/dueyfinster\/blackteam\/commit\/6040706a009a71298985e68dfc08fa2a08d90efa|6040706>: Make article rank count for UserArticles also - Neil Grogan",
                "pretext": "[blackteam:develop] 1 new commit by Neil Grogan:",
                "id": 1,
                "color": "4183C4",
                "mrkdwn_in": [
                    "text",
                    "pretext"
                ]
            }
        ],
        "type": "message",
        "subtype": "bot_message",
        "ts": "1438453937.000143"
    },
    {
        "text": "",
        "bot_id": "B056P06D5",
        "attachments": [
            {
                "fallback": "Success:  dueyfinster's build (<https:\/\/circleci.com\/gh\/dueyfinster\/blackteam\/329|#329>; push in <https:\/\/circleci.com\/gh\/dueyfinster\/blackteam|dueyfinster\/blackteam> (<https:\/\/circleci.com\/gh\/dueyfinster\/blackteam\/tree\/develop|develop>)\n - Make article rank count for UserArticles also (<https:\/\/github.com\/dueyfinster\/blackteam\/commit\/6040706a009a71298985e68dfc08fa2a08d90efa|6040706> by dueyfinster)\n",
                "text": "Success:  dueyfinster's build (<https:\/\/circleci.com\/gh\/dueyfinster\/blackteam\/329|#329>; push in <https:\/\/circleci.com\/gh\/dueyfinster\/blackteam|dueyfinster\/blackteam> (<https:\/\/circleci.com\/gh\/dueyfinster\/blackteam\/tree\/develop|develop>)\n - Make article rank count for UserArticles also (<https:\/\/github.com\/dueyfinster\/blackteam\/commit\/6040706a009a71298985e68dfc08fa2a08d90efa|6040706> by dueyfinster)\n",
                "id": 1,
                "color": "41aa58"
            }
        ],
        "type": "message",
        "subtype": "bot_message",
        "ts": "1438454031.000144"
    },
    {
        "text": "",
        "bot_id": "B0506GF16",
        "attachments": [
            {
                "fallback": "Build <https:\/\/magnum.travis-ci.com\/dueyfinster\/blackteam\/builds\/14184949|#252> (<https:\/\/github.com\/dueyfinster\/blackteam\/compare\/32b91162af60...6040706a009a|6040706>) of dueyfinster\/blackteam@develop by Neil Grogan passed in 3 min 42 sec",
                "text": "Build <https:\/\/magnum.travis-ci.com\/dueyfinster\/blackteam\/builds\/14184949|#252> (<https:\/\/github.com\/dueyfinster\/blackteam\/compare\/32b91162af60...6040706a009a|6040706>) of dueyfinster\/blackteam@develop by Neil Grogan passed in 3 min 42 sec",
                "id": 1,
                "color": "36a64f"
            }
        ],
        "type": "message",
        "subtype": "bot_message",
        "ts": "1438454173.000145"
    },
    {
        "text": "",
        "bot_id": "B052T590M",
        "attachments": [
            {
                "fallback": "[blackteam:develop] <https:\/\/github.com\/dueyfinster\/blackteam\/commit\/9941b6b99a5cc97b4319a9cd4ae5b720bc40b2a7|1 new commit> by Neil Grogan",
                "text": "<https:\/\/github.com\/dueyfinster\/blackteam\/commit\/9941b6b99a5cc97b4319a9cd4ae5b720bc40b2a7|9941b6b>: Added image score bonus to article - Neil Grogan",
                "pretext": "[blackteam:develop] 1 new commit by Neil Grogan:",
                "id": 1,
                "color": "4183C4",
                "mrkdwn_in": [
                    "text",
                    "pretext"
                ]
            }
        ],
        "type": "message",
        "subtype": "bot_message",
        "ts": "1438454402.000146"
    },
    {
        "text": "",
        "bot_id": "B056P06D5",
        "attachments": [
            {
                "fallback": "Success:  dueyfinster's build (<https:\/\/circleci.com\/gh\/dueyfinster\/blackteam\/330|#330>; push in <https:\/\/circleci.com\/gh\/dueyfinster\/blackteam|dueyfinster\/blackteam> (<https:\/\/circleci.com\/gh\/dueyfinster\/blackteam\/tree\/develop|develop>)\n - Added image score bonus to article (<https:\/\/github.com\/dueyfinster\/blackteam\/commit\/9941b6b99a5cc97b4319a9cd4ae5b720bc40b2a7|9941b6b> by dueyfinster)\n",
                "text": "Success:  dueyfinster's build (<https:\/\/circleci.com\/gh\/dueyfinster\/blackteam\/330|#330>; push in <https:\/\/circleci.com\/gh\/dueyfinster\/blackteam|dueyfinster\/blackteam> (<https:\/\/circleci.com\/gh\/dueyfinster\/blackteam\/tree\/develop|develop>)\n - Added image score bonus to article (<https:\/\/github.com\/dueyfinster\/blackteam\/commit\/9941b6b99a5cc97b4319a9cd4ae5b720bc40b2a7|9941b6b> by dueyfinster)\n",
                "id": 1,
                "color": "41aa58"
            }
        ],
        "type": "message",
        "subtype": "bot_message",
        "ts": "1438454485.000147"
    },
    {
        "text": "",
        "bot_id": "B0506GF16",
        "attachments": [
            {
                "fallback": "Build <https:\/\/magnum.travis-ci.com\/dueyfinster\/blackteam\/builds\/14184966|#253> (<https:\/\/github.com\/dueyfinster\/blackteam\/compare\/6040706a009a...9941b6b99a5c|9941b6b>) of dueyfinster\/blackteam@develop by Neil Grogan passed in 4 min 9 sec",
                "text": "Build <https:\/\/magnum.travis-ci.com\/dueyfinster\/blackteam\/builds\/14184966|#253> (<https:\/\/github.com\/dueyfinster\/blackteam\/compare\/6040706a009a...9941b6b99a5c|9941b6b>) of dueyfinster\/blackteam@develop by Neil Grogan passed in 4 min 9 sec",
                "id": 1,
                "color": "36a64f"
            }
        ],
        "type": "message",
        "subtype": "bot_message",
        "ts": "1438454665.000148"
    },
    {
        "text": "",
        "bot_id": "B052T590M",
        "attachments": [
            {
                "fallback": "[blackteam:develop] <https:\/\/github.com\/dueyfinster\/blackteam\/commit\/14d60cf156ed7fb8768229e19042f917ea7bb855|1 new commit> by GarryDavitt",
                "text": "<https:\/\/github.com\/dueyfinster\/blackteam\/commit\/14d60cf156ed7fb8768229e19042f917ea7bb855|14d60cf>: css changes -changes to methods in javascript - GarryDavitt",
                "pretext": "[blackteam:develop] 1 new commit by GarryDavitt:",
                "id": 1,
                "color": "4183C4",
                "mrkdwn_in": [
                    "text",
                    "pretext"
                ]
            }
        ],
        "type": "message",
        "subtype": "bot_message",
        "ts": "1438463085.000149"
    },
    {
        "text": "",
        "bot_id": "B056P06D5",
        "attachments": [
            {
                "fallback": "Success:  GarryDavitt's build (<https:\/\/circleci.com\/gh\/dueyfinster\/blackteam\/331|#331>; push in <https:\/\/circleci.com\/gh\/dueyfinster\/blackteam|dueyfinster\/blackteam> (<https:\/\/circleci.com\/gh\/dueyfinster\/blackteam\/tree\/develop|develop>)\n - css changes -changes to methods in javascript (<https:\/\/github.com\/dueyfinster\/blackteam\/commit\/14d60cf156ed7fb8768229e19042f917ea7bb855|14d60cf> by GarryDavitt)\n",
                "text": "Success:  GarryDavitt's build (<https:\/\/circleci.com\/gh\/dueyfinster\/blackteam\/331|#331>; push in <https:\/\/circleci.com\/gh\/dueyfinster\/blackteam|dueyfinster\/blackteam> (<https:\/\/circleci.com\/gh\/dueyfinster\/blackteam\/tree\/develop|develop>)\n - css changes -changes to methods in javascript (<https:\/\/github.com\/dueyfinster\/blackteam\/commit\/14d60cf156ed7fb8768229e19042f917ea7bb855|14d60cf> by GarryDavitt)\n",
                "id": 1,
                "color": "41aa58"
            }
        ],
        "type": "message",
        "subtype": "bot_message",
        "ts": "1438463205.000150"
    },
    {
        "text": "",
        "bot_id": "B0506GF16",
        "attachments": [
            {
                "fallback": "Build <https:\/\/magnum.travis-ci.com\/dueyfinster\/blackteam\/builds\/14185329|#254> (<https:\/\/github.com\/dueyfinster\/blackteam\/compare\/9941b6b99a5c...14d60cf156ed|14d60cf>) of dueyfinster\/blackteam@develop by GarryDavitt passed in 3 min 41 sec",
                "text": "Build <https:\/\/magnum.travis-ci.com\/dueyfinster\/blackteam\/builds\/14185329|#254> (<https:\/\/github.com\/dueyfinster\/blackteam\/compare\/9941b6b99a5c...14d60cf156ed|14d60cf>) of dueyfinster\/blackteam@develop by GarryDavitt passed in 3 min 41 sec",
                "id": 1,
                "color": "36a64f"
            }
        ],
        "type": "message",
        "subtype": "bot_message",
        "ts": "1438463319.000151"
    },
    {
        "text": "",
        "bot_id": "B052T590M",
        "attachments": [
            {
                "fallback": "[blackteam:develop] <https:\/\/github.com\/dueyfinster\/blackteam\/commit\/e6b96c92a42f2c5bf69cc12581d2ead1cc519a92|1 new commit> by Neil Grogan",
                "text": "<https:\/\/github.com\/dueyfinster\/blackteam\/commit\/e6b96c92a42f2c5bf69cc12581d2ead1cc519a92|e6b96c9>: Decimal fix for tasks.py article rank - Neil Grogan",
                "pretext": "[blackteam:develop] 1 new commit by Neil Grogan:",
                "id": 1,
                "color": "4183C4",
                "mrkdwn_in": [
                    "text",
                    "pretext"
                ]
            }
        ],
        "type": "message",
        "subtype": "bot_message",
        "ts": "1438466101.000152"
    },
    {
        "text": "",
        "bot_id": "B056P06D5",
        "attachments": [
            {
                "fallback": "Success:  dueyfinster's build (<https:\/\/circleci.com\/gh\/dueyfinster\/blackteam\/332|#332>; push in <https:\/\/circleci.com\/gh\/dueyfinster\/blackteam|dueyfinster\/blackteam> (<https:\/\/circleci.com\/gh\/dueyfinster\/blackteam\/tree\/develop|develop>)\n - Decimal fix for tasks.py article rank (<https:\/\/github.com\/dueyfinster\/blackteam\/commit\/e6b96c92a42f2c5bf69cc12581d2ead1cc519a92|e6b96c9> by dueyfinster)\n",
                "text": "Success:  dueyfinster's build (<https:\/\/circleci.com\/gh\/dueyfinster\/blackteam\/332|#332>; push in <https:\/\/circleci.com\/gh\/dueyfinster\/blackteam|dueyfinster\/blackteam> (<https:\/\/circleci.com\/gh\/dueyfinster\/blackteam\/tree\/develop|develop>)\n - Decimal fix for tasks.py article rank (<https:\/\/github.com\/dueyfinster\/blackteam\/commit\/e6b96c92a42f2c5bf69cc12581d2ead1cc519a92|e6b96c9> by dueyfinster)\n",
                "id": 1,
                "color": "41aa58"
            }
        ],
        "type": "message",
        "subtype": "bot_message",
        "ts": "1438466206.000153"
    },
    {
        "text": "",
        "bot_id": "B0506GF16",
        "attachments": [
            {
                "fallback": "Build <https:\/\/magnum.travis-ci.com\/dueyfinster\/blackteam\/builds\/14185496|#255> (<https:\/\/github.com\/dueyfinster\/blackteam\/compare\/14d60cf156ed...e6b96c92a42f|e6b96c9>) of dueyfinster\/blackteam@develop by Neil Grogan passed in 3 min 45 sec",
                "text": "Build <https:\/\/magnum.travis-ci.com\/dueyfinster\/blackteam\/builds\/14185496|#255> (<https:\/\/github.com\/dueyfinster\/blackteam\/compare\/14d60cf156ed...e6b96c92a42f|e6b96c9>) of dueyfinster\/blackteam@develop by Neil Grogan passed in 3 min 45 sec",
                "id": 1,
                "color": "36a64f"
            }
        ],
        "type": "message",
        "subtype": "bot_message",
        "ts": "1438466343.000154"
    },
    {
        "text": "",
        "bot_id": "B052T590M",
        "attachments": [
            {
                "fallback": "[blackteam:develop] <https:\/\/github.com\/dueyfinster\/blackteam\/commit\/cf79e66836feffbc79c3d1c0a43af044fa4bf526|1 new commit> by OLarry",
                "text": "<https:\/\/github.com\/dueyfinster\/blackteam\/commit\/cf79e66836feffbc79c3d1c0a43af044fa4bf526|cf79e66>: Update views to work with checkbox data in json - OLarry",
                "pretext": "[blackteam:develop] 1 new commit by OLarry:",
                "id": 1,
                "color": "4183C4",
                "mrkdwn_in": [
                    "text",
                    "pretext"
                ]
            }
        ],
        "type": "message",
        "subtype": "bot_message",
        "ts": "1438468654.000155"
    },
    {
        "text": "",
        "bot_id": "B056P06D5",
        "attachments": [
            {
                "fallback": "Success:  OLarry's build (<https:\/\/circleci.com\/gh\/dueyfinster\/blackteam\/333|#333>; push in <https:\/\/circleci.com\/gh\/dueyfinster\/blackteam|dueyfinster\/blackteam> (<https:\/\/circleci.com\/gh\/dueyfinster\/blackteam\/tree\/develop|develop>)\n - Update views to work with checkbox data in json (<https:\/\/github.com\/dueyfinster\/blackteam\/commit\/cf79e66836feffbc79c3d1c0a43af044fa4bf526|cf79e66> by OLarry)\n",
                "text": "Success:  OLarry's build (<https:\/\/circleci.com\/gh\/dueyfinster\/blackteam\/333|#333>; push in <https:\/\/circleci.com\/gh\/dueyfinster\/blackteam|dueyfinster\/blackteam> (<https:\/\/circleci.com\/gh\/dueyfinster\/blackteam\/tree\/develop|develop>)\n - Update views to work with checkbox data in json (<https:\/\/github.com\/dueyfinster\/blackteam\/commit\/cf79e66836feffbc79c3d1c0a43af044fa4bf526|cf79e66> by OLarry)\n",
                "id": 1,
                "color": "41aa58"
            }
        ],
        "type": "message",
        "subtype": "bot_message",
        "ts": "1438468736.000156"
    },
    {
        "text": "",
        "bot_id": "B0506GF16",
        "attachments": [
            {
                "fallback": "Build <https:\/\/magnum.travis-ci.com\/dueyfinster\/blackteam\/builds\/14185587|#256> (<https:\/\/github.com\/dueyfinster\/blackteam\/compare\/e6b96c92a42f...cf79e66836fe|cf79e66>) of dueyfinster\/blackteam@develop by OLarry passed in 3 min 48 sec",
                "text": "Build <https:\/\/magnum.travis-ci.com\/dueyfinster\/blackteam\/builds\/14185587|#256> (<https:\/\/github.com\/dueyfinster\/blackteam\/compare\/e6b96c92a42f...cf79e66836fe|cf79e66>) of dueyfinster\/blackteam@develop by OLarry passed in 3 min 48 sec",
                "id": 1,
                "color": "36a64f"
            }
        ],
        "type": "message",
        "subtype": "bot_message",
        "ts": "1438468902.000157"
    }
]