[
    {
        "text": "",
        "bot_id": "B052T590M",
        "attachments": [
            {
                "fallback": "[blackteam:master] <https:\/\/github.com\/dueyfinster\/blackteam\/commit\/7dd1626|1 new commit> by Neil Grogan",
                "text": "<https:\/\/github.com\/dueyfinster\/blackteam\/commit\/7dd1626|7dd1626>: Updated README Badges after Renaming repo - Neil Grogan",
                "pretext": "[blackteam:master] 1 new commit by Neil Grogan:",
                "id": 1,
                "color": "4183C4",
                "mrkdwn_in": [
                    "text",
                    "pretext"
                ]
            }
        ],
        "type": "message",
        "subtype": "bot_message",
        "ts": "1432734894.000002"
    },
    {
        "text": "",
        "bot_id": "B0506GF16",
        "attachments": [
            {
                "fallback": "Build <http:\/\/magnum.travis-ci.com\/dueyfinster\/blackteam\/builds\/12246771|#8> (<https:\/\/github.com\/dueyfinster\/blackteam\/compare\/a3582a3f271e...7dd16265395c|7dd1626>) of dueyfinster\/blackteam@master by Neil Grogan passed in 0 min 42 sec",
                "text": "Build <http:\/\/magnum.travis-ci.com\/dueyfinster\/blackteam\/builds\/12246771|#8> (<https:\/\/github.com\/dueyfinster\/blackteam\/compare\/a3582a3f271e...7dd16265395c|7dd1626>) of dueyfinster\/blackteam@master by Neil Grogan passed in 0 min 42 sec",
                "id": 1,
                "color": "36a64f"
            }
        ],
        "type": "message",
        "subtype": "bot_message",
        "ts": "1432734966.000003"
    },
    {
        "user": "U04UQLQPP",
        "topic": "Repo: https:\/\/github.com\/dueyfinster\/blackteam - Travis CI: https:\/\/magnum.travis-ci.com\/dueyfinster\/blackteam",
        "type": "message",
        "subtype": "channel_topic",
        "text": "<@U04UQLQPP|neilgrogan> set the channel topic: Repo: https:\/\/github.com\/dueyfinster\/blackteam - Travis CI: https:\/\/magnum.travis-ci.com\/dueyfinster\/blackteam",
        "ts": "1432741693.000005"
    },
    {
        "text": "",
        "bot_id": "B052T590M",
        "attachments": [
            {
                "fallback": "[blackteam:master] <https:\/\/github.com\/dueyfinster\/blackteam\/commit\/9d23a6c|1 new commit> by Neil Grogan",
                "text": "<https:\/\/github.com\/dueyfinster\/blackteam\/commit\/9d23a6c|9d23a6c>: Updated README with Docker Install Link in Wiki - Neil Grogan",
                "pretext": "[blackteam:master] 1 new commit by Neil Grogan:",
                "id": 1,
                "color": "4183C4",
                "mrkdwn_in": [
                    "text",
                    "pretext"
                ]
            }
        ],
        "type": "message",
        "subtype": "bot_message",
        "ts": "1432744188.000007"
    },
    {
        "text": "",
        "bot_id": "B0506GF16",
        "attachments": [
            {
                "fallback": "Build <http:\/\/magnum.travis-ci.com\/dueyfinster\/blackteam\/builds\/12253891|#9> (<https:\/\/github.com\/dueyfinster\/blackteam\/compare\/7dd16265395c...9d23a6cbc92c|9d23a6c>) of dueyfinster\/blackteam@master by Neil Grogan passed in 0 min 46 sec",
                "text": "Build <http:\/\/magnum.travis-ci.com\/dueyfinster\/blackteam\/builds\/12253891|#9> (<https:\/\/github.com\/dueyfinster\/blackteam\/compare\/7dd16265395c...9d23a6cbc92c|9d23a6c>) of dueyfinster\/blackteam@master by Neil Grogan passed in 0 min 46 sec",
                "id": 1,
                "color": "36a64f"
            }
        ],
        "type": "message",
        "subtype": "bot_message",
        "ts": "1432744296.000008"
    },
    {
        "user": "U04U63G46",
        "type": "message",
        "subtype": "channel_join",
        "text": "<@U04U63G46|igor.berdnikov> has joined the channel",
        "ts": "1432771294.000009"
    }
]