[
    {
        "text": "",
        "bot_id": "B052T590M",
        "attachments": [
            {
                "fallback": "[blackteam:develop] <https:\/\/github.com\/dueyfinster\/blackteam\/commit\/e5fd42c|1 new commit> by Neil Grogan",
                "text": "<https:\/\/github.com\/dueyfinster\/blackteam\/commit\/e5fd42c|e5fd42c>: Added first 50 tech feeds with corresponding twitter accounts wher available - Neil Grogan",
                "pretext": "[blackteam:develop] 1 new commit by Neil Grogan:",
                "id": 1,
                "color": "4183C4",
                "mrkdwn_in": [
                    "text",
                    "pretext"
                ]
            }
        ],
        "type": "message",
        "subtype": "bot_message",
        "ts": "1434290314.000341"
    },
    {
        "text": "",
        "bot_id": "B0506GF16",
        "attachments": [
            {
                "fallback": "Build <http:\/\/magnum.travis-ci.com\/dueyfinster\/blackteam\/builds\/12747326|#133> (<https:\/\/github.com\/dueyfinster\/blackteam\/compare\/a210af02c5de...e5fd42c16f3c|e5fd42c>) of dueyfinster\/blackteam@develop by Neil Grogan passed in 1 min 5 sec",
                "text": "Build <http:\/\/magnum.travis-ci.com\/dueyfinster\/blackteam\/builds\/12747326|#133> (<https:\/\/github.com\/dueyfinster\/blackteam\/compare\/a210af02c5de...e5fd42c16f3c|e5fd42c>) of dueyfinster\/blackteam@develop by Neil Grogan passed in 1 min 5 sec",
                "id": 1,
                "color": "36a64f"
            }
        ],
        "type": "message",
        "subtype": "bot_message",
        "ts": "1434290399.000342"
    },
    {
        "text": "",
        "bot_id": "B056P06D5",
        "attachments": [
            {
                "fallback": "Success:  dueyfinster's build (<https:\/\/circleci.com\/gh\/dueyfinster\/blackteam\/137|#137>; push in <https:\/\/circleci.com\/gh\/dueyfinster\/blackteam|dueyfinster\/blackteam> (<https:\/\/circleci.com\/gh\/dueyfinster\/blackteam\/tree\/develop|develop>)\n - Added first 50 tech feeds with corresponding twitter accounts wher available (<https:\/\/github.com\/dueyfinster\/blackteam\/commit\/e5fd42c16f3c05263ff3f13e30c13a2ed4aadb4a|e5fd42c> by Neil Grogan)\n",
                "text": "Success:  dueyfinster's build (<https:\/\/circleci.com\/gh\/dueyfinster\/blackteam\/137|#137>; push in <https:\/\/circleci.com\/gh\/dueyfinster\/blackteam|dueyfinster\/blackteam> (<https:\/\/circleci.com\/gh\/dueyfinster\/blackteam\/tree\/develop|develop>)\n - Added first 50 tech feeds with corresponding twitter accounts wher available (<https:\/\/github.com\/dueyfinster\/blackteam\/commit\/e5fd42c16f3c05263ff3f13e30c13a2ed4aadb4a|e5fd42c> by Neil Grogan)\n",
                "id": 1,
                "color": "41aa58"
            }
        ],
        "type": "message",
        "subtype": "bot_message",
        "ts": "1434290404.000343"
    },
    {
        "text": "",
        "bot_id": "B052T590M",
        "attachments": [
            {
                "fallback": "[blackteam] <https:\/\/github.com\/dueyfinster\/blackteam\/tree\/feature%2Fstore_rss_feeds|feature\/store_rss_feeds> was branched from \"develop\" and pushed by dueyfinster",
                "text": "[blackteam] <https:\/\/github.com\/dueyfinster\/blackteam\/tree\/feature%2Fstore_rss_feeds|feature\/store_rss_feeds> was branched from \"develop\" and pushed by dueyfinster",
                "id": 1,
                "color": "4183C4",
                "mrkdwn_in": [
                    "text",
                    "pretext"
                ]
            }
        ],
        "type": "message",
        "subtype": "bot_message",
        "ts": "1434293979.000344"
    },
    {
        "text": "",
        "bot_id": "B056P06D5",
        "attachments": [
            {
                "fallback": "Success:  dueyfinster's build (<https:\/\/circleci.com\/gh\/dueyfinster\/blackteam\/138|#138>; push in <https:\/\/circleci.com\/gh\/dueyfinster\/blackteam|dueyfinster\/blackteam> (<https:\/\/circleci.com\/gh\/dueyfinster\/blackteam\/tree\/feature%2Fstore_rss_feeds|feature\/store_rss_feeds>)\n -  (<https:\/\/github.com\/dueyfinster\/blackteam\/commit\/e5fd42c16f3c05263ff3f13e30c13a2ed4aadb4a|e5fd42c> by )\n",
                "text": "Success:  dueyfinster's build (<https:\/\/circleci.com\/gh\/dueyfinster\/blackteam\/138|#138>; push in <https:\/\/circleci.com\/gh\/dueyfinster\/blackteam|dueyfinster\/blackteam> (<https:\/\/circleci.com\/gh\/dueyfinster\/blackteam\/tree\/feature%2Fstore_rss_feeds|feature\/store_rss_feeds>)\n -  (<https:\/\/github.com\/dueyfinster\/blackteam\/commit\/e5fd42c16f3c05263ff3f13e30c13a2ed4aadb4a|e5fd42c> by )\n",
                "id": 1,
                "color": "41aa58"
            }
        ],
        "type": "message",
        "subtype": "bot_message",
        "ts": "1434294059.000345"
    },
    {
        "text": "",
        "bot_id": "B0506GF16",
        "attachments": [
            {
                "fallback": "Build <http:\/\/magnum.travis-ci.com\/dueyfinster\/blackteam\/builds\/12747547|#134> (<https:\/\/github.com\/dueyfinster\/blackteam\/compare\/feature\/store_rss_feeds|e5fd42c>) of dueyfinster\/blackteam@feature\/store_rss_feeds by Neil Grogan passed in 1 min 28 sec",
                "text": "Build <http:\/\/magnum.travis-ci.com\/dueyfinster\/blackteam\/builds\/12747547|#134> (<https:\/\/github.com\/dueyfinster\/blackteam\/compare\/feature\/store_rss_feeds|e5fd42c>) of dueyfinster\/blackteam@feature\/store_rss_feeds by Neil Grogan passed in 1 min 28 sec",
                "id": 1,
                "color": "36a64f"
            }
        ],
        "type": "message",
        "subtype": "bot_message",
        "ts": "1434294084.000346"
    },
    {
        "text": "",
        "bot_id": "B052T590M",
        "attachments": [
            {
                "fallback": "[blackteam:feature\/store_rss_feeds] <https:\/\/github.com\/dueyfinster\/blackteam\/compare\/e5fd42c16f3c...b4cf483db18a|7 new commits> by Neil Grogan",
                "text": "<https:\/\/github.com\/dueyfinster\/blackteam\/commit\/5608629|5608629>: Updated django model for RSSFeed - Neil Grogan\n <https:\/\/github.com\/dueyfinster\/blackteam\/commit\/4fd89c3|4fd89c3>: Added RSSFeeds model to admin - Neil Grogan\n <https:\/\/github.com\/dueyfinster\/blackteam\/commit\/f453124|f453124>: Added script to import RSS Feeds - Neil Grogan\n <https:\/\/github.com\/dueyfinster\/blackteam\/commit\/4c7cfc1|4c7cfc1>: Updated Tests to test RSSFeed Model - Neil Grogan\n <https:\/\/github.com\/dueyfinster\/blackteam\/commit\/ec529e3|ec529e3>: Updated admini interface for feeds - Neil Grogan\n <https:\/\/github.com\/dueyfinster\/blackteam\/commit\/28c186e|28c186e>: Cleaned up admin scripts for success\/failure cases - importfeeds and createadmin - Neil Grogan\n <https:\/\/github.com\/dueyfinster\/blackteam\/commit\/b4cf483|b4cf483>: Added running of admin scripts to docker - Neil Grogan",
                "pretext": "[blackteam:feature\/store_rss_feeds] <https:\/\/github.com\/dueyfinster\/blackteam\/compare\/e5fd42c16f3c...b4cf483db18a|7 new commits> by Neil Grogan:",
                "id": 1,
                "color": "4183C4",
                "mrkdwn_in": [
                    "text",
                    "pretext"
                ]
            }
        ],
        "type": "message",
        "subtype": "bot_message",
        "ts": "1434308153.000347"
    },
    {
        "text": "",
        "bot_id": "B0506GF16",
        "attachments": [
            {
                "fallback": "Build <http:\/\/magnum.travis-ci.com\/dueyfinster\/blackteam\/builds\/12748390|#135> (<https:\/\/github.com\/dueyfinster\/blackteam\/compare\/e5fd42c16f3c...b4cf483db18a|b4cf483>) of dueyfinster\/blackteam@feature\/store_rss_feeds by Neil Grogan passed in 1 min 4 sec",
                "text": "Build <http:\/\/magnum.travis-ci.com\/dueyfinster\/blackteam\/builds\/12748390|#135> (<https:\/\/github.com\/dueyfinster\/blackteam\/compare\/e5fd42c16f3c...b4cf483db18a|b4cf483>) of dueyfinster\/blackteam@feature\/store_rss_feeds by Neil Grogan passed in 1 min 4 sec",
                "id": 1,
                "color": "36a64f"
            }
        ],
        "type": "message",
        "subtype": "bot_message",
        "ts": "1434308231.000348"
    },
    {
        "text": "",
        "bot_id": "B056P06D5",
        "attachments": [
            {
                "fallback": "Success:  dueyfinster's build (<https:\/\/circleci.com\/gh\/dueyfinster\/blackteam\/139|#139>; push in <https:\/\/circleci.com\/gh\/dueyfinster\/blackteam|dueyfinster\/blackteam> (<https:\/\/circleci.com\/gh\/dueyfinster\/blackteam\/tree\/feature%2Fstore_rss_feeds|feature\/store_rss_feeds>)\n - Added running of admin scripts to docker (<https:\/\/github.com\/dueyfinster\/blackteam\/commit\/b4cf483db18ac593bbce98027b447de5de88b08e|b4cf483> by Neil Grogan) and <https:\/\/github.com\/dueyfinster\/blackteam\/compare\/e5fd42c16f3c...b4cf483db18a|6 more>\n",
                "text": "Success:  dueyfinster's build (<https:\/\/circleci.com\/gh\/dueyfinster\/blackteam\/139|#139>; push in <https:\/\/circleci.com\/gh\/dueyfinster\/blackteam|dueyfinster\/blackteam> (<https:\/\/circleci.com\/gh\/dueyfinster\/blackteam\/tree\/feature%2Fstore_rss_feeds|feature\/store_rss_feeds>)\n - Added running of admin scripts to docker (<https:\/\/github.com\/dueyfinster\/blackteam\/commit\/b4cf483db18ac593bbce98027b447de5de88b08e|b4cf483> by Neil Grogan) and <https:\/\/github.com\/dueyfinster\/blackteam\/compare\/e5fd42c16f3c...b4cf483db18a|6 more>\n",
                "id": 1,
                "color": "41aa58"
            }
        ],
        "type": "message",
        "subtype": "bot_message",
        "ts": "1434308421.000349"
    },
    {
        "text": "",
        "bot_id": "B052T590M",
        "attachments": [
            {
                "fallback": "[blackteam:develop] <https:\/\/github.com\/dueyfinster\/blackteam\/compare\/e5fd42c16f3c...da3e91fc6d56|8 new commits> by Neil Grogan",
                "text": "<https:\/\/github.com\/dueyfinster\/blackteam\/commit\/5608629|5608629>: Updated django model for RSSFeed - Neil Grogan\n <https:\/\/github.com\/dueyfinster\/blackteam\/commit\/4fd89c3|4fd89c3>: Added RSSFeeds model to admin - Neil Grogan\n <https:\/\/github.com\/dueyfinster\/blackteam\/commit\/f453124|f453124>: Added script to import RSS Feeds - Neil Grogan\n <https:\/\/github.com\/dueyfinster\/blackteam\/commit\/4c7cfc1|4c7cfc1>: Updated Tests to test RSSFeed Model - Neil Grogan\n <https:\/\/github.com\/dueyfinster\/blackteam\/commit\/ec529e3|ec529e3>: Updated admini interface for feeds - Neil Grogan\n <https:\/\/github.com\/dueyfinster\/blackteam\/commit\/28c186e|28c186e>: Cleaned up admin scripts for success\/failure cases - importfeeds and createadmin - Neil Grogan\n <https:\/\/github.com\/dueyfinster\/blackteam\/commit\/b4cf483|b4cf483>: Added running of admin scripts to docker - Neil Grogan\n <https:\/\/github.com\/dueyfinster\/blackteam\/commit\/da3e91f|da3e91f>: Merge branch 'feature\/store_rss_feeds' into develop - Neil Grogan",
                "pretext": "[blackteam:develop] <https:\/\/github.com\/dueyfinster\/blackteam\/compare\/e5fd42c16f3c...da3e91fc6d56|8 new commits> by Neil Grogan:",
                "id": 1,
                "color": "4183C4",
                "mrkdwn_in": [
                    "text",
                    "pretext"
                ]
            }
        ],
        "type": "message",
        "subtype": "bot_message",
        "ts": "1434308593.000350"
    },
    {
        "text": "",
        "bot_id": "B056P06D5",
        "attachments": [
            {
                "fallback": "Success:  dueyfinster's build (<https:\/\/circleci.com\/gh\/dueyfinster\/blackteam\/140|#140>; push in <https:\/\/circleci.com\/gh\/dueyfinster\/blackteam|dueyfinster\/blackteam> (<https:\/\/circleci.com\/gh\/dueyfinster\/blackteam\/tree\/develop|develop>)\n - Merge branch 'feature\/store_rss_feeds' into develop (<https:\/\/github.com\/dueyfinster\/blackteam\/commit\/da3e91fc6d562f54cf4e6e900e0b9f418edaa104|da3e91f> by Neil Grogan) and <https:\/\/github.com\/dueyfinster\/blackteam\/compare\/e5fd42c16f3c...da3e91fc6d56|7 more>\n",
                "text": "Success:  dueyfinster's build (<https:\/\/circleci.com\/gh\/dueyfinster\/blackteam\/140|#140>; push in <https:\/\/circleci.com\/gh\/dueyfinster\/blackteam|dueyfinster\/blackteam> (<https:\/\/circleci.com\/gh\/dueyfinster\/blackteam\/tree\/develop|develop>)\n - Merge branch 'feature\/store_rss_feeds' into develop (<https:\/\/github.com\/dueyfinster\/blackteam\/commit\/da3e91fc6d562f54cf4e6e900e0b9f418edaa104|da3e91f> by Neil Grogan) and <https:\/\/github.com\/dueyfinster\/blackteam\/compare\/e5fd42c16f3c...da3e91fc6d56|7 more>\n",
                "id": 1,
                "color": "41aa58"
            }
        ],
        "type": "message",
        "subtype": "bot_message",
        "ts": "1434308672.000351"
    },
    {
        "text": "",
        "bot_id": "B0506GF16",
        "attachments": [
            {
                "fallback": "Build <http:\/\/magnum.travis-ci.com\/dueyfinster\/blackteam\/builds\/12748423|#136> (<https:\/\/github.com\/dueyfinster\/blackteam\/compare\/e5fd42c16f3c...da3e91fc6d56|da3e91f>) of dueyfinster\/blackteam@develop by Neil Grogan passed in 1 min 7 sec",
                "text": "Build <http:\/\/magnum.travis-ci.com\/dueyfinster\/blackteam\/builds\/12748423|#136> (<https:\/\/github.com\/dueyfinster\/blackteam\/compare\/e5fd42c16f3c...da3e91fc6d56|da3e91f>) of dueyfinster\/blackteam@develop by Neil Grogan passed in 1 min 7 sec",
                "id": 1,
                "color": "36a64f"
            }
        ],
        "type": "message",
        "subtype": "bot_message",
        "ts": "1434308676.000352"
    },
    {
        "text": "",
        "bot_id": "B052T590M",
        "attachments": [
            {
                "fallback": "[blackteam:master] <https:\/\/github.com\/dueyfinster\/blackteam\/compare\/5b3869d4b602...1405e642ec6b|19 new commits> by Neil Grogan",
                "text": "<https:\/\/github.com\/dueyfinster\/blackteam\/commit\/fe98886|fe98886>: Merge tag 'release' into develop - Neil Grogan\n <https:\/\/github.com\/dueyfinster\/blackteam\/commit\/f8e7bc3|f8e7bc3>: Printing out webdriver to see if issue can be solved - Neil Grogan\n <https:\/\/github.com\/dueyfinster\/blackteam\/commit\/5889228|5889228>: Fixed NEWSFAST_VERSION not getting exported - Neil Grogan\n <https:\/\/github.com\/dueyfinster\/blackteam\/commit\/78e5d58|78e5d58>: Circle Ci forgets between commands - doing export with running the tests - Neil Grogan\n <https:\/\/github.com\/dueyfinster\/blackteam\/commit\/48736a3|48736a3>: Updated circle yml to combine lines - Neil Grogan\n <https:\/\/github.com\/dueyfinster\/blackteam\/commit\/6388c51|6388c51>: Removed setting env variables, need to do in circle ci website - Neil Grogan\n <https:\/\/github.com\/dueyfinster\/blackteam\/commit\/85a63e1|85a63e1>: Removed printing webdriver object - was useless - Neil Grogan\n <https:\/\/github.com\/dueyfinster\/blackteam\/commit\/a210af0|a210af0>: Merge branch 'feature\/fix-selenium-tests' into develop - Neil Grogan\n <https:\/\/github.com\/dueyfinster\/blackteam\/commit\/e5fd42c|e5fd42c>: Added first 50 tech feeds with corresponding twitter accounts wher available - Neil Grogan\n <https:\/\/github.com\/dueyfinster\/blackteam\/commit\/5608629|5608629>: Updated django model for RSSFeed - Neil Grogan\n <https:\/\/github.com\/dueyfinster\/blackteam\/commit\/4fd89c3|4fd89c3>: Added RSSFeeds model to admin - Neil Grogan\n <https:\/\/github.com\/dueyfinster\/blackteam\/commit\/f453124|f453124>: Added script to import RSS Feeds - Neil Grogan\n <https:\/\/github.com\/dueyfinster\/blackteam\/commit\/4c7cfc1|4c7cfc1>: Updated Tests to test RSSFeed Model - Neil Grogan\n <https:\/\/github.com\/dueyfinster\/blackteam\/commit\/ec529e3|ec529e3>: Updated admini interface for feeds - Neil Grogan\n <https:\/\/github.com\/dueyfinster\/blackteam\/commit\/28c186e|28c186e>: Cleaned up admin scripts for success\/failure cases - importfeeds and createadmin - Neil Grogan\n <https:\/\/github.com\/dueyfinster\/blackteam\/commit\/b4cf483|b4cf483>: Added running of admin scripts to docker - Neil Grogan\n <https:\/\/github.com\/dueyfinster\/blackteam\/commit\/da3e91f|da3e91f>: Merge branch 'feature\/store_rss_feeds' into develop - Neil Grogan\n <https:\/\/github.com\/dueyfinster\/blackteam\/commit\/97f374a|97f374a>: Bumped version number to 0.1-174-da3e91f - Neil Grogan\n <https:\/\/github.com\/dueyfinster\/blackteam\/commit\/1405e64|1405e64>: Merge branch 'release\/0.1-174-da3e91f' - Neil Grogan",
                "pretext": "[blackteam:master] <https:\/\/github.com\/dueyfinster\/blackteam\/compare\/5b3869d4b602...1405e642ec6b|19 new commits> by Neil Grogan:",
                "id": 1,
                "color": "4183C4",
                "mrkdwn_in": [
                    "text",
                    "pretext"
                ]
            }
        ],
        "type": "message",
        "subtype": "bot_message",
        "ts": "1434308828.000353"
    },
    {
        "text": "",
        "bot_id": "B052T590M",
        "attachments": [
            {
                "fallback": "[blackteam:develop] <https:\/\/github.com\/dueyfinster\/blackteam\/commit\/97f374a|1 new commit> by Neil Grogan",
                "text": "<https:\/\/github.com\/dueyfinster\/blackteam\/commit\/97f374a|97f374a>: Bumped version number to 0.1-174-da3e91f - Neil Grogan",
                "pretext": "[blackteam:develop] 1 new commit by Neil Grogan:",
                "id": 1,
                "color": "4183C4",
                "mrkdwn_in": [
                    "text",
                    "pretext"
                ]
            }
        ],
        "type": "message",
        "subtype": "bot_message",
        "ts": "1434308844.000354"
    },
    {
        "text": "",
        "bot_id": "B0506GF16",
        "attachments": [
            {
                "fallback": "Build <http:\/\/magnum.travis-ci.com\/dueyfinster\/blackteam\/builds\/12748454|#137> (<https:\/\/github.com\/dueyfinster\/blackteam\/compare\/5b3869d4b602...1405e642ec6b|1405e64>) of dueyfinster\/blackteam@master by Neil Grogan passed in 1 min 5 sec",
                "text": "Build <http:\/\/magnum.travis-ci.com\/dueyfinster\/blackteam\/builds\/12748454|#137> (<https:\/\/github.com\/dueyfinster\/blackteam\/compare\/5b3869d4b602...1405e642ec6b|1405e64>) of dueyfinster\/blackteam@master by Neil Grogan passed in 1 min 5 sec",
                "id": 1,
                "color": "36a64f"
            }
        ],
        "type": "message",
        "subtype": "bot_message",
        "ts": "1434308914.000355"
    },
    {
        "text": "",
        "bot_id": "B0506GF16",
        "attachments": [
            {
                "fallback": "Build <http:\/\/magnum.travis-ci.com\/dueyfinster\/blackteam\/builds\/12748456|#138> (<https:\/\/github.com\/dueyfinster\/blackteam\/compare\/da3e91fc6d56...97f374a99e97|97f374a>) of dueyfinster\/blackteam@develop by Neil Grogan passed in 1 min 6 sec",
                "text": "Build <http:\/\/magnum.travis-ci.com\/dueyfinster\/blackteam\/builds\/12748456|#138> (<https:\/\/github.com\/dueyfinster\/blackteam\/compare\/da3e91fc6d56...97f374a99e97|97f374a>) of dueyfinster\/blackteam@develop by Neil Grogan passed in 1 min 6 sec",
                "id": 1,
                "color": "36a64f"
            }
        ],
        "type": "message",
        "subtype": "bot_message",
        "ts": "1434308987.000356"
    },
    {
        "text": "",
        "bot_id": "B056P06D5",
        "attachments": [
            {
                "fallback": "Timed out:  dueyfinster's build (<https:\/\/circleci.com\/gh\/dueyfinster\/blackteam\/141|#141>; push in <https:\/\/circleci.com\/gh\/dueyfinster\/blackteam|dueyfinster\/blackteam> (<https:\/\/circleci.com\/gh\/dueyfinster\/blackteam\/tree\/master|master>)\n - Merge branch 'release\/0.1-174-da3e91f' (<https:\/\/github.com\/dueyfinster\/blackteam\/commit\/1405e642ec6bec0b1ac29cb81d7580c6a2468d8f|1405e64> by Neil Grogan) and <https:\/\/github.com\/dueyfinster\/blackteam\/compare\/5b3869d4b602...1405e642ec6b|18 more>\n",
                "text": "Timed out:  dueyfinster's build (<https:\/\/circleci.com\/gh\/dueyfinster\/blackteam\/141|#141>; push in <https:\/\/circleci.com\/gh\/dueyfinster\/blackteam|dueyfinster\/blackteam> (<https:\/\/circleci.com\/gh\/dueyfinster\/blackteam\/tree\/master|master>)\n - Merge branch 'release\/0.1-174-da3e91f' (<https:\/\/github.com\/dueyfinster\/blackteam\/commit\/1405e642ec6bec0b1ac29cb81d7580c6a2468d8f|1405e64> by Neil Grogan) and <https:\/\/github.com\/dueyfinster\/blackteam\/compare\/5b3869d4b602...1405e642ec6b|18 more>\n",
                "id": 1,
                "color": "d10c20"
            }
        ],
        "type": "message",
        "subtype": "bot_message",
        "ts": "1434309553.000357"
    },
    {
        "text": "",
        "bot_id": "B056P06D5",
        "attachments": [
            {
                "fallback": "Success:  dueyfinster's build (<https:\/\/circleci.com\/gh\/dueyfinster\/blackteam\/142|#142>; push in <https:\/\/circleci.com\/gh\/dueyfinster\/blackteam|dueyfinster\/blackteam> (<https:\/\/circleci.com\/gh\/dueyfinster\/blackteam\/tree\/develop|develop>)\n - Bumped version number to 0.1-174-da3e91f (<https:\/\/github.com\/dueyfinster\/blackteam\/commit\/97f374a99e97275bd9e0a4f0c638992936c19dd1|97f374a> by Neil Grogan)\n",
                "text": "Success:  dueyfinster's build (<https:\/\/circleci.com\/gh\/dueyfinster\/blackteam\/142|#142>; push in <https:\/\/circleci.com\/gh\/dueyfinster\/blackteam|dueyfinster\/blackteam> (<https:\/\/circleci.com\/gh\/dueyfinster\/blackteam\/tree\/develop|develop>)\n - Bumped version number to 0.1-174-da3e91f (<https:\/\/github.com\/dueyfinster\/blackteam\/commit\/97f374a99e97275bd9e0a4f0c638992936c19dd1|97f374a> by Neil Grogan)\n",
                "id": 1,
                "color": "41aa58"
            }
        ],
        "type": "message",
        "subtype": "bot_message",
        "ts": "1434309641.000358"
    },
    {
        "text": "",
        "bot_id": "B052T590M",
        "attachments": [
            {
                "fallback": "[blackteam:develop] <https:\/\/github.com\/dueyfinster\/blackteam\/commit\/9aab2b6|1 new commit> by Neil Grogan",
                "text": "<https:\/\/github.com\/dueyfinster\/blackteam\/commit\/9aab2b6|9aab2b6>: Added test to ensure 10 news stories on page - Neil Grogan",
                "pretext": "[blackteam:develop] 1 new commit by Neil Grogan:",
                "id": 1,
                "color": "4183C4",
                "mrkdwn_in": [
                    "text",
                    "pretext"
                ]
            }
        ],
        "type": "message",
        "subtype": "bot_message",
        "ts": "1434311281.000359"
    },
    {
        "text": "",
        "bot_id": "B0506GF16",
        "attachments": [
            {
                "fallback": "Build <http:\/\/magnum.travis-ci.com\/dueyfinster\/blackteam\/builds\/12748627|#139> (<https:\/\/github.com\/dueyfinster\/blackteam\/compare\/97f374a99e97...9aab2b6649fd|9aab2b6>) of dueyfinster\/blackteam@develop by Neil Grogan failed in 1 min 1 sec",
                "text": "Build <http:\/\/magnum.travis-ci.com\/dueyfinster\/blackteam\/builds\/12748627|#139> (<https:\/\/github.com\/dueyfinster\/blackteam\/compare\/97f374a99e97...9aab2b6649fd|9aab2b6>) of dueyfinster\/blackteam@develop by Neil Grogan failed in 1 min 1 sec",
                "id": 1,
                "color": "d00000"
            }
        ],
        "type": "message",
        "subtype": "bot_message",
        "ts": "1434311364.000360"
    },
    {
        "text": "",
        "bot_id": "B056P06D5",
        "attachments": [
            {
                "fallback": "Failed:  dueyfinster's build (<https:\/\/circleci.com\/gh\/dueyfinster\/blackteam\/143|#143>; push in <https:\/\/circleci.com\/gh\/dueyfinster\/blackteam|dueyfinster\/blackteam> (<https:\/\/circleci.com\/gh\/dueyfinster\/blackteam\/tree\/develop|develop>)\n - Added test to ensure 10 news stories on page (<https:\/\/github.com\/dueyfinster\/blackteam\/commit\/9aab2b6649fd044e6742a957cbd094edbf23ac3e|9aab2b6> by Neil Grogan)\n",
                "text": "Failed:  dueyfinster's build (<https:\/\/circleci.com\/gh\/dueyfinster\/blackteam\/143|#143>; push in <https:\/\/circleci.com\/gh\/dueyfinster\/blackteam|dueyfinster\/blackteam> (<https:\/\/circleci.com\/gh\/dueyfinster\/blackteam\/tree\/develop|develop>)\n - Added test to ensure 10 news stories on page (<https:\/\/github.com\/dueyfinster\/blackteam\/commit\/9aab2b6649fd044e6742a957cbd094edbf23ac3e|9aab2b6> by Neil Grogan)\n",
                "id": 1,
                "color": "d10c20"
            }
        ],
        "type": "message",
        "subtype": "bot_message",
        "ts": "1434311374.000361"
    },
    {
        "text": "",
        "bot_id": "B052T590M",
        "attachments": [
            {
                "fallback": "[blackteam:develop] <https:\/\/github.com\/dueyfinster\/blackteam\/commit\/1e6e839|1 new commit> by Neil Grogan",
                "text": "<https:\/\/github.com\/dueyfinster\/blackteam\/commit\/1e6e839|1e6e839>: Updated Selenium test to check for 10 items on page - Neil Grogan",
                "pretext": "[blackteam:develop] 1 new commit by Neil Grogan:",
                "id": 1,
                "color": "4183C4",
                "mrkdwn_in": [
                    "text",
                    "pretext"
                ]
            }
        ],
        "type": "message",
        "subtype": "bot_message",
        "ts": "1434311440.000362"
    },
    {
        "text": "",
        "bot_id": "B0506GF16",
        "attachments": [
            {
                "fallback": "Build <http:\/\/magnum.travis-ci.com\/dueyfinster\/blackteam\/builds\/12748639|#140> (<https:\/\/github.com\/dueyfinster\/blackteam\/compare\/9aab2b6649fd...1e6e839af8b9|1e6e839>) of dueyfinster\/blackteam@develop by Neil Grogan passed in 1 min 2 sec",
                "text": "Build <http:\/\/magnum.travis-ci.com\/dueyfinster\/blackteam\/builds\/12748639|#140> (<https:\/\/github.com\/dueyfinster\/blackteam\/compare\/9aab2b6649fd...1e6e839af8b9|1e6e839>) of dueyfinster\/blackteam@develop by Neil Grogan passed in 1 min 2 sec",
                "id": 1,
                "color": "36a64f"
            }
        ],
        "type": "message",
        "subtype": "bot_message",
        "ts": "1434311517.000363"
    },
    {
        "text": "",
        "bot_id": "B056P06D5",
        "attachments": [
            {
                "fallback": "Fixed:  dueyfinster's build (<https:\/\/circleci.com\/gh\/dueyfinster\/blackteam\/144|#144>; push in <https:\/\/circleci.com\/gh\/dueyfinster\/blackteam|dueyfinster\/blackteam> (<https:\/\/circleci.com\/gh\/dueyfinster\/blackteam\/tree\/develop|develop>)\n - Updated Selenium test to check for 10 items on page (<https:\/\/github.com\/dueyfinster\/blackteam\/commit\/1e6e839af8b9e92a2bbc4c80fa21c7809b2a7ab7|1e6e839> by Neil Grogan)\n",
                "text": "Fixed:  dueyfinster's build (<https:\/\/circleci.com\/gh\/dueyfinster\/blackteam\/144|#144>; push in <https:\/\/circleci.com\/gh\/dueyfinster\/blackteam|dueyfinster\/blackteam> (<https:\/\/circleci.com\/gh\/dueyfinster\/blackteam\/tree\/develop|develop>)\n - Updated Selenium test to check for 10 items on page (<https:\/\/github.com\/dueyfinster\/blackteam\/commit\/1e6e839af8b9e92a2bbc4c80fa21c7809b2a7ab7|1e6e839> by Neil Grogan)\n",
                "id": 1,
                "color": "41aa58"
            }
        ],
        "type": "message",
        "subtype": "bot_message",
        "ts": "1434311523.000364"
    },
    {
        "text": "",
        "bot_id": "B056P06D5",
        "attachments": [
            {
                "fallback": "Fixed:  dueyfinster's build (<https:\/\/circleci.com\/gh\/dueyfinster\/blackteam\/145|#145>; retry by dueyfinster in <https:\/\/circleci.com\/gh\/dueyfinster\/blackteam|dueyfinster\/blackteam> (<https:\/\/circleci.com\/gh\/dueyfinster\/blackteam\/tree\/master|master>)\n - Merge branch 'release\/0.1-174-da3e91f' (<https:\/\/github.com\/dueyfinster\/blackteam\/commit\/1405e642ec6bec0b1ac29cb81d7580c6a2468d8f|1405e64> by Neil Grogan) and <https:\/\/github.com\/dueyfinster\/blackteam\/compare\/5b3869d4b602...1405e642ec6b|18 more>\n",
                "text": "Fixed:  dueyfinster's build (<https:\/\/circleci.com\/gh\/dueyfinster\/blackteam\/145|#145>; retry by dueyfinster in <https:\/\/circleci.com\/gh\/dueyfinster\/blackteam|dueyfinster\/blackteam> (<https:\/\/circleci.com\/gh\/dueyfinster\/blackteam\/tree\/master|master>)\n - Merge branch 'release\/0.1-174-da3e91f' (<https:\/\/github.com\/dueyfinster\/blackteam\/commit\/1405e642ec6bec0b1ac29cb81d7580c6a2468d8f|1405e64> by Neil Grogan) and <https:\/\/github.com\/dueyfinster\/blackteam\/compare\/5b3869d4b602...1405e642ec6b|18 more>\n",
                "id": 1,
                "color": "41aa58"
            }
        ],
        "type": "message",
        "subtype": "bot_message",
        "ts": "1434311650.000365"
    },
    {
        "text": "",
        "bot_id": "B052T590M",
        "attachments": [
            {
                "fallback": "[blackteam] <https:\/\/github.com\/dueyfinster\/blackteam\/tree\/featurefeeds_on_ui|featurefeeds_on_ui> was branched from \"develop\" and pushed by iberdnikov",
                "text": "[blackteam] <https:\/\/github.com\/dueyfinster\/blackteam\/tree\/featurefeeds_on_ui|featurefeeds_on_ui> was branched from \"develop\" and pushed by iberdnikov",
                "id": 1,
                "color": "4183C4",
                "mrkdwn_in": [
                    "text",
                    "pretext"
                ]
            }
        ],
        "type": "message",
        "subtype": "bot_message",
        "ts": "1434313614.000366"
    },
    {
        "text": "",
        "bot_id": "B056P06D5",
        "attachments": [
            {
                "fallback": "Success:  iberdnikov's build (<https:\/\/circleci.com\/gh\/dueyfinster\/blackteam\/146|#146>; push in <https:\/\/circleci.com\/gh\/dueyfinster\/blackteam|dueyfinster\/blackteam> (<https:\/\/circleci.com\/gh\/dueyfinster\/blackteam\/tree\/featurefeeds_on_ui|featurefeeds_on_ui>)\n -  (<https:\/\/github.com\/dueyfinster\/blackteam\/commit\/1e6e839af8b9e92a2bbc4c80fa21c7809b2a7ab7|1e6e839> by )\n",
                "text": "Success:  iberdnikov's build (<https:\/\/circleci.com\/gh\/dueyfinster\/blackteam\/146|#146>; push in <https:\/\/circleci.com\/gh\/dueyfinster\/blackteam|dueyfinster\/blackteam> (<https:\/\/circleci.com\/gh\/dueyfinster\/blackteam\/tree\/featurefeeds_on_ui|featurefeeds_on_ui>)\n -  (<https:\/\/github.com\/dueyfinster\/blackteam\/commit\/1e6e839af8b9e92a2bbc4c80fa21c7809b2a7ab7|1e6e839> by )\n",
                "id": 1,
                "color": "41aa58"
            }
        ],
        "type": "message",
        "subtype": "bot_message",
        "ts": "1434313691.000367"
    },
    {
        "text": "",
        "bot_id": "B0506GF16",
        "attachments": [
            {
                "fallback": "Build <http:\/\/magnum.travis-ci.com\/dueyfinster\/blackteam\/builds\/12748767|#141> (<https:\/\/github.com\/dueyfinster\/blackteam\/compare\/featurefeeds_on_ui|1e6e839>) of dueyfinster\/blackteam@featurefeeds_on_ui by Neil Grogan passed in 1 min 3 sec",
                "text": "Build <http:\/\/magnum.travis-ci.com\/dueyfinster\/blackteam\/builds\/12748767|#141> (<https:\/\/github.com\/dueyfinster\/blackteam\/compare\/featurefeeds_on_ui|1e6e839>) of dueyfinster\/blackteam@featurefeeds_on_ui by Neil Grogan passed in 1 min 3 sec",
                "id": 1,
                "color": "36a64f"
            }
        ],
        "type": "message",
        "subtype": "bot_message",
        "ts": "1434313696.000368"
    },
    {
        "type": "message",
        "user": "U04UQLQPP",
        "text": "this is a really good visualisation of the branches, can see clearly where the features are merged in: <https:\/\/github.com\/dueyfinster\/blackteam\/network>",
        "ts": "1434315540.000369"
    }
]