[
    {
        "id": "C051M0V5Y",
        "name": "business",
        "created": "1432647579",
        "creator": "U04UQLQPP",
        "is_archived": true,
        "is_general": false,
        "members": [],
        "topic": {
            "value": "",
            "creator": "",
            "last_set": "0"
        },
        "purpose": {
            "value": "",
            "creator": "",
            "last_set": "0"
        }
    },
    {
        "id": "C050U8RFT",
        "name": "ci",
        "created": "1432288654",
        "creator": "U04UQLQPP",
        "is_archived": true,
        "is_general": false,
        "members": [],
        "topic": {
            "value": "Repo: https:\/\/github.com\/dueyfinster\/blackteam - Travis CI: https:\/\/magnum.travis-ci.com\/dueyfinster\/blackteam",
            "creator": "U04UQLQPP",
            "last_set": "1432741693"
        },
        "purpose": {
            "value": "Continuous Integration",
            "creator": "U04UQLQPP",
            "last_set": "1432288655"
        }
    },
    {
        "id": "C0528LFLH",
        "name": "comms",
        "created": "1432647568",
        "creator": "U04UQLQPP",
        "is_archived": true,
        "is_general": false,
        "members": [],
        "topic": {
            "value": "",
            "creator": "",
            "last_set": "0"
        },
        "purpose": {
            "value": "",
            "creator": "",
            "last_set": "0"
        }
    },
    {
        "id": "C095CL4NL",
        "name": "demo",
        "created": "1439684623",
        "creator": "U050DA5Q1",
        "is_archived": false,
        "is_general": false,
        "members": [
            "U04U63G46",
            "U04U6FCFE",
            "U04UQLQPP",
            "U04UVKDC1",
            "U050DA5Q1"
        ],
        "topic": {
            "value": "",
            "creator": "",
            "last_set": "0"
        },
        "purpose": {
            "value": "",
            "creator": "",
            "last_set": "0"
        }
    },
    {
        "id": "C095D7N05",
        "name": "docs",
        "created": "1439684656",
        "creator": "U050DA5Q1",
        "is_archived": false,
        "is_general": false,
        "members": [
            "U04U63G46",
            "U04U6FCFE",
            "U04UQLQPP",
            "U04UVKDC1",
            "U050DA5Q1"
        ],
        "topic": {
            "value": "",
            "creator": "",
            "last_set": "0"
        },
        "purpose": {
            "value": "",
            "creator": "",
            "last_set": "0"
        }
    },
    {
        "id": "C06V5N6C9",
        "name": "feedback",
        "created": "1435591913",
        "creator": "U04UVKDC1",
        "is_archived": true,
        "is_general": false,
        "members": [],
        "topic": {
            "value": "",
            "creator": "",
            "last_set": "0"
        },
        "purpose": {
            "value": "",
            "creator": "",
            "last_set": "0"
        }
    },
    {
        "id": "C06U5S482",
        "name": "franke",
        "created": "1435510951",
        "creator": "U04UVKDC1",
        "is_archived": true,
        "is_general": false,
        "members": [],
        "topic": {
            "value": "",
            "creator": "",
            "last_set": "0"
        },
        "purpose": {
            "value": "",
            "creator": "",
            "last_set": "0"
        }
    },
    {
        "id": "C04UQLQV7",
        "name": "general",
        "created": "1432054464",
        "creator": "U04UQLQPP",
        "is_archived": false,
        "is_general": true,
        "members": [
            "U04U63G46",
            "U04U6FCFE",
            "U04UQLQPP",
            "U04UVKDC1",
            "U050DA5Q1"
        ],
        "pins": [
            {
                "id": "F04V326HR",
                "type": "F",
                "user": "U04UQLQPP",
                "owner": "U04UQLQPP",
                "created": "1432116552"
            },
            {
                "id": "F061EG214",
                "type": "F",
                "user": "U050DA5Q1",
                "owner": "U050DA5Q1",
                "created": "1433586708"
            }
        ],
        "topic": {
            "value": "Company-wide announcements and work-based matters",
            "creator": "",
            "last_set": "0"
        },
        "purpose": {
            "value": "This channel is for team-wide communication and announcements. All team members are in this channel.",
            "creator": "",
            "last_set": "0"
        }
    },
    {
        "id": "C051LUURW",
        "name": "project",
        "created": "1432647425",
        "creator": "U04UQLQPP",
        "is_archived": true,
        "is_general": false,
        "members": [],
        "pins": [
            {
                "id": "F052GP7PZ",
                "type": "F",
                "user": "U050DA5Q1",
                "owner": "U050DA5Q1",
                "created": "1432678201"
            },
            {
                "id": "F052GQR4X",
                "type": "F",
                "user": "U050DA5Q1",
                "owner": "U050DA5Q1",
                "created": "1432678208"
            },
            {
                "id": "F052H1X5M",
                "type": "F",
                "user": "U050DA5Q1",
                "owner": "U050DA5Q1",
                "created": "1432678211"
            }
        ],
        "topic": {
            "value": "https:\/\/trello.com\/b\/ktc3yxBd\/msc-project",
            "creator": "U04UQLQPP",
            "last_set": "1432652835"
        },
        "purpose": {
            "value": "Project Management",
            "creator": "U04UQLQPP",
            "last_set": "1432647425"
        }
    },
    {
        "id": "C04UQLR01",
        "name": "random",
        "created": "1432054464",
        "creator": "U04UQLQPP",
        "is_archived": true,
        "is_general": false,
        "members": [],
        "topic": {
            "value": "Non-work banter and water cooler conversation",
            "creator": "",
            "last_set": "0"
        },
        "purpose": {
            "value": "A place for non-work-related flimflam, faffing, hodge-podge or jibber-jabber you'd prefer to keep out of more focused work-related channels.",
            "creator": "",
            "last_set": "0"
        }
    },
    {
        "id": "C06DFM9A7",
        "name": "standup",
        "created": "1434466706",
        "creator": "U04UQLQPP",
        "is_archived": true,
        "is_general": false,
        "members": [],
        "topic": {
            "value": "",
            "creator": "",
            "last_set": "0"
        },
        "purpose": {
            "value": "Daily standup meetings",
            "creator": "U04UQLQPP",
            "last_set": "1434466707"
        }
    },
    {
        "id": "C054MKA2U",
        "name": "test",
        "created": "1433206400",
        "creator": "U04UVKDC1",
        "is_archived": true,
        "is_general": false,
        "members": [],
        "topic": {
            "value": "",
            "creator": "",
            "last_set": "0"
        },
        "purpose": {
            "value": "Discuss testing of the project",
            "creator": "U04UQLQPP",
            "last_set": "1433602951"
        }
    },
    {
        "id": "C051M20D0",
        "name": "ux",
        "created": "1432647749",
        "creator": "U04UQLQPP",
        "is_archived": true,
        "is_general": false,
        "members": [],
        "pins": [
            {
                "id": "F061M1F44",
                "type": "F",
                "user": "U04UQLQPP",
                "owner": "U04UVKDC1",
                "created": "1433618883"
            },
            {
                "id": "F061M2WSJ",
                "type": "F",
                "user": "U04UVKDC1",
                "owner": "U04UVKDC1",
                "created": "1433619634"
            }
        ],
        "topic": {
            "value": "",
            "creator": "",
            "last_set": "0"
        },
        "purpose": {
            "value": "User Experience",
            "creator": "U04UQLQPP",
            "last_set": "1432647749"
        }
    },
    {
        "id": "C06U5SVFC",
        "name": "ux_feedback",
        "created": "1435511049",
        "creator": "U04UVKDC1",
        "is_archived": true,
        "is_general": false,
        "members": [],
        "topic": {
            "value": "",
            "creator": "",
            "last_set": "0"
        },
        "purpose": {
            "value": "",
            "creator": "",
            "last_set": "0"
        }
    }
]