[
    {
        "id": "U04UVKDC1",
        "name": "garryd",
        "deleted": false,
        "status": null,
        "color": "3c989f",
        "real_name": "Garry Davitt",
        "tz": "Europe\/London",
        "tz_label": "British Summer Time",
        "tz_offset": 3600,
        "profile": {
            "first_name": "Garry",
            "last_name": "Davitt",
            "real_name": "Garry Davitt",
            "real_name_normalized": "Garry Davitt",
            "email": "garry.davitt@ucdconnect.ie",
            "image_24": "https:\/\/secure.gravatar.com\/avatar\/1feb8e6fb9f69f025061e9735b646e45.jpg?s=24&d=https%3A%2F%2Fslack.global.ssl.fastly.net%2F66f9%2Fimg%2Favatars%2Fava_0015-24.png",
            "image_32": "https:\/\/secure.gravatar.com\/avatar\/1feb8e6fb9f69f025061e9735b646e45.jpg?s=32&d=https%3A%2F%2Fslack.global.ssl.fastly.net%2F66f9%2Fimg%2Favatars%2Fava_0015-32.png",
            "image_48": "https:\/\/secure.gravatar.com\/avatar\/1feb8e6fb9f69f025061e9735b646e45.jpg?s=48&d=https%3A%2F%2Fslack.global.ssl.fastly.net%2F66f9%2Fimg%2Favatars%2Fava_0015-48.png",
            "image_72": "https:\/\/secure.gravatar.com\/avatar\/1feb8e6fb9f69f025061e9735b646e45.jpg?s=72&d=https%3A%2F%2Fslack.global.ssl.fastly.net%2F66f9%2Fimg%2Favatars%2Fava_0015-72.png",
            "image_192": "https:\/\/secure.gravatar.com\/avatar\/1feb8e6fb9f69f025061e9735b646e45.jpg?s=192&d=https%3A%2F%2Fslack.global.ssl.fastly.net%2F66f9%2Fimg%2Favatars%2Fava_0015.png"
        },
        "is_admin": true,
        "is_owner": true,
        "is_primary_owner": false,
        "is_restricted": false,
        "is_ultra_restricted": false,
        "is_bot": false
    },
    {
        "id": "U04U63G46",
        "name": "igor.berdnikov",
        "deleted": false,
        "status": null,
        "color": "4bbe2e",
        "real_name": "Igor Berdnikov",
        "tz": "Europe\/London",
        "tz_label": "British Summer Time",
        "tz_offset": 3600,
        "profile": {
            "first_name": "Igor",
            "last_name": "Berdnikov",
            "real_name": "Igor Berdnikov",
            "real_name_normalized": "Igor Berdnikov",
            "email": "igor.berdnikov@ucdconnect.ie",
            "image_24": "https:\/\/secure.gravatar.com\/avatar\/e3910865dd6dd234bb1c879de4adc5ee.jpg?s=24&d=https%3A%2F%2Fslack.global.ssl.fastly.net%2F66f9%2Fimg%2Favatars%2Fava_0017-24.png",
            "image_32": "https:\/\/secure.gravatar.com\/avatar\/e3910865dd6dd234bb1c879de4adc5ee.jpg?s=32&d=https%3A%2F%2Fslack.global.ssl.fastly.net%2F66f9%2Fimg%2Favatars%2Fava_0017-32.png",
            "image_48": "https:\/\/secure.gravatar.com\/avatar\/e3910865dd6dd234bb1c879de4adc5ee.jpg?s=48&d=https%3A%2F%2Fslack.global.ssl.fastly.net%2F66f9%2Fimg%2Favatars%2Fava_0017-48.png",
            "image_72": "https:\/\/secure.gravatar.com\/avatar\/e3910865dd6dd234bb1c879de4adc5ee.jpg?s=72&d=https%3A%2F%2Fslack.global.ssl.fastly.net%2F66f9%2Fimg%2Favatars%2Fava_0017-72.png",
            "image_192": "https:\/\/secure.gravatar.com\/avatar\/e3910865dd6dd234bb1c879de4adc5ee.jpg?s=192&d=https%3A%2F%2Fslack.global.ssl.fastly.net%2F66f9%2Fimg%2Favatars%2Fava_0017.png"
        },
        "is_admin": true,
        "is_owner": false,
        "is_primary_owner": false,
        "is_restricted": false,
        "is_ultra_restricted": false,
        "is_bot": false
    },
    {
        "id": "U04U6FCFE",
        "name": "kevink",
        "deleted": false,
        "status": null,
        "color": "e7392d",
        "real_name": "Kevin Kennedy",
        "tz": "Europe\/London",
        "tz_label": "British Summer Time",
        "tz_offset": 3600,
        "profile": {
            "first_name": "Kevin",
            "last_name": "Kennedy",
            "real_name": "Kevin Kennedy",
            "real_name_normalized": "Kevin Kennedy",
            "email": "kevin.kennedy@ucdconnect.ie",
            "image_24": "https:\/\/secure.gravatar.com\/avatar\/231bd0f0ea7550eeee9a6e492af1c105.jpg?s=24&d=https%3A%2F%2Fslack.global.ssl.fastly.net%2F66f9%2Fimg%2Favatars%2Fava_0020-24.png",
            "image_32": "https:\/\/secure.gravatar.com\/avatar\/231bd0f0ea7550eeee9a6e492af1c105.jpg?s=32&d=https%3A%2F%2Fslack.global.ssl.fastly.net%2F66f9%2Fimg%2Favatars%2Fava_0020-32.png",
            "image_48": "https:\/\/secure.gravatar.com\/avatar\/231bd0f0ea7550eeee9a6e492af1c105.jpg?s=48&d=https%3A%2F%2Fslack.global.ssl.fastly.net%2F66f9%2Fimg%2Favatars%2Fava_0020-48.png",
            "image_72": "https:\/\/secure.gravatar.com\/avatar\/231bd0f0ea7550eeee9a6e492af1c105.jpg?s=72&d=https%3A%2F%2Fslack.global.ssl.fastly.net%2F66f9%2Fimg%2Favatars%2Fava_0020-72.png",
            "image_192": "https:\/\/secure.gravatar.com\/avatar\/231bd0f0ea7550eeee9a6e492af1c105.jpg?s=192&d=https%3A%2F%2Fslack.global.ssl.fastly.net%2F3654%2Fimg%2Favatars%2Fava_0020.png"
        },
        "is_admin": true,
        "is_owner": false,
        "is_primary_owner": false,
        "is_restricted": false,
        "is_ultra_restricted": false,
        "is_bot": false
    },
    {
        "id": "U050DA5Q1",
        "name": "larry",
        "deleted": false,
        "status": null,
        "color": "674b1b",
        "real_name": "Larry",
        "tz": "Europe\/London",
        "tz_label": "British Summer Time",
        "tz_offset": 3600,
        "profile": {
            "first_name": "Larry",
            "last_name": "",
            "title": "",
            "skype": "larryoshea",
            "phone": "0868209940",
            "real_name": "Larry",
            "real_name_normalized": "Larry",
            "email": "laurence.o-shea@ucdconnect.ie",
            "image_24": "https:\/\/secure.gravatar.com\/avatar\/838e23fba7715fe7a977322fa7c42c1b.jpg?s=24&d=https%3A%2F%2Fslack.global.ssl.fastly.net%2F66f9%2Fimg%2Favatars%2Fava_0001-24.png",
            "image_32": "https:\/\/secure.gravatar.com\/avatar\/838e23fba7715fe7a977322fa7c42c1b.jpg?s=32&d=https%3A%2F%2Fslack.global.ssl.fastly.net%2F66f9%2Fimg%2Favatars%2Fava_0001-32.png",
            "image_48": "https:\/\/secure.gravatar.com\/avatar\/838e23fba7715fe7a977322fa7c42c1b.jpg?s=48&d=https%3A%2F%2Fslack.global.ssl.fastly.net%2F66f9%2Fimg%2Favatars%2Fava_0001-48.png",
            "image_72": "https:\/\/secure.gravatar.com\/avatar\/838e23fba7715fe7a977322fa7c42c1b.jpg?s=72&d=https%3A%2F%2Fslack.global.ssl.fastly.net%2F3654%2Fimg%2Favatars%2Fava_0001-72.png",
            "image_192": "https:\/\/secure.gravatar.com\/avatar\/838e23fba7715fe7a977322fa7c42c1b.jpg?s=192&d=https%3A%2F%2Fslack.global.ssl.fastly.net%2F3654%2Fimg%2Favatars%2Fava_0001.png"
        },
        "is_admin": true,
        "is_owner": false,
        "is_primary_owner": false,
        "is_restricted": false,
        "is_ultra_restricted": false,
        "is_bot": false
    },
    {
        "id": "U04UQLQPP",
        "name": "neilgrogan",
        "deleted": false,
        "status": "here now",
        "color": "9f69e7",
        "real_name": "Neil Grogan",
        "tz": "Europe\/London",
        "tz_label": "British Summer Time",
        "tz_offset": 3600,
        "profile": {
            "image_24": "https:\/\/s3-us-west-2.amazonaws.com\/slack-files2\/avatars\/2015-05-19\/4976981323_8275a6a686f57ab0a129_24.jpg",
            "image_32": "https:\/\/s3-us-west-2.amazonaws.com\/slack-files2\/avatars\/2015-05-19\/4976981323_8275a6a686f57ab0a129_32.jpg",
            "image_48": "https:\/\/s3-us-west-2.amazonaws.com\/slack-files2\/avatars\/2015-05-19\/4976981323_8275a6a686f57ab0a129_48.jpg",
            "image_72": "https:\/\/s3-us-west-2.amazonaws.com\/slack-files2\/avatars\/2015-05-19\/4976981323_8275a6a686f57ab0a129_72.jpg",
            "image_192": "https:\/\/s3-us-west-2.amazonaws.com\/slack-files2\/avatars\/2015-05-19\/4976981323_8275a6a686f57ab0a129_72.jpg",
            "image_original": "https:\/\/s3-us-west-2.amazonaws.com\/slack-files2\/avatars\/2015-05-19\/4976981323_8275a6a686f57ab0a129_original.jpg",
            "first_name": "Neil",
            "last_name": "Grogan",
            "title": "Software Enginer @ Ericsson",
            "skype": "dueyfinster",
            "phone": "",
            "real_name": "Neil Grogan",
            "real_name_normalized": "Neil Grogan",
            "email": "neil.grogan@ucdconnect.ie"
        },
        "is_admin": true,
        "is_owner": true,
        "is_primary_owner": true,
        "is_restricted": false,
        "is_ultra_restricted": false,
        "is_bot": false
    }
]