[
    {
        "type": "message",
        "user": "U050DA5Q1",
        "text": "Finally emailed about survey to work - for the beta VM so don't change beta for the moment. I'll run survey again middle of next week",
        "ts": "1438431784.000017"
    },
    {
        "type": "message",
        "user": "U050DA5Q1",
        "text": "send to about 10 people ... but i could do for 60 or 70 later",
        "ts": "1438431815.000018"
    },
    {
        "type": "message",
        "user": "U04UVKDC1",
        "text": "If I change it Larry it will only be bug fixes",
        "edited": {
            "user": "U04UVKDC1",
            "ts": "1438432809.000000"
        },
        "ts": "1438432780.000019"
    },
    {
        "type": "message",
        "user": "U050DA5Q1",
        "text": "Understand ... what can we do except follow the lean process .. I'm hoping users will say they prefer the overlay .. if not and we don't have time to change we'll probably just say that its next on our roadmap or something. A real website wouldn't have the artificial deadline we do ..",
        "ts": "1438433185.000021"
    },
    {
        "type": "message",
        "user": "U04UVKDC1",
        "text": "yes lets see, can we all try to get any opinions and decide tomorrow night",
        "ts": "1438433288.000022"
    },
    {
        "type": "message",
        "user": "U04UVKDC1",
        "text": "I have to put in a few fixes today to it",
        "ts": "1438433310.000023"
    },
    {
        "type": "message",
        "user": "U050DA5Q1",
        "text": "OK cool for anyone i know who completes survey on beta today i'll show them overlay to see which is better. I'll lead the witness like - this great overlay is better than the old rubbish way right :simple_smile:",
        "ts": "1438433405.000024"
    },
    {
        "type": "message",
        "user": "U04UVKDC1",
        "text": "ya cool",
        "ts": "1438433461.000025"
    }
]