[
    {
        "type": "message",
        "user": "U050DA5Q1",
        "text": "FYI online PEP8 (python stype \u201cguide\u201d)  <http:\/\/pep8online.com\/checkresult>",
        "ts": "1436389277.000008"
    },
    {
        "type": "message",
        "user": "U050DA5Q1",
        "text": "<http:\/\/pep8online.com\/>",
        "attachments": [
            {
                "text": "PEP8 online checker",
                "fallback": "PEP8 online checker",
                "from_url": "http:\/\/pep8online.com\/",
                "id": 1
            }
        ],
        "ts": "1436391139.000009"
    },
    {
        "type": "message",
        "subtype": "file_share",
        "text": "<@U04UVKDC1|garryd> uploaded a file: <https:\/\/ucdproj.slack.com\/files\/garryd\/F07C229AA\/pasted_image_at_2015_07_08_11_14_pm.png|Pasted image at 2015-07-08, 11:14 PM> and commented: you probably know this but pycharm can check as well ",
        "file": {
            "id": "F07C229AA",
            "created": 1436393703,
            "timestamp": 1436393703,
            "name": "Pasted image at 2015_07_08 11_14 PM.png",
            "title": "Pasted image at 2015-07-08, 11:14 PM",
            "mimetype": "image\/png",
            "filetype": "png",
            "pretty_type": "PNG",
            "user": "U04UVKDC1",
            "editable": false,
            "size": 120226,
            "mode": "hosted",
            "is_external": false,
            "external_type": "",
            "is_public": true,
            "public_url_shared": false,
            "display_as_bot": false,
            "username": "",
            "url": "https:\/\/slack-files.com\/files-pub\/T04UQLQPK-F07C229AA-71838ca39e\/pasted_image_at_2015_07_08_11_14_pm.png",
            "url_download": "https:\/\/slack-files.com\/files-pub\/T04UQLQPK-F07C229AA-71838ca39e\/download\/pasted_image_at_2015_07_08_11_14_pm.png",
            "url_private": "https:\/\/files.slack.com\/files-pri\/T04UQLQPK-F07C229AA\/pasted_image_at_2015_07_08_11_14_pm.png",
            "url_private_download": "https:\/\/files.slack.com\/files-pri\/T04UQLQPK-F07C229AA\/download\/pasted_image_at_2015_07_08_11_14_pm.png",
            "thumb_64": "https:\/\/slack-files.com\/files-tmb\/T04UQLQPK-F07C229AA-fdc84b32a3\/pasted_image_at_2015_07_08_11_14_pm_64.png",
            "thumb_80": "https:\/\/slack-files.com\/files-tmb\/T04UQLQPK-F07C229AA-fdc84b32a3\/pasted_image_at_2015_07_08_11_14_pm_80.png",
            "thumb_360": "https:\/\/slack-files.com\/files-tmb\/T04UQLQPK-F07C229AA-fdc84b32a3\/pasted_image_at_2015_07_08_11_14_pm_360.png",
            "thumb_360_w": 360,
            "thumb_360_h": 210,
            "thumb_480": "https:\/\/slack-files.com\/files-tmb\/T04UQLQPK-F07C229AA-fdc84b32a3\/pasted_image_at_2015_07_08_11_14_pm_480.png",
            "thumb_480_w": 480,
            "thumb_480_h": 280,
            "thumb_160": "https:\/\/slack-files.com\/files-tmb\/T04UQLQPK-F07C229AA-fdc84b32a3\/pasted_image_at_2015_07_08_11_14_pm_160.png",
            "thumb_720": "https:\/\/slack-files.com\/files-tmb\/T04UQLQPK-F07C229AA-fdc84b32a3\/pasted_image_at_2015_07_08_11_14_pm_720.png",
            "thumb_720_w": 720,
            "thumb_720_h": 420,
            "thumb_960": "https:\/\/slack-files.com\/files-tmb\/T04UQLQPK-F07C229AA-fdc84b32a3\/pasted_image_at_2015_07_08_11_14_pm_960.png",
            "thumb_960_w": 960,
            "thumb_960_h": 561,
            "thumb_1024": "https:\/\/slack-files.com\/files-tmb\/T04UQLQPK-F07C229AA-fdc84b32a3\/pasted_image_at_2015_07_08_11_14_pm_1024.png",
            "thumb_1024_w": 1024,
            "thumb_1024_h": 598,
            "image_exif_rotation": 1,
            "permalink": "https:\/\/ucdproj.slack.com\/files\/garryd\/F07C229AA\/pasted_image_at_2015_07_08_11_14_pm.png",
            "permalink_public": "https:\/\/slack-files.com\/T04UQLQPK-F07C229AA-71838ca39e",
            "channels": [
                "C0528LFLH"
            ],
            "groups": [],
            "ims": [],
            "comments_count": 1,
            "initial_comment": {
                "id": "Fc07C22A81",
                "created": 1436393709,
                "timestamp": 1436393709,
                "user": "U04UVKDC1",
                "comment": "you probably know this but pycharm can check as well "
            }
        },
        "user": "U04UVKDC1",
        "upload": true,
        "display_as_bot": false,
        "username": "<@U04UVKDC1|garryd>",
        "bot_id": null,
        "ts": "1436393709.000011"
    }
]