[
    {
        "type": "message",
        "user": "U050DA5Q1",
        "text": "GIT very good <https:\/\/www.atlassian.com\/git\/tutorials\/>",
        "attachments": [
            {
                "service_name": "Atlassian Git Tutorial",
                "title": "Git Tutorials and Training",
                "title_link": "https:\/\/www.atlassian.com\/git\/tutorials\/",
                "text": "Learn the basics of Git through this comprehensive Git training. Branching, pull requests, merging and more are covered in the Atlassian Git tutorial.",
                "fallback": "Atlassian Git Tutorial: Git Tutorials and Training",
                "from_url": "https:\/\/www.atlassian.com\/git\/tutorials\/",
                "id": 1
            }
        ],
        "ts": "1435522129.000002"
    }
]