[
    {
        "type": "message",
        "user": "U050DA5Q1",
        "text": "Meeting tonight at 9 as usual",
        "ts": "1437043573.000033"
    },
    {
        "type": "message",
        "user": "U050DA5Q1",
        "text": "FYI I'm off work tomorrow as usual so should be able to get my stuff done, but will have less time on Sat and Sunday (family thing) will be online in the evenings",
        "ts": "1437043679.000034"
    },
    {
        "type": "message",
        "user": "U050DA5Q1",
        "text": "Hi I'm stuck at work so have to miss meeting ... I'll sync up with Neil later .. I'm off tomorrow so will be working on stuff then",
        "ts": "1437076161.000035"
    }
]