[
    {
        "type": "message",
        "user": "U050DA5Q1",
        "text": "Garry are you alive ? No pushes today I'm worried :simple_smile:",
        "ts": "1439572299.000011"
    },
    {
        "type": "message",
        "user": "U04UQLQPP",
        "text": "Yeah . We done?!?",
        "ts": "1439577808.000012"
    },
    {
        "type": "message",
        "user": "U04UVKDC1",
        "text": "What do ye think, have ye tested",
        "ts": "1439577917.000013"
    },
    {
        "type": "message",
        "user": "U04UVKDC1",
        "text": "A few things I think we should filter in ui",
        "ts": "1439577938.000014"
    },
    {
        "type": "message",
        "user": "U050DA5Q1",
        "text": "run through at 8.30",
        "ts": "1439579494.000015"
    },
    {
        "type": "message",
        "user": "U050DA5Q1",
        "text": "We can discuss any changes after demo tomorrow",
        "ts": "1439579525.000016"
    }
]