[
    {
        "type": "message",
        "user": "U050DA5Q1",
        "text": "FYI I'll have survey feedback today from work .. was waiting for demo to finish",
        "ts": "1438082078.000009"
    },
    {
        "type": "message",
        "user": "U04U6FCFE",
        "text": ":thumbsup:",
        "ts": "1438082428.000010"
    },
    {
        "type": "message",
        "user": "U050DA5Q1",
        "text": "meeting at  9 as usuak",
        "ts": "1438106083.000011"
    },
    {
        "type": "message",
        "user": "U050DA5Q1",
        "text": "usual",
        "ts": "1438106086.000012"
    }
]