[
    {
        "type": "message",
        "user": "U04UQLQPP",
        "text": "Synced with Larry after ",
        "ts": "1437236820.000036"
    },
    {
        "type": "message",
        "user": "U04UQLQPP",
        "text": "Will be at tomorrow nights meeting at 9, can't make tonights ",
        "ts": "1437236855.000037"
    },
    {
        "type": "message",
        "user": "U050DA5Q1",
        "text": "Hi Guys - Neil and Garry can\u2019t make tonight ,, so cancelling tonight unless any objections. Tomorrow night meeting will be 8pm (again shout if a problem) as we will probably have a lot to get though. Retro + Plan to the end \u2026 I\u2019ll sync up with Kevin as I know Sunday is a problem for him .. Cheers",
        "ts": "1437238762.000038"
    },
    {
        "type": "message",
        "user": "U04U6FCFE",
        "text": "<@U050DA5Q1>:  that fine. do you wanna do a hangout this evening?",
        "ts": "1437238843.000039"
    },
    {
        "type": "message",
        "user": "U04U6FCFE",
        "text": "or will we catch up tomorrow afternoon?",
        "ts": "1437239749.000040"
    },
    {
        "type": "message",
        "user": "U050DA5Q1",
        "text": "yeah i guess this evening would be cool as i can\u2019t do tomorrow .. when suits you",
        "ts": "1437240360.000041"
    },
    {
        "type": "message",
        "user": "U04U6FCFE",
        "text": "7pm?",
        "ts": "1437241336.000042"
    },
    {
        "type": "message",
        "user": "U050DA5Q1",
        "text": "yeah cool",
        "ts": "1437241468.000043"
    }
]