[
    {
        "type": "message",
        "user": "U050DA5Q1",
        "text": "1. By latest Monday, 27\/07\/15: Please submit the drafts of your Business and System Reports (to your team github repo). These will not be graded, but will allow us to give you feedback during the lab.\n2. On Tuesday's lab, 28\/07\/15: Show-and-tell of your demo prototype, 10 minutes for each team. This is a live demo of the functionality\/features of your system (no slides).",
        "ts": "1437488405.000003"
    },
    {
        "type": "message",
        "user": "U050DA5Q1",
        "text": "From Georgina - should be fine",
        "ts": "1437488417.000004"
    },
    {
        "type": "message",
        "user": "U050DA5Q1",
        "text": "meeting at 9pm as usual",
        "ts": "1437500176.000005"
    }
]