[
    {
        "type": "message",
        "user": "U050DA5Q1",
        "text": "<!channel>: hangout is 1.20pm",
        "ts": "1436875524.000017"
    },
    {
        "type": "message",
        "user": "U04UQLQPP",
        "text": "<https:\/\/plus.google.com\/hangouts\/_\/gw4f23ouuo3l4mzquaolzwwfp4a> &lt;- link for 1:20",
        "ts": "1436875557.000018"
    },
    {
        "type": "message",
        "user": "U04U6FCFE",
        "text": "spy!!!",
        "ts": "1436876920.000019"
    },
    {
        "type": "message",
        "user": "U04UVKDC1",
        "text": "ya seen him",
        "ts": "1436876944.000020"
    },
    {
        "type": "message",
        "user": "U04U6FCFE",
        "text": "should we ask him to leave??@everyone",
        "ts": "1436877151.000021"
    },
    {
        "type": "message",
        "user": "U04U6FCFE",
        "text": "<!channel>:",
        "ts": "1436877165.000022"
    },
    {
        "type": "message",
        "user": "U050DA5Q1",
        "text": "<!channel>: meeting tonight as usual",
        "ts": "1436877820.000023"
    },
    {
        "type": "message",
        "user": "U050DA5Q1",
        "text": "9pm",
        "ts": "1436877823.000024"
    },
    {
        "type": "message",
        "user": "U04U6FCFE",
        "text": ":thumbsup:",
        "ts": "1436877836.000025"
    },
    {
        "type": "message",
        "user": "U04UVKDC1",
        "text": "<!channel>: not sure I can make it to meeting tonight if I am not on time, please go ahead without me, cheers.",
        "ts": "1436878121.000026"
    },
    {
        "type": "message",
        "user": "U050DA5Q1",
        "text": "NP cheers",
        "ts": "1436878145.000027"
    }
]