[
    {
        "type": "message",
        "user": "U050DA5Q1",
        "text": "@ev",
        "ts": "1438358794.000014"
    },
    {
        "type": "message",
        "subtype": "file_share",
        "text": "<@U050DA5Q1|larry> uploaded a file: <https:\/\/ucdproj.slack.com\/files\/larry\/F08EDFHNX\/update.txt|Update>",
        "file": {
            "id": "F08EDFHNX",
            "created": 1438359387,
            "timestamp": 1438359387,
            "name": "Update.txt",
            "title": "Update",
            "mimetype": "text\/plain",
            "filetype": "text",
            "pretty_type": "Plain Text",
            "user": "U050DA5Q1",
            "editable": true,
            "size": 988,
            "mode": "snippet",
            "is_external": false,
            "external_type": "",
            "is_public": true,
            "public_url_shared": false,
            "display_as_bot": false,
            "username": "",
            "url": "https:\/\/slack-files.com\/files-pub\/T04UQLQPK-F08EDFHNX-4fee77eb88\/update.txt",
            "url_download": "https:\/\/slack-files.com\/files-pub\/T04UQLQPK-F08EDFHNX-4fee77eb88\/download\/update.txt",
            "url_private": "https:\/\/files.slack.com\/files-pri\/T04UQLQPK-F08EDFHNX\/update.txt",
            "url_private_download": "https:\/\/files.slack.com\/files-pri\/T04UQLQPK-F08EDFHNX\/download\/update.txt",
            "permalink": "https:\/\/ucdproj.slack.com\/files\/larry\/F08EDFHNX\/update.txt",
            "permalink_public": "https:\/\/slack-files.com\/T04UQLQPK-F08EDFHNX-4fee77eb88",
            "edit_link": "https:\/\/ucdproj.slack.com\/files\/larry\/F08EDFHNX\/update.txt\/edit",
            "preview": "@channel: so from meeting yesterday we went through GUI stuff. Problem discussed is that users don't know what the point of signing in via twitter and what they get. Also for the cogwheel - first time users won't know to click on it. Some possible solutions like different twitter icon, twitter signin page, different icon for topics. \nAlso Neil shared a cool Twitter widget that Garry has already started adding.\n\nActions were \n* we would look at icons, \n* GD take out the main text on the home page\n* LOS don't include latest articles in list of personal\n* LOS increase number of latest to 20 (now configureable)\n\nIn general:",
            "preview_highlight": "<div class=\"sssh-code\"><div class=\"sssh-line\"><pre>@channel: so from meeting yesterday we went through GUI stuff. Problem discussed is that users don't know what the point of signing in via twitter and what they get. Also for the cogwheel - first time users won't know to click on it. Some possible solutions like different twitter icon, twitter signin page, different icon for topics. \r<\/pre><\/div>\n<div class=\"sssh-line\"><pre>Also Neil shared a cool Twitter widget that Garry has already started adding.\r<\/pre><\/div>\n<div class=\"sssh-line\"><pre>\r<\/pre><\/div>\n<div class=\"sssh-line\"><pre>Actions were \r<\/pre><\/div>\n<div class=\"sssh-line\"><pre>* we would look at icons, \r<\/pre><\/div>\n<div class=\"sssh-line\"><pre>* GD take out the main text on the home page\r<\/pre><\/div>\n<div class=\"sssh-line\"><pre>* LOS don't include latest articles in list of personal\r<\/pre><\/div>\n<div class=\"sssh-line\"><pre>* LOS increase number of latest to 20 (now configureable)\r<\/pre><\/div>\n<div class=\"sssh-line\"><pre>\r<\/pre><\/div>\n<div class=\"sssh-line\"><pre>In general:\r<\/pre><\/div>\n<\/div>",
            "lines": 22,
            "lines_more": 12,
            "channels": [
                "C0528LFLH"
            ],
            "groups": [],
            "ims": [],
            "comments_count": 0
        },
        "user": "U050DA5Q1",
        "upload": true,
        "display_as_bot": false,
        "username": "<@U050DA5Q1|larry>",
        "bot_id": null,
        "ts": "1438359387.000015"
    },
    {
        "type": "message",
        "user": "U04U6FCFE",
        "text": "cheers larry",
        "ts": "1438370403.000016"
    }
]