[
    {
        "type": "message",
        "user": "U050DA5Q1",
        "text": "meeting at 9 tonight - Saturday",
        "ts": "1436621974.000013"
    },
    {
        "type": "message",
        "user": "U04UQLQPP",
        "text": "won\u2019t make tonight, Larry will fill me in, have discussed with him status",
        "ts": "1436634303.000014"
    },
    {
        "type": "message",
        "user": "U050DA5Q1",
        "text": "Grand - we think we\u2019ll have another meeting tomorrow at 9 - both can be quick.",
        "ts": "1436634389.000015"
    }
]