[
    {
        "type": "message",
        "user": "U050DA5Q1",
        "text": "Meeting at 9 - I thinking going through same list again will be good - might be stuck at work but hopefuly won't miss it",
        "ts": "1438709116.000034"
    },
    {
        "type": "message",
        "user": "U04UVKDC1",
        "text": "Can't make tonight's meeting",
        "ts": "1438712155.000035"
    },
    {
        "type": "message",
        "subtype": "file_share",
        "text": "<@U050DA5Q1|larry> shared a file: <https:\/\/ucdproj.slack.com\/files\/larry\/F08KBDU5V\/Very_rough_minutes_-_may_have_missed_stuff|Very rough minutes - may have missed stuff>",
        "file": {
            "id": "F08KBDU5V",
            "created": 1438730369,
            "timestamp": 1438730369,
            "name": "Very_rough_minutes_-_may_have_missed_stuff",
            "title": "Very rough minutes - may have missed stuff",
            "mimetype": "text\/plain",
            "filetype": "space",
            "pretty_type": "Space",
            "user": "U050DA5Q1",
            "editable": true,
            "size": 1019,
            "mode": "space",
            "is_external": false,
            "external_type": "",
            "is_public": true,
            "public_url_shared": false,
            "display_as_bot": false,
            "username": "",
            "url": "https:\/\/slack-files.com\/files-pub\/T04UQLQPK-F08KBDU5V-096cc35f59\/Very_rough_minutes_-_may_have_missed_stuff",
            "url_download": "https:\/\/slack-files.com\/files-pub\/T04UQLQPK-F08KBDU5V-096cc35f59\/download\/Very_rough_minutes_-_may_have_missed_stuff",
            "url_private": "https:\/\/files.slack.com\/files-pri\/T04UQLQPK-F08KBDU5V\/Very_rough_minutes_-_may_have_missed_stuff",
            "url_private_download": "https:\/\/files.slack.com\/files-pri\/T04UQLQPK-F08KBDU5V\/download\/Very_rough_minutes_-_may_have_missed_stuff",
            "permalink": "https:\/\/ucdproj.slack.com\/files\/larry\/F08KBDU5V\/Very_rough_minutes_-_may_have_missed_stuff",
            "permalink_public": "https:\/\/slack-files.com\/T04UQLQPK-F08KBDU5V-096cc35f59",
            "preview": "<document><ul class=\"list\"><li>UI<\/li><\/ul><p>Garry working on it - looking good. Garry to have twitter search so we can ask users (news now that that may not be possible) (LOS note: for me core stuff is more important anyway)<\/p><p>Garry and Neil to working on landing page soon.<\/p><p>Igor was working on the bug that save topics doesn&#39;t reload articles - Igor can you update us pls - this is a very important bug and stopping us doing surveys Cheers<\/p><ul class=\"list\"><li>Ranking<\/li><\/ul><\/document>",
            "updated": 1438731253,
            "channels": [
                "C0528LFLH"
            ],
            "groups": [],
            "ims": [],
            "comments_count": 0
        },
        "user": "U050DA5Q1",
        "upload": false,
        "display_as_bot": false,
        "username": "<@U050DA5Q1|larry>",
        "bot_id": null,
        "ts": "1438731271.000036"
    }
]