[
    {
        "user": "U04UQLQPP",
        "type": "message",
        "subtype": "channel_join",
        "text": "<@U04UQLQPP|neilgrogan> has joined the channel",
        "ts": "1432647568.000002"
    },
    {
        "user": "U04UQLQPP",
        "old_name": "communication",
        "name": "comms",
        "type": "message",
        "subtype": "channel_name",
        "text": "<@U04UQLQPP|neilgrogan> has renamed the channel from \"communication\" to \"comms\"",
        "ts": "1432647770.000003"
    },
    {
        "user": "U050DA5Q1",
        "type": "message",
        "subtype": "channel_join",
        "text": "<@U050DA5Q1|larry> has joined the channel",
        "ts": "1432674941.000002"
    }
]