[
    {
        "type": "message",
        "subtype": "file_share",
        "text": "<@U050DA5Q1|larry> shared a file: <https:\/\/ucdproj.slack.com\/files\/larry\/F095C882G\/Change_almost_done|Change almost done>",
        "file": {
            "id": "F095C882G",
            "created": 1439681902,
            "timestamp": 1439681902,
            "name": "Change_almost_done",
            "title": "Change almost done",
            "mimetype": "text\/plain",
            "filetype": "space",
            "pretty_type": "Space",
            "user": "U050DA5Q1",
            "editable": true,
            "size": 1264,
            "mode": "space",
            "is_external": false,
            "external_type": "",
            "is_public": true,
            "public_url_shared": false,
            "display_as_bot": false,
            "username": "",
            "url": "https:\/\/slack-files.com\/files-pub\/T04UQLQPK-F095C882G-953d2ba2fe\/Change_almost_done",
            "url_download": "https:\/\/slack-files.com\/files-pub\/T04UQLQPK-F095C882G-953d2ba2fe\/download\/Change_almost_done",
            "url_private": "https:\/\/files.slack.com\/files-pri\/T04UQLQPK-F095C882G\/Change_almost_done",
            "url_private_download": "https:\/\/files.slack.com\/files-pri\/T04UQLQPK-F095C882G\/download\/Change_almost_done",
            "permalink": "https:\/\/ucdproj.slack.com\/files\/larry\/F095C882G\/Change_almost_done",
            "permalink_public": "https:\/\/slack-files.com\/T04UQLQPK-F095C882G-953d2ba2fe",
            "preview": "<document><p>Just almost finished testing .. will post and deploy shortly. The behaviour we saw was due to a couple of bugs. There was more to it than i thought. You should always see the correct number of articles now in the personal side. One of the nastier bugs was that if user selected EG Uber topic which only matches 4 articles we didn&#39;t fill with 6 more highest ranking default. I&#39;ve done a fair bit of testing .. just want to be really sure with it<\/p><p>Changes (all in same function in views)<\/p><p>* store more articles that we need to display (just changing number)<\/p><p>* get more UserArticles than need to be displayed (so that if we don\u2019t display article because it\u2019s in \u201clatest articles\u201d we have more articles to display). This fixes the issue of an article being in latest and UserArticles - hence less Articles displayed in Personal.<\/p><p>* If UserArticles total is less than required for display, fill with highest ranking default articles (this can be tested with topic Uber)<\/p><\/document>",
            "updated": 1439682076,
            "channels": [
                "C0528LFLH"
            ],
            "groups": [],
            "ims": [],
            "comments_count": 0
        },
        "user": "U050DA5Q1",
        "upload": false,
        "display_as_bot": false,
        "username": "<@U050DA5Q1|larry>",
        "bot_id": null,
        "ts": "1439682047.000017"
    }
]