[
    {
        "type": "message",
        "user": "U050DA5Q1",
        "text": "Marking Scheme Reminder:\n* Mid term presentation \t5 (Done A)\n* Final presentation \t\t10\n* Business model canvas \t10\n* Demo\tpaper \t\t\t15\n* Demo\tprototype \t\t40\n* Jazz\t \t\t\t20  (perform\texcellently in one or more aspects)",
        "ts": "1439453341.000004"
    },
    {
        "type": "message",
        "user": "U050DA5Q1",
        "text": "FYI Docs need to be uploaded tonight for comments on Sat . Business paper is OK .. Demo paper needs an update. I'll work on Demo paper when i've updated the slides",
        "ts": "1439453518.000005"
    },
    {
        "type": "message",
        "user": "U050DA5Q1",
        "text": "Marking wise the papers are more important than the presentation - Brian emphasised that too when i was chatting with him",
        "ts": "1439453581.000006"
    },
    {
        "type": "message",
        "user": "U050DA5Q1",
        "text": "I think we're in really good shape, we just need to maximise our marks at this stage",
        "ts": "1439453638.000007"
    },
    {
        "type": "message",
        "user": "U04UQLQPP",
        "text": "yeah me too",
        "ts": "1439463296.000008"
    },
    {
        "type": "message",
        "user": "U050DA5Q1",
        "text": "Me and Kevin will present the parts for Saturday tomorrow at 8",
        "ts": "1439502853.000009"
    },
    {
        "type": "message",
        "user": "U04UVKDC1",
        "text": "great stuff lads",
        "ts": "1439502881.000010"
    }
]