[
    {
        "type": "message",
        "user": "U050DA5Q1",
        "text": "Meeting at 9 tonight",
        "ts": "1438532769.000026"
    },
    {
        "type": "message",
        "subtype": "file_share",
        "text": "<@U050DA5Q1|larry> shared a file: <https:\/\/ucdproj.slack.com\/files\/larry\/F08FWQ4PL\/meeting|Meeting>",
        "file": {
            "id": "F08FWQ4PL",
            "created": 1438543004,
            "timestamp": 1438543004,
            "name": "Meeting",
            "title": "Meeting",
            "mimetype": "text\/plain",
            "filetype": "space",
            "pretty_type": "Space",
            "user": "U050DA5Q1",
            "editable": true,
            "size": 712,
            "mode": "space",
            "is_external": false,
            "external_type": "",
            "is_public": true,
            "public_url_shared": false,
            "display_as_bot": false,
            "username": "",
            "url": "https:\/\/slack-files.com\/files-pub\/T04UQLQPK-F08FWQ4PL-f4a5906bf0\/meeting",
            "url_download": "https:\/\/slack-files.com\/files-pub\/T04UQLQPK-F08FWQ4PL-f4a5906bf0\/download\/meeting",
            "url_private": "https:\/\/files.slack.com\/files-pri\/T04UQLQPK-F08FWQ4PL\/meeting",
            "url_private_download": "https:\/\/files.slack.com\/files-pri\/T04UQLQPK-F08FWQ4PL\/download\/meeting",
            "permalink": "https:\/\/ucdproj.slack.com\/files\/larry\/F08FWQ4PL\/meeting",
            "permalink_public": "https:\/\/slack-files.com\/T04UQLQPK-F08FWQ4PL-f4a5906bf0",
            "preview": "<document><p>Hi, a lot to talk about .. we can maybe go through in this order<\/p><ul class=\"list\"><li><b>Ranking<\/b><\/li><li><b>UI<\/b><\/li><li><b>Twitter in UI<\/b><\/li><li><b>Possible UI change to have front page with twitter sign in<\/b><\/li><\/ul><\/document>",
            "updated": 1438543093,
            "channels": [
                "C0528LFLH"
            ],
            "groups": [],
            "ims": [],
            "comments_count": 0
        },
        "user": "U050DA5Q1",
        "upload": false,
        "display_as_bot": false,
        "username": "<@U050DA5Q1|larry>",
        "bot_id": null,
        "ts": "1438543100.000027"
    },
    {
        "type": "message",
        "user": "U04UQLQPP",
        "text": "rest of note is not loading for me when I click on more",
        "ts": "1438543453.000028"
    },
    {
        "type": "message",
        "user": "U04UQLQPP",
        "text": "see it in website",
        "ts": "1438543492.000029"
    },
    {
        "type": "message",
        "user": "U04UQLQPP",
        "text": "Ranking\n    UI\n    Twitter in UI\n    Possible UI change to have front page with twitter sign in\n    Testing and user feedback\n    Business Paper\n    Demo Paper\n    Final Presentation (slides + presentation)",
        "ts": "1438543499.000030"
    },
    {
        "type": "message",
        "user": "U050DA5Q1",
        "text": "cheers",
        "ts": "1438543536.000031"
    },
    {
        "type": "message",
        "user": "U050DA5Q1",
        "text": "<@U04U63G46>: <@U04UVKDC1> i\u2019ve just pushed that - i\u2019ve just commented out the old user function and new user fn is a copy of what is in home function (with small order changes). FYI for Igor the only real change recently was in set_topics_and_articles_for_user as checkbox data is now in json. So topic save works fine in new user, but articles are not reloaded. Change the new user however you need",
        "ts": "1438560553.000032"
    }
]