[
    {
        "type": "message",
        "user": "U050DA5Q1",
        "text": "i've re-orged the tech section of demo paper - I think it flows way better now (it was a bit of a crazy mash up before). I will add the DB diagram later.",
        "ts": "1439800316.000023"
    },
    {
        "type": "message",
        "user": "U04UQLQPP",
        "text": "I\u2019ll review later on Larry, few meetings this morning",
        "ts": "1439801661.000024"
    },
    {
        "type": "message",
        "user": "U04UVKDC1",
        "text": "<@U04UQLQPP>:  can we meet after work to close of docs",
        "ts": "1439806057.000025"
    },
    {
        "type": "message",
        "user": "U050DA5Q1",
        "text": "Me and Kevin need to be involved too - I have updates planned for the Demo Paper - so it may not be 100% closed tonight",
        "ts": "1439806229.000026"
    },
    {
        "type": "message",
        "user": "U050DA5Q1",
        "text": "but improve it by all means - i'm going to rewrite the User section in the Demo Paper to be what Brian wants - so leave that for me. I also plan to update the Tech section (DB Diag + I've used Figure X ignore that). Also someone needs to add about copyright in the Integration section",
        "ts": "1439806447.000027"
    },
    {
        "type": "message",
        "user": "U04UVKDC1",
        "text": "okay we will do a hangout later, when we are reviewing to close it off",
        "ts": "1439808509.000028"
    },
    {
        "type": "message",
        "user": "U050DA5Q1",
        "text": "The Demo paper won't be finished finished today",
        "ts": "1439808951.000029"
    },
    {
        "type": "message",
        "user": "U050DA5Q1",
        "text": "We'll be very close - some final touches will be needed Wed at least",
        "ts": "1439809070.000030"
    },
    {
        "type": "message",
        "user": "U050DA5Q1",
        "text": "Business paper should be finished today Kevin says",
        "ts": "1439809133.000031"
    },
    {
        "type": "message",
        "user": "U04UVKDC1",
        "text": "okay we will do review  anyway this evening with a view to getting as much closed off as possible",
        "ts": "1439809485.000032"
    },
    {
        "type": "message",
        "user": "U050DA5Q1",
        "text": "OK - I may not attend as will concentrating on Demo - I'm sure I'll get to my actions before 6 today. <@U04UVKDC1> can you update Integration section with Update on copyright issues. Also can you add \"List competitors at start of the Core problem we solve\". I've put you name against these in Neils doc <https:\/\/docs.google.com\/document\/d\/1uDHCmiOLbzQjXoPRsNZOgdpnIK5xEMvcM-nMeJ_Jgmo\/edit>",
        "ts": "1439812061.000033"
    },
    {
        "type": "message",
        "subtype": "file_share",
        "text": "<@U050DA5Q1|larry> shared a file: <https:\/\/ucdproj.slack.com\/files\/larry\/F096FD5AS\/brianfeedback15aug|Brian Feedback 15 Aug>",
        "file": {
            "id": "F096FD5AS",
            "created": 1439812063,
            "timestamp": 1439812063,
            "name": "BrianFeedback15Aug",
            "title": "Brian Feedback 15 Aug",
            "mimetype": "application\/vnd.google-apps.document",
            "filetype": "gdoc",
            "pretty_type": "GDocs Document",
            "user": "U050DA5Q1",
            "editable": false,
            "size": 646,
            "mode": "external",
            "is_external": true,
            "external_type": "gdrive",
            "is_public": true,
            "public_url_shared": false,
            "display_as_bot": false,
            "username": "",
            "url": "https:\/\/docs.google.com\/document\/d\/1uDHCmiOLbzQjXoPRsNZOgdpnIK5xEMvcM-nMeJ_Jgmo\/edit?usp=drivesdk",
            "url_private": "https:\/\/docs.google.com\/document\/d\/1uDHCmiOLbzQjXoPRsNZOgdpnIK5xEMvcM-nMeJ_Jgmo\/edit?usp=drivesdk",
            "thumb_64": "https:\/\/slack.global.ssl.fastly.net\/66f9\/img\/files\/gdraw_64.png",
            "thumb_360": "https:\/\/slack.global.ssl.fastly.net\/272a\/img\/files\/gdoc_360.png",
            "thumb_360_w": 360,
            "thumb_360_h": 167,
            "permalink": "https:\/\/ucdproj.slack.com\/files\/larry\/F096FD5AS\/brianfeedback15aug",
            "channels": [
                "C095D7N05"
            ],
            "groups": [],
            "ims": [],
            "comments_count": 0
        },
        "user": "U050DA5Q1",
        "upload": false,
        "display_as_bot": false,
        "username": "<@U050DA5Q1|larry>",
        "bot_id": null,
        "ts": "1439812063.000034"
    },
    {
        "type": "message",
        "user": "U050DA5Q1",
        "text": "Pls add any Doc actions to the Brians doc above - in general I plan to do the first User section and Tech section by COB",
        "ts": "1439812279.000035"
    },
    {
        "type": "message",
        "user": "U050DA5Q1",
        "text": "I would prioritise putting time into completing actions for Docs over doing review",
        "ts": "1439812769.000036"
    },
    {
        "type": "message",
        "user": "U04UQLQPP",
        "text": "will do Larry",
        "ts": "1439817617.000037"
    },
    {
        "type": "message",
        "user": "U050DA5Q1",
        "text": "Will do my Docs bit after run through",
        "ts": "1439830728.000038"
    },
    {
        "type": "message",
        "user": "U04UQLQPP",
        "text": "okay",
        "ts": "1439831256.000039"
    },
    {
        "type": "message",
        "user": "U04U6FCFE",
        "text": "Added survey results PDF to business folder.",
        "ts": "1439845143.000040"
    },
    {
        "type": "message",
        "user": "U050DA5Q1",
        "text": "brilliant thanks",
        "ts": "1439845183.000041"
    }
]