[
    {
        "type": "message",
        "user": "U050DA5Q1",
        "text": "@igor can you review the demo paper for what it says about learning",
        "ts": "1439719976.000007"
    },
    {
        "type": "message",
        "user": "U050DA5Q1",
        "text": "<@U04UVKDC1>: same for UI cheers",
        "ts": "1439720035.000008"
    },
    {
        "type": "message",
        "user": "U04UVKDC1",
        "text": "yes",
        "ts": "1439722251.000009"
    },
    {
        "type": "message",
        "user": "U050DA5Q1",
        "text": "<@U04U63G46>: have you reviewed the learning",
        "ts": "1439744616.000010"
    },
    {
        "type": "message",
        "user": "U04U63G46",
        "text": "Yeah, I did, for me it looks good, can check again, maybe missed something",
        "ts": "1439744874.000011"
    },
    {
        "type": "message",
        "user": "U050DA5Q1",
        "text": "No just double checking - thanks",
        "ts": "1439745045.000012"
    },
    {
        "type": "message",
        "user": "U050DA5Q1",
        "text": "going to really have a final go at tech section now",
        "ts": "1439749527.000013"
    },
    {
        "type": "message",
        "user": "U04U63G46",
        "text": "Hi Larry, was thinking about the learning algorithm, can you change instead of \"there will be a large number of articles\"  to \"there will be 100 training article's per user for classifying new article\"",
        "ts": "1439750103.000014"
    },
    {
        "type": "message",
        "user": "U050DA5Q1",
        "text": "sure thanks",
        "ts": "1439750146.000015"
    },
    {
        "type": "message",
        "user": "U04U63G46",
        "text": "And another thing I can add more explanation how it classifying(calculating rank score",
        "ts": "1439750250.000016"
    },
    {
        "type": "message",
        "user": "U04U63G46",
        "text": "If it's needed",
        "ts": "1439750272.000017"
    },
    {
        "type": "message",
        "user": "U050DA5Q1",
        "text": "put it in please - actually yeah i forgot that- its basically to say its calculating % of matching kws right",
        "ts": "1439751019.000018"
    },
    {
        "type": "message",
        "user": "U050DA5Q1",
        "text": "make it sound very clever !",
        "ts": "1439751038.000019"
    },
    {
        "type": "message",
        "user": "U050DA5Q1",
        "text": "if you can do now would be good - i'd like to get tech sorted tonight would be good",
        "ts": "1439751070.000020"
    },
    {
        "type": "message",
        "user": "U04U63G46",
        "text": "Yeah, OK, will think about it, to make it a little bit more clear",
        "ts": "1439751233.000021"
    },
    {
        "type": "message",
        "user": "U050DA5Q1",
        "text": "cool cheers - mention stuff like sparse matrices and give Neils link too would be cool",
        "ts": "1439751576.000022"
    }
]