[
    {
        "type": "message",
        "user": "U04U6FCFE",
        "text": "I've finished adding  my comments to the BMC.  Can you guys have a look and let me know (tomorrow) what you think? need to go to bed now......ZZZZZZZZZ",
        "ts": "1440018268.000002"
    },
    {
        "type": "message",
        "user": "U04UVKDC1",
        "text": "For section 2\n\nCan you describe the problem graphically?\n\nDo we need a diagram on that one\n\nis that what its asking for?",
        "ts": "1440018274.000003"
    },
    {
        "type": "message",
        "user": "U04UVKDC1",
        "text": "okay Kevin cheers I will take a look shortly",
        "ts": "1440018311.000004"
    },
    {
        "type": "message",
        "user": "U04UQLQPP",
        "text": "had a look at BMC, resolved most of my comments",
        "ts": "1440019278.000005"
    },
    {
        "type": "message",
        "user": "U04UQLQPP",
        "text": "still one or two open <@U04U6FCFE>",
        "ts": "1440019286.000006"
    },
    {
        "type": "message",
        "user": "U04UVKDC1",
        "text": "replacing paragraph starting with \"We didn\u2019t prioritise user feedback at the start because of ....",
        "ts": "1440022037.000007"
    },
    {
        "type": "message",
        "user": "U04UVKDC1",
        "text": "Is that okay with ye?",
        "ts": "1440022056.000008"
    },
    {
        "type": "message",
        "user": "U04UQLQPP",
        "text": "no, we said it in demo",
        "ts": "1440022555.000009"
    },
    {
        "type": "message",
        "user": "U04UQLQPP",
        "text": "we\u2019re looking at both now <@U04UVKDC1>",
        "ts": "1440023240.000010"
    },
    {
        "type": "message",
        "user": "U050DA5Q1",
        "text": "i prefer the way it was",
        "ts": "1440023275.000011"
    },
    {
        "type": "message",
        "user": "U04UQLQPP",
        "text": "me too",
        "ts": "1440023280.000012"
    },
    {
        "type": "message",
        "user": "U050DA5Q1",
        "text": "lets do a user survey as thats what we always do !!!",
        "ts": "1440023291.000013"
    },
    {
        "type": "message",
        "user": "U04UQLQPP",
        "text": "no names are mentioned, it\u2019s just supposed to be honest and tell a story",
        "ts": "1440023299.000014"
    },
    {
        "type": "message",
        "user": "U04UQLQPP",
        "text": "make it interesting",
        "ts": "1440023305.000015"
    },
    {
        "type": "message",
        "user": "U04UQLQPP",
        "text": "I think paragraph you put in could be at home in many of the others",
        "ts": "1440023326.000016"
    },
    {
        "type": "message",
        "user": "U04UQLQPP",
        "text": "so they\u2019ll be bored",
        "ts": "1440023333.000017"
    },
    {
        "type": "message",
        "user": "U04UQLQPP",
        "text": "better to say something unique",
        "ts": "1440023347.000018"
    },
    {
        "type": "message",
        "user": "U050DA5Q1",
        "text": "the new para is more textbook always ask the user - which we didn't do - i mean we did a couple of times",
        "ts": "1440023350.000019"
    },
    {
        "type": "message",
        "user": "U050DA5Q1",
        "text": "no offence G",
        "ts": "1440023353.000020"
    },
    {
        "type": "message",
        "user": "U050DA5Q1",
        "text": "i like that the old para is human - everyone can identify putting out something early is hard",
        "ts": "1440023423.000021"
    },
    {
        "type": "message",
        "user": "U050DA5Q1",
        "text": "in fact i know someone here who found that hard !",
        "ts": "1440023441.000022"
    },
    {
        "type": "message",
        "user": "U04UQLQPP",
        "text": ":simple_smile:",
        "ts": "1440023556.000023"
    },
    {
        "type": "message",
        "user": "U050DA5Q1",
        "text": "What do you think of section 2 now Neil ?",
        "ts": "1440023649.000024"
    },
    {
        "type": "message",
        "user": "U04UQLQPP",
        "text": "think it\u2019s ok yeah",
        "ts": "1440023661.000025"
    },
    {
        "type": "message",
        "user": "U050DA5Q1",
        "text": "i have the old backed up if you need",
        "ts": "1440023664.000026"
    },
    {
        "type": "message",
        "user": "U04UQLQPP",
        "text": "hard section to hit all the points",
        "ts": "1440023670.000027"
    },
    {
        "type": "message",
        "user": "U050DA5Q1",
        "text": "keep it simple i think",
        "ts": "1440023679.000028"
    },
    {
        "type": "message",
        "user": "U04UQLQPP",
        "text": "yeah, works well for BMC I think",
        "ts": "1440023697.000029"
    },
    {
        "type": "message",
        "user": "U050DA5Q1",
        "text": "i think the section is there for products that people can't explain",
        "ts": "1440023706.000030"
    },
    {
        "type": "message",
        "user": "U04UQLQPP",
        "text": "if you make life easy for them marking it",
        "ts": "1440023708.000031"
    },
    {
        "type": "message",
        "user": "U04UQLQPP",
        "text": "think they like that",
        "ts": "1440023712.000032"
    },
    {
        "type": "message",
        "user": "U04UQLQPP",
        "text": "Brian pretty much told us",
        "ts": "1440023721.000033"
    },
    {
        "type": "message",
        "user": "U050DA5Q1",
        "text": "yeah Brian line on day 1",
        "ts": "1440023723.000034"
    },
    {
        "type": "message",
        "user": "U050DA5Q1",
        "text": "snap",
        "ts": "1440023725.000035"
    },
    {
        "type": "message",
        "user": "U04UQLQPP",
        "text": "Garry if it\u2019s any consolation my girlfriend prefers your version, thought I wrote it!",
        "ts": "1440023764.000036"
    },
    {
        "type": "message",
        "user": "U04UQLQPP",
        "text": "I just think critical analysis of it doesn\u2019t stack up",
        "ts": "1440023790.000037"
    },
    {
        "type": "message",
        "user": "U050DA5Q1",
        "text": "Thats funny",
        "ts": "1440023809.000038"
    },
    {
        "type": "message",
        "user": "U04UQLQPP",
        "text": "\u201cWe had feelings in the team as to how particular elements of the user interface should look\u201d which ones?",
        "ts": "1440023813.000039"
    },
    {
        "type": "message",
        "user": "U04UVKDC1",
        "text": "Thanks Rebecca",
        "ts": "1440023817.000040"
    },
    {
        "type": "message",
        "user": "U04UQLQPP",
        "text": "\u201c Surveying the a lot of the same users at the start and end of the application helped us greatly as it was good to know we were on the right track\u201d what right track?",
        "ts": "1440023839.000041"
    },
    {
        "type": "message",
        "user": "U050DA5Q1",
        "text": "what did she think of your para - i think its really good all joking aside",
        "ts": "1440023852.000042"
    },
    {
        "type": "message",
        "user": "U04UQLQPP",
        "text": "last sentence is killer in my eyes \u201cThe vast majority of users were very impressed with the application in the recent surveys.\u201d it\u2019s very wishy washy",
        "ts": "1440023864.000043"
    },
    {
        "type": "message",
        "user": "U050DA5Q1",
        "text": "i did delay about a week cos i was worried at work",
        "ts": "1440023871.000044"
    },
    {
        "type": "message",
        "user": "U04UQLQPP",
        "text": "<@U04UVKDC1>: she says no worries :wink:",
        "ts": "1440023891.000045"
    },
    {
        "type": "message",
        "user": "U050DA5Q1",
        "text": "this guys banging on about doing a masters for last 2 years and this is all he has ??",
        "ts": "1440023893.000046"
    },
    {
        "type": "message",
        "user": "U050DA5Q1",
        "text": "my thoughts",
        "ts": "1440023901.000047"
    },
    {
        "type": "message",
        "user": "U04UVKDC1",
        "text": "ya same here",
        "ts": "1440023921.000048"
    },
    {
        "type": "message",
        "user": "U04UQLQPP",
        "text": "yeah I think it\u2019s more of a story, rather then a load of back slapping statements",
        "ts": "1440023922.000049"
    },
    {
        "type": "message",
        "user": "U050DA5Q1",
        "text": "Can we take the para out then and leave Neils in - no offence",
        "ts": "1440023944.000050"
    },
    {
        "type": "message",
        "user": "U04UQLQPP",
        "text": "also Brian mentioned people you know will back you in surveys",
        "ts": "1440023978.000051"
    },
    {
        "type": "message",
        "user": "U04UQLQPP",
        "text": "which is what I say, so that all plays well",
        "ts": "1440023989.000052"
    },
    {
        "type": "message",
        "user": "U04UVKDC1",
        "text": "I would not agree",
        "ts": "1440024003.000053"
    },
    {
        "type": "message",
        "user": "U050DA5Q1",
        "text": "my wife's gone to bed but i could wake her up and ask her to read it",
        "ts": "1440024016.000054"
    },
    {
        "type": "message",
        "user": "U050DA5Q1",
        "text": "also Garry its not true what is written",
        "ts": "1440024029.000055"
    },
    {
        "type": "message",
        "user": "U04UVKDC1",
        "text": "We are looking for what he wants",
        "ts": "1440024037.000056"
    },
    {
        "type": "message",
        "user": "U050DA5Q1",
        "text": "marks for critical honest reflections",
        "ts": "1440024053.000057"
    },
    {
        "type": "message",
        "user": "U04UVKDC1",
        "text": "it is we did prioritize user feedback",
        "ts": "1440024057.000058"
    },
    {
        "type": "message",
        "user": "U050DA5Q1",
        "text": "it really is not true what is written",
        "ts": "1440024068.000059"
    },
    {
        "type": "message",
        "user": "U050DA5Q1",
        "text": "every argument going to users",
        "ts": "1440024104.000060"
    },
    {
        "type": "message",
        "user": "U050DA5Q1",
        "text": "that part",
        "ts": "1440024113.000061"
    },
    {
        "type": "message",
        "user": "U050DA5Q1",
        "text": "Twitter is the one big thing we asked about",
        "ts": "1440024136.000062"
    },
    {
        "type": "message",
        "user": "U04UVKDC1",
        "text": "If we write this we will get marks deducted from us \"We didn\u2019t prioritise user feedback at the start because of ....",
        "ts": "1440024136.000063"
    },
    {
        "type": "message",
        "user": "U04UQLQPP",
        "text": "but it\u2019s true",
        "ts": "1440024153.000064"
    },
    {
        "type": "message",
        "user": "U04UQLQPP",
        "text": "they told us at June 30th",
        "ts": "1440024159.000065"
    },
    {
        "type": "message",
        "user": "U04UQLQPP",
        "text": "they used us as an example of what all teams missed the point of",
        "ts": "1440024174.000066"
    },
    {
        "type": "message",
        "user": "U04UQLQPP",
        "text": "so to say anything else is basically lying",
        "ts": "1440024189.000067"
    },
    {
        "type": "message",
        "user": "U04UVKDC1",
        "text": "We did not have any user feedback then",
        "ts": "1440024196.000068"
    },
    {
        "type": "message",
        "user": "U04UVKDC1",
        "text": "When we got user feedback we prioritized it",
        "ts": "1440024222.000069"
    },
    {
        "type": "message",
        "user": "U050DA5Q1",
        "text": "thats different than -  to get to a conclusion we always put the options in the user survey to see what the actual user thought",
        "ts": "1440024257.000070"
    },
    {
        "type": "message",
        "user": "U04UQLQPP",
        "text": "yeah that\u2019s correct",
        "ts": "1440024264.000071"
    },
    {
        "type": "message",
        "user": "U050DA5Q1",
        "text": "*always*",
        "ts": "1440024268.000072"
    },
    {
        "type": "message",
        "user": "U04UQLQPP",
        "text": "corrected it to",
        "ts": "1440024275.000073"
    },
    {
        "type": "message",
        "user": "U04UQLQPP",
        "text": "We didn\u2019t prioritise getting user feedback",
        "ts": "1440024276.000074"
    },
    {
        "type": "message",
        "user": "U050DA5Q1",
        "text": "it reads like - aren't we good boys",
        "ts": "1440024284.000075"
    },
    {
        "type": "message",
        "user": "U04UVKDC1",
        "text": "we did in the end",
        "ts": "1440024289.000076"
    },
    {
        "type": "message",
        "user": "U050DA5Q1",
        "text": "No",
        "ts": "1440024305.000077"
    },
    {
        "type": "message",
        "user": "U04UQLQPP",
        "text": "but garryd",
        "ts": "1440024309.000078"
    },
    {
        "type": "message",
        "user": "U04UQLQPP",
        "text": "the section is:",
        "ts": "1440024313.000079"
    },
    {
        "type": "message",
        "user": "U04UQLQPP",
        "text": "6e. What lessons have you learnt - what problems are hard\/easy ?",
        "ts": "1440024314.000080"
    },
    {
        "type": "message",
        "user": "U050DA5Q1",
        "text": "you're saying every argument - we stopped and asked users",
        "ts": "1440024327.000081"
    },
    {
        "type": "message",
        "user": "U04UQLQPP",
        "text": "lessons has to be reflective, have to admit to things you could have done better",
        "ts": "1440024362.000082"
    },
    {
        "type": "message",
        "user": "U050DA5Q1",
        "text": "you have to admit Garry what Neil wrote is really true",
        "ts": "1440024406.000083"
    },
    {
        "type": "message",
        "user": "U050DA5Q1",
        "text": "in the para",
        "ts": "1440024411.000084"
    },
    {
        "type": "message",
        "user": "U050DA5Q1",
        "text": "OK Garry - does this \"Surveying the a lot of the same users at the *start and end* of the application helped us greatly as it was good to know we were on the right track and giving real users what they wanted.\" Does that tally with the Black team that Brian told needs to focus on Users ?",
        "ts": "1440024510.000085"
    },
    {
        "type": "message",
        "user": "U04UVKDC1",
        "text": "I will leave it up to ye",
        "ts": "1440024514.000086"
    },
    {
        "type": "message",
        "user": "U050DA5Q1",
        "text": "Brian will think - hang on  - these perfect user focus lads - didn't i tell them they were rubbish at user focus halfway through",
        "ts": "1440024559.000087"
    },
    {
        "type": "message",
        "user": "U04UQLQPP",
        "text": "hang on Garry",
        "ts": "1440024818.000088"
    },
    {
        "type": "message",
        "user": "U04UQLQPP",
        "text": "your hacking the shit out of it instead",
        "ts": "1440024845.000089"
    },
    {
        "type": "message",
        "user": "U04UQLQPP",
        "text": "at least discuss",
        "ts": "1440024874.000090"
    },
    {
        "type": "message",
        "user": "U04UQLQPP",
        "text": "what you edited didn\u2019t maje sense",
        "ts": "1440024888.000091"
    },
    {
        "type": "message",
        "user": "U04UQLQPP",
        "text": "*make",
        "ts": "1440024927.000092"
    },
    {
        "type": "message",
        "user": "U050DA5Q1",
        "text": "i'd say leave it - it read really nice i thought - honest opinion",
        "ts": "1440024941.000093"
    },
    {
        "type": "message",
        "user": "U04UVKDC1",
        "text": "Just changed it slightly",
        "ts": "1440025008.000094"
    },
    {
        "type": "message",
        "user": "U050DA5Q1",
        "text": "i really liked - But the early feedback we learned is vital",
        "ts": "1440025019.000095"
    },
    {
        "type": "message",
        "user": "U04UVKDC1",
        "text": "Its same as you had",
        "ts": "1440025020.000096"
    },
    {
        "type": "message",
        "user": "U050DA5Q1",
        "text": "thats the lessons learned",
        "ts": "1440025030.000097"
    },
    {
        "type": "message",
        "user": "U050DA5Q1",
        "text": "i've put original in below",
        "ts": "1440025077.000098"
    },
    {
        "type": "message",
        "user": "U04UQLQPP",
        "text": "cool",
        "ts": "1440025102.000099"
    },
    {
        "type": "message",
        "user": "U050DA5Q1",
        "text": "Garry we're not ganging up seriously - i just thought the original was one of the better paras",
        "ts": "1440025166.000100"
    },
    {
        "type": "message",
        "user": "U04UVKDC1",
        "text": "look lads what ever ye think",
        "ts": "1440025182.000101"
    },
    {
        "type": "message",
        "user": "U04UVKDC1",
        "text": "\"We didn\u2019t prioritise user feedback at the start because of ....",
        "ts": "1440025187.000102"
    },
    {
        "type": "message",
        "user": "U04UQLQPP",
        "text": "we didn\u2019t though",
        "ts": "1440025195.000103"
    },
    {
        "type": "message",
        "user": "U04UVKDC1",
        "text": "Just dont like that line in particular",
        "ts": "1440025201.000104"
    },
    {
        "type": "message",
        "user": "U04UQLQPP",
        "text": "and we probably wouldn\u2019t have",
        "ts": "1440025201.000105"
    },
    {
        "type": "message",
        "user": "U04UQLQPP",
        "text": "lets be honest for a sec",
        "ts": "1440025207.000106"
    },
    {
        "type": "message",
        "user": "U04UQLQPP",
        "text": "until Brian said it",
        "ts": "1440025212.000107"
    },
    {
        "type": "message",
        "user": "U050DA5Q1",
        "text": "it basically shows how we changed to really focus on users - its a good story",
        "ts": "1440025230.000108"
    },
    {
        "type": "message",
        "user": "U050DA5Q1",
        "text": "i mean positive",
        "ts": "1440025239.000109"
    },
    {
        "type": "message",
        "user": "U04UVKDC1",
        "text": "It could be taken as we got feedback and we done nothing about it",
        "ts": "1440025240.000110"
    },
    {
        "type": "message",
        "user": "U04UQLQPP",
        "text": "and we did Garry",
        "ts": "1440025245.000111"
    },
    {
        "type": "message",
        "user": "U04UQLQPP",
        "text": "how many changes did you make directly from survey? A lot",
        "ts": "1440025258.000112"
    },
    {
        "type": "message",
        "user": "U050DA5Q1",
        "text": "its the definition of lessons learned -  But the early feedback we learned is vital",
        "ts": "1440025291.000113"
    },
    {
        "type": "message",
        "user": "U04UQLQPP",
        "text": "yeah was gonna say that line",
        "ts": "1440025301.000114"
    },
    {
        "type": "message",
        "user": "U04UVKDC1",
        "text": "No when we got user feedback we acted on it",
        "ts": "1440025352.000115"
    },
    {
        "type": "message",
        "user": "U050DA5Q1",
        "text": "Whats cool is Brian will remember - yeah i told them to focus on users and they really have",
        "ts": "1440025362.000116"
    },
    {
        "type": "message",
        "user": "U04UQLQPP",
        "text": "so the feedback was vital",
        "ts": "1440025364.000117"
    },
    {
        "type": "message",
        "user": "U04UQLQPP",
        "text": "which is what we said",
        "ts": "1440025373.000118"
    },
    {
        "type": "message",
        "user": "U04UVKDC1",
        "text": "We are talking about the way this could be taken \"We didn\u2019t prioritise user feedback at the start because of ....",
        "ts": "1440025399.000119"
    },
    {
        "type": "message",
        "user": "U050DA5Q1",
        "text": "it shows we learned a lesson and puts us in really positive light",
        "ts": "1440025424.000120"
    },
    {
        "type": "message",
        "user": "U04UVKDC1",
        "text": "It could be taken as even after we got feed back we done nothing about it",
        "ts": "1440025431.000121"
    },
    {
        "type": "message",
        "user": "U04UVKDC1",
        "text": "which is not true",
        "ts": "1440025438.000122"
    },
    {
        "type": "message",
        "user": "U050DA5Q1",
        "text": "otherwise its not learning a lesson",
        "ts": "1440025439.000123"
    },
    {
        "type": "message",
        "user": "U050DA5Q1",
        "text": "no it doesn't say that",
        "ts": "1440025449.000124"
    },
    {
        "type": "message",
        "user": "U050DA5Q1",
        "text": "Where is Bertie - he did the Good Friday agreement didn't he",
        "ts": "1440025465.000125"
    },
    {
        "type": "message",
        "user": "U050DA5Q1",
        "text": "we need his services",
        "ts": "1440025472.000126"
    },
    {
        "type": "message",
        "user": "U04UQLQPP",
        "text": "I think it\u2019s just one of those things",
        "ts": "1440025509.000127"
    },
    {
        "type": "message",
        "user": "U050DA5Q1",
        "text": "what about changing: We didn\u2019t prioritise user feedback at the start",
        "ts": "1440025519.000128"
    },
    {
        "type": "message",
        "user": "U050DA5Q1",
        "text": "to We didn\u2019t prioritise user feedback  enough at the start",
        "ts": "1440025527.000129"
    },
    {
        "type": "message",
        "user": "U04UQLQPP",
        "text": "I think if I showed Garry this paragraph in two weeks time he\u2019d actually agree it\u2019s truthful",
        "ts": "1440025545.000130"
    },
    {
        "type": "message",
        "user": "U04UQLQPP",
        "text": "and have no big issues with it",
        "ts": "1440025557.000131"
    },
    {
        "type": "message",
        "user": "U050DA5Q1",
        "text": "Garry - adding enough ?",
        "ts": "1440025561.000132"
    },
    {
        "type": "message",
        "user": "U04UQLQPP",
        "text": "I don\u2019t know if that\u2019s wholly truthful",
        "ts": "1440025582.000133"
    },
    {
        "type": "message",
        "user": "U050DA5Q1",
        "text": "I'm trying to find a way to go to bed !",
        "ts": "1440025599.000134"
    },
    {
        "type": "message",
        "user": "U04UQLQPP",
        "text": "we would have done a survey, but I\u2019m not convinced to extant we did",
        "ts": "1440025599.000135"
    },
    {
        "type": "message",
        "user": "U04UVKDC1",
        "text": "It should be we did not get user feedback at the start",
        "ts": "1440025601.000136"
    },
    {
        "type": "message",
        "user": "U050DA5Q1",
        "text": "I'd leave it",
        "ts": "1440025602.000137"
    },
    {
        "type": "message",
        "user": "U04UQLQPP",
        "text": "*extent",
        "ts": "1440025609.000138"
    },
    {
        "type": "message",
        "user": "U050DA5Q1",
        "text": "This reads fine to me - We didn\u2019t prioritise user feedback at the start because of the lack of a minimum viable product. It\u2019s always lower down the priorities then actually trying to build the product",
        "ts": "1440025673.000139"
    },
    {
        "type": "message",
        "user": "U050DA5Q1",
        "text": "Not even controversial",
        "ts": "1440025682.000140"
    },
    {
        "type": "message",
        "user": "U050DA5Q1",
        "text": "just saying we didn't have mvp so couldn't get feedback",
        "ts": "1440025696.000141"
    },
    {
        "type": "message",
        "user": "U04UQLQPP",
        "text": "plus it\u2019s not just true of us, they would have seen this of all teams",
        "ts": "1440025702.000142"
    },
    {
        "type": "message",
        "user": "U050DA5Q1",
        "text": "except anthus",
        "ts": "1440025714.000143"
    },
    {
        "type": "message",
        "user": "U04UQLQPP",
        "text": "I think we just set him off by saying we\u2019re the users",
        "ts": "1440025721.000144"
    },
    {
        "type": "message",
        "user": "U050DA5Q1",
        "text": "yeah just a mixup",
        "ts": "1440025732.000145"
    },
    {
        "type": "message",
        "user": "U04UQLQPP",
        "text": "he hung on that to criticise all the rest that day",
        "ts": "1440025734.000146"
    },
    {
        "type": "message",
        "user": "U04UQLQPP",
        "text": "he even said this is a point for a lot of the other teams",
        "ts": "1440025754.000147"
    },
    {
        "type": "message",
        "user": "U050DA5Q1",
        "text": "But the early feedback we learned is vital - shows we learned which is the whole point of the section",
        "ts": "1440025788.000148"
    },
    {
        "type": "message",
        "user": "U050DA5Q1",
        "text": "otherwise just say - we're great and learned nothing",
        "ts": "1440025809.000149"
    },
    {
        "type": "message",
        "user": "U050DA5Q1",
        "text": "they really will give marks for - \"honest and critical feedback\" this will get us more marks",
        "ts": "1440025848.000150"
    },
    {
        "type": "message",
        "user": "U04UVKDC1",
        "text": "As I said it just sounds like we got user feedback and we done nothing about it",
        "ts": "1440025977.000151"
    },
    {
        "type": "message",
        "user": "U04UVKDC1",
        "text": "Which I know is untrue",
        "ts": "1440025989.000152"
    },
    {
        "type": "message",
        "user": "U04UQLQPP",
        "text": "\u201cThis helped immensely as we could survey the same people, **who would see how we responded to their initial feedback***, and ultimately gave us validation about the core mission of the product.\n\"",
        "ts": "1440026014.000153"
    },
    {
        "type": "message",
        "user": "U04UVKDC1",
        "text": "We didn\u2019t prioritise getting user feedback - what we have now is different to",
        "ts": "1440026064.000154"
    },
    {
        "type": "message",
        "user": "U04UVKDC1",
        "text": "We didn\u2019t prioritise  user feedback",
        "ts": "1440026071.000155"
    },
    {
        "type": "message",
        "user": "U04UVKDC1",
        "text": "Completely different",
        "ts": "1440026087.000156"
    },
    {
        "type": "message",
        "user": "U050DA5Q1",
        "text": "So move on now ?",
        "ts": "1440026107.000157"
    },
    {
        "type": "message",
        "user": "U050DA5Q1",
        "text": "mobile screenshots look really good",
        "ts": "1440026218.000158"
    },
    {
        "type": "message",
        "user": "U04UQLQPP",
        "text": "yeah we fixed border issue",
        "ts": "1440026236.000159"
    },
    {
        "type": "message",
        "user": "U050DA5Q1",
        "text": "do you want me to put it into Word with TOC etc",
        "ts": "1440026257.000160"
    },
    {
        "type": "message",
        "user": "U04UQLQPP",
        "text": "don\u2019t think a TOC etc is needed",
        "ts": "1440026269.000161"
    },
    {
        "type": "message",
        "user": "U050DA5Q1",
        "text": "OK",
        "ts": "1440026275.000162"
    },
    {
        "type": "message",
        "user": "U04UQLQPP",
        "text": "I\u2019d rather keep it simple",
        "ts": "1440026276.000163"
    },
    {
        "type": "message",
        "user": "U04UQLQPP",
        "text": "it\u2019s not a long doc to start with",
        "ts": "1440026289.000164"
    },
    {
        "type": "message",
        "user": "U04UQLQPP",
        "text": "don\u2019t think toc will add anything",
        "ts": "1440026297.000165"
    },
    {
        "type": "message",
        "user": "U04UQLQPP",
        "text": "they\u2019ll have grading section beside them printed out",
        "ts": "1440026311.000166"
    },
    {
        "type": "message",
        "user": "U050DA5Q1",
        "text": "whats insert on mac",
        "ts": "1440026331.000167"
    },
    {
        "type": "message",
        "user": "U050DA5Q1",
        "text": "mines gone to overwrite",
        "ts": "1440026342.000168"
    },
    {
        "type": "message",
        "user": "U04UQLQPP",
        "text": "no idea!",
        "ts": "1440026401.000169"
    },
    {
        "type": "message",
        "user": "U04UQLQPP",
        "text": "<https:\/\/support.apple.com\/en-us\/HT202676>",
        "attachments": [
            {
                "text": "Learn how Microsoft Windows and Mac keyboards are different and how some keys may function differently between OS X and Windows.",
                "fallback": "Learn how Microsoft Windows and Mac keyboards are different and how some keys may function differently between OS X and Windows.",
                "from_url": "https:\/\/support.apple.com\/en-us\/HT202676",
                "id": 1
            }
        ],
        "ts": "1440026458.000170"
    },
    {
        "type": "message",
        "user": "U04UQLQPP",
        "text": "says it\u2019s not on MB keyboard",
        "ts": "1440026468.000172"
    },
    {
        "type": "message",
        "user": "U04UQLQPP",
        "text": "that\u2019s confusing",
        "ts": "1440026472.000173"
    },
    {
        "type": "message",
        "user": "U04UQLQPP",
        "text": "okay final run through 7pm so? Submit by 9pm?",
        "ts": "1440026557.000174"
    },
    {
        "type": "message",
        "user": "U050DA5Q1",
        "text": "its ok now i think",
        "ts": "1440026561.000175"
    },
    {
        "type": "message",
        "user": "U050DA5Q1",
        "text": "i mean insert",
        "ts": "1440026571.000176"
    },
    {
        "type": "message",
        "user": "U04UQLQPP",
        "text": "of both BMC and Sys Demo",
        "ts": "1440026578.000177"
    },
    {
        "type": "message",
        "user": "U04UVKDC1",
        "text": "Who is going to format and insert figures, I dont mind doing it",
        "ts": "1440026607.000178"
    },
    {
        "type": "message",
        "user": "U04UVKDC1",
        "text": "or checking it after",
        "ts": "1440026612.000179"
    },
    {
        "type": "message",
        "user": "U050DA5Q1",
        "text": "yes lets concentrate on clean up",
        "ts": "1440026620.000180"
    },
    {
        "type": "message",
        "user": "U050DA5Q1",
        "text": "review then clean up",
        "ts": "1440026633.000181"
    },
    {
        "type": "message",
        "user": "U04UQLQPP",
        "text": "I can do figures manually",
        "ts": "1440026633.000182"
    },
    {
        "type": "message",
        "user": "U04UQLQPP",
        "text": "will let you know Larry and you export and check it as word?",
        "ts": "1440026648.000183"
    },
    {
        "type": "message",
        "user": "U050DA5Q1",
        "text": "sure",
        "ts": "1440026659.000184"
    },
    {
        "type": "message",
        "user": "U04UQLQPP",
        "text": "I\u2019ll submit everything then",
        "ts": "1440026671.000185"
    },
    {
        "type": "message",
        "user": "U04UVKDC1",
        "text": "okay will leave it with ye so",
        "ts": "1440026674.000186"
    },
    {
        "type": "message",
        "user": "U04UVKDC1",
        "text": "cheers",
        "ts": "1440026676.000187"
    },
    {
        "type": "message",
        "user": "U050DA5Q1",
        "text": "Thanks Garry",
        "ts": "1440026690.000188"
    },
    {
        "type": "message",
        "user": "U04UVKDC1",
        "text": "if ye want me to do anything",
        "ts": "1440026690.000189"
    },
    {
        "type": "message",
        "user": "U04UQLQPP",
        "text": "do a dump of g drive and move over repo from mine to common",
        "ts": "1440026691.000190"
    },
    {
        "type": "message",
        "user": "U04UVKDC1",
        "text": "shout",
        "ts": "1440026692.000191"
    },
    {
        "type": "message",
        "user": "U04UQLQPP",
        "text": "just one last run through tomorrow I think",
        "ts": "1440026704.000192"
    },
    {
        "type": "message",
        "user": "U050DA5Q1",
        "text": "and check artefacts etc",
        "ts": "1440026706.000193"
    },
    {
        "type": "message",
        "user": "U04UQLQPP",
        "text": "read through both and sign off",
        "ts": "1440026710.000194"
    },
    {
        "type": "message",
        "user": "U04UQLQPP",
        "text": "I can have figures done for then",
        "ts": "1440026740.000195"
    },
    {
        "type": "message",
        "user": "U050DA5Q1",
        "text": "check git after - then email them",
        "ts": "1440026743.000196"
    },
    {
        "type": "message",
        "user": "U04UQLQPP",
        "text": "not a big job",
        "ts": "1440026743.000197"
    },
    {
        "type": "message",
        "user": "U04UQLQPP",
        "text": "yeah",
        "ts": "1440026753.000198"
    },
    {
        "type": "message",
        "user": "U050DA5Q1",
        "text": "what figures",
        "ts": "1440026758.000199"
    },
    {
        "type": "message",
        "user": "U050DA5Q1",
        "text": "you mean figure x",
        "ts": "1440026764.000200"
    },
    {
        "type": "message",
        "user": "U04UQLQPP",
        "text": "yea",
        "ts": "1440026802.000201"
    },
    {
        "type": "message",
        "user": "U04UQLQPP",
        "text": "will go over and make sure all have proper numbers",
        "ts": "1440026813.000202"
    },
    {
        "type": "message",
        "user": "U050DA5Q1",
        "text": "ok we can do in word too better when i convert",
        "ts": "1440026818.000203"
    },
    {
        "type": "message",
        "user": "U050DA5Q1",
        "text": "proper figures",
        "ts": "1440026825.000204"
    },
    {
        "type": "message",
        "user": "U050DA5Q1",
        "text": "so won't be wrong",
        "ts": "1440026834.000205"
    },
    {
        "type": "message",
        "user": "U04UQLQPP",
        "text": "it won\u2019t change upon export, as it\u2019s just text",
        "ts": "1440026856.000206"
    },
    {
        "type": "message",
        "user": "U04UQLQPP",
        "text": "but you can take both if ye want!",
        "ts": "1440026869.000207"
    },
    {
        "type": "message",
        "user": "U04UQLQPP",
        "text": "I don\u2019t mind",
        "ts": "1440026874.000208"
    },
    {
        "type": "message",
        "user": "U050DA5Q1",
        "text": "I can check word while you're doing other git stuff",
        "ts": "1440026890.000209"
    },
    {
        "type": "message",
        "user": "U04UQLQPP",
        "text": "okay cool",
        "ts": "1440026897.000210"
    },
    {
        "type": "message",
        "user": "U04UQLQPP",
        "text": "that suit <@U04UVKDC1> ?",
        "ts": "1440026905.000211"
    },
    {
        "type": "message",
        "user": "U050DA5Q1",
        "text": "i will put into a UCD  template that looks good - won't take long but see what you think",
        "ts": "1440026926.000212"
    },
    {
        "type": "message",
        "user": "U04UQLQPP",
        "text": "okay",
        "ts": "1440026935.000213"
    },
    {
        "type": "message",
        "user": "U050DA5Q1",
        "text": "with our names etc on",
        "ts": "1440026935.000214"
    },
    {
        "type": "message",
        "user": "U04UQLQPP",
        "text": "yeah",
        "ts": "1440026938.000215"
    },
    {
        "type": "message",
        "user": "U050DA5Q1",
        "text": "OK cool",
        "ts": "1440026944.000216"
    },
    {
        "type": "message",
        "user": "U04UQLQPP",
        "text": "important, was good to see in other slides actually",
        "ts": "1440026950.000217"
    },
    {
        "type": "message",
        "user": "U04UQLQPP",
        "text": "but our slides were minimal so both worked",
        "ts": "1440026959.000218"
    },
    {
        "type": "message",
        "user": "U050DA5Q1",
        "text": "Hasta manana then",
        "ts": "1440026981.000219"
    },
    {
        "type": "message",
        "user": "U04UQLQPP",
        "text": "even if they axed some members via the slides! ha",
        "ts": "1440026984.000220"
    },
    {
        "type": "message",
        "user": "U04UQLQPP",
        "text": "yeah cool night Larry, night Garry",
        "ts": "1440026992.000221"
    },
    {
        "type": "message",
        "user": "U050DA5Q1",
        "text": "night all cheers",
        "ts": "1440026998.000222"
    },
    {
        "type": "message",
        "user": "U04UVKDC1",
        "text": "I am doing git stuff?",
        "ts": "1440027133.000223"
    },
    {
        "type": "message",
        "user": "U050DA5Q1",
        "text": "no Neil is",
        "ts": "1440027428.000224"
    },
    {
        "type": "message",
        "user": "U04UVKDC1",
        "text": "Okay what do ye want me to do?",
        "ts": "1440027486.000225"
    },
    {
        "type": "message",
        "user": "U050DA5Q1",
        "text": "go to bed now - we do final review at 7 - nothing concrete really just clean up",
        "ts": "1440027736.000226"
    },
    {
        "type": "message",
        "user": "U050DA5Q1",
        "text": "7 tomorrow for final review - quick i hope then clean up and push",
        "ts": "1440027764.000227"
    },
    {
        "type": "message",
        "user": "U04UVKDC1",
        "text": "okay good night",
        "ts": "1440027828.000228"
    },
    {
        "type": "message",
        "user": "U050DA5Q1",
        "text": "cheers",
        "ts": "1440027941.000229"
    },
    {
        "type": "message",
        "user": "U04UVKDC1",
        "text": "I will chat to Neil in the morning anyway",
        "ts": "1440028451.000230"
    }
]